name,category,website,phone,address,maps_url,source,engine,search_query,scraped_at
Jeco Private Limited,vehicle manufacturers,http://www.jeco.com.pk,+92-313-8648011,"Near Jinnah Interchange (Pindi bypass), G. T. Road., Gujranwala, Punjab",https://www.businesslist.pk/company/211270/jeco-private-limited,businesslist_pk,scrapy,vehicle-manufacturers,2026-08-29T02:00:24.476619+00:00
Ahmad Medix (Pvt) Limited,vehicle manufacturers,http://www.ahmadmedix.com,"+92-42-35213441 , +92-42-35213442","129/6 Quaid-e-Azam industrial Estate Township, Lahore, Punjab",https://www.businesslist.pk/company/248066/ahmad-medix-pvt-limited,businesslist_pk,scrapy,vehicle-manufacturers,2026-08-29T02:00:26.007830+00:00
Vgudie Tours and Treks,car rental,http://www.vguidetours.com,03126766888,"Office# B201 1st Flour Swat shopping Mall Fizagat, Mingora, Khyber Pakhtunkhwa",https://www.businesslist.pk/company/252406/vgudie-tours-and-treks,businesslist_pk,scrapy,car-rental,2026-08-29T02:00:30.310880+00:00
Asad Rent A Car,car rental,https://asad-rent-a-car.business.site/,03247147000,"LG-18 , Divine Center , opp Honda Point , Airport Road , Cantt Lahore, Lahore, Punjab",https://www.businesslist.pk/company/247814/asad-rent-a-car,businesslist_pk,scrapy,car-rental,2026-08-29T02:00:32.262261+00:00
Khan tours and rent a car,car rental,http://www.khantours.com.pk,009223214254169,"Canal Road Mughal Pura bus stop atta market office# 3, Lahore, Punjab",https://www.businesslist.pk/company/250306/khan-tours-and-rent-a-car,businesslist_pk,scrapy,car-rental,2026-08-29T02:00:33.736314+00:00
Rehman Rent A car,car rental,http://www.rehmanrentacar.com,0092-321-5440807,"E-251/1, Street no. 5, Main Bazar, Qasimpura, Cantt Lahore, Lahore, Punjab",https://www.businesslist.pk/company/243004/rehman-rent-a-car,businesslist_pk,scrapy,car-rental,2026-08-29T02:00:34.899201+00:00
Ar Raheem Motors,car rental,http://ar-raheem-motors.com,03339737840,"Office #01, Building K-300 (Opposite UBL Bank), Hameed Khan Road, Comettie Chowk, Rawalpindi., Rawalpindi, Punjab",https://www.businesslist.pk/company/249909/ar-raheem-motors,businesslist_pk,scrapy,car-rental,2026-08-29T02:00:39.073870+00:00
Asad Enterprises,car rental,http://www.asadtransport.com,02135057788,"C-209, Sector 31-F, Dar us Salam Society, Main Korangi Road, Karachi, Sindh",https://www.businesslist.pk/company/246041/asad-enterprises,businesslist_pk,scrapy,car-rental,2026-08-29T02:00:40.870952+00:00
Rafay Car Rental,car rental,http://www.rafaycarrentallahore.com/,0320-8189123,"Office 99, Zainab Tower, Model Town, Link Road, Lahore, Lahore, Punjab",https://www.businesslist.pk/company/246319/rafay-car-rental,businesslist_pk,scrapy,car-rental,2026-08-29T02:00:42.904020+00:00
ViP Cab Taxi Rent A Car &amp; Driving School,car rental,http://vip-rent-a-car-driving-school.business.site/,03060602202,"Kashmir road, Sialkot, Punjab",https://www.businesslist.pk/company/245163/vip-cab-taxi-rent-a-cardriving-school,businesslist_pk,scrapy,car-rental,2026-08-29T02:00:44.618016+00:00
Cruise Car Rentals,car rental,http://www.facebook.com/ccr,"021-32863243,","SUITE# 12-A MEZZANINE FLOOR, NAGINA CENTER, KEAMARI, KARACHI, Karachi, Sindh",https://www.businesslist.pk/company/235367/cruise-car-rentals,businesslist_pk,scrapy,car-rental,2026-08-29T02:00:46.406785+00:00
Smart Track,car rental,http://www.smarttrack.com.pk,0423710255,"73-E-1 Hali Rd · In I.T. Tower Gulberg Lahore, Lahore, Punjab",https://www.businesslist.pk/company/245717/smart-track,businesslist_pk,scrapy,car-rental,2026-08-29T02:00:48.168921+00:00
Abdullah Travel and Rent a Car,car rental,https://abdullah-travel-and-rent-a-car-islamabad.business.site,+923355127419,"Islamabad Gandhara international airport, Islamabad Attock, Punjab, Islamabad, 44000, Islamabad",https://www.businesslist.pk/company/255128/abdullah-travel-and-rent-a-car,businesslist_pk,scrapy,car-rental,2026-08-29T02:00:49.627923+00:00
Arabian Royal Rent a Car,car rental,https://arabianroyal.pk/car-rental/,+923270599569,"Barian ,Murree, Rawalpindi, Punjab",https://www.businesslist.pk/company/257486/arabian-royal-rent-a-car,businesslist_pk,scrapy,car-rental,2026-08-29T02:00:50.717171+00:00
Bhai Sahab Transport,car rental,https://www.bsahab.com/,+923133359533,"92-A Bridge coloney, Lahore, Punjab",https://www.businesslist.pk/company/246144/bhai-sahab-transport,businesslist_pk,scrapy,car-rental,2026-08-29T02:00:52.708051+00:00
Rajput Motors,car rental,http://rajputmotors.com.pk/,92512251252-3,"Rajput Motors, Markaz Rd, G-8 Markaz, Islamabad, Pakistan, Islamabad, Islamabad Capital Territory",https://www.businesslist.pk/company/243787/rajput-motors,businesslist_pk,scrapy,car-rental,2026-08-29T02:00:53.864134+00:00
Al-Qaim Cars Rental,car rental,http://alqaimcarsrental.webstarts.com,092-306-1970572,"Bahria town, Rawalpindi, Punjab",https://www.businesslist.pk/company/246619/al-qaim-cars-rental,businesslist_pk,scrapy,car-rental,2026-08-29T02:00:56.077064+00:00
ECOCAB Tour Travels and Rent A Car,car rental,https://ecocab.com.pk/,+923051521041,"shop # 2 al-ameen housing society bedian road lahore cantt, Lahore",https://www.businesslist.pk/company/258113/ecocab-tour-travels-and-rent-a-car,businesslist_pk,scrapy,car-rental,2026-08-29T02:00:58.142204+00:00
SA Rent a Car,car rental,http://sa-rentacar.com/,03165167043,"opposite Al Farooq Hotel, Near Street # 2. Committee Chowk, Rawalpindi, Rawalpindi, Islamabad Capital Territory",https://www.businesslist.pk/company/246897/sa-rent-a-car,businesslist_pk,scrapy,car-rental,2026-08-29T02:00:59.568946+00:00
Fast Track Tours &amp; Car Rental Lahore,car rental,http://www.rentacarlahore.net/,+92 300 8499507,"32/5,Block A,DHA Phase 1,Commercial Area,., Street 15, Lahore 54000, Pakistan, Lahore, Punjab",https://www.businesslist.pk/company/245277/fast-track-tourscar-rental-lahore,businesslist_pk,scrapy,car-rental,2026-08-29T02:01:01.557654+00:00
Rent a Car Islamabad,car rental,https://www.rcirentacar.com.pk/,0332 5611163,"Suite 13B, Block R, Nazim-ud-din Rd, F-6/4 F 6/4 Blue Area, Islamabad, Islamabad Capital Territory 44000, Islamabad, Islamabad Capital Territory",https://www.businesslist.pk/company/252770/rent-a-car-islamabad,businesslist_pk,scrapy,car-rental,2026-08-29T02:01:03.185597+00:00
Ali Rent A Car,car rental,http://www.alirentacar.com,0333-4348383,"Suite # 05, 4th Floor, Gohar Center, Wahdat Road, Lahore Pakistan, Lahore, Punjab",https://www.businesslist.pk/company/245241/ali-rent-a-car,businesslist_pk,scrapy,car-rental,2026-08-29T02:01:04.870571+00:00
Rent&quot;a&#039;Car Pakistan Lahore,car rental,http://www.rentacarlahore.pk,0300-2277225,"76, Rasool Park, Shama Road, New Mozang, Lahore, Punjab",https://www.businesslist.pk/company/240475/rentacar-pakistan-lahore,businesslist_pk,scrapy,car-rental,2026-08-29T02:01:06.692739+00:00
Faiz Rent a Car and Tours,car rental,http://www.faizcarrental.com,+924235140699," Second Floor Office no:1 Ali Plaza Opposite Toyota Airport Motors, Khuda Buksh Colony Lahore, Lahore, Punjab",https://www.businesslist.pk/company/244779/faiz-rent-a-car-and-tours,businesslist_pk,scrapy,car-rental,2026-08-29T02:01:08.868386+00:00
DJ Rent A Car,car rental,https://www.djrentacar.pk,+923162755793,"Sir shah Suleiman road, Karachi",https://www.businesslist.pk/company/257833/dj-rent-a-car,businesslist_pk,scrapy,car-rental,2026-08-29T02:01:10.960389+00:00
Cititransfers,car rental,http://www.cititransfers.net,923015370205,"Office 1-A, Javed Bhatti Plaza, G-6/1-1, Islamabad, Islamabad Capital Territory",https://www.businesslist.pk/company/242300/cititransfers,businesslist_pk,scrapy,car-rental,2026-08-29T02:01:12.855050+00:00
Dogar Rent a Car Company,car rental,https://dogarrentacar.com,03246000786,"89-B, Main Boulevard Sabza Zaar Scheme Lahore, Lahore, Punjab",https://www.businesslist.pk/company/250045/dogar-rent-a-car-company,businesslist_pk,scrapy,car-rental,2026-08-29T02:01:15.036763+00:00
CNS Rent a Car Lahore,car rental,http://www.cnsrentacar.com/lahore,03454142020,"61 T Block, Commercial Market, DHA Phase 3, Lahore Cant. Pakistan, Lahore, Punjab",https://www.businesslist.pk/company/241627/cns-rent-a-car-lahore,businesslist_pk,scrapy,car-rental,2026-08-29T02:01:17.421130+00:00
Ac Rent a car,car rental,http://www.acrentacar.com/,03224042469,"3/3A, Phase 1, D.H.A Lahore, Lahore, Punjab",https://www.businesslist.pk/company/243778/ac-rent-a-car,businesslist_pk,scrapy,car-rental,2026-08-29T02:01:19.585566+00:00
Sherwani Rent A Car,car rental,https://srentacar.com.pk/,"(92 61) 6017300,  +92 300 7363346","Opposite Girls Degree College, Kutchery Road, Shadab Colony, Multan, Punjab",https://www.businesslist.pk/company/194155/sherwani-rent-a-car,businesslist_pk,scrapy,car-rental,2026-08-29T02:01:21.591181+00:00
Tour In Pakistan,car rental,http://www.tourinpakistan.com.pk/,+92 321 9430099,"office No: 12, 1st floor, Haqnawaz Plaza, G-11 markaz., Islamabad 45000, Pakistan, Islamabad, Islamabad Capital Territory",https://www.businesslist.pk/company/245537/tour-in-pakistan,businesslist_pk,scrapy,car-rental,2026-08-29T02:01:23.840328+00:00
Raza Khan Tours,car rental,http://www.razakhantours.com,021-32411350,"101 NEW BOLTON MARKET TOWER KARACHI, Karachi, Sindh",https://www.businesslist.pk/company/241307/raza-khan-tours,businesslist_pk,scrapy,car-rental,2026-08-29T02:01:25.344927+00:00
Shahroz Limo,car rental,http://www.shahrozlimo.com,03224538888,"PSO Pump Galavary Ground Lahore, Lahore, Punjab",https://www.businesslist.pk/company/246668/shahroz-limo,businesslist_pk,scrapy,car-rental,2026-08-29T02:01:26.947439+00:00
AH Motors and Rent a Car,car rental,http://ahmotorsrentacar.com,02136966067,"ahmotorsrentacar.com, Karachi, Sindh",https://www.businesslist.pk/company/241840/ah-motors-and-rent-a-car,businesslist_pk,scrapy,car-rental,2026-08-29T02:01:28.717516+00:00
Beyond Adventures PVT LTD,car rental,http://www.beyondadventures.com.pk,0512163138,"Office no : 5 Crown Business Center E 11 / 2 Islamabad, Islamabad, Islamabad Capital Territory",https://www.businesslist.pk/company/252776/beyond-adventures-pvt-ltd,businesslist_pk,scrapy,car-rental,2026-08-29T02:01:30.744264+00:00
Grab car,car rental,http://www.grabcarpk.com,03455309915,"office3 palaza 63 wallyat complex bahria town phase 7, Rawalpindi, Islamabad Capital Territory",https://www.businesslist.pk/company/251297/grab-car,businesslist_pk,scrapy,car-rental,2026-08-29T02:01:32.173981+00:00
Rent a Car Lahore With Driver,car rental,http://www.rent-a-car-lahore.com/,0333 5466143,"DHA Phase 1, Lahore, Pakistan, Lahore, Punjab",https://www.businesslist.pk/company/247308/rent-a-car-lahore-with-driver,businesslist_pk,scrapy,car-rental,2026-08-29T02:01:34.448714+00:00
Hamza Travel and Motors Islamabad,car rental,https://hamzamotors.com.pk/,0518319744,"Plot Number 349-350, Industrial area, I-9/3, Islamabad, Islamabad, Federally Administered Tribal Areas",https://www.businesslist.pk/company/252090/hamza-travel-and-motors-islamabad,businesslist_pk,scrapy,car-rental,2026-08-29T02:01:36.528219+00:00
Cheap rent a car lahore,car rental,http://www.fasttour.net/,+923218499507,"37-K,1st floor,commercial area DHA Phase 1, Lahore, Punjab",https://www.businesslist.pk/company/243496/cheap-rent-a-car-lahore,businesslist_pk,scrapy,car-rental,2026-08-29T02:01:38.088749+00:00
Rent a Car Islamabad,car rental,http://www.rcitravelandtours.com/rent-a-car-islamabad/,0518430247,"Suite #06, Street 37, Jinnah Arcade, G-13/2 Islamabad, Islamabad, Punjab",https://www.businesslist.pk/company/248107/rent-a-car-islamabad,businesslist_pk,scrapy,car-rental,2026-08-29T02:01:40.192021+00:00
Rent a car Islamabad,car rental,https://www.rent-a-car-islamabad.com/,0518357847,"F6/4, Muhammadi Plaza, Nazim-ud-din Road, Islamabad, Pakistan, Islamabad, Islamabad Capital Territory",https://www.businesslist.pk/company/244316/rent-a-car-islamabad,businesslist_pk,scrapy,car-rental,2026-08-29T02:01:41.866322+00:00
Pak Car Rentals,car rental,http://www.rentacarservices247.com/,+923420222262,"Street#29 plot # 135,G-9/1,Islamabad, Islamabad, Islamabad Capital Territory",https://www.businesslist.pk/company/245248/pak-car-rentals,businesslist_pk,scrapy,car-rental,2026-08-29T02:01:44.115025+00:00
Askari Cars: Rent a Car in Lahore,car rental,http://www.askaricars.com,03009430719,"Office # 02, Building No CCA-08, DD Block DHA Phase 04 Lahore, Lahore, Punjab",https://www.businesslist.pk/company/240917/askari-rent-a-car,businesslist_pk,scrapy,car-rental,2026-08-29T02:01:46.127701+00:00
7 Eleven Car Rental &amp; Tours,car rental,https://www.facebook.com/7elevenenterprises,03365548497,"Office: 3B, Al-Rehman Chamber, Blue Area, Islamabad, Islamabad, Islamabad Capital Territory",https://www.businesslist.pk/company/252529/7-eleven-car-rentaltours,businesslist_pk,scrapy,car-rental,2026-08-29T02:01:47.938909+00:00
Fast Track Tours &amp; Rentals,car rental,http://rentacarlahore.net,0300 8499507,"294-Q، Phase 2 DHA Phase 2, Lahore, Punjab 54000, Lahore, Punjab",https://www.businesslist.pk/company/249245/fast-track-toursrentals,businesslist_pk,scrapy,car-rental,2026-08-29T02:01:49.853969+00:00
Al Madina Rent A Car,car rental,http://www.almadinarentacar.com,+924235923940,"17-F-1, Main Punjab CO-Operative Housing Society, Lahore, Punjab",https://www.businesslist.pk/company/245152/al-madina-rent-a-car,businesslist_pk,scrapy,car-rental,2026-08-29T02:01:51.344986+00:00
RCI Motors Islamabad,car rental,https://www.rcirentacar.com.pk/rent-a-car-islamabad/,0518430247,"Office #06, Nazim-ud-din Rd, Block R F 6/4 Blue Area, Islamabad, Islamabad, Islamabad Capital Territory",https://www.businesslist.pk/company/245499/rci-motors-islamabad,businesslist_pk,scrapy,car-rental,2026-08-29T02:01:52.702512+00:00
Travelcon,car rental,,+923066363774,"2nd Floor, H-31, DHA Phase 1, Lahore, 54000, Lahore",https://www.businesslist.pk/company/258970/travelcon,businesslist_pk,scrapy,car-rental,2026-08-29T02:01:54.753498+00:00
Rent a Car Islamabad,car rental,https://www.rent-a-car.com.pk/,05188430247,"Suit# 13A, Muhammadi Plaza, F-6/4, Islamabad, Islamabad, Punjab",https://www.businesslist.pk/company/248740/rent-a-car-islamabad,businesslist_pk,scrapy,car-rental,2026-08-29T02:01:56.990051+00:00
Asad Enterprises,car rental,http://www.asadtransport.com,02135057788,"C-209, Sector 31-F, Dar-us-Salam Society, Main Korangi Road, Karachi , Karachi, Sindh",https://www.businesslist.pk/company/246189/asad-enterprises,businesslist_pk,scrapy,car-rental,2026-08-29T02:01:58.941649+00:00
Haider Travels and Rent a Cars,car rental,http://www.haidertravels.com,0321-4104443,"Al-Rehman Plaza, Walton Road, Cantt, Lahore, Punjab",https://www.businesslist.pk/company/241482/haider-travels-and-rent-a-cars,businesslist_pk,scrapy,car-rental,2026-08-29T02:02:01.167102+00:00
AB Rent A Car,car rental,,+923214002325,"GF.85 Divine Mega 2 Plaza, Near Honda Point Main Airport Road Lahore, Pakistan, Lahore, Punjab",https://www.businesslist.pk/company/244799/ab-rent-a-car,businesslist_pk,scrapy,car-rental,2026-08-29T02:02:03.146271+00:00
Wadood Travels Services,car rental,http://www.wadoodtravels.com,0512306869,"Office # 1st Floor Jinnah Arcade Near Street # 39 G-13/2 Islamabad, Islamabad, Islamabad Capital Territory",https://www.businesslist.pk/company/242187/wadood-travels-services,businesslist_pk,scrapy,car-rental,2026-08-29T02:02:05.254956+00:00
Auto Rent,car rental,http://www.autorentacar.rentals,0346-7775444,"shop no 11,Faraz Avenue,Block 20,Gulistan e johar,karachi, Karachi, Sindh",https://www.businesslist.pk/company/241900/auto-rent,businesslist_pk,scrapy,car-rental,2026-08-29T02:02:06.801060+00:00
24 Hour Rent A Car &amp; Tours,car rental,http://www.facebook.com/24hourrentacarandtoursofficial,04237175637,"Main Boulevard DHA Phase 4 Lahore, Lahore, Punjab",https://www.businesslist.pk/company/254022/24-hour-rent-a-cartours,businesslist_pk,scrapy,car-rental,2026-08-29T02:02:09.005845+00:00
Alfalah Enterprises,car rental,http://WWW.ALFALAHENTERPRISESPK.COM,"0512342100,0512342200,1","OFF# 11 ,3RD FLOOR AALY PLAZA BLUE AREA ISLAMABAD, Islamabad, Islamabad Capital Territory",https://www.businesslist.pk/company/235484/alfalah-enterprises,businesslist_pk,scrapy,car-rental,2026-08-29T02:02:10.980450+00:00
RCI Rent a Car Islamabad,car rental,https://www.rcirentacar.com.pk/rent-a-car-islamabad,0518485007,"Suit 13, Muhammadi Plaza, F-6/4, Islamabad, Islamabad, Islamabad Capital Territory",https://www.businesslist.pk/company/246289/rci-rent-a-car-islamabad,businesslist_pk,scrapy,car-rental,2026-08-29T02:02:12.655467+00:00
Ar Raheem Enterprises (PVT) Ltd,car rental,https://ar-raheem-motors.com,03339737840,"Ar Raheem Motors, Oppo UBL Bank, Committee Chowk Rawalpindi, Dhoke Elahi Baksh, Rawalpindi, Punjab 46000, Islamabad, Punjab",https://www.businesslist.pk/company/249923/ar-raheem-enterprises-pvt-ltd,businesslist_pk,scrapy,car-rental,2026-08-29T02:02:14.886447+00:00
Bookings Channel Private Limited,car rental,http://www.bookings-channel.com,+923088777977,"OFFICE NO 10 FIRST FLOOR ABRAR BUSINESS CENTER MAIN WAHDAT ROAD, Lahore, Punjab",https://www.businesslist.pk/company/253742/bookings-channel-private-limited,businesslist_pk,scrapy,car-rental,2026-08-29T02:02:16.616364+00:00
SAF Rent A Car Lahore,car rental,https://sites.google.com/view/rent-a-carlahore/home,03042795250,"E، 90/43 Street 3, Extension Super Town, Lahore, Punjab 54000, Lahore, Punjab",https://www.businesslist.pk/company/241848/saf-rent-a-car-lahore,businesslist_pk,scrapy,car-rental,2026-08-29T02:02:18.461810+00:00
The Ride Rent A Car,car rental,http://www.theride.com.pk,03369671204,"Office #10 Jinnah Arcade Street#37 G-13/2 Islamabad, Islamabad, Islamabad Capital Territory",https://www.businesslist.pk/company/251587/the-ride-rent-a-car,businesslist_pk,scrapy,car-rental,2026-08-29T02:02:19.952877+00:00
Ayub Shock Auto,vehicle manufacturers,,,"Shah Jahan Road Behind Data Darbar, Baari wala Chowk, Qamar Market Lahore , Lahore, Punjab",https://www.businesslist.pk/company/241354/ayub-shock-auto,businesslist_pk,scrapy,vehicle-manufacturers,2026-08-29T02:02:21.979784+00:00
Lahore Hazara Goods,vehicle manufacturers,https://lahorehazaragoods.weebly.com/,+92423772531,"PLOT NO,8/A RAVI LINK ROAD LAHORE, Lahore, Punjab",https://www.businesslist.pk/company/246438/lahore-hazara-goods,businesslist_pk,scrapy,vehicle-manufacturers,2026-08-29T02:02:24.022406+00:00
The Credit Insurance Company Ltd.,vehicle manufacturers,,0321-4680291,"Trafco House.1c1 Canal Bank Road Canal Park Gulberg ll Lahore Pakistan , Lahore, Punjab",https://www.businesslist.pk/company/121538/the-credit-insurance-company-ltd,businesslist_pk,scrapy,vehicle-manufacturers,2026-08-29T02:02:26.138035+00:00
Trackinghub - Best car tracker company,vehicle manufacturers,,03424431234,"I-10, Javed market, Islamabad, Pakistan, Islamabad, Islamabad Capital Territory",https://www.businesslist.pk/company/254674/trackinghub-best-car-tracker-company,businesslist_pk,scrapy,vehicle-manufacturers,2026-08-29T02:02:27.723490+00:00
SignTrack,vehicle manufacturers,https://signtrack.pk,+92 3372224455,"Street 118, G11/4, Islamabad, Pakistan, Islamabad",https://www.businesslist.pk/company/255023/signtrack,businesslist_pk,scrapy,vehicle-manufacturers,2026-08-29T02:02:29.518493+00:00
Pantrac PVT LTD (Authorized dealer of Sinotruk),vehicle manufacturers,,03171008718,"House 81/1.22nd street. DHA VI. Khayaban e Badar., Karachi, Sindh",https://www.businesslist.pk/company/247690/pantrac-pvt-ltd-authorized-dealer-of-sinotruk,businesslist_pk,scrapy,vehicle-manufacturers,2026-08-29T02:02:31.205309+00:00
Shaharyar Traders,vehicle manufacturers,https://shaharyartraders.com/,04235162145,"14-C/1Main, Faisal Town Rd, Block C 1 Faisal Town, Lahore, Punjab 54000, Lahore, Punjab",https://www.businesslist.pk/company/251598/shaharyar-traders,businesslist_pk,scrapy,vehicle-manufacturers,2026-08-29T02:02:33.152759+00:00
Chiyoda Auto Lamp,auto parts newused,,924237721137,"Mcleod Road Lahore, Lahore, Punjab",https://www.businesslist.pk/company/253567/chiyoda-auto-lamp,businesslist_pk,scrapy,auto-parts-newused,2026-08-29T02:02:35.089714+00:00
Kashmir trader,auto parts newused,https://autopartskashmir.blogspot.com/,+92 3027998171,"Shop no 2 afroze market main guwalmondi road Rawalpindi, Rawalpindi, Punjab",https://www.businesslist.pk/company/253539/kashmir-trader,businesslist_pk,scrapy,auto-parts-newused,2026-08-29T02:02:36.967083+00:00
Zahid Impex,auto parts newused,https://zahid-impex.business.site,+92-21-32722551,"7-Rahim Manzil, Plaza Square, Muhammad Ali Jinnah Rd, Preedy Quarters, Karachi, Sindh",https://www.businesslist.pk/company/207981/zahid-impex,businesslist_pk,scrapy,auto-parts-newused,2026-08-29T02:02:38.680839+00:00
Five Star Honda/ Services in Johar,auto parts newused,https://www.fivestarhonda.com.pk/,+923368352032,"Shop # 3&amp;4, Crescent view apartment, Opposite Habib University Gulistan E Johar Block 13 Karachi, Karachi",https://www.businesslist.pk/company/255186/five-star-honda-services-in-johar,businesslist_pk,scrapy,auto-parts-newused,2026-08-29T02:02:40.581936+00:00
AA Parts,auto parts newused,https://www.aaparts.net/,(042)-3630717-1,"First floor H-06 Montgomery Road Lahore, Lahore, Punjab",https://www.businesslist.pk/company/254327/aa-parts,businesslist_pk,scrapy,auto-parts-newused,2026-08-29T02:02:42.757135+00:00
Modern Car Accessories,auto parts newused,https://www.moderncaraccessories.com/,0423-7722227,"Opposite Police Station Lari Ada Wazir Ali Center Lahore Badami Bagh، Data Nagar Badami Bagh, Lahore, Punjab 54000, Lahore, Punjab",https://www.businesslist.pk/company/248684/modern-car-accessories,businesslist_pk,scrapy,auto-parts-newused,2026-08-29T02:02:44.057822+00:00
Pakmoto,auto parts newused,https://pakmoto.com,03313555911,"5th Floor, Prop 26R-9/9, Montgomery Park, Montgomery Road, Lahore, Lahore, Punjab",https://www.businesslist.pk/company/247348/pakmoto,businesslist_pk,scrapy,auto-parts-newused,2026-08-29T02:02:46.371713+00:00
Lift-n-trade,auto parts newused,,+922132772471,"G-167, Ruby Plaza, Preedy Street, Karachi (near to preedy police station), Karachi",https://www.businesslist.pk/company/258908/lift-n-trade,businesslist_pk,scrapy,auto-parts-newused,2026-08-29T02:02:48.236723+00:00
i POS System,auto parts newused,http://www.ipossystem.com,03314410472,"335 A3 Gulberg 3, Lahore, Punjab",https://www.businesslist.pk/company/249014/i-pos-system,businesslist_pk,scrapy,auto-parts-newused,2026-08-29T02:02:49.990329+00:00
Turbo tech Pakistan,auto parts newused,,,"Madina Plaza, Phase-II Shop# 69, M.A Jinnah Road",https://www.businesslist.pk/company/249344/turbo-tech-pakistan,businesslist_pk,scrapy,auto-parts-newused,2026-08-29T02:02:51.720219+00:00
Perfect Auto Parts,auto parts newused,,+923204061461,"Shop M27 first Floor Shafi Tower Near MCB Circular Road Badami bagh, Lahore",https://www.businesslist.pk/company/257634/perfect-auto-parts,businesslist_pk,scrapy,auto-parts-newused,2026-08-29T02:02:53.224108+00:00
Suzuki mardan Motors,auto parts newused,https://suzukimardan.com/,03166600002,"Chah Sultan Chaklala Cantt., Rawalpindi, Punjab 46000, Rawalpindi, Punjab",https://www.businesslist.pk/company/252892/suzuki-mardan-motors,businesslist_pk,scrapy,auto-parts-newused,2026-08-29T02:02:55.053642+00:00
Hong de Impex,auto parts newused,http://www.hongdehd.com.pk,03204967152,"206A, 2nd floor siddique trade center gulberg-II, Lahore, Punjab",https://www.businesslist.pk/company/252173/hong-de-impex,businesslist_pk,scrapy,auto-parts-newused,2026-08-29T02:02:56.984425+00:00
Vecanza.com,auto parts newused,https://vecanza.com/,03211946029,"Islamabad, Islamabad, Islamabad Capital Territory",https://www.businesslist.pk/company/249221/vecanzacom,businesslist_pk,scrapy,auto-parts-newused,2026-08-29T02:02:59.102617+00:00
Pay4Drive,car rental,http://pay4drive.com/,0302-4019477,"120, K-II, Wapda Town Lahore, Pakistan, Lahore, Punjab",https://www.businesslist.pk/company/243527/pay4drive,businesslist_pk,scrapy,car-rental,2026-08-29T02:03:01.392127+00:00
Rent a Car Pakistan,car rental,http://www.rentacarpak.com,051 8772657,"Office 4, CAM Arcade II, Main GT Road Near Gate Phase 7-8, Bahria Town Rawalpindi,, Islamabad, Islamabad Capital Territory",https://www.businesslist.pk/company/249193/rent-a-car-pakistan,businesslist_pk,scrapy,car-rental,2026-08-29T02:03:03.502582+00:00
Jadeed Motors,car rental,https://jadeedmotors.com,0335 0911 786,"i-8 Islamabad, Pakistan, Islamabad, Islamabad Capital Territory",https://www.businesslist.pk/company/253583/jadeed-motors,businesslist_pk,scrapy,car-rental,2026-08-29T02:03:05.597562+00:00
Hunza Explorers Treks &amp; Tours,car rental,http://www.hunzaexplorers.com,+92 311 0804658,"Village Ghulkin P.O &amp; Tehsil Gulmit Gojal, upper Hunza, Islamabad, Gilgit-Baltistan",https://www.businesslist.pk/company/241746/hunza-explorers,businesslist_pk,scrapy,car-rental,2026-08-29T02:03:07.649045+00:00
Car Syndicate,car rental,,+92 328 2288955,"karachi, Karachi",https://www.businesslist.pk/company/258824/car-syndicate,businesslist_pk,scrapy,car-rental,2026-08-29T02:03:08.748163+00:00
Balochistan Rent A Car,car rental,,+923313989100,"Shop No 28, Zaheen Plaza, Main Sariab Road, Quetta, Quetta",https://www.businesslist.pk/company/258443/balochistan-rent-a-car,businesslist_pk,scrapy,car-rental,2026-08-29T02:03:10.605951+00:00
Haxn Rent a Car Rawalpindi Islamabad,car rental,http://www.haxnrentacar.com,03111431433,"Office # 1, Marquee Road, Main G-11 Signal, Kashmir Highway, G-12، Islamabad, 44000, Islamabad, Islamabad Capital Territory",https://www.businesslist.pk/company/249417/haxn-rent-a-car-rawalpindi-islamabad,businesslist_pk,scrapy,car-rental,2026-08-29T02:03:12.261395+00:00
Makran Rent A Car Service - The Leading Car Rental,car rental,https://makranrentacar.pk/,03162791211,"Sariab Road Quetta 87550, Quetta, Balochistan",https://www.businesslist.pk/company/253584/makran-rent-a-car-service-the-leading-car-rental,businesslist_pk,scrapy,car-rental,2026-08-29T02:03:14.206270+00:00
Faisalabad Car Rental And Tours,car rental,https://www.facebook.com/pg/faisalabadcarrental/about/,+923156099281,"Millat Chowk Shaikhupura Road ,Faislabad, Faisalabad, Punjab",https://www.businesslist.pk/company/242390/faisalabad-car-rental-and-tours,businesslist_pk,scrapy,car-rental,2026-08-29T02:03:16.266603+00:00
Master Rent A Car,car rental,https://www.masterrentacar.pk,923492049928,"House# 07, Str# 31, Sector-F, Manzoor Colony,  Near# Mehmoodabad, Karachi 75640. , Karachi, Sindh",https://www.businesslist.pk/company/248777/master-rent-a-car,businesslist_pk,scrapy,car-rental,2026-08-29T02:03:17.757256+00:00
Gwadar Rent A Car,car rental,,+923092669837,"Sitellite Town, Main Road Quetta, Balochistan, Quetta, Balochistan",https://www.businesslist.pk/company/258441/gwadar-rent-a-car,businesslist_pk,scrapy,car-rental,2026-08-29T02:03:19.915319+00:00
Cars Travel Junction,car rental,http://www.carstraveljunction.com,+923456678510,"Office#02 Jinnah Arcade Street# 37 G-13/2, Islamabad, Islamabad Capital Territory",https://www.businesslist.pk/company/247553/cars-travel-junction,businesslist_pk,scrapy,car-rental,2026-08-29T02:03:21.748170+00:00
LahoreRentACar,car rental,http://lahore-rent-a-car-wapda-town-lhr.business.site,03123221155,"7-GCP Scheem, R1 Johar Town, Lahore, Punjab",https://www.businesslist.pk/company/247980/lahorerentacar,businesslist_pk,scrapy,car-rental,2026-08-29T02:03:23.755211+00:00
Farhan Car Rental Services,car rental,https://farhanrentacar.com/,+92 312 - 2810139,"Pakistan, Karachi",https://www.businesslist.pk/company/258887/farhan-car-rental-services,businesslist_pk,scrapy,car-rental,2026-08-29T02:03:25.624177+00:00
SwariHub,car rental,http://www.swarihub.com/rent-a-car-in-lahore,+92-300-4396570,"452-D Block Tajpura LDA , Lahore, Punjab",https://www.businesslist.pk/company/246224/swarihub,businesslist_pk,scrapy,car-rental,2026-08-29T02:03:27.118511+00:00
Faisalabad Car Rental And Tours Service,car rental,https://www.facebook.com/pg/faisalabadcarrental/about/,03044006169,"Millat Chowk Shaikhupura Road Near Habib Metro Bank , Faisalabad, Punjab",https://www.businesslist.pk/company/250367/faisalabad-car-rental-and-tours-service,businesslist_pk,scrapy,car-rental,2026-08-29T02:03:28.978702+00:00
Madina Rent A Car,car rental,http://madina-rent-a-car.business.site/,03214235986,"Haji Akram Plaza, Gate No.1, Sooter Mills, Main GT Road , Lahore, Punjab",https://www.businesslist.pk/company/247604/madina-rent-a-car,businesslist_pk,scrapy,car-rental,2026-08-29T02:03:30.027675+00:00
Irshad Rent a Car Bahawalpur,car rental,https://youtube.com/@irshadrentacar,+923071707019,"Saddar Puli, University Chowk, Bahawalpur Cantt, Bahawalpur, Punjab 63100, Bahawalpur",https://www.businesslist.pk/company/258598/irshad-rent-a-car-bahawalpur,businesslist_pk,scrapy,car-rental,2026-08-29T02:03:31.959913+00:00
Quetta 2D Car Service 03302211115,car rental,https://karachiquetta2dcarservice.com,03367801565,"University Road Karachi , Karachi, Sindh",https://www.businesslist.pk/company/254212/quetta-2d-car-service-03302211115,businesslist_pk,scrapy,car-rental,2026-08-29T02:03:34.074572+00:00
RPM Car Rental,car rental,https://rpmcarrental.pk/,03009238948,"Suit # G-14, Allience Apartment, Sector 11 C 1 North Karachi, Karachi., Karachi, Sindh",https://www.businesslist.pk/company/252861/rpm-car-rental,businesslist_pk,scrapy,car-rental,2026-08-29T02:03:36.261097+00:00
AutoAdvisers,auto dealers newused,https://autoadvisers.com/,+92 51 6121111,"Street 44-A, F-6/1 F 6/1 F-6, Islamabad, Islamabad Capital Territory 46000, Islamabad",https://www.businesslist.pk/company/258766/autoadvisers,businesslist_pk,scrapy,auto-dealers-newused,2026-08-29T02:03:37.710765+00:00
Fairwheels.com,auto dealers newused,,03214550829,"Iqbal Town, Lahore Pakistan, Lahore, Punjab",https://www.businesslist.pk/company/250190/fairwheelscom,businesslist_pk,scrapy,auto-dealers-newused,2026-08-29T02:03:39.692460+00:00
Aimal Autos,auto dealers newused,https://www.facebook.com/aimalautos,+923128160016,"Double Road Civic Center Street Quetta , Quetta",https://www.businesslist.pk/company/257731/aimal-autos,businesslist_pk,scrapy,auto-dealers-newused,2026-08-29T02:03:41.321714+00:00
Aam Motors,auto dealers newused,https://www.ammmotors.com,+924232081630,"SHOWROOM 34, MUALANA SHAUKAT ALI ROAD ,JOHAR TOWN LAHORE, Lahore",https://www.businesslist.pk/company/258146/aam-motors,businesslist_pk,scrapy,auto-dealers-newused,2026-08-29T02:03:43.476762+00:00
CarZaamin,auto dealers newused,,111 227 070,"57 - B Johar Town Lahore, Lahore, Punjab",https://www.businesslist.pk/company/249501/carzaamin,businesslist_pk,scrapy,auto-dealers-newused,2026-08-29T02:03:45.440964+00:00
Naseer Autos,auto repair,https://www.naseerautos.biz,+92304 1111337,"D-55-A/1, SITE., Sindh, Karachi, Sindh",https://www.businesslist.pk/company/94336/naseer-autos,businesslist_pk,scrapy,auto-repair,2026-08-29T02:03:47.520912+00:00
Faw Jhelum Motors,auto repair,,0544-272191-92,"OPPOSITE DEGREE COLLEGE, MAIN G T ROAD JHELUM, Jhelum, Punjab",https://www.businesslist.pk/company/250906/faw-jhelum-motors,businesslist_pk,scrapy,auto-repair,2026-08-29T02:03:49.422237+00:00
Quality Autos,auto repair,https://qualityautos6.wordpress.com/,+923323105538,"Bewal PLaza G9, Islamabad, Islamabad",https://www.businesslist.pk/company/257595/quality-autos,businesslist_pk,scrapy,auto-repair,2026-08-29T02:03:51.645194+00:00
Fixdar,auto repair,,03-111-222-819,"Karachi, Pakistan, Karachi, Sindh",https://www.businesslist.pk/company/254467/fixdar,businesslist_pk,scrapy,auto-repair,2026-08-29T02:03:52.864965+00:00
Pakistan Auto Workshop,auto repair,https://www.mechanicar.com/pakistan,+923082544269,"J6P5+85V, Gulfishan Town, Sheikhupura, Punjab, Shekhupura",https://www.businesslist.pk/company/258807/pakistan-auto-workshop,businesslist_pk,scrapy,auto-repair,2026-08-29T02:03:54.871506+00:00
Al-meena Marine Engineers,auto repair,,+923009509573,"Plot No 122-C Keamari Township,  Keamari, Karachi, 75620 Pakistan., Karachi",https://www.businesslist.pk/company/258780/al-meena-marine-engineers,businesslist_pk,scrapy,auto-repair,2026-08-29T02:03:56.986812+00:00
Auto Tech  express lube and maintenance,auto repair,http://autotech.pk,"051-5170676,","plot 2, block B, Main PWD road, oposit London bakery , Islamabad, Islamabad Capital Territory",https://www.businesslist.pk/company/249664/auto-tech-express-lube-and-maintenance,businesslist_pk,scrapy,auto-repair,2026-08-29T02:03:58.935147+00:00
Raja Jalal Auto EFI Electrician &amp; Car AC,auto repair,,+923155782523,"Raja Jalal Auto EFI Electrician, Sarfaraz Market, Abdul Qadeer Khan Road, Khana Pull, Rawalpindi, Rawalpindi, Punjab",https://www.businesslist.pk/company/253594/raja-jalal-auto-efi-electriciancar-ac,businesslist_pk,scrapy,auto-repair,2026-08-29T02:04:01.278213+00:00
Autosource Pvt Ltd,auto repair,,+923008451158,"Johar town lahore, Lahore",https://www.businesslist.pk/company/255062/autosource-pvt-ltd,businesslist_pk,scrapy,auto-repair,2026-08-29T02:04:03.316096+00:00
Ubaid Autos,auto repair,,+923002103102,"Plot #WS-10,Block-7,Opposit To DILL PASAND,F.B.Area, Karachi, Sindh",https://www.businesslist.pk/company/182442/ubaid-autos,businesslist_pk,scrapy,auto-repair,2026-08-29T02:04:05.010760+00:00
Bindawood Logistics Services,package shipping,,02132410820-1,"Address: Office No. 7/16 7th Floor Arkay Square Extension Shahrah-e-Liaquat New Challi Karachi , Karachi, Sindh",https://www.businesslist.pk/company/249043/bindawood-logistics-services,businesslist_pk,scrapy,package-shipping,2026-08-29T02:04:25.413150+00:00
EMA Shipping,package shipping,,+9221-32601355,"EM-A Shipping 5B-1, 5th Floor, Fakhri Trade Center, Shahra-e-Liaquat, Karachi, Karachi, Sindh",https://www.businesslist.pk/company/252696/ema-shipping,businesslist_pk,scrapy,package-shipping,2026-08-29T02:04:35.483966+00:00
M.A. Land Transport Co. (Pvt) Ltd.,transport,https://www.malco.pk/,"+92-21-2421445, 2420468, 2410202, 7010385","Room No. 16, 17, 2nd Floor, Off I.I. Chundrigar Road, Sindh, Karachi, Sindh",https://www.businesslist.pk/company/138881/ma-land-transport-co-pvt-ltd,businesslist_pk,scrapy,transport,2026-08-29T02:04:40.566437+00:00
Crescent Cranes &amp; Carriers,transport,https://www.crescentcc.pk,+923009691111,"507, Al Qadir Heights, Babar Block, Garden Town, Lahore, Lahore",https://www.businesslist.pk/company/257865/crescent-cranescarriers,businesslist_pk,scrapy,transport,2026-08-29T02:04:42.660729+00:00
Mohsin Traders,transport,https://mohsintraders.com,9221-2420253,"Shop no 9, Sadaf Centre,  Serai Road, Karachi, Sindh, Karachi, Sindh",https://www.businesslist.pk/company/107170/mohsin-traders,businesslist_pk,scrapy,transport,2026-08-29T02:04:43.937410+00:00
WAV Shipping Group,logistics,http://www.wavshippings.com,+92-21-34968787,"Office# M-34 / M-36 Mezzanine Floor, Falaknaz Plaza, Sharah-e-Faisal, Karachi, Sindh",https://www.businesslist.pk/company/242941/wav-shipping-group,businesslist_pk,scrapy,logistics,2026-08-29T02:04:45.872610+00:00
Transways Forwarders,transport,http://www.transwayspk.com,(92 51) 2348673,"suite # 02   3rd FLOOR MUJAHID PLAZA JINNAH AVENUE BLUE AREA ISLAMABAD, Islamabad, Punjab",https://www.businesslist.pk/company/189052/transways-forwarders,businesslist_pk,scrapy,transport,2026-08-29T02:04:47.634551+00:00
Clear Freight International,transport,http://www.clearfreight.org,92-21-5877433,"114, 1st Floor, Clifton Center, Block V,  Clifton, Karachi , Karachi, Sindh",https://www.businesslist.pk/company/235607/clear-freight-international,businesslist_pk,scrapy,transport,2026-08-29T02:04:49.639468+00:00
Sea Eagle Movers &amp; Logistics Pvt Ltd,transport,,+92-51-2303842,"Office No 18-B, Adnan Plaza, 2nd Floor, G-10 Markaz, Islamabad, Pakistan., Islamabad, Islamabad Capital Territory",https://www.businesslist.pk/company/245483/sea-eagle-moverslogistics-pvt-ltd,businesslist_pk,scrapy,transport,2026-08-29T02:04:51.478503+00:00
OnTime International Shipping and Logistics,transport,https://otishipping.com/,+9242-35786886,"UGF-19 Eden Heights, Main Boulevard III, ZIP Code 54000, Lahore Pakistan , Lahore",https://www.businesslist.pk/company/254944/ontime-international-shipping-and-logistics,businesslist_pk,scrapy,transport,2026-08-29T02:04:53.075615+00:00
Al-haq Cargo Service,transport,http://www.alhaqcargoservice.com,"+92-51-4447962, +92-51-44434022","Office# 1, Plot 2J, Potohar Plaza, I-9 Markaz, Islamabad., Islamabad",https://www.businesslist.pk/company/227417/al-haq-cargo-service,businesslist_pk,scrapy,transport,2026-08-29T02:04:54.388689+00:00
Greenline Logistics,transport,,03035500110,"St 68, F-11/1, Islamabad, Islamabad Capital Territory",https://www.businesslist.pk/company/187789/green-line-logistics,businesslist_pk,scrapy,transport,2026-08-29T02:04:56.043766+00:00
Hino Hawksbay,transport,,+922132373176-9,"Z-3, Quaid-e-Azam Truck Stand Main Hawksbay Road, Karachi., Karachi, Sindh",https://www.businesslist.pk/company/246687/hino-hawksbay,businesslist_pk,scrapy,transport,2026-08-29T02:04:58.361432+00:00
Pacewell Cargo &amp; Courier Services,transport,http://www.pacewell.com.pk,+92524591691,"DAR PLAZA, JAMAIT KHANA ROAD, SIALKOT, Sialkot, Punjab",https://www.businesslist.pk/company/242207/pacewell-cargocourier-services,businesslist_pk,scrapy,transport,2026-08-29T02:05:00.173839+00:00
Global Cargo Consolidators,transport,http://www.gccpak.com,052-4601611-2,"Main defence road, Sialkot 51310, Pakistan, Sialkot, Punjab",https://www.businesslist.pk/company/239982/global-cargo-consolidators,businesslist_pk,scrapy,transport,2026-08-29T02:05:02.258013+00:00
AS Logistics Afghanistan,transport,,+93780000021,"House # 34, Street # 15, Wazir Akbar Khan, Karachi, Punjab",https://www.businesslist.pk/company/243253/as-logistics-afghanistan,businesslist_pk,scrapy,transport,2026-08-29T02:05:04.341953+00:00
MY Cargo (pvt) Ltd,transport,http://www.mycargopk.com,"(92 52) 3250061, 3250062, +92 -321-3386000","Ugoki Road Shahab Pura, Sialkot",https://www.businesslist.pk/company/183508/my-cargo-pvt-ltd,businesslist_pk,scrapy,transport,2026-08-29T02:05:05.886135+00:00
Riazeda (pvt) Ltd.,transport,http://riazeda.com.pk,"+92 21 32401181, +92 21 32401185","Floor 9/2, S, Chapal Plaza, Office: 105, 108, 109, 110, 111 1st, R. 2 Hasrat Mohani Rd, Karachi, Sindh",https://www.businesslist.pk/company/183520/riazeda-pvt-ltd,businesslist_pk,scrapy,transport,2026-08-29T02:05:07.454347+00:00
Real Flowers PK,transport,,03000177325,"M01, Fatima Center, Off Khayaban-e-Hafiz, Karachi, Karachi, Sindh",https://www.businesslist.pk/company/250024/real-flowers-pk,businesslist_pk,scrapy,transport,2026-08-29T02:05:09.422876+00:00
Moody.pk,transport,,03454488689,"Commercial Lane 585, Block H-3 Block H 3 Phase 2 Johar Town, Lahore, Punjab 54000, Lahore, Punjab",https://www.businesslist.pk/company/254291/moodypk,businesslist_pk,scrapy,transport,2026-08-29T02:05:11.449330+00:00
Multan Freight Lines,transport,,"00923219085148, +92 321 8371724","GATE NO,2 STREET NO,3 PLOT NO,478-479 NEW TRUCK,STAND HAWKSBAY ,MARIPUR ROAD ,KARACHI  , Karachi, Sindh",https://www.businesslist.pk/company/244566/multan-freight-lines,businesslist_pk,scrapy,transport,2026-08-29T02:05:12.962855+00:00
Khan Enterprises,transport,,+92-51-227033,"Khan Enterprises Office, Main G.T. Road, Sarai-Kharboza Bus-Stop, Tarnol, Islamabad, Islamabad, Islamabad Capital Territory",https://www.businesslist.pk/company/242357/khan-enterprises,businesslist_pk,scrapy,transport,2026-08-29T02:05:14.338732+00:00
Book My Travel &amp; Tours,transport,,0915250217-8,"UG-148 Deans Trade Center , Peshawar, Khyber Pakhtunkhwa",https://www.businesslist.pk/company/247568/book-my-traveltours,businesslist_pk,scrapy,transport,2026-08-29T02:05:16.394110+00:00
Sa-rentacar,transport,,0316 5167043,"Pakistan Islamabad, Islamabad, Islamabad Capital Territory",https://www.businesslist.pk/company/248685/sa-rentacar,businesslist_pk,scrapy,transport,2026-08-29T02:05:18.597080+00:00
Accurate Services Pakistan,logistics,http://www.akurateservices.com,+92-42-36300083,"3RD FLOOR, EISSA HEIGHTS, 58 LAWRENCE ROAD, LAHORE, PAKISTAN, Lahore, Punjab",https://www.businesslist.pk/company/249566/accurate-services-pakistan,businesslist_pk,scrapy,logistics,2026-08-29T02:05:20.131543+00:00
Qaswa Logistics Network,logistics,http://www.qaswalogistics.com.pk,9221-34394429,"1/6-A, First Floor, Block-6, (Off) Shahrah-e-Faisal, Sindh, Karachi, Sindh",https://www.businesslist.pk/company/138188/qaswa-logistics-network,businesslist_pk,scrapy,logistics,2026-08-29T02:05:22.170614+00:00
Amin Brothers Logistics Co.Pvt Ltd,logistics,http:www.ablogistics.com.pk,00923218225351,"Plot # 59 C Office # C-04 Touheed Comm,Street # 24 ,Phase -5 DHA Karachi , Karachi, Sindh",https://www.businesslist.pk/company/244866/amin-brothers-logistics-copvt-ltd,businesslist_pk,scrapy,logistics,2026-08-29T02:05:24.302631+00:00
Srs Shipping &amp; Logistics,logistics,http://www.srsshippings.com,021-34550770-71,"407 4th floor Marine Faisal, Shahra-e-Faisal, Karachi, Sindh",https://www.businesslist.pk/company/243381/srs-shippinglogistics,businesslist_pk,scrapy,logistics,2026-08-29T02:05:26.054490+00:00
Fasin International,logistics,http://www.fasininternational.com,+ 92-213-4325469-70,"Suite # 303, 3rd Floor, Anum Blessing Plot CC, Block 7&amp;8, K.C.H.S. Shahrah-e-Faisal, Karachi b  75350 Pakistan., Karachi, Sindh",https://www.businesslist.pk/company/243697/fasin-international,businesslist_pk,scrapy,logistics,2026-08-29T02:05:28.013560+00:00
Aerocean Freight Forwarder,logistics,http://www.aerocean.biz,0523550264,"Defence road, Sialkot, Punjab",https://www.businesslist.pk/company/242014/aerocean-freight-forwarder,businesslist_pk,scrapy,logistics,2026-08-29T02:05:29.294004+00:00
Synergy Freight International,logistics,http://www.synergyfreightpk.com,(921) 34391901-3,"PECHS Block 6, Nursery Main Shahrah-e-Faisal  Karachi – Pakistan, Karachi, Sindh",https://www.businesslist.pk/company/245312/synergy-freight-international,businesslist_pk,scrapy,logistics,2026-08-29T02:05:31.265218+00:00
Allied Logistic (smc-pvt.) Ltd.,logistics,https://alliedlogistics.com.pk/,"(92 21) 32859375, (92 21) 32850154","Suite #3-4,1st Floor,GSA House,19-Timber Pond,Keamari, Karachi, Sindh",https://www.businesslist.pk/company/187750/allied-logistic-smc-pvt-ltd,businesslist_pk,scrapy,logistics,2026-08-29T02:05:32.293969+00:00
SILK Packers &amp; Movers,logistics,https://silklogistics.com.pk/,+923005922382,"Blue Area, Islamabad, Islamabad Capital Territory",https://www.businesslist.pk/company/253708/silk-packersmovers,businesslist_pk,scrapy,logistics,2026-08-29T02:05:33.490280+00:00
JK Pallet &amp; Packaging Ltd,logistics,http://jkpallets.pk,+923332182478,"Plot# LR 1/1/13, Lawrence Quarter, Ireland Road, Karachi, Sindh",https://www.businesslist.pk/company/248593/jk-palletpackaging-ltd,businesslist_pk,scrapy,logistics,2026-08-29T02:05:35.302129+00:00
SMB Logistics Solutions,logistics,http://smblogisticssolutions.com,+92 21 32600691,"Suite # A-401, 4th Floor, New Chaali Trade Centre, Shahra-e-Liaquat, Karachi, Sindh",https://www.businesslist.pk/company/249603/smb-logistics-solutions,businesslist_pk,scrapy,logistics,2026-08-29T02:05:36.423906+00:00
Whc Express Courier,logistics,http://www.whcexpress.com,+92-52-3240162,"Basement Afzal 02 Shahbpura Road Sialkot, Sialkot, Punjab",https://www.businesslist.pk/company/243481/whc-express-courier,businesslist_pk,scrapy,logistics,2026-08-29T02:05:38.401843+00:00
CCS Couriers,logistics,http://www.communitycourierservices.com,09222331216,"Jinnah Road  Aamir Shaheed Road Abbottabad, Abbottabad, Khyber Pakhtunkhwa",https://www.businesslist.pk/company/242626/ccs-couriers,businesslist_pk,scrapy,logistics,2026-08-29T02:05:39.546895+00:00
PSG Rent a Car Lahore,transport,http://www.pakrentacar.pk,0337 8635 333,"SJ Arcade, Main Defence Road, Cantt., Lahore, Punjab",https://www.businesslist.pk/company/247146/psg-rent-a-car-lahore,businesslist_pk,scrapy,transport,2026-08-29T02:05:41.168522+00:00
Bissmillah cargo,transport,http://www.bcts.com,03357111111,"All khadim pump Rohri by pass, Sukkur, Sindh",https://www.businesslist.pk/company/242789/bissmillah-cargo,businesslist_pk,scrapy,transport,2026-08-29T02:05:43.139364+00:00
Packers and Movers in Karachi,transport,https://packersandmoversinkarachi.pk/,+923018416275,"M1 Mezzanine Floor, Plot 7c Street 5, Badar Commercial Area Defence V Extn, Karachi, Pakistan, Karachi",https://www.businesslist.pk/company/254754/packers-and-movers-in-karachi,businesslist_pk,scrapy,transport,2026-08-29T02:05:44.754154+00:00
Rent a Car Pakistan Karachi,transport,,+9221-34989960,"A-1 Sohail Center Block-8 Gulshan-e-Iqbal Karachi, Karachi, Sindh",https://www.businesslist.pk/company/242980/rent-a-car-pakistan-karachi,businesslist_pk,scrapy,transport,2026-08-29T02:05:45.962103+00:00
Packers and Movers,transport,http://packermovers.com.pk,0512102997,"uit # 16, 1nd floor Gull Plaza F-10 Markaz Islamabad, Islamabad, Islamabad Capital Territory",https://www.businesslist.pk/company/242966/packers-and-movers,businesslist_pk,scrapy,transport,2026-08-29T02:05:47.699892+00:00
Emirates Skycargo,transport,http://www.skycargo.com,"(92 21) 34671414, (92 21) 34671415,  +92 21 34577510","Room No. 4030, Quaid-e-Azam,International Airport, Karachi, Sindh",https://www.businesslist.pk/company/183473/emirates-skycargo,businesslist_pk,scrapy,transport,2026-08-29T02:05:49.684300+00:00
Costa Logistics Freight Forwarders &amp; Packers Movers,transport,,+923214108433,"Suit 608 Chappal Plaza karachi Pakistan, Karachi, Sindh",https://www.businesslist.pk/company/243985/costa-logistics-freight-forwarderspackers-movers,businesslist_pk,scrapy,transport,2026-08-29T02:05:51.941138+00:00
Flying Speedy Carrier,transport,http://flyingspeedycarier.com,03008929593,"PURRI HOUSE WEST WHARF 74000 ROAD KARACHI PAKISTAN , Karachi, Sindh",https://www.businesslist.pk/company/245433/flying-speedy-carrier,businesslist_pk,scrapy,transport,2026-08-29T02:05:53.452574+00:00
Falcon-i (pvt.) Ltd,transport,https://falconitracking.com,+92 21 111 007 333,"10-B Moulvi Tamizuddin Khan Rd, Lalazar, Karachi, Sindh",https://www.businesslist.pk/company/239661/falcon-i-pvt-ltd,businesslist_pk,scrapy,transport,2026-08-29T02:05:55.558054+00:00
Lahore Machinery Store,transport,https://www.facebook.com/Lahore-Machinery-STORE-119485006107176/,"+92 41 2614697, +92 303 4004132"," Railway Rd, Tariqabad, Faisalabad, Punjab",https://www.businesslist.pk/company/164654/lahore-machinery-store,businesslist_pk,scrapy,transport,2026-08-29T02:05:57.267844+00:00
Al Bilal Potohwar Goods Farwarding,transport,,+92514444833,"i-11-4 sabzimandi Islamabad, Islamabad, Islamabad Capital Territory",https://www.businesslist.pk/company/246847/al-bilal-potohwar-goods-farwarding,businesslist_pk,scrapy,transport,2026-08-29T02:05:59.408262+00:00
Crescent Trailer Service,transport,,0213-2313444,"1st Floor Room No 06A Dinar Chambers 12 West Wharf Road , Karachi, Sindh, Pakistan, Karachi, Sindh",https://www.businesslist.pk/company/246262/crescent-trailer-service,businesslist_pk,scrapy,transport,2026-08-29T02:06:01.032741+00:00
Shahid Lowbed Services,transport,,0213-2010130,"PLOT# LS-57 Sector 1-A/7, Super Market, Super Highway, Karachi, Sindh",https://www.businesslist.pk/company/240314/shahid-lowbed-services,businesslist_pk,scrapy,transport,2026-08-29T02:06:02.637980+00:00
Movers And Packers In Pakistan,transport,http://www.moversandpackers.pk/,03004108433,"328 Land Mark Plaza Jail Road Lahore, Islamabad, Punjab",https://www.businesslist.pk/company/245126/movers-and-packers-in-pakistan,businesslist_pk,scrapy,transport,2026-08-29T02:06:03.957292+00:00
Asia Cargo Services,transport,https://www.facebook.com/pakasiacargoservicespakistan/,"0412636991,  +92 321 6647096"," P-50, 3rd Floor, Chenab Market, Susan Road, Block Z Madina Town, Faisalabad, Punjab",https://www.businesslist.pk/company/164490/asia-cargo-services,businesslist_pk,scrapy,transport,2026-08-29T02:06:05.889921+00:00
Wahid goods transport and car carrier company,logistics,http://www.wahidgoods.com,922132357722,"Hawks bay truck stand gate no 4 street no 1 plot no 318A karachi, Karachi, Sindh",https://www.businesslist.pk/company/247187/wahid-goods-transport-company-regd,businesslist_pk,scrapy,logistics,2026-08-29T02:06:07.673468+00:00
Translink Movers (TLM) Islamabad,logistics,http://www.translink.com.pk,92-51-22120415,"Office # 6, Mezzanine Floor, Yaseen Plaza,  Jinnah Avenue, Blue Area,  Islamabad 44000, Pakistan., Islamabad, Islamabad Capital Territory",https://www.businesslist.pk/company/138261/translink-movers,businesslist_pk,scrapy,logistics,2026-08-29T02:06:09.787712+00:00
BNS Logistics,logistics,https://www.bns-logistics.com/,(+9221) 35376491-99,"Office No. 311, 3rd Floor The Forum, Clifton Block 9, Karachi-75600, Pakistan, Karachi, Sindh",https://www.businesslist.pk/company/251579/bns-logistics,businesslist_pk,scrapy,logistics,2026-08-29T02:06:11.242374+00:00
Akber Ali &amp; Sons,logistics,https://www.aayag.com,"92-321-8920931, +92 334 9280323","G / 1, Jevani Garden, J. M. 208, Amil Colony, 1, Soldier Bazar, 3., P.O. Box: 74000, Karachi, Sindh",https://www.businesslist.pk/company/219009/akber-alisons,businesslist_pk,scrapy,logistics,2026-08-29T02:06:13.285576+00:00
Red Sea Logistics and Distribution PVT LTD,logistics,http://www.redseagoc.com,04237500455,"Eden Centre, Jail Road, Lahore, Lahore, Punjab",https://www.businesslist.pk/company/244516/red-sea-logistics-and-distribution-pvt-ltd,businesslist_pk,scrapy,logistics,2026-08-29T02:06:15.233685+00:00
Jango movers and Packers,logistics,http://jango-packers-and-movers.business.site,03007454980,"Gulberg, Lahore, Punjab",https://www.businesslist.pk/company/245328/vesta-developers,businesslist_pk,scrapy,logistics,2026-08-29T02:06:17.259170+00:00
Quick Movers and Packers Logistics,logistics,http://www.quickpackers.com.pk,03125351992,"Gull plaza F-10 Markez Islamabad Suit # 16 2nd Floor, Islamabad, Islamabad Capital Territory",https://www.businesslist.pk/company/181386/quick-movers-and-packers-logistics,businesslist_pk,scrapy,logistics,2026-08-29T02:06:19.343242+00:00
SILK Trade &amp; Logistics,logistics,http://www.asklint.com,03334310267,"13-B Paradise Plaza G-10 Markaz Islamabad, Islamabad, Islamabad Capital Territory",https://www.businesslist.pk/company/240852/silk-tradelogistics,businesslist_pk,scrapy,logistics,2026-08-29T02:06:21.271394+00:00
Orgun Global Faster Logistics,logistics,http://www.ogflogistics.com,02132355556,"Gate,5 Howksbay Road New Truck Stand Karachi, Karachi, Sindh",https://www.businesslist.pk/company/241145/orgun-global-faster-logistics,businesslist_pk,scrapy,logistics,2026-08-29T02:06:23.578273+00:00
Advance Cargo,logistics,http://www.advancecargo.com.pk,0423750076,"H# 156/A1 Gulberg III Lahore, Lahore, Punjab",https://www.businesslist.pk/company/244383/advance-cargo,businesslist_pk,scrapy,logistics,2026-08-29T02:06:25.054355+00:00
KS &lt;span style=&quot;color: red&quot;&gt;dubai&lt;/span&gt; to pakista cargo,logistics,https://kstradinggroup.com/,0518484644,"bank road saddar, Islamabad, Islamabad Capital Territory",https://www.businesslist.pk/company/247724/ks-dubai-to-pakista-cargo,businesslist_pk,scrapy,logistics,2026-08-29T02:06:26.628238+00:00
2 Paz Express,logistics,http://www.2pazexpress.com,0092 3366191111,"Office # L-02. Basement Afzal Plaza. Near Puffin Technologies, Shahab Pura. , Sialkot, Punjab",https://www.businesslist.pk/company/246951/2-paz-express,businesslist_pk,scrapy,logistics,2026-08-29T02:06:27.821619+00:00
Platinum Logistic Services,logistics,http://www.plspk.com,+92 300 823 50 10,"Room No. 213, 2nd  Floor, Hassan Chamber, Bohri Road, Near Custom House, Karachi-74400, Pakistan., Karachi, Sindh",https://www.businesslist.pk/company/247147/platinum-logistic-services,businesslist_pk,scrapy,logistics,2026-08-29T02:06:29.851921+00:00
King Enterprises,package shipping,,+92-51-5962222," Rawalpinid - Pakistan, Pakistan, Rawalpini",https://www.businesslist.pk/company/97565/king-enterprises,businesslist_pk,scrapy,package-shipping,2026-08-29T02:06:31.530526+00:00
Pak Shaheen Container Services (pvt.) Ltd.,package shipping,https://pscs-psg.com/,"+92 21 32851800, +92 21 32851800 5","East Wharf Karachi, Karachi, Sindh",https://www.businesslist.pk/company/234498/pak-shaheen-container-services-pvt-ltd,businesslist_pk,scrapy,package-shipping,2026-08-29T02:06:33.508586+00:00
MIT Logistics,package shipping,https://www.mitlogistics.com/,+92 21-3258-9151,"Suit No 208 2nd Floor Anum Trade Center Estate Avenue Main Ghani Chowrangi, Estate Ave, Sindh Industrial Trading Estate, Karachi, Karachi City, Sindh 75700, Karachi",https://www.businesslist.pk/company/257043/mit-logistics,businesslist_pk,scrapy,package-shipping,2026-08-29T02:06:35.641120+00:00
F3 Packages,package shipping,,+923329084330,"address, M-11 WestLand Appt. Bahadurabad Alamgir road, Karachi 74800, sindh,, , Karachi, Karachi",https://www.businesslist.pk/company/257898/f3-packages,businesslist_pk,scrapy,package-shipping,2026-08-29T02:06:37.466781+00:00
NOVA INTERNATIONAL SYSTEMS (Packers &amp; Movers),package shipping,,"+92-42-36680864, +92-42-36623115","4/4, Main Block Fortress Stadium, Punjab, Lahore, Punjab",https://www.businesslist.pk/company/139016/nova-international-systems,businesslist_pk,scrapy,package-shipping,2026-08-29T02:06:38.838479+00:00
Hafiz karachi low bed trailer,package shipping,,03475351166,"GT road tarnol Islamabad , Islamabad, Islamabad Capital Territory",https://www.businesslist.pk/company/251053/hafiz-karachi-low-bed-trailer,businesslist_pk,scrapy,package-shipping,2026-08-29T02:06:40.524434+00:00
Roshpack,package shipping,https://www.roshpack.com,+92 34 76747225,"325 G-III, M.A Johar Town, Lahore, Pakistan, Lahore, Punjab",https://www.businesslist.pk/company/250450/roshpack,businesslist_pk,scrapy,package-shipping,2026-08-29T02:06:41.368574+00:00
Swift Way Logistics,package shipping,,,"31 Km Multan Road near Caltex, Shamkay Bhattian,",https://www.businesslist.pk/company/258068/swift-way-logistics,businesslist_pk,scrapy,package-shipping,2026-08-29T02:06:42.815527+00:00
Voyager (pvt) Ltd.,package shipping,,"(92 42) 35757757, 35757756","62-A,FCC Block,Gulberg-IV, Lahore",https://www.businesslist.pk/company/194178/voyager-pvt-ltd,businesslist_pk,scrapy,package-shipping,2026-08-29T02:06:44.688885+00:00
Jamal Logistics,package shipping,,+92 322 4368753,"Suite E2, Garden Tower, Babar Block Garden Town, Lahore, Pakistan, Lahore",https://www.businesslist.pk/company/257451/jamal-logistics,businesslist_pk,scrapy,package-shipping,2026-08-29T02:06:45.890834+00:00
Skycapmovers,package shipping,,021 34800398,"Saima Square one mall, karachi, Karachi, Sindh",https://www.businesslist.pk/company/252168/skycapmovers,businesslist_pk,scrapy,package-shipping,2026-08-29T02:06:46.809275+00:00
Techno Ware,package shipping,,"(92 42) 37417403, 37415226, +92 322 0936174","6-D,2nd Floor,Chauburji Centre,Multan Road, Lahore",https://www.businesslist.pk/company/191746/techno-ware,businesslist_pk,scrapy,package-shipping,2026-08-29T02:06:48.756641+00:00
1Quick Packers and MOvers Islamabad Lahore Karachi,package shipping,,0512102078,"789, Islamabad, Islamabad Capital Territory",https://www.businesslist.pk/company/235387/1quick-packers-and-movers-islamabad-lahore-karachi,businesslist_pk,scrapy,package-shipping,2026-08-29T02:06:50.670075+00:00
Eastern Group Of Companies,package shipping,http://www.easterngroup-pk.com,"9242-5885171 / 5885172, +92 21 3 2851945-56","10/A Block-L Ferozepur Road, Punjab, Lahore, Punjab",https://www.businesslist.pk/company/133348/eastern-group-of-companies,businesslist_pk,scrapy,package-shipping,2026-08-29T02:06:52.481012+00:00
Easy Movers Packers &amp; Movers Company in Pakitan,package shipping,,0300-4023092,"Block D Sabzazar, Lahore, Punjab, Lahore, Punjab",https://www.businesslist.pk/company/249534/easy-movers-packersmovers-company-in-pakitan,businesslist_pk,scrapy,package-shipping,2026-08-29T02:06:53.910601+00:00
iPack Movers,package shipping,https://ipack-movers.com/,+92 316 5695498,"Office # 14 Rafeeq palaza G-9 markaz Karachi company islamabad , Islamabad, Islamabad Capital Territory",https://www.businesslist.pk/company/249816/ipack-movers,businesslist_pk,scrapy,package-shipping,2026-08-29T02:06:56.219905+00:00
Al Zohaib Store - Best Clothing Brand In Pakistan,package shipping,,0322 9964242,"Adress 1, Karachi, Sindh",https://www.businesslist.pk/company/247218/al-zohaib-store-best-clothing-brand-in-pakistan,businesslist_pk,scrapy,package-shipping,2026-08-29T02:06:58.203732+00:00
Bykea,courier services,,+92-21-38654444,"Sindh, Karachi",https://www.businesslist.pk/company/255857/bykea,businesslist_pk,scrapy,courier-services,2026-08-29T02:07:00.166535+00:00
Call Courier,courier services,,+92-42-111-786-227,"Punjab, Lahore",https://www.businesslist.pk/company/256334/call-courier,businesslist_pk,scrapy,courier-services,2026-08-29T02:07:02.526889+00:00
"Total Express Courier Service, Logistics &amp; Freight",courier services,,,"Plot # 1/5 E Block 6, P E C H S , Nursery Karachi, Karachi, Sindh",https://www.businesslist.pk/company/250858/total-express-courier-service-logisticsfreight,businesslist_pk,scrapy,courier-services,2026-08-29T02:07:04.724624+00:00
Stonehenge Logistics,courier services,,03178245687,"PLOT # 184,Causeway Road Near Alamgir Institute,Karachi Pakistan, Karachi, Sindh",https://www.businesslist.pk/company/254115/stonehenge-logistics,businesslist_pk,scrapy,courier-services,2026-08-29T02:07:05.846496+00:00
First Flight Courier,courier services,,+924235290830,"10-G OPPSITE G-1 MARKET JOHAR TOWN LAHORE , Lahore, Punjab",https://www.businesslist.pk/company/250430/first-flight-courier,businesslist_pk,scrapy,courier-services,2026-08-29T02:07:07.053623+00:00
Bhejdoo Courier Service Pakistan,courier services,,03012046820,"mailsi, Vehari, Punjab",https://www.businesslist.pk/company/250799/bhejdoo-courier-service-pakistan,businesslist_pk,scrapy,courier-services,2026-08-29T02:07:09.354012+00:00
Track Hub,courier services,,+923421526654,"Saddar, Karachi, Karachi",https://www.businesslist.pk/company/257639/track-hub,businesslist_pk,scrapy,courier-services,2026-08-29T02:07:10.505947+00:00
PKGInternational,transport,https://pkginternational.com.pk/,+92-42-111-111-754,"Office No. 56, Block E-1, Johar Town, Lahore, Pakistan, Lahore, Punjab",https://www.businesslist.pk/company/246424/pkginternational,businesslist_pk,scrapy,transport,2026-08-29T02:07:12.867745+00:00
Harbour Logistics / Harbour Enterprises,transport,http://www.harbourpakistan.com,+923218766411,"Suit E-12, Executive Floor, Glass Tower, Clifton, Karachi, Sindh",https://www.businesslist.pk/company/244066/harbour-enterprises,businesslist_pk,scrapy,transport,2026-08-29T02:07:14.973493+00:00
PAKISTAN MOVERS &amp; PACKERS - regd,transport,http://www.pakistanmovers.com,923352206167,"Suit# M76 , Munir Mobile Mall  near Johar chowrangi  Gulistan e Johar Karachi, Karachi, Sindh",https://www.businesslist.pk/company/247004/pakistan-moverspackers-regd,businesslist_pk,scrapy,transport,2026-08-29T02:07:17.200302+00:00
FH Transport | Harraj Group,transport,http://www.fhtransporters.com,+923407992455,"House No.247, Sector 11½, Mohallah Yaqoobabad Orangi Town Karachi., Karachi, Sindh",https://www.businesslist.pk/company/249760/fh-transportharraj-group,businesslist_pk,scrapy,transport,2026-08-29T02:07:19.295809+00:00
Bookme.pk,transport,https://bookme.pk,+92 313 778 6888,"66- Block H, Gulberg 3, Lahore, Punjab",https://www.businesslist.pk/company/244240/bookmepk,businesslist_pk,scrapy,transport,2026-08-29T02:07:21.147022+00:00
AL Asif Goods &amp; Car Carrier Service,transport,https://goodscarcarrier.blogspot.com/,0213-2528226,"Suite no. 1, Plot no. 38B, Al Imran Building, Near Frontier Hotel, Maripur Old Truck Stand, Karachi Pakistan., Karachi, Sindh",https://www.businesslist.pk/company/246654/al-asif-goodscar-carrier-service,businesslist_pk,scrapy,transport,2026-08-29T02:07:22.650652+00:00
Universal Cargo Services (pvt) Ltd.,transport,https://www.facebook.com/universalcargo.aromah/,"(92 21) 34546660, (92 21) 34540004, +92 213 453 808 083","208 Progressive Square, 2nd Flr,11-A, Block-6, PECHS, Karachi, Sindh",https://www.businesslist.pk/company/183557/universal-cargo-services-pvt-ltd,businesslist_pk,scrapy,transport,2026-08-29T02:07:24.382151+00:00
SPOT (Pvt) Ltd,transport,http://spot.net.pk/,"+92 51 4432848, +92 51 8358170","#238, Street 8, Industrial Area, i-9/3, Islamabad, Islamabad, Islamabad Capital Territory",https://www.businesslist.pk/company/197665/spot-pvt-ltd,businesslist_pk,scrapy,transport,2026-08-29T02:07:26.463847+00:00
Strack,transport,https://strack.pk/,03234748461,"office no 03 St no 01 Main Bazar Hassan Town Multan Road Lahore, Lahore, Punjab",https://www.businesslist.pk/company/254000/strack,businesslist_pk,scrapy,transport,2026-08-29T02:07:27.796651+00:00
Rehman travel,transport,https://www.rehmantravel.com,051111786785," HEAD OFF- E-11 Plot # 512, Street # 33, E-11/3, Islamabad  Ph: +92-51-111-786-785, Islamabad, Islamabad Capital Territory",https://www.businesslist.pk/company/248133/rehman-travel,businesslist_pk,scrapy,transport,2026-08-29T02:07:29.674807+00:00
Pak Qatar International Crane Services,transport,http://www.pakqatarcranes.com,0092-512226799,"Office # F-103 Geo Madina Tower Tarnol Islamabad, Islamabad, Islamabad Capital Territory",https://www.businesslist.pk/company/241058/pak-qatar-international-crane-services,businesslist_pk,scrapy,transport,2026-08-29T02:07:31.854994+00:00
Daewoo Express,transport,https://daewoo.com.pk,"+92 514264086, +92 42 111 007 008","363-B Rehmanabad Chowk Murree Road, Block B Satellite Town, Rawalpindi, Punjab",https://www.businesslist.pk/company/248192/daewoo-express,businesslist_pk,scrapy,transport,2026-08-29T02:07:34.102499+00:00
A.H Cargo Services,transport,http://www.ahcargo.com.pk,+923216006646,"Main Market Gullberg, Lahore, Punjab",https://www.businesslist.pk/company/245129/ah-cargo-services,businesslist_pk,scrapy,transport,2026-08-29T02:07:35.603196+00:00
Naqshabandia Enterprises,transport,http://Www.naqshabandia.enterprise.com,"0244362410 , 0244361522","Suite no 3,4 Ghulam Hyder Shah Colony Nawabshah, Nawabshah, Sindh",https://www.businesslist.pk/company/243333/naqshabandia-enterprises,businesslist_pk,scrapy,transport,2026-08-29T02:07:36.510653+00:00
The Niazi&#039;s Logistics,transport,https://theniazislogistics.business.site,02132358585,"Plot 455-A Street 3,Gate 3 New Quaid e Azam Truck Stand Hawksbay Road Karachi 75780, Karachi, Sindh",https://www.businesslist.pk/company/251720/the-niazis-logistics,businesslist_pk,scrapy,transport,2026-08-29T02:07:38.238961+00:00
AS International,transport,http://asinternational.pk,03009220114,"PLOT NO# A 668, STREET # 04, GATE NO # 03 QUAID-E-AZAM TRUCK STAND,HAWKS BAY ROAD,KARACHI, Karachi, Sindh",https://www.businesslist.pk/company/246029/as-international,businesslist_pk,scrapy,transport,2026-08-29T02:07:40.569937+00:00
Mehran Movers,logistics,http://www.mehranmovers.com,"34990186,87","R 9, Row 4, Block “C”,  N.C.C.H.S., Gulshan-e-Iqbal,  Block 10 A, Karachi, Pakistan. , Karachi, Sindh",https://www.businesslist.pk/company/235637/mehran-movers,businesslist_pk,scrapy,logistics,2026-08-29T02:07:41.877524+00:00
Xperts Oilfield Services,logistics,http://www.xperts-oilfield.com,051-4431495 - 4436095,"Plot No. 193, Korang Road,, Sector I-10/3, Islamabad, Punjab",https://www.businesslist.pk/company/244790/xperts-oilfield-services,businesslist_pk,scrapy,logistics,2026-08-29T02:07:43.447542+00:00
Karachi Packers,logistics,,+923152673662,"House 360, street 6, sector a , kashmir colony korangi road,, Karachi",https://www.businesslist.pk/company/258924/karachi-packers,businesslist_pk,scrapy,logistics,2026-08-29T02:07:45.453795+00:00
Pemcon Logistics &amp; Warehousing Pvt Ltd,logistics,http://www.plw.com.pk,"021 2360070, 2360080","S48 Gulbai Mauripur Road SITE, Karachi, Sindh",https://www.businesslist.pk/company/241350/pemcon-logisticswarehousing-pvt-ltd,businesslist_pk,scrapy,logistics,2026-08-29T02:07:47.635531+00:00
3-Way Movers,logistics,https://www.3waymovers.com/islamabad/about.php,03438573813,"Faraz Plaza,G-9 Markaz,Islamabad, Pakistan. , Islamabad, Islamabad Capital Territory",https://www.businesslist.pk/company/245202/3-way-movers,businesslist_pk,scrapy,logistics,2026-08-29T02:07:48.957380+00:00
Icon Freight Services (pvt) Ltd.,logistics,http://www.iconpk.com,"+92 42 35970774, +92 42 35970775","Suite No.1, Second Floor, Sharjah Centre.  62- Shadman Market. Lahore – Pakistan., Lahore, Punjab",https://www.businesslist.pk/company/245500/icon-freight-services-pvt-ltd,businesslist_pk,scrapy,logistics,2026-08-29T02:07:50.025844+00:00
United Carrier Goods Forwarding Agency,logistics,http://www.pgtapunjab.com,+92-42-35970502,"Plot No 84, Sabzazar Truck Stand Near Babu Sabu Motorway Interchange Bund Road Lahore., Lahore, Punjab",https://www.businesslist.pk/company/241610/united-carrier-goods-forwarding-agency,businesslist_pk,scrapy,logistics,2026-08-29T02:07:51.852251+00:00
NEW LINE FREIGHT SYSTEMS,logistics,http://www.newlinepk.com,"+922135821205, +922135821206","2nd Floor, Apartment No. 4, 14-C 8th Commercial Ln, Zamzama Commercial Area Defence V Karachi, 75500, Karachi, Sindh",https://www.businesslist.pk/company/139000/new-line-freight-systems,businesslist_pk,scrapy,logistics,2026-08-29T02:07:53.871877+00:00
x4shipping &amp; Logistics LLC,logistics,,+923335505967,"SUIT NO. 01 - First Floor, Soni square, Alam Chowk, Mubarikpura - Sialkot - 51310, Pakistan, Sialkot, Punjab",https://www.businesslist.pk/company/258389/x4shippinglogistics-llc,businesslist_pk,scrapy,logistics,2026-08-29T02:07:55.893462+00:00
Lasani Logistics,logistics,http://www.lasanigroup.com/logistics,111-527-264,"11-Km, Multan Road, Near canal view gate number 3, Lahore, Punjab",https://www.businesslist.pk/company/252137/lasani-logistics,businesslist_pk,scrapy,logistics,2026-08-29T02:07:57.826586+00:00
Searoute Freight,logistics,,+92 321 2425043,"Room #1002, 10th Floor, Uni Centre I.I Chundrigar Road, Karachi, Sindh",https://www.businesslist.pk/company/138213/searoute-freight,businesslist_pk,scrapy,logistics,2026-08-29T02:07:59.938326+00:00
"Wahid Solution (You Think, We Deliver)",logistics,http://www.wahidsolutions.com,03422063794,"G-04 Bombaya Arcade Block 12 Gulistan-e-johar Karachi, Karachi, Sindh",https://www.businesslist.pk/company/248160/wahid-solution-you-think-we-deliver,businesslist_pk,scrapy,logistics,2026-08-29T02:08:01.699033+00:00
Al Aziz,package shipping,,"92-573-553300/555102/103, +92 41 2423633"," Bhoun Chowk, Punjab, Chakwal, Punjab",https://www.businesslist.pk/company/136826/al-aziz,businesslist_pk,scrapy,package-shipping,2026-08-29T02:08:03.086867+00:00
Pakistan National Chemical Industries (Pvt) Ltd.,package shipping,https://www.pnsc.com.pk/,"(92 853) 303095, +92-21-99203980","Plot No.A 226-231, H.I.T.E. Hub (Baluchistan), Swabi, Sindh",https://www.businesslist.pk/company/154518/pakistan-national-chemical-industries-pvt-ltd,businesslist_pk,scrapy,package-shipping,2026-08-29T02:08:04.910347+00:00
Ehsan Enterprises Goods Transport,package shipping,https://ehsangoods.com/,03008164060,"Ehsan Enterprises Goods Transport Company Plot B, Mound, 84 number plot D Block, Lahore, Lahore, Punjab",https://www.businesslist.pk/company/248902/ehsan-enterprises-goods-transport,businesslist_pk,scrapy,package-shipping,2026-08-29T02:08:07.216908+00:00
Combined Freight International (NVOCC),package shipping,,21324657415,"Shahrah-e-Liaquat, Gari Khata, Karachi, Karachi City, Sindh, Karachi, Sindh",https://www.businesslist.pk/company/251432/combined-freight-international-nvocc,businesslist_pk,scrapy,package-shipping,2026-08-29T02:08:08.567209+00:00
Ehsan Enterprises Goods Transport Company,package shipping,,03008164060,"EHSAN ENTERPRISES GOODS TRANSPORT COMPANY, Truck Stand Road, Lahore, Lahore, Punjab",https://www.businesslist.pk/company/248928/ehsan-enterprises-goods-transport-company,businesslist_pk,scrapy,package-shipping,2026-08-29T02:08:09.984478+00:00
Pakistan Movers &amp; Packers,package shipping,https://www.pakistanmovers.com,03352612665,"zamamza commercial lane 5, Karachi, Sindh",https://www.businesslist.pk/company/252706/pakistan-moverspackers,businesslist_pk,scrapy,package-shipping,2026-08-29T02:08:12.093907+00:00
Esskay International,package shipping,,+924200000000,"CANAL BANK LAHORE, Lahore, Punjab",https://www.businesslist.pk/company/252274/esskay-international,businesslist_pk,scrapy,package-shipping,2026-08-29T02:08:14.191506+00:00
Eagle Movers &amp; Packers,package shipping,http://www.quickpackers.com.pk,0512102078,"789, Islamabad, Islamabad Capital Territory",https://www.businesslist.pk/company/240173/eagle-moverspackers,businesslist_pk,scrapy,package-shipping,2026-08-29T02:08:16.302567+00:00
All my Tech,package shipping,https://allmytech.pk,+92 321 2134152,"39-C, Rahat Lane 3، Khayaban-e-Rahat،, Rahat Commercial Area Phase 6 Defence Housing Authority, Karachi, Karachi City, Sindh 74000, Karachi",https://www.businesslist.pk/company/256063/all-my-tech,businesslist_pk,scrapy,package-shipping,2026-08-29T02:08:18.428724+00:00
Artistic Apparels (pvt) Ltd.,package shipping,http://www.artisticapparels.com,"(92 21) 34300077, (92 21) 34300085, +92 21 111 786 134, +92 21 111 786 135 136","Dr. Mahmood Husain Road, Pakistan Employees Co-Operative Housing Society Block 6 PECHS, Karachi, Sindh",https://www.businesslist.pk/company/195938/artistic-apparels-pvt-ltd,businesslist_pk,scrapy,package-shipping,2026-08-29T02:08:20.176684+00:00
Freight Connection Pakistan (pvt.) Ltd.,package shipping,http://www.fcppl.com,"9221-2200546, +9221 3 5147777","Ground Fl., West Wharf Road, Sindh, Karachi, Sindh",https://www.businesslist.pk/company/129501/freight-connection-pakistan-pvt-ltd,businesslist_pk,scrapy,package-shipping,2026-08-29T02:08:22.047939+00:00
Unique Agency,package shipping,http://uniqueagencycargo.wixsite.com/uniqueagency,03348563967,"Office#2, Main Road Phase II, Fazal Town. Rawalpindi, Punjab Pakistan, Rawalpindi, Punjab",https://www.businesslist.pk/company/247990/unique-agency,businesslist_pk,scrapy,package-shipping,2026-08-29T02:08:24.314132+00:00
Timesaco,package shipping,,051111888809,"F-8, Islamabad, Islamabad, Islamabad Capital Territory",https://www.businesslist.pk/company/250742/timesaco,businesslist_pk,scrapy,package-shipping,2026-08-29T02:08:26.471182+00:00
Master Movers,package shipping,https://www.mastermovers.com.pk,+923009421640,"Suite No. 5, 2nd Floor, Allah Hu Building, Cavalry Ground, Lahore, Punjab, Lahore",https://www.businesslist.pk/company/257197/master-movers,businesslist_pk,scrapy,package-shipping,2026-08-29T02:08:28.665928+00:00
Aramex Courier Service,courier services,http://www.aramex.com,+922134536626,"Amber Towers Block 6 P.E.C.H.S Main Shahr-E-Faisal Karachi, Karachi",https://www.businesslist.pk/company/257424/aramex-courier-service,businesslist_pk,scrapy,courier-services,2026-08-29T02:08:30.060764+00:00
Executive Packers and Movers,courier services,http://www.executivepackers.com,+923335303000,"office 39 ground floor sharjah plaza g10 markaz islamabad, Islamabad",https://www.businesslist.pk/company/257844/executive-packers-and-movers,businesslist_pk,scrapy,courier-services,2026-08-29T02:08:31.567898+00:00
Forrun - Cash on Delivery Service,courier services,http://forrun.co/,021 111 367 786,"Plot no. 195 block A, Sindhi Muslim. Karachi, Karachi, Sindh",https://www.businesslist.pk/company/249347/forrun-cash-on-delivery-service,businesslist_pk,scrapy,courier-services,2026-08-29T02:08:33.539767+00:00
Immediate Couriers,courier services,http://www.immediatecouriers.com,0092-42-35881800,"Suit # 3, 1st Floor Mehboob Arcade Firdous Market Gulberg 3, Lahore, Punjab",https://www.businesslist.pk/company/249407/immediate-couriers,businesslist_pk,scrapy,courier-services,2026-08-29T02:08:35.184339+00:00
Global Logistic Group,courier services,https://www.globallogisticgroup.com,+92(052) 4297797,"Office # B3, floor 3rd, Toheed Tower, Agha Kamal Haider, Sialkot Cantonment, Sialkot, 51310, Sialkot",https://www.businesslist.pk/company/257520/global-logistic-group,businesslist_pk,scrapy,courier-services,2026-08-29T02:08:36.722123+00:00
Costa Logistics Packers &amp; Movers in Pakistan,courier services,https://www.costa.com.pk,+923214108433,"Office No 411 4th Floor Land Mark Plaza Jail Road Lahore, Lahore, Punjab",https://www.businesslist.pk/company/197422/costa-logistics-packersmovers,businesslist_pk,scrapy,courier-services,2026-08-29T02:08:38.601071+00:00
Pace Logistics PK,courier services,,+923077869949,"Al Khalil Center 3rd Floor office # 416, Kashmir Road Sialkot – Pakistan, Sialkot",https://www.businesslist.pk/company/258604/pace-logistics-pk,businesslist_pk,scrapy,courier-services,2026-08-29T02:08:40.320142+00:00
Expost Gulshan Office,courier services,http://www.expost.com.pk,0092-21-34960329,"Shop # A-1 / 32, Haider Plaza, Gulshan-e-Iqbal, Block 5 , Main Rashid Minhas Road, Karachi, Karachi, Sindh",https://www.businesslist.pk/company/243549/expost-intl-courier,businesslist_pk,scrapy,courier-services,2026-08-29T02:08:42.522306+00:00
Fast Route Runer Worldwide Express Pvt Ltd,courier services,,+923041345111,"Academy Road Fatehabad, Lahore, Lahore",https://www.businesslist.pk/company/258418/fast-route-runer-worldwide-express-pvt-ltd,businesslist_pk,scrapy,courier-services,2026-08-29T02:08:44.496070+00:00
Khyber Courier Service,courier services,https://khybercourier.com.pk,03018353450,"Swabi City, Swabi, Khyber Pakhtunkhwa",https://www.businesslist.pk/company/252444/khyber-courier-service,businesslist_pk,scrapy,courier-services,2026-08-29T02:08:46.376546+00:00
TFT Worldwide Express,courier services,https://www.facebook.com/tftcouriers,+92-52-3573535,"Nawab Plaza Kashmir Road Near Sublime Chowk, Sialkot, Punjab",https://www.businesslist.pk/company/235448/tft-international-courier,businesslist_pk,scrapy,courier-services,2026-08-29T02:08:48.477064+00:00
Leopards Courier Service Multan Road Lahore,courier services,https://leopards-courier-service-multan-road-lahore.business.site/,(042) 111 300 786,"SHOP # 03 AWAN TOWN NEAR GOURMET BAKERS Near Bank Alfalah, kakay zai, MULTAN ROAD, Lahore, Punjab",https://www.businesslist.pk/company/252206/leopards-courier-service-multan-road-lahore,businesslist_pk,scrapy,courier-services,2026-08-29T02:08:50.292627+00:00
Linkers Logistics Movers and Packers Freight Agent,courier services,http://www.linkerslogistics.com,03214504056,"329 Land Mark Plaza Gulberg Jail road lahore, Lahore, Punjab",https://www.businesslist.pk/company/235061/linkers-logistics-packersmovers,businesslist_pk,scrapy,courier-services,2026-08-29T02:08:51.881223+00:00
DHL Express,courier services,http://www.dhl.com,+923024898663,"Office # G-16, Nawab Palaza Main Shadman Market Lahore, Lahore, Punjab",https://www.businesslist.pk/company/252719/dhl-express,businesslist_pk,scrapy,courier-services,2026-08-29T02:08:54.002068+00:00
Movers And Packers,courier services,http://www.moversandpackers.com.pk,02132201709,"Shop 1 shama plaza kharadar karachi, Karachi, Sindh",https://www.businesslist.pk/company/251266/movers-and-packers,businesslist_pk,scrapy,courier-services,2026-08-29T02:08:56.055635+00:00
DTD Worldwide Express Pvt Ltd,courier services,https://www.dtd.com.pk/,+923334414140,"45 P, Gulberg 2, Lahore, Punjab",https://www.businesslist.pk/company/245729/dtd-worldwide-express-pvt-ltd,businesslist_pk,scrapy,courier-services,2026-08-29T02:08:58.135650+00:00
Leopards Courier Service (pvt) Ltd. (main Office),courier services,http://www.leopardscourier.com,"(92 41) 8732162, 8732262, UAN : (92 41) 111-300-786, +92 41 8732162","Imtiaz Shaheed Rd, Block W Madina Town, Faisalabad, Punjab",https://www.businesslist.pk/company/184709/leopards-courier-service-pvt-ltd-main-office,businesslist_pk,scrapy,courier-services,2026-08-29T02:09:00.205587+00:00
Pexus Logistics,courier services,,+92-316-4504554,"Land Mark Plaza Jail Road, Lahore, Punjab",https://www.businesslist.pk/company/258322/pexus-logistics,businesslist_pk,scrapy,courier-services,2026-08-29T02:09:02.269542+00:00
Praetorian Pvt Ltd,courier services,https://www.praetorian-pk.com/,(+9221) 35376491-99,"Office No. 311, 3rd Floor The Forum, Clifton Block 9, Karachi-75600, Pakistan, Karachi, Sindh",https://www.businesslist.pk/company/251578/praetorian-pvt-ltd,businesslist_pk,scrapy,courier-services,2026-08-29T02:09:04.120724+00:00
Al-Shahbaz,transport,http://www.alshahbaz.com,"03-111-000-065, +92 48 3214965","opp. General bus stand, Fatima Jinnah road, Sargodha, Punjab",https://www.businesslist.pk/company/219862/al-shahbaz,businesslist_pk,scrapy,transport,2026-08-29T02:09:05.058457+00:00
Central Shipping Agencies - Pak,transport,http://www.central.pk,+92 21 38888979,"S-258, 2nd Floor, Glass Towers - Clifton, Karachi, Sindh",https://www.businesslist.pk/company/244228/central-shipping-agencies-pak,businesslist_pk,scrapy,transport,2026-08-29T02:09:06.941546+00:00
Costa Movers &amp; Packers Pakistan,transport,http://www.costa.com.pk,03214108433,"2nd Floor Gul Plaza F 10 Markaz, Islamabad, Islamabad Capital Territory",https://www.businesslist.pk/company/240395/costa-moverspackers-pakistan,businesslist_pk,scrapy,transport,2026-08-29T02:09:09.253270+00:00
Travel Lounge,transport,http://www.travellounge.com.pk,04235694638,"First Floor 268 Y Block Commerical Area Phase III DHA Lahore, Lahore, Punjab",https://www.businesslist.pk/company/240045/travel-lounge,businesslist_pk,scrapy,transport,2026-08-29T02:09:11.326940+00:00
A.S. Logistic Services,transport,http://www.aslogisticservices.com,02134324941,"Office No SM 12 Al Kamran Center Mezzanine Floor Shahr e Faisal, Block 6 P.E.C.H.S,  Near Dehli Sweets.. Karachi, Karachi, Sindh",https://www.businesslist.pk/company/251346/as-logistic-services,businesslist_pk,scrapy,transport,2026-08-29T02:09:13.296609+00:00
Talal Goods Tansport Company,transport,https://talalgoods.com/,0301 8416275,"Talal Packers And Movers DHA Phase 1 Sector G 110 1st Floor Lahore , Lahore, Punjab",https://www.businesslist.pk/company/248915/talal-goods-tansport-company,businesslist_pk,scrapy,transport,2026-08-29T02:09:14.727271+00:00
Easy Movers And Packers,transport,https://easymovers.pk/,03004023092,"Easy Packers Movers And Goods Transport Company , Lahore, Punjab",https://www.businesslist.pk/company/250426/easy-movers-and-packers,businesslist_pk,scrapy,transport,2026-08-29T02:09:16.792846+00:00
HQ Logistics,transport,,+923459313168,"main national highway Sukkur, Sukkur",https://www.businesslist.pk/company/258841/hq-logistics,businesslist_pk,scrapy,transport,2026-08-29T02:09:18.662125+00:00
Mushtriqa Mianwali Goods Transport,logistics,https://www.facebook.com/MushtriqaMianwaliGoodsTranport/,+923024877975,"Plot No 30 New sabzazar Truck stand Band Road Lahore, Lahore, Punjab",https://www.businesslist.pk/company/244614/mushtriqa-mianwali-goods-transport,businesslist_pk,scrapy,logistics,2026-08-29T02:09:20.808941+00:00
Galaxy Movers and Packers,logistics,https://www.galaxymovers.pk,03002563255,"Magnum Tower, Plot No LS-1, Main Korangi Industrial Rd, Sector 15 Korangi Industrial Area Karachi, Sindh. Karachi, 75900, Karachi, Sindh",https://www.businesslist.pk/company/243583/galaxy-movers-and-packers,businesslist_pk,scrapy,logistics,2026-08-29T02:09:22.563097+00:00
Ishfaq Movers And Packers,logistics,https://www.ishfaqmovers.com,03041111369,"138, Shop No 11, Plot No, 17 East St, near Toyota Defence, D.H.A. Phase 1 Karachi, 75500, Karachi, Sindh",https://www.businesslist.pk/company/249813/ishfaq-movers-and-packers,businesslist_pk,scrapy,logistics,2026-08-29T02:09:23.574515+00:00
Little Riders,logistics,https://www.facebook.com/littleriders.pk,03334374943,"Zainab Tower, Model Town, Link Road, Lahore, Punjab",https://www.businesslist.pk/company/240162/little-riders,businesslist_pk,scrapy,logistics,2026-08-29T02:09:24.891846+00:00
H.O. ENTERPRISES,logistics,http://www.Hoe.com.pk,2422184 / 2471738,"Suite no 603/604 Al-Rahim tower ii Chundrigar road karachi pakistan, Karachi, Sindh",https://www.businesslist.pk/company/138727/ho-enterprises,businesslist_pk,scrapy,logistics,2026-08-29T02:09:26.486503+00:00
National Logistics Corporation (NLC),logistics,https://www.nlc.com.pk,"+92 21-9205462, +92 21- 2850394, +92 21- 2850990, +92 51-111-652-000, +92 21-99205459","Near New Haji Camp, Mai Kolachi Road, Sultanabad, Karachi, Sindh",https://www.businesslist.pk/company/138965/national-logistics-corporation-nlc,businesslist_pk,scrapy,logistics,2026-08-29T02:09:27.792918+00:00
KMW Domestic &amp; International Courier &amp; Cargo (Pvt.) Limited,logistics,http://www.kmwinternational.com,0992382800,"Office No 4 Amin Plaza PMA Link Road Jinnah Abad Abbottabad Pakistan, Abbottabad, Khyber Pakhtunkhwa",https://www.businesslist.pk/company/241284/kmw-domesticinternational-couriercargo-pvt-limited,businesslist_pk,scrapy,logistics,2026-08-29T02:09:30.141540+00:00
Seamax Shipping &amp; Logistics,logistics,http://www.seamaxship.com,021-32417444,"Suite# 813, 8th Floor, Falak Corporate City, I.I Chundrigar Road, Karachi, Sindh",https://www.businesslist.pk/company/253818/seamax-shippinglogistics,businesslist_pk,scrapy,logistics,2026-08-29T02:09:31.348215+00:00
Balance Logistics &amp; Relocations,logistics,http://www.balancelog.com.pk,"+92-323-4218653, +92 42 32560356","4-5 Land Mark Plaza Jail Road, Lahore, Punjab",https://www.businesslist.pk/company/235089/balance-logisticsrelocations,businesslist_pk,scrapy,logistics,2026-08-29T02:09:33.379543+00:00
Packers and Movers Karachi Lahore Islamabad Multan,logistics,http://www.ghourilogistics.com,"+92 21 3236128, +92 311-111-5262","Suit M279 Main tower jilani center karachi, Karachi, Sindh",https://www.businesslist.pk/company/163523/packers-and-movers-karachi-lahore-islamabad-multan,businesslist_pk,scrapy,logistics,2026-08-29T02:09:34.436576+00:00
New United Goods Forwarding Agency (NUGFA),logistics,https://www.facebook.com/nugfa1,+92 32201278,"Plot # A-616, Gate#1, St. # 1 New Quaid-e-Azam Truck Stand, Hawksbay Road, Mauripur, Karachi, Pakistan., Karachi",https://www.businesslist.pk/company/258412/new-united-goods-forwarding-agency-nugfa,businesslist_pk,scrapy,logistics,2026-08-29T02:09:36.589781+00:00
Happy Movers,logistics,http://www.happy-movers.com,+92 21 35810286,"Suite # 1 Mezzanine Floor, 1-E 7th Zamzama Commercial Lane, Phase V DHA Karachi - Pakistan., Karachi, Sindh",https://www.businesslist.pk/company/242769/happy-movers,businesslist_pk,scrapy,logistics,2026-08-29T02:09:38.636151+00:00
National Logistics Corporation (NLC),logistics,https://www.nlc.com.pk/,(051) 111 652 000,"Headquarters national logistics corporation, Harding Rd, Rawalpindi, Punjab 46000, Rawalpindi, Punjab",https://www.businesslist.pk/company/258729/national-logistics-corporation-nlc,businesslist_pk,scrapy,logistics,2026-08-29T02:09:40.441496+00:00
Fast Movers and Packers,logistics,https://fastmovers.pk/,+92 300 3738505,"50-B Punjab Small Industries Employees Co operative Housing Society Lahore Cantt, Lahore",https://www.businesslist.pk/company/258868/fast-movers-and-packers,businesslist_pk,scrapy,logistics,2026-08-29T02:09:41.972146+00:00
Azam afridi goods transport co.,logistics,,042-37702053,"437 Ravi link road lahore pakistan., punjab, Lahore, Punjab",https://www.businesslist.pk/company/137994/azam-afridi-goods-transport-co,businesslist_pk,scrapy,logistics,2026-08-29T02:09:43.867145+00:00
Facilities Shipping Agency,logistics,http://www.fsa.com.pk,+92 21 34328820-8,"Plot 206/A SMCHS Karachi Pakistan, Karachi, Sindh",https://www.businesslist.pk/company/129485/facilities-shipping-agency,businesslist_pk,scrapy,logistics,2026-08-29T02:09:45.906997+00:00
Sprint Packers n Movers,logistics,,+9221-35443288,"Head office KarachiI: Suite # 306 3rd Floor Nafees Arcade Gulshan-e-iqbal, K.D.A.Scheme-7, Karachi, Karachi, Sindh",https://www.businesslist.pk/company/242494/sprint-packers-n-movers,businesslist_pk,scrapy,logistics,2026-08-29T02:09:48.279477+00:00
Linex Freight Services,logistics,http://www.linexfreight.com,+92523553300,"Opposite Iqbal Town , Defence Road, Sialkot",https://www.businesslist.pk/company/258701/linex-freight-services,businesslist_pk,scrapy,logistics,2026-08-29T02:09:49.888245+00:00
Qasim Van Transportation Services,driving schools,,34324003,"C-53/54 Near MAJU, Sindhi Muslim Sociaty, PECHS Shahrah-e-Faisal   , Karachi, Sindh",https://www.businesslist.pk/company/242759/qasim-van-transportation-services,businesslist_pk,scrapy,driving-schools,2026-08-29T02:09:51.852771+00:00
Iqra Driving &amp; Technical Training Academy,driving schools,,,"Opp. BWP Hospital Model Town C, Bahawalpur, Punjab",https://www.businesslist.pk/company/244172/iqra-drivingtechnical-training-academy,businesslist_pk,scrapy,driving-schools,2026-08-29T02:09:53.983780+00:00
Nlc Driving School,driving schools,,+92 544 631908,"Nlc Driving School, G.t. Road, Dina, Jhelum, Punjab",https://www.businesslist.pk/company/238524/nlc-driving-school,businesslist_pk,scrapy,driving-schools,2026-08-29T02:09:55.882812+00:00
Driving Schools Accrington,driving schools,,07790905334,"17 Ribbleton Drive, accrington., Karachi, Sindh",https://www.businesslist.pk/company/234886/driving-schools-accrington,businesslist_pk,scrapy,driving-schools,2026-08-29T02:09:57.433438+00:00
Haseeb Driving School,driving schools,,0300-9423142,"Sadat Colony, Khyber Block, Allama Iqbal Town., Lahore, Punjab",https://www.businesslist.pk/company/244574/haseeb-driving-school,businesslist_pk,scrapy,driving-schools,2026-08-29T02:09:59.295411+00:00
Malik Driving School,driving schools,https://www.facebook.com/malikdrivingschool/,"92-992-3358760, +92 346 9585042, +92 300 5208400","Iqbal Shopping Complex, Near Mahansare Stop, The Mall Road, Abbottabad, Khyber Pakhtunkhwa",https://www.businesslist.pk/company/233103/malik-driving-school,businesslist_pk,scrapy,driving-schools,2026-08-29T02:10:01.370624+00:00
Quick Car Driving School,driving schools,http://www.asadquickgroup.com,+923361713714,"Faisal Lane New Civil Lines Faisalabad., Faisalabad",https://www.businesslist.pk/company/257688/quick-car-driving-school,businesslist_pk,scrapy,driving-schools,2026-08-29T02:10:03.491140+00:00
Tubarak Pakistan,industrial equipment,http://www.hofm.com.pk,03211005010,"Malir Link Road, Karachi, Sindh",https://www.businesslist.pk/company/244726/tubarak-pakistan,businesslist_pk,scrapy,industrial-equipment,2026-08-29T02:10:44.006520+00:00
A. Essak &amp; Sons (Home Textile),textile,http://www.aestextiles.com,"92-21-6974878, +92 021 3641 2227","24/1, Sector 6-A, Industrial Area, Sindh, Karachi, Sindh",https://www.businesslist.pk/company/131451/a-essaksons-home-textile,businesslist_pk,scrapy,textile,2026-08-29T02:10:45.017544+00:00
Selly.pk - Fruits and Vegetables in Lahore,food manufacturing,https://selly.pk/,030004554641,"405, Al- Hafeez Shopping Mall, Main Boulevard، Gulberg III، Punjab, PK، Block D 1 Gulberg III, Lahore, Punjab 54670, Lahore, Punjab",https://www.businesslist.pk/company/247881/sellypk-fruits-and-vegetables-in-lahore,businesslist_pk,scrapy,food-manufacturing,2026-08-29T02:10:46.771447+00:00
Enviro Kitchen &amp; Furniture,furniture manufacturers,http://www.envirofurniture.com.pk,+924235777526,"Mega Tower,Ground Floor, 63-B, Main Boulevard, Gulberg -II Lahore., Lahore, Punjab",https://www.businesslist.pk/company/240198/enviro-kitchenfurniture,businesslist_pk,scrapy,furniture-manufacturers,2026-08-29T02:10:47.875205+00:00
Bureau of Equipments &amp; Spares Traders,industrial equipment,http://www.best-pk.com,"+92213 2424256, +92213 2424257","33/11, Arkay Square Extension, Shahrah-e-Liaquat,, Karachi, Sindh",https://www.businesslist.pk/company/244031/bureau-of-equipmentsspares-traders,businesslist_pk,scrapy,industrial-equipment,2026-08-29T02:10:49.512516+00:00
Matrix Electronics,industrial equipment,,03002785860,"Shop#2, Hassan centre saddar., Karachi, Sindh",https://www.businesslist.pk/company/235609/matrix-electronics,businesslist_pk,scrapy,industrial-equipment,2026-08-29T02:10:51.533898+00:00
Mindstorm Engineering,industrial equipment,http://www.mindstormengg.com,03323373858,"F-18, F Market, Imam Ahmed Road Opp Beacon House School PECHS Block 6, Karachi, Sindh",https://www.businesslist.pk/company/249096/mindstorm-engineering,businesslist_pk,scrapy,industrial-equipment,2026-08-29T02:10:53.303280+00:00
GB Elevator,industrial equipment,,03214865322,"18/A Croll Ghati Ring Road Lahore., Lahore, Punjab",https://www.businesslist.pk/company/242201/gb-elevator,businesslist_pk,scrapy,industrial-equipment,2026-08-29T02:10:55.101315+00:00
General Pipe &amp; Machinery Stores (Pvt) Ltd.,industrial equipment,https://www.general.com.pk,9242-7236111 / 7236109 / 7236110,"82-Nishtar Road, Punjab, Lahore, Punjab",https://www.businesslist.pk/company/127019/general-pipemachinery-stores-pvt-ltd,businesslist_pk,scrapy,industrial-equipment,2026-08-29T02:10:57.450083+00:00
General Weigh System,industrial equipment,,(92 21) 36708820,"Flat No.B-1, Cabana Square, North Nazimabad, Block-L Karachi., Karachi, Sindh",https://www.businesslist.pk/company/239729/general-weigh-system,businesslist_pk,scrapy,industrial-equipment,2026-08-29T02:10:59.433033+00:00
K.N Fabrication (Pvt) Ltd,industrial equipment,http://www.knfabrication.com,,"plot no 5 , bagrian road near kot lakh pat , Lahore, Punjab",https://www.businesslist.pk/company/242734/k-n-fabrication-pvt-ltd,businesslist_pk,scrapy,industrial-equipment,2026-08-29T02:11:01.390458+00:00
Tecno Electronic Company TECNO LAZER,industrial equipment,,+923009433728,"Ring Road Lahore Band Road Lahore, Pakistan., Lahore, Punjab",https://www.businesslist.pk/company/240957/tecno-electronic-company-tecno-lazer,businesslist_pk,scrapy,industrial-equipment,2026-08-29T02:11:03.291102+00:00
Ideal Machinery &amp; Equipment&#039;s,industrial equipment,http://www.idealmachinery.pk,00923134523118,"A-158, BLOCK 8,K.A.E.C.H.S KARACHI, PAKISTAN, Karachi, Sindh",https://www.businesslist.pk/company/249514/ideal-machineryequipments,businesslist_pk,scrapy,industrial-equipment,2026-08-29T02:11:04.473373+00:00
"New Shine International Education Tech. Co., Ltd",industrial equipment,https://edutech.new-shine.com,886423177938,"No., 30, East 1st Street, HeCou ,, Karachi, Punjab",https://www.businesslist.pk/company/240090/new-shine-solarstock-new-energy-tech-co-ltd,businesslist_pk,scrapy,industrial-equipment,2026-08-29T02:11:06.938288+00:00
International Petrochemicals Pvt Ltd.,industrial equipment,http://www.ipchem.com,"00924235843039, +92-42-35888531-36","121-B Model Town Lahore, Lahore, Punjab",https://www.businesslist.pk/company/240806/international-petrochemicals-pvt-ltd,businesslist_pk,scrapy,industrial-equipment,2026-08-29T02:11:07.921152+00:00
Modtec Engineering Corporation,industrial equipment,http://www.modcranes.com,042 35965976,"14 - A/1 Block, Eden Residensia, Collage Road, Lahore, Pakistan., Lahore, Pakistan, Lahore, Punjab",https://www.businesslist.pk/company/246598/modtec-engineering-corporation,businesslist_pk,scrapy,industrial-equipment,2026-08-29T02:11:10.078125+00:00
Grundfos Pakistan,industrial equipment,,+923331193590,"C-394/1 Block-6 F.B Area, Karachi Sindh, Karachi, 754000, Karachi",https://www.businesslist.pk/company/258960/grundfos-pakistan,businesslist_pk,scrapy,industrial-equipment,2026-08-29T02:11:11.961792+00:00
FAKHRUDDIN AKBER ALI iron &amp; steel,industrial equipment,http://www.faasteel.com,"021 32775525,  +92 21 35373555","Horizon Tower, 301، Block 3 Clifton, Karachi, Sindh",https://www.businesslist.pk/company/241232/fakhruddin-akber-ali-ironsteel,businesslist_pk,scrapy,industrial-equipment,2026-08-29T02:11:14.136174+00:00
M.a.r.s,industrial equipment,http://www.marsrefrigeration.com,0321-9220095,"Site area, Karachi, Sindh",https://www.businesslist.pk/company/239891/mars,businesslist_pk,scrapy,industrial-equipment,2026-08-29T02:11:16.327260+00:00
Pakistan Refinery Ltd.,industrial equipment,http://www.prl.com.pk,"(92 21) 35091771, 35091779, (92-21) - 35122131","Korangi Creek Road, P.O.Box:4612 Karachi, Karachi",https://www.businesslist.pk/company/166339/pakistan-refinery-ltd,businesslist_pk,scrapy,industrial-equipment,2026-08-29T02:11:18.409198+00:00
"Jinan Rase Machinery Co.,Ltd",industrial equipment,,0086-531-55558281,"Rm303,Huaxin Plaza,No.205Huayuan Rd,Jinan,Shandong,China",https://www.businesslist.pk/company/181351/jinan-rase-machinery-coltd,businesslist_pk,scrapy,industrial-equipment,2026-08-29T02:11:20.674198+00:00
Techstar - Smart Solutions,industrial equipment,https://www.techstar.com.pk/,03365313953,"8-B, Sadeed Plaza, Commercial Zone Canal View Housing Society, Lahore, Punjab",https://www.businesslist.pk/company/250672/techstar-smart-solutions,businesslist_pk,scrapy,industrial-equipment,2026-08-29T02:11:22.477427+00:00
North Star Trading,industrial equipment,http://www.northstartrading.net,"021-34228770, 021-3437550-1","107, Anum Classic, Opposite Old Duty Free, Shahra-e-Faisal, Karachi, Karachi, Sindh",https://www.businesslist.pk/company/235036/north-star-trading,businesslist_pk,scrapy,industrial-equipment,2026-08-29T02:11:24.304776+00:00
ITP Syed Screen Point,industrial equipment,http://industrialtouchpanel.com,0321-6756759,"Sheikh Rehmat ullah electronics market 3rd floor, 1A, 16 hall road Lahore, Lahore, Punjab",https://www.businesslist.pk/company/246874/itp-syed-screen-point,businesslist_pk,scrapy,industrial-equipment,2026-08-29T02:11:26.519106+00:00
Worth Interior,furniture manufacturers,https://worthinterior.com/,+923262422205,"St 3 H 7 Fatehgarh Cantt Lahore, Lahore, Punjab",https://www.businesslist.pk/company/254238/worth-interior,businesslist_pk,scrapy,furniture-manufacturers,2026-08-29T02:11:28.577525+00:00
Kenwood Furnitures,furniture manufacturers,http://www.facebook.com/kenwoodfurniture,9241-8781696,"P-131, Tahir Road, P.O.Box: 38600, Punjab, Faisalabad, Punjab",https://www.businesslist.pk/company/111083/kenwood-furnitures,businesslist_pk,scrapy,furniture-manufacturers,2026-08-29T02:11:30.684406+00:00
Profine Furniture,furniture manufacturers,https://www.profine.pk/,+923041117763," 65 Main Boulevard Gulberg, Block H Gulberg 2, Lahore, Punjab 54000, Lahore",https://www.businesslist.pk/company/254776/profine-furniture,businesslist_pk,scrapy,furniture-manufacturers,2026-08-29T02:11:32.384367+00:00
"Makmed® Trading ,ltd",furniture manufacturers,http://www.makmedtrading.com,+92 300 7113298,"Office # G Block Citi Housing Sialkot, Sialkot, Punjab",https://www.businesslist.pk/company/252477/makmed-trading-ltd,businesslist_pk,scrapy,furniture-manufacturers,2026-08-29T02:11:34.019865+00:00
The Prince Interior,furniture manufacturers,http://www.theprinceinterior.com/,+92 300 2998775," Suit # R146 Street Sehba Akhter Road, Block 13D/2, Gulshan-e-Iqbal Karachi, Karachi, Sindh",https://www.businesslist.pk/company/252152/the-prince-interior,businesslist_pk,scrapy,furniture-manufacturers,2026-08-29T02:11:36.254063+00:00
Citimat Spring Mattress &amp; Services,furniture manufacturers,https://www.facebook.com/Citimatservices?mibextid=ZbWKwL,+923412770627,"Liaquatabad Karachi, Karachi",https://www.businesslist.pk/company/257859/citimat-spring-mattressservices,businesslist_pk,scrapy,furniture-manufacturers,2026-08-29T02:11:38.263925+00:00
N.m. Furnishers,furniture manufacturers,https://www.nmfurnisher.com,"+92 53 3706121, +92 53 3706122, +92 53 3706126","G. T. Road, Gujrat, Punjab",https://www.businesslist.pk/company/103971/nm-furnishers,businesslist_pk,scrapy,furniture-manufacturers,2026-08-29T02:11:40.250724+00:00
Studio Seven,furniture manufacturers,https://studioseven.pk/,92 21 35373427,"F-42/1, E-Street, Block 4, Clifton, Karachi, Pakistan., Karachi, Sindh",https://www.businesslist.pk/company/250162/studio-seven,businesslist_pk,scrapy,furniture-manufacturers,2026-08-29T02:11:42.178568+00:00
Lodhi Traders &amp; Constructors,furniture manufacturers,http://www.lodhitraders.com,03335609169,"Shop no. 01, Chaudhary Plaza, G-12/1, Near Venue One Marquee Islamabad, Islamabad, Islamabad Capital Territory",https://www.businesslist.pk/company/247657/lodhi-tradersconstructors,businesslist_pk,scrapy,furniture-manufacturers,2026-08-29T02:11:43.850224+00:00
Lunar Furniture,furniture manufacturers,https://www.mahenti.com/,+92 321 8221566,"Chaudhry Khaliq-uz-Zaman Rd, Block 8 Clifton., Karachi",https://www.businesslist.pk/company/254819/lunar-furniture,businesslist_pk,scrapy,furniture-manufacturers,2026-08-29T02:11:45.066859+00:00
Obsession Outlet,furniture manufacturers,https://obsessionoutlet.com/,+92322-9276000,"Manzoor Colony Main Furniture Market, Karachi Pakistan 75640, Karachi, Sindh",https://www.businesslist.pk/company/250727/obsession-outlet,businesslist_pk,scrapy,furniture-manufacturers,2026-08-29T02:11:47.476556+00:00
Muzammil Furniture Foam and sofa collection,furniture manufacturers,http://nil,03002253737,"Bahar chowk near ycdo hospital Multan, Multan, Punjab",https://www.businesslist.pk/company/254002/muzammil-furniture-foam-and-sofa-collection,businesslist_pk,scrapy,furniture-manufacturers,2026-08-29T02:11:49.355583+00:00
Urban Rattan Furniture,furniture manufacturers,http://www.urbanrattan.com,03336222000,"DHA, Lahore, Pakistan, Lahore, Punjab",https://www.businesslist.pk/company/245094/urban-rattan-furniture,businesslist_pk,scrapy,furniture-manufacturers,2026-08-29T02:11:50.736068+00:00
General Furnishers,furniture manufacturers,http://www.generalfurnishers.com,(92 300) 6230142,"Dheerky By Paas G.T.Road Gujrat, Gujrat, Punjab",https://www.businesslist.pk/company/188057/general-furnishers,businesslist_pk,scrapy,furniture-manufacturers,2026-08-29T02:11:52.854327+00:00
The Incredibles,furniture manufacturers,http://www.facebook.com/theincredibles001,04235700298,"Shop # LG 32/1, Divine Mega 2, Airport Road, Lahore, Lahore, Punjab",https://www.businesslist.pk/company/247794/the-incredibles,businesslist_pk,scrapy,furniture-manufacturers,2026-08-29T02:11:55.090286+00:00
Furniturehub.pk,furniture manufacturers,https://furniturehub.pk/,03234876011,"Room # 64 Madina tower mouslim town mor, Lahore, Punjab",https://www.businesslist.pk/company/246475/furniturehubpk,businesslist_pk,scrapy,furniture-manufacturers,2026-08-29T02:11:57.115468+00:00
Traditions Pvt Ltd,furniture manufacturers,http://traditions.pk,03004455111,"first floor, 32mb phase 6,dha lahore, Lahore, Punjab",https://www.businesslist.pk/company/252132/traditions-pvt-ltd,businesslist_pk,scrapy,furniture-manufacturers,2026-08-29T02:11:59.227747+00:00
SNK&#039;s,furniture manufacturers,http://www.thesnk.com,+923219000597,"24-C, Old Sunset Boulevard, Phase-2, D.H.A., Karachi, Sindh",https://www.businesslist.pk/company/243881/snks,businesslist_pk,scrapy,furniture-manufacturers,2026-08-29T02:12:01.332218+00:00
A M Trading Company,furniture manufacturers,,041-2434703,"224-fateh Din Wali near Boher Chowk on Halal Road in peoples colony No. 2 Babar Chowk, Faisalabad , Faisalabad, Punjab",https://www.businesslist.pk/company/249989/a-m-trading-company,businesslist_pk,scrapy,furniture-manufacturers,2026-08-29T02:12:02.513125+00:00
Pizza Shizza,food manufacturing,https://instagram.com/pizzashizzapk,+923447005756,"X959+44P, Qasar e Fareed Road, Kot Mithan, Rajanpur, Punjab, Chiniot",https://www.businesslist.pk/company/255435/pizza-shizza,businesslist_pk,scrapy,food-manufacturing,2026-08-29T02:12:04.736358+00:00
Shahida Home Shef,food manufacturing,https://takenbest.com,+923204713568,"Hameedpura, Fateh Garh Rd, Mughalpura Lahore, Lahore",https://www.businesslist.pk/company/254777/shahida-home-shef,businesslist_pk,scrapy,food-manufacturing,2026-08-29T02:12:06.019227+00:00
Bloom Engineering,food manufacturing,https://bloomengg.com,+92 315 2079057,"Plot# A 46A, A.G Compound. Near Ghani Chowrangi. SITE Area, Karachi, Pakistan, Karachi",https://www.businesslist.pk/company/257296/bloom-engineering,businesslist_pk,scrapy,food-manufacturing,2026-08-29T02:12:07.467534+00:00
Sheikhoo Sugar Mills Ltd.,food manufacturing,https://www.sheikhoosugar.com,"+92 42 32307991, +92 345 4555561","Fairways, Plaza No. CP104, Defence Raya Golf Resort DHA Phase 6, Lahore, Punjab",https://www.businesslist.pk/company/156286/sheikhoo-sugar-mills-ltd,businesslist_pk,scrapy,food-manufacturing,2026-08-29T02:12:09.686603+00:00
Falcon Packages (Pvt) Ltd.,food manufacturing,https://falconpackages.com/,0554285799,"Near Khiali Bypass, Sheikhupura Road, Gujranwala, Punjab",https://www.businesslist.pk/company/252111/falcon-packages-pvt-ltd,businesslist_pk,scrapy,food-manufacturing,2026-08-29T02:12:11.373493+00:00
Kareem&#039;s Limca and Milk Soda,food manufacturing,http://kareemlimca.com,+92 300 7401447,"Main Shahi Road, Ghalla Mandi, Near UBL Bank, Rahimyar Khan, Pakistan, Rahim Yar Khan",https://www.businesslist.pk/company/257899/kareems-limca-and-milk-soda,businesslist_pk,scrapy,food-manufacturing,2026-08-29T02:12:12.838233+00:00
Salt Exporters | Dilmeer Foods,food manufacturing,https://www.dilmeerfoods.com/,04235950445,"Dilmeer Foods, Near Sharif Medical City , 18 KM Raiwind Road, Lahore, Lahore, Punjab",https://www.businesslist.pk/company/246559/salt-exportersdilmeer-foods,businesslist_pk,scrapy,food-manufacturing,2026-08-29T02:12:14.628994+00:00
Vision International,food manufacturing,http://www.spssukses.com,00923343381840,"R-12, Pink Residency, Block 8-A, Gulistan e Jauhar , Karachi, Sindh",https://www.businesslist.pk/company/252929/vision-international,businesslist_pk,scrapy,food-manufacturing,2026-08-29T02:12:16.722839+00:00
Zarneel Shayk Enterprises,food manufacturing,https://www.zarneelent.com,+923335222471,"muslim colony kashmir road sialkot pakistan, Sialkot",https://www.businesslist.pk/company/255199/zarneel-shayk-enterprises,businesslist_pk,scrapy,food-manufacturing,2026-08-29T02:12:18.817920+00:00
FUMERC International,food manufacturing,https://fumerchs.weebly.com,+923248246122,"Karachi, Karachi, Sindh",https://www.businesslist.pk/company/246205/fumerc-international,businesslist_pk,scrapy,food-manufacturing,2026-08-29T02:12:19.770562+00:00
Beeburg Packages,food manufacturing,http://www.beeburgpackages.com,03453454030,"Sec 3-B, Landhi # 4, karachi-pakistan, Karachi, Sindh",https://www.businesslist.pk/company/243191/beeburg-packages,businesslist_pk,scrapy,food-manufacturing,2026-08-29T02:12:21.667406+00:00
Indus Valley Crafts,food manufacturing,https://www.indusvalleycrafts.com,+923217802222,"128 Timber Market, Usman Plaza, 2nd floor, Ravi Road, Lahore, Pakistan., Lahore",https://www.businesslist.pk/company/257432/indus-valley-crafts,businesslist_pk,scrapy,food-manufacturing,2026-08-29T02:12:23.580696+00:00
Bindawood Flavours,food manufacturing,https://bindawoodflavour.com/,+92 322 9995555,"17 Km Sheikhupura Road, Near Kot Abdul Malik Interchange, Lahore, Punjab, Pakistan., Lahore",https://www.businesslist.pk/company/258255/bindawood-flavours,businesslist_pk,scrapy,food-manufacturing,2026-08-29T02:12:24.677232+00:00
Multicaps,food manufacturing,http://www.multicaps.net,(+92-21) 34529330-3,"Production Plant: A-92, Road No.5, Phase 1, S.I.T.E, Super Highway Industrial Area, North Karachi, Pakistan., Karachi, Sindh",https://www.businesslist.pk/company/249648/multicaps,businesslist_pk,scrapy,food-manufacturing,2026-08-29T02:12:26.711568+00:00
At-Tahur,food manufacturing,http://www.at-tahur.com,+92 42 3584-5901,"JVC9+44V, Street 17, E 18 Gulshan e Sehat, Islamabad, Islamabad Capital Territory, Lahore",https://www.businesslist.pk/company/256905/at-tahur,businesslist_pk,scrapy,food-manufacturing,2026-08-29T02:12:28.495608+00:00
miracle water,food manufacturing,http://www.miracle.com.pk,021-36375654-55,"WSA-23, Block-14 F.B. Industrial Area Karachi, Karachi, Sindh",https://www.businesslist.pk/company/247488/miracle-water,businesslist_pk,scrapy,food-manufacturing,2026-08-29T02:12:30.575737+00:00
Active Foods,food manufacturing,,03468211151,"D 13 A/9,SITE, Karachi, Sindh",https://www.businesslist.pk/company/248638/active-foods,businesslist_pk,scrapy,food-manufacturing,2026-08-29T02:12:32.368722+00:00
Tapal Tea (pvt) Ltd.,food manufacturing,http://www.tapaltea.com,"+92 333 2249779, +92 21 35063891","Plot No.40, Sector-15, Korangi Industrial Area, Karachi, Sindh",https://www.businesslist.pk/company/145668/tapal-tea-pvt-ltd,businesslist_pk,scrapy,food-manufacturing,2026-08-29T02:12:34.396844+00:00
Khan Salt (SMC-Private) limited,food manufacturing,https://khansaltfactory.com/,+923072827192,"Office No.14, Wilayat Complex, Bahria Town Phase 7, Emirates Paradise Plaza, Rawalpindi, Punjab",https://www.businesslist.pk/company/257980/khan-salt-smc-private-limited,businesslist_pk,scrapy,food-manufacturing,2026-08-29T02:12:36.475255+00:00
Shabbir Textile,textile,https://www.facebook.com/ShabbirTextiles/,"(92 21) 32560620, (92 21) 32560630,  +92 335 5040577"," F-254, S.I.T.E, Fakhruddin Valika Rd, Metroville Sindh Industrial Trading Estate, Karachi, Sindh",https://www.businesslist.pk/company/239408/shabbir-textile,businesslist_pk,scrapy,textile,2026-08-29T02:12:38.553293+00:00
Gul Ahmed Textile Mills Ltd.,textile,https://gulahmed.com,"+92 21 111 485 485, +92 21 111 486 486","Radio Pakistan Colony, Qaddafi Town, Bin Qasim Town, Karachi, Sindh",https://www.businesslist.pk/company/89370/gul-ahmed-textile-mills-ltd,businesslist_pk,scrapy,textile,2026-08-29T02:12:40.355266+00:00
Giga Group,textile,http://www.gigagroup.com,"(92 21) 34131001, 34131004, +92-21-2579011 â€“ 13","39/3,Hussaini C.H.S.,Alamgir Road, Karachi",https://www.businesslist.pk/company/186326/giga-group,businesslist_pk,scrapy,textile,2026-08-29T02:12:42.029272+00:00
Roopa Tex (pvt) Ltd.,textile,http://www.roopa.pk,0412619494,"Sizing Street Factory Area Tata Bazaar, Faisalabad, Punjab",https://www.businesslist.pk/company/196001/roopa-home-tex-pvt-ltd,businesslist_pk,scrapy,textile,2026-08-29T02:12:43.067283+00:00
Cobija Industries,textile,http://www.cobija.biz,"(92 52) 3541497, +92-523-614996-7","Aminabad Road, Mehar Town, P.O.Box: 2365 Sialkot, Sialkot",https://www.businesslist.pk/company/165478/cobija-industries,businesslist_pk,scrapy,textile,2026-08-29T02:12:44.584460+00:00
Amna Enterprises,textile,http://www.amna.pk,03302496121,"1st Floor, WSA-32, Block 14, F B Area,, Karachi, Sindh",https://www.businesslist.pk/company/220055/amna-enterprises,businesslist_pk,scrapy,textile,2026-08-29T02:12:46.570709+00:00
Anaya Textile,textile,https://intl.anayaonline.com,"02136330581, +92-320-788-9364","2. no. azizabad f.b. area, Karachi, Sindh",https://www.businesslist.pk/company/244070/anaya-textile,businesslist_pk,scrapy,textile,2026-08-29T02:12:48.517759+00:00
DH Linkers International Courier &amp; Cargo Services,textile,http://www.dhlinkers.com,"021-32292070, 021-32292071","Suit # 1 &amp; 2 Mazzinine Floor Hashoo Appt Nasser Wanji Road, Opp Aga Khan Jamat Khana, Garden East, KHI., Karachi, Sindh",https://www.businesslist.pk/company/247642/dh-linkers-international-couriercargo-services,businesslist_pk,scrapy,textile,2026-08-29T02:12:50.517342+00:00
Textile Studio,textile,http://textilestudio.org,(92) 21 35302129,"Plot No 1-C, 4th Floor, Zamzama Commercial Lane # 1, D.H.A., Phase-5, Karachi, Pakistan., Karachi, Sindh",https://www.businesslist.pk/company/241696/textile-studio,businesslist_pk,scrapy,textile,2026-08-29T02:12:52.471047+00:00
Artistic Denim Mills Limited,textile,http://www.artisticdenim.com,"9221-111004004 / 4524411 / 4545784 / 4548061 / 4524485, +92 21 111-236-236","39-A, P.E.C.H.S. Shahrah-e-Faisal, Sindh, Karachi, Sindh",https://www.businesslist.pk/company/132791/artistic-denim-mills-limited,businesslist_pk,scrapy,textile,2026-08-29T02:12:53.664632+00:00
Rici Melion,textile,http://www.ricimelion.com,03178877733," FLAGSHIP، 28 C MM Alam Rd, Gulberg، Lahore, Lahore, Punjab",https://www.businesslist.pk/company/252532/rici-melion,businesslist_pk,scrapy,textile,2026-08-29T02:12:55.924544+00:00
Crown Textiles,textile,http://www.crowntex.com.pk,"9221-2579362, 9221- 2579361, 9221- 2581320","1st Floor, F-387, S.I.T.E. Near KESC Power Station, Karachi, Sindh",https://www.businesslist.pk/company/133231/crown-textiles,businesslist_pk,scrapy,textile,2026-08-29T02:12:57.096680+00:00
Cotton Web,textile,http://www.cottonweb.net.pk,"9242-6543798-6543707, +92 42 35923249"," Gt Road Near Bagh Wali Pulli Mannawan, Punjab, Lahore, Punjab",https://www.businesslist.pk/company/88783/cotton-web,businesslist_pk,scrapy,textile,2026-08-29T02:12:59.236199+00:00
Farid Ahmed Vawda &amp; Co. (pvt) Ltd.,textile,http://www.vawda.com,"021-2311886 / 2311881 / 2311882 / 2310334, +92 (21) 3255 0093-98","Ebrahim Building 20-West Wharf Road,  Karachi 74000,  Sindh,  Pakistan, Karachi",https://www.businesslist.pk/company/153454/farid-ahmed-vawdaco-pvt-ltd,businesslist_pk,scrapy,textile,2026-08-29T02:13:00.674239+00:00
Shaheen Fabrics,textile,https://www.facebook.com/shaheenfabrix/?ref=py_c,+92-21-2603393,"Ramzanabad, Faisalabad, Punjab",https://www.businesslist.pk/company/132032/shaheen-fabrics,businesslist_pk,scrapy,textile,2026-08-29T02:13:02.680319+00:00
Orient Textiles and Uniforms,textile,http://www.uniformfactory.pk,(091) 5253136,"Deans Shopping Mall, Saddar Rd, Peshawar Cantonment, Peshawar, Khyber Pakhtunkhwa, Peshawar, Khyber Pakhtunkhwa",https://www.businesslist.pk/company/249123/orient-textiles-and-uniforms,businesslist_pk,scrapy,textile,2026-08-29T02:13:04.640305+00:00
Ashar International (Pvt) Ltd.,textile,http://www.ashartex.com,"9241-8869789 / 8869788 / 8869761, +92 334 717 1515","A-1, Sargodha Road, Punjab, Faisalabad, Punjab",https://www.businesslist.pk/company/88416/ashar-international-pvt-ltd,businesslist_pk,scrapy,textile,2026-08-29T02:13:06.581560+00:00
Asacotex,textile,http://www.asacotexonline.com,"9221-5057564, +92 21 5066591","Plot No.222,Korangi Industrial Area, Sindh, Karachi, Sindh",https://www.businesslist.pk/company/132806/asacotex,businesslist_pk,scrapy,textile,2026-08-29T02:13:08.787501+00:00
Quick Leather,industrial equipment,http://quickleather.pk,+924350814,"AIRPORT ROAD NANGAL, SIALKOT., Sialkot, Punjab",https://www.businesslist.pk/company/252695/quick-leather,businesslist_pk,scrapy,industrial-equipment,2026-08-29T02:13:10.058940+00:00
Prifa Craft Industries,industrial equipment,http://www.prifacraft.com,+923018712002,"Kashmir Road,Sialkot-51310, P.O Box # 535, Sialkot, Punjab",https://www.businesslist.pk/company/245250/prifa-craft-industries,businesslist_pk,scrapy,industrial-equipment,2026-08-29T02:13:11.280840+00:00
MKS-International,industrial equipment,http://www.mks-international.mysite.com,+92-3432566996,"9th Commercial Street, Zamzama, Karachi, Sindh",https://www.businesslist.pk/company/244935/mks-international,businesslist_pk,scrapy,industrial-equipment,2026-08-29T02:13:12.712595+00:00
MAGNUS High-Tech Engineering,industrial equipment,https://www.facebook.com/magnuspkn,02136407981,"Plot 1, Block 1, Sec 5E, New Karachi, Karachi, Karachi, Sindh",https://www.businesslist.pk/company/252847/magnus-high-tech-engineering,businesslist_pk,scrapy,industrial-equipment,2026-08-29T02:13:14.489795+00:00
Horizons International,industrial equipment,,(92 42) 37808734,"148 Huma Block Allama Iqbal Town , Lahore",https://www.businesslist.pk/company/191262/horizons-international,businesslist_pk,scrapy,industrial-equipment,2026-08-29T02:13:15.427704+00:00
Alpine Industrialcon (pvt) Ltd,industrial equipment,http://www.alpineindustrialcon.com/,"+92-42-36852313, +92 42 36552527","305/2 G.T. Road, Baghbanpura, Lahore, 54920 – Pakistan, Lahore, Punjab",https://www.businesslist.pk/company/251505/alpine-industrialcon-pvt-ltd,businesslist_pk,scrapy,industrial-equipment,2026-08-29T02:13:17.615388+00:00
The Incredible Store,industrial equipment,https://theincstore.com,03413006666,"Office # 35, Ground floor, Aries Tower, Shamsabad, Murree Road, Rawalpindi, Punjab",https://www.businesslist.pk/company/247901/the-incredible-store,businesslist_pk,scrapy,industrial-equipment,2026-08-29T02:13:19.046516+00:00
Rack Master Engineering Works,industrial equipment,http://www.rackmastergrw.com,03009613317,"Pindi By-Pass, Near Income Tax office, Street Power Link, G.T road, Gujranwala, Gujranwala, Punjab",https://www.businesslist.pk/company/240068/rack-master-engineering-works,businesslist_pk,scrapy,industrial-equipment,2026-08-29T02:13:21.021988+00:00
Ahansaz Steel Piling and Drilling Equipment,industrial equipment,http://www.ahansaz.com,00923243009000,"sector G-15 main islamabad to peshawer G.T Road near 26 number chungi islamabad, Islamabad, Islamabad Capital Territory",https://www.businesslist.pk/company/249620/ahansaz-steel-piling-and-drilling-equipment,businesslist_pk,scrapy,industrial-equipment,2026-08-29T02:13:22.933506+00:00
HnZ,industrial equipment,http://www.hiztechglobal.com,+923453137558,"Nazimabad, Karachi, Sindh",https://www.businesslist.pk/company/241535/hnz,businesslist_pk,scrapy,industrial-equipment,2026-08-29T02:13:25.081813+00:00
Mod Tech Engineering,industrial equipment,http://www.modtech.com.pk,042-37841910,"T-12 Rukshanda Heights 8 Km Multan Road Lahore, Lahore, Punjab",https://www.businesslist.pk/company/244146/mod-tech-engineering,businesslist_pk,scrapy,industrial-equipment,2026-08-29T02:13:27.076595+00:00
Breeze Fans,industrial equipment,http://breezefans.com/,"+924236310762, +924236310791,","66 Beadon Road, Lahore Pakistan., Lahore, Punjab",https://www.businesslist.pk/company/247662/breeze-fans,businesslist_pk,scrapy,industrial-equipment,2026-08-29T02:13:28.462397+00:00
Polycrafts,industrial equipment,http://polycrafts.com.pk,"(021)-32212693-4-5, +923093074599","B-712, Saima Trade Tower, I.I. Chundrigar Road, Karachi, Pakistan., Karachi, Sindh",https://www.businesslist.pk/company/249947/polycrafts,businesslist_pk,scrapy,industrial-equipment,2026-08-29T02:13:30.639376+00:00
Hot Tek,industrial equipment,http://www.hottek.com,041-8710950,"285 Jhumra Road Mansoorabad Faisalabad, Pakistan, Faisalabad, Punjab",https://www.businesslist.pk/company/251816/hot-tek,businesslist_pk,scrapy,industrial-equipment,2026-08-29T02:13:32.821431+00:00
7 Mart,industrial equipment,http://7mart.pk/,+924237378688,"28 Brandreth road, Lahore, Punjab",https://www.businesslist.pk/company/249272/7-mart,businesslist_pk,scrapy,industrial-equipment,2026-08-29T02:13:35.093496+00:00
Decor designers,furniture manufacturers,http://decordesigners.blogspot.com,03217978598,"Rawalpindi Road, Khushab., Khushab, Punjab",https://www.businesslist.pk/company/242448/decor-designers,businesslist_pk,scrapy,furniture-manufacturers,2026-08-29T02:13:37.186709+00:00
Woodco Furniture,furniture manufacturers,http://www.woodco.com.pk,"92431-290631-32, +92 333 3501800","Board of Intermediate &amp; Secondary Education, Faisal Town, Gujranwala, Punjab",https://www.businesslist.pk/company/111356/woodco-furniture,businesslist_pk,scrapy,furniture-manufacturers,2026-08-29T02:13:39.069099+00:00
K Furnitures (Khambati Steel Furnitures),furniture manufacturers,http://kfurnitures.com,+923002473114,"Plot #93, ST-13/1, Sector 6-B North Karachi Industrial Area, Karachi, Sindh",https://www.businesslist.pk/company/248592/k-furnitures-khambati-steel-furnitures,businesslist_pk,scrapy,furniture-manufacturers,2026-08-29T02:13:41.243897+00:00
Mini Cucine,furniture manufacturers,http://www.minicucinepk.com,009233318125253,"16 Hanif Centre Block B North Nazimabad, Karachi, Karachi, Sindh",https://www.businesslist.pk/company/246159/mini-cucine,businesslist_pk,scrapy,furniture-manufacturers,2026-08-29T02:13:43.311716+00:00
Boss Plastic Furniture,furniture manufacturers,http://www.bossplas.com,"+92-55-3842891, +92-55-3842897","49-A, S.I.E # 1, Grand Trunk Rd, Industrial Estate, Gujranwala, Punjab",https://www.businesslist.pk/company/110622/boss-plastic-furniture,businesslist_pk,scrapy,furniture-manufacturers,2026-08-29T02:13:44.012703+00:00
Royal Furnishers,furniture manufacturers,https://www.facebook.com/royalfurnishers.gjt/,"(92 53) 3517303,  +92 53 3706182","Grand Trunk Rd, Gujrat, Punjab",https://www.businesslist.pk/company/188167/royal-furnishers,businesslist_pk,scrapy,furniture-manufacturers,2026-08-29T02:13:45.614973+00:00
Dynamic Enterprises,furniture manufacturers,http://www.dynamicenterprises.com.pk,+923157010032,"Plot # 6-7, Amna Park, Canal View Phase 2, Multan Road, Lahore, Pakistan-54000, Lahore, Punjab",https://www.businesslist.pk/company/244581/dynamic-enterprises,businesslist_pk,scrapy,furniture-manufacturers,2026-08-29T02:13:47.458812+00:00
HB Furniture,furniture manufacturers,http://hbfurniture.com.pk/,051 2344460-1,"Unit 7a &amp; 8a, Umer building, 76 West,Main Jinnah Avenue, Islamabad, Pakistan., Islamabad, Islamabad Capital Territory",https://www.businesslist.pk/company/245172/hb-furniture,businesslist_pk,scrapy,furniture-manufacturers,2026-08-29T02:13:49.770686+00:00
Appex Wood,furniture manufacturers,http://www.appexwood.com,03454449433,"Defence main ghazi road near millat chowk bismillah plaza lahore cantt, Lahore, Punjab",https://www.businesslist.pk/company/242827/appex-wood,businesslist_pk,scrapy,furniture-manufacturers,2026-08-29T02:13:51.373987+00:00
Lords Steel Plastic Furniture,furniture manufacturers,http://www.lordssteelfurniture.com/,+92-55-4244615,"Shabbir Street, Gala Kausar Fan, G.T. Road, Gujranwala - Pakistan, Gujranwala, Punjab",https://www.businesslist.pk/company/197492/lords-steel-plastic-furniture,businesslist_pk,scrapy,furniture-manufacturers,2026-08-29T02:13:53.342293+00:00
Torch.com.pk,furniture manufacturers,https://torch.com.pk/,"042-35760481-2, +92-345-4055550","60-B Block, BI Gulberg III, Lahore, Pakistan, Lahore, Punjab",https://www.businesslist.pk/company/246952/torchcompk,businesslist_pk,scrapy,furniture-manufacturers,2026-08-29T02:13:54.806886+00:00
FurnitureHub.pk,furniture manufacturers,https://furniturehub.pk,0323 4876011,"62, 4th Floor, Madina Tower, Ferozepur Road, Lahore 54000, Lahore, Punjab",https://www.businesslist.pk/company/246405/furniturehubpk,businesslist_pk,scrapy,furniture-manufacturers,2026-08-29T02:13:56.414948+00:00
M. Afzal Furniture,furniture manufacturers,https://www.facebook.com/mafzalfurniture/,"+92-47-6332531,  +92 47 6330866"," Shahrah e Quaid e Azam, Jhang, Chiniot, Punjab",https://www.businesslist.pk/company/110718/m-afzal-furniture,businesslist_pk,scrapy,furniture-manufacturers,2026-08-29T02:13:58.091511+00:00
Woodcraft,furniture manufacturers,http://www.wood-craft.com.pk/,"(92 21) 35092824, (92 21) 35120403, UAN : (92 21) 111-128-786","Plot #3 &amp; 3-A,Sector 47,Korangi Creek Road,Near C.B.M. College, Karachi, Sindh",https://www.businesslist.pk/company/188000/woodcraft,businesslist_pk,scrapy,furniture-manufacturers,2026-08-29T02:13:59.538393+00:00
Mughal Office Furniture,furniture manufacturers,https://www.facebook.com/mughalfurniture/,"(92 53) 2107732, +92 300 9625875,  +92 21 35842954","1st floor, MUGHAL GLASS STORE, Railway Road Area, Gujrat, Punjab",https://www.businesslist.pk/company/188120/mughal-office-furniture,businesslist_pk,scrapy,furniture-manufacturers,2026-08-29T02:14:01.500008+00:00
Diamond Foam,furniture manufacturers,http://www.diamondfoam.com,"9221- 2570955, +92 321 8225688,  111-111-666","Showroom # 1C, Hasan Mansion Block 7 F.B Area، Block 7 Gulberg Town, Karachi, Sindh",https://www.businesslist.pk/company/110951/diamond-foam,businesslist_pk,scrapy,furniture-manufacturers,2026-08-29T02:14:03.541018+00:00
ITI fiber glass and steel fabrication,furniture manufacturers,http://www.itipk.com,03134087239,"dera muhammad din,momin pura road,ring road,moaza hando,lahore, Lahore, Punjab",https://www.businesslist.pk/company/247655/iti-fiber-glass-and-steel-fabrication,businesslist_pk,scrapy,furniture-manufacturers,2026-08-29T02:14:05.530432+00:00
Mehtab Industri SS Golden Furniture,furniture manufacturers,https://ssgolden-furniturecom,03018404621,"Sherakot Lahore, Lahore, Punjab",https://www.businesslist.pk/company/253381/mehtab-industri-ss-golden-furniture,businesslist_pk,scrapy,furniture-manufacturers,2026-08-29T02:14:07.161337+00:00
Durafoam (pvt) Ltd.,furniture manufacturers,https://www.durafoam.com.pk/,"9242-111666555, 9242-5811904, 9242- 5811901, 042-111-888-777","18.K.M.Ferozepur Road, Lahore, Punjab",https://www.businesslist.pk/company/110956/durafoam-pvt-ltd,businesslist_pk,scrapy,furniture-manufacturers,2026-08-29T02:14:09.230714+00:00
Desires Interiors &amp; Furnishers,furniture manufacturers,http://www.desiresfurniture.com,"+92 42 35170476, +92 42 35222500, +92 42 35168048","Mochi pura Chowk, Main Maulana Shouqat Ali road, Faisal Town, Lahore, Lahore, Punjab",https://www.businesslist.pk/company/246090/desires-interiorsfurnishers,businesslist_pk,scrapy,furniture-manufacturers,2026-08-29T02:14:11.342047+00:00
Crystal Shine Industries Private Limited,food manufacturing,https://www.crystalshinepk.com,0992370017,"Malik Plaza, KKH interchange, Qalandarabad, Abbottabad, Khyber Pakhtunkhwa",https://www.businesslist.pk/company/252985/crystal-shine-industries-private-limited,businesslist_pk,scrapy,food-manufacturing,2026-08-29T02:14:12.320113+00:00
Gravitas Packaging,food manufacturing,http://www.gravitaspackaging.com,+923472073269,"ROOM # 301, 3RD FLOOR, 54C, LANE-2, AL-MURTAZA COMMERCIAL, PHASE-(VIII), DEFENCE, KARACHI-PAKISTAN., Karachi, Sindh",https://www.businesslist.pk/company/247998/gravitas-packaging,businesslist_pk,scrapy,food-manufacturing,2026-08-29T02:14:13.813995+00:00
Salzinna,food manufacturing,http://www.salzinna.com,03001999137,"Skaser road Tehsil Quaidabad District Khushab Punjab Pakistan, Khushab, Punjab",https://www.businesslist.pk/company/253870/salzinna,businesslist_pk,scrapy,food-manufacturing,2026-08-29T02:14:15.559390+00:00
Agrifood Pacific Company,food manufacturing,,84837673699,"413/41/3/9a Le Van Quoi, Binh Tan District, Ho Chi Minh City, Vietnam",https://www.businesslist.pk/company/235380/agrifood-pacific-company,businesslist_pk,scrapy,food-manufacturing,2026-08-29T02:14:17.674262+00:00
Asia Dye-Tech(Pvt.)Ltd.,food manufacturing,http://www.asiafoodcolors.pk,0546507100,"1Km Kot Nawab Shah, Near Shahtaj Sugar Mills, Mandi Bahauddin, Punjab",https://www.businesslist.pk/company/247616/asia-dye-techpvtltd,businesslist_pk,scrapy,food-manufacturing,2026-08-29T02:14:19.822553+00:00
Quality Flavors (Pvt) Ltd,food manufacturing,https://www.quality-flavors.com,"0322-6814036, +92 0 317 170 3093","Plot # 43-A, Madni Chowk, 1-Km Katar Bund Road,Thokar Niaz Baig, Lahore, Punjab",https://www.businesslist.pk/company/250435/quality-flavors-pvt-ltd,businesslist_pk,scrapy,food-manufacturing,2026-08-29T02:14:21.399747+00:00
Oasis Packaging Industies (Pvt) Ltd.,food manufacturing,http://www.oasispackaging.pk,04235297719,"Plot #. 199, Sunder Industrial Estate, Raiwind, Lahore, Lahore, Punjab",https://www.businesslist.pk/company/247479/oasis-packaging-industies-pvt-ltd,businesslist_pk,scrapy,food-manufacturing,2026-08-29T02:14:23.392330+00:00
White Pearl Rice,food manufacturing,https://whitepearlgroup.com,+92 547 581022 - 33 - 44,"Solgin Kharl, Hafizabad, Punjab - Pakistan., Hafizabad, Punjab",https://www.businesslist.pk/company/249612/white-pearl-rice,businesslist_pk,scrapy,food-manufacturing,2026-08-29T02:14:24.853934+00:00
Baig Engineering,food manufacturing,http://www.fatek.com.pk,"(92 21) 35621989, 36057744, +92 21 34321920","Office #22,3rd Floor,Naseem Center,Saddar,Sohrab Katrik Road, Karachi",https://www.businesslist.pk/company/186038/baig-engineering,businesslist_pk,scrapy,food-manufacturing,2026-08-29T02:14:26.971771+00:00
Procure Consulting &amp; Logistics,food manufacturing,http://www.procure.pk,92-514449555,"No. 5, City Archade Plaza I-8 Markaz , Islamabad, Islamabad Capital Territory",https://www.businesslist.pk/company/197540/procure-consultinglogistics,businesslist_pk,scrapy,food-manufacturing,2026-08-29T02:14:28.874746+00:00
Kitchen On Fire,food manufacturing,http://www.facebook.com/kitchenonfirepk,03454678851,"Cricket Stadium Sabzazar, Lahore, Punjab",https://www.businesslist.pk/company/243020/kitchen-on-fire,businesslist_pk,scrapy,food-manufacturing,2026-08-29T02:14:30.217347+00:00
4Seasons Group,food manufacturing,https://www.seasonsgroup.com.pk,"92-333-8118848, +92 42 35970758","35 Garden Town, P.O. Box: 52250, Gujranwala",https://www.businesslist.pk/company/217963/4seasons-group,businesslist_pk,scrapy,food-manufacturing,2026-08-29T02:14:31.647031+00:00
MY FOODS Packers,food manufacturing,http://www.myfoodspk.com,0313-2295811,"SA-50 Block1 K.A.E.C.H.S, Karachi, Sindh",https://www.businesslist.pk/company/244903/my-foods-packers,businesslist_pk,scrapy,food-manufacturing,2026-08-29T02:14:33.409773+00:00
eKarobar.pk,food manufacturing,http://www.ekarobar.pk,03211234567,"Rawalpindi Saddar, Rawalpindi, Punjab",https://www.businesslist.pk/company/251666/ekarobarpk,businesslist_pk,scrapy,food-manufacturing,2026-08-29T02:14:34.715947+00:00
Khurram Enterprise,food manufacturing,http://www.khurramenterprise.com.pk,9221-36821081 / 6375146,"Block-21 Federal B Industrial Area, Sindh, Karachi, Sindh",https://www.businesslist.pk/company/109221/khurram-enterprises,businesslist_pk,scrapy,food-manufacturing,2026-08-29T02:14:36.830089+00:00
Palatable Flavours Company,food manufacturing,http://palatableflavours.com/,0223885139,"Site Area Hyderabad, Hyderabad, Sindh",https://www.businesslist.pk/company/248168/palatable-flavours-company,businesslist_pk,scrapy,food-manufacturing,2026-08-29T02:14:38.606327+00:00
International Fisheries Pak (Pvt) Ltd.,food manufacturing,http://coastalseafoods-pakistan.com/,+92 21 32312511,"A-33 Lane 2, W Wharf Rd, West Wharf, Karachi, Sindh",https://www.businesslist.pk/company/247979/international-fisheries-pak-pvt-ltd,businesslist_pk,scrapy,food-manufacturing,2026-08-29T02:14:40.684346+00:00
Nexter Floor,food manufacturing,http://www.nexter-floor.com,04236138200,"19 km multan road lahore, Lahore, Punjab",https://www.businesslist.pk/company/240110/nexter-floor,businesslist_pk,scrapy,food-manufacturing,2026-08-29T02:14:42.779060+00:00
A.M International,food manufacturing,http://www.aminternational.pk,04237514454-3,"Industrial Area 16 km Multan Road, Lahore, Punjab",https://www.businesslist.pk/company/197644/am-international,businesslist_pk,scrapy,food-manufacturing,2026-08-29T02:14:44.596000+00:00
Jannat Corporation,food manufacturing,http://www.jannat.pk,021 32413110  -  02132413111,"2/25, Arkay Square, New Challi, Karachi, Sindh",https://www.businesslist.pk/company/235597/jannat-corporation,businesslist_pk,scrapy,food-manufacturing,2026-08-29T02:14:46.602319+00:00
B.n. Textile Works,textile,http://www.bntextile.com,9252-3241066,"Hajipura, Punjab, Sialkot, Punjab",https://www.businesslist.pk/company/132934/bn-textile-works,businesslist_pk,scrapy,textile,2026-08-29T02:14:48.844493+00:00
Naseem Biker Wears,textile,http://www.naseembw.com,+92524272254,"Hunter Pura, Sialkot 51310, Sialkot, Punjab",https://www.businesslist.pk/company/241566/naseem-biker-wears,businesslist_pk,scrapy,textile,2026-08-29T02:14:50.182043+00:00
Mughal grace hosiery,textile,http://www.mughalgracehosiery.com,0523250352,"Address: haji pura، Daska Rd, Muslim Colony Hajipura, Sialkot, Punjab 51310, Sialkot, Punjab",https://www.businesslist.pk/company/249673/mughal-grace-hosiery,businesslist_pk,scrapy,textile,2026-08-29T02:14:52.206891+00:00
Arshad Group,textile,https://www.araish.com/new-arrivals,"+9241111272474, +92 42 35711990","1088, JAIL ROAD, FAISALABAD, PAKISTAN, Faisalabad, Punjab",https://www.businesslist.pk/company/246210/arshad-group,businesslist_pk,scrapy,textile,2026-08-29T02:14:53.845878+00:00
Royal Highness Textile,textile,http://www.royalhighnesstextile.com,+92311-4942742,"office # P525 Norani heights Jinnah Colony , Faisalabad., Faisalabad, Punjab",https://www.businesslist.pk/company/252995/royal-highness-textile,businesslist_pk,scrapy,textile,2026-08-29T02:14:55.369005+00:00
Haamitex Manufacturers,textile,http://www.haamitex.com.pk,"+92-41-5383778, +92-41-5380778","Chak # 208-RB, NEAR HASSAN VILLAS, Faisalabad, Punjab",https://www.businesslist.pk/company/190591/haamitex-manufacturers,businesslist_pk,scrapy,textile,2026-08-29T02:14:57.447974+00:00
eTradePakistan,textile,https://etradepakistan.com/,+92-42-111-727-362,"Lahore, Lahore, Punjab",https://www.businesslist.pk/company/250731/etradepakistan,businesslist_pk,scrapy,textile,2026-08-29T02:14:59.123025+00:00
Dalal Industries (pvt) Ltd.,textile,http://www.dalalindustries.com,"2425931, 2423814,  +92 923 2567112","B-25/A Sindh Industrial Trading Estate, Karachi, Sindh",https://www.businesslist.pk/company/229578/dalal-industries-pvt-ltd,businesslist_pk,scrapy,textile,2026-08-29T02:15:00.753045+00:00
Betterwearshop,textile,http://www.betterwearshop.com,+92-3258138,"daska road sialkot city pakistan, Sialkot, Punjab",https://www.businesslist.pk/company/250817/betterwearshop,businesslist_pk,scrapy,textile,2026-08-29T02:15:02.403413+00:00
PK Bazaar Online Shopping,textile,http://pkbazaar.pk/,+923325296200,"125/2 Ferozepur Road, Lahore, Lahore, Punjab",https://www.businesslist.pk/company/251590/pk-bazaar-online-shopping,businesslist_pk,scrapy,textile,2026-08-29T02:15:04.362512+00:00
Bashir Ahmad Textiles,textile,http://bashirahmadtextiles.com,03000900385,"Maqbool Road Faisalabad, Faisalabad, Punjab",https://www.businesslist.pk/company/246553/bashir-ahmad-textiles,businesslist_pk,scrapy,textile,2026-08-29T02:15:06.301580+00:00
NTZ Enterprises,textile,http://www.ntzsportsonline.com,(92 52) 4273843,"51-Ali Park, New Civil Lines, Sialkot, Punjab",https://www.businesslist.pk/company/195213/neo-technological-zone-ent,businesslist_pk,scrapy,textile,2026-08-29T02:15:08.459278+00:00
Mashup Exporters,textile,http://www.mashupexporters.com,+923368582075,"Mashup Exporters, Naseem hayat market # 1, Near Ramtlai Road, Sialkot 51310 Pakistan, Sialkot, Punjab",https://www.businesslist.pk/company/247826/mashup-exporters,businesslist_pk,scrapy,textile,2026-08-29T02:15:10.554151+00:00
M.a. Enterprises,textile,http://www.maenterprise.net,"(92 21) 32422643, (92 21) 32432631","18 ADNAN CENTRE NICOL ROAD , Karachi, Sindh",https://www.businesslist.pk/company/110450/ma-enterprises,businesslist_pk,scrapy,textile,2026-08-29T02:15:12.104394+00:00
Al-hamra Textile Industries (pvt) Ltd.,textile,https://alhamratextile.com/,"(92 41) 8729188, (92 41)  8534688,  (+92)- 41-2434222,  (+92)- 302-7338888"," Dost Street Samundri Road, Faisalabad, Punjab",https://www.businesslist.pk/company/196360/al-hamra-textile-industries-pvt-ltd,businesslist_pk,scrapy,textile,2026-08-29T02:15:13.827002+00:00
Garments and textile service provider (GTSP),textile,http://www.gtsphub.com,00923008204060,"Office No. A126, QTCHS, Scheme 33, Karachi, Sindh",https://www.businesslist.pk/company/251745/garments-and-textile-service-provider-gtsp,businesslist_pk,scrapy,textile,2026-08-29T02:15:15.314339+00:00
Noble Enterprises,textile,http://www.nobleenterprises.com.pk,"9221-4551587, 9221- 4555031","Ali Bhai Centre Shahrah-e-Quaideen, Sindh, Karachi, Sindh",https://www.businesslist.pk/company/125408/noble-enterprises,businesslist_pk,scrapy,textile,2026-08-29T02:15:17.314243+00:00
M.s.bilal Enterprises,textile,http://www.msbilal.com,00923338742720,"Haji pura daska road Sialkot, Sialkot, Punjab",https://www.businesslist.pk/company/245807/msbilal-enterprises,businesslist_pk,scrapy,textile,2026-08-29T02:15:18.777275+00:00
Hometex Corporation,textile,http://www.facebook.com/hometexcorp,03006330508,"17, Kasi Vehari Raod, Multan, Punjab",https://www.businesslist.pk/company/209946/hometex-corporation,businesslist_pk,scrapy,textile,2026-08-29T02:15:20.749609+00:00
JJ Fabrics,textile,https://www.jjfabrics.com,+923219664864,"C-5, Eden Garden 208 Chak Road Faisalabad Pakistan, Faisalabad, Punjab",https://www.businesslist.pk/company/248819/jj-fabrics,businesslist_pk,scrapy,textile,2026-08-29T02:15:22.102466+00:00
FY Industries Pvt. Ltd,industrial equipment,http://fyindustries.com.pk/,042-35782081-85,"Office # 208, 2nd Floor Siddique Trqade Center, Main Boulavard, Gulberg-ll, Lahore Pakistan, Lahore, Punjab",https://www.businesslist.pk/company/248949/fy-industries-pvt-ltd,businesslist_pk,scrapy,industrial-equipment,2026-08-29T02:15:23.819568+00:00
Industrial Safety,industrial equipment,http://www.industrialsafety.com.pk,+92412692838-9,"P - 43, Kothi Sadat Road, Marzi Pura, Faisalabad, Pakistan, Faisalabad, Punjab",https://www.businesslist.pk/company/234981/industrial-safety,businesslist_pk,scrapy,industrial-equipment,2026-08-29T02:15:25.992612+00:00
"Shanghai Hongken Industry Co., Ltd.",industrial equipment,http://www.pavcc.com,008602160518529," No. 1269, Hubeiqing Road, Qingpu District, Shanghai, China ",https://www.businesslist.pk/company/197449/shanghai-hongde-chemical-fiber-machinery-co-ltd,businesslist_pk,scrapy,industrial-equipment,2026-08-29T02:15:27.933528+00:00
APSOL (Pvt.) Ltd.,industrial equipment,http://www.apsol-ww.com,0092-42-35310942,"94 Expo Avenue Society Sher Ali Road, Opposite Expo Center Johar Town, Lahore, Punjab",https://www.businesslist.pk/company/239966/apsol-automationpower-solution,businesslist_pk,scrapy,industrial-equipment,2026-08-29T02:15:29.721369+00:00
Pneumatic Actuated Valve,industrial equipment,https://www.tool.com/pneumatic-actuated-valve,92 6789 896214563,"623 West End Avenue, Unit 4-A, Karachi, Sindh",https://www.businesslist.pk/company/252562/pneumatic-actuated-valve,businesslist_pk,scrapy,industrial-equipment,2026-08-29T02:15:31.610946+00:00
Lightsandpoles.pk,industrial equipment,"http://lightsandpoles,pk",04236288707,"Office # G-8, Elahi Arcade, 26 ایمپرس روڈ، Muhammad Nagar گڑہی شاہو، لاہور, Lahore, پنجاب 54000, Office # G-6, Elahi Arcade, 26 ایمپرس روڈ، Muhammad Nagar گڑہی شاہو، لاہور, Lahore, پنجاب 54000, Office # G-6, Elahi Arcade, 26 ایمپرس روڈ، Muhammad Nagar گڑہ, Lahore, Punjab",https://www.businesslist.pk/company/252507/lightsandpolespk,businesslist_pk,scrapy,industrial-equipment,2026-08-29T02:15:33.375633+00:00
Latif Electrical Industry,industrial equipment,http://www.chenabfans.com,554296216,"Grand Trunk Rd, Qazi Town, Gujranwala, Punjab",https://www.businesslist.pk/company/240489/latif-electrical-industry,businesslist_pk,scrapy,industrial-equipment,2026-08-29T02:15:35.648381+00:00
Aquadem International,industrial equipment,http://www.aquademintl.com,"021-34312372,73","suite no. 108 1st floor, Noor Estate, Shahra-e- Faisal  , Karachi, Sindh",https://www.businesslist.pk/company/249502/aquadem-international,businesslist_pk,scrapy,industrial-equipment,2026-08-29T02:15:37.641436+00:00
Potentia Engineering Solutions,industrial equipment,http://www.potentia.pk,+923335600079,"Office # 02, 1st Floor, Al-Rehman Plaza, Main Gulberg Greens, Islamabad, Islamabad, Punjab",https://www.businesslist.pk/company/243662/potentia-engineering-solutions,businesslist_pk,scrapy,industrial-equipment,2026-08-29T02:15:39.954915+00:00
Shadenshelter,industrial equipment,http://www.grottos.pk,"04236314545, 03214994145","33 A shalimar road, Lahore, Punjab",https://www.businesslist.pk/company/242508/shadenshelter,businesslist_pk,scrapy,industrial-equipment,2026-08-29T02:15:40.938833+00:00
Barkaat Traders,industrial equipment,http://www.barkaat.com,92-42-37636085,"107 Railway Road, Lahore, Punjab",https://www.businesslist.pk/company/240753/barkaat-traders,businesslist_pk,scrapy,industrial-equipment,2026-08-29T02:15:43.151817+00:00
Ecotech instruments,industrial equipment,http://www.ecotechinstruments.com,+923328625269,"jammu road bhuj pur pakistan sialkot cantt, Sialkot, Punjab",https://www.businesslist.pk/company/241453/ecotech-instruments,businesslist_pk,scrapy,industrial-equipment,2026-08-29T02:15:44.760775+00:00
Akhtar Industries www.akhtarindustries.com.pk,industrial equipment,http//www.akhtarindustries.com.pk,0092-524-561010,"1775, Tariq Road.  Sialkot Cantt. 51300. Pakistan, Sialkot, Punjab",https://www.businesslist.pk/company/240407/akhtar-industries,businesslist_pk,scrapy,industrial-equipment,2026-08-29T02:15:46.722141+00:00
Intertrade Distributors,industrial equipment,http://www.itdpk.com/,(021) 3524 2222,"The Forum, suite 214-215, 2nd floor, G20 block 9, Karachi, Sindh",https://www.businesslist.pk/company/250656/intertrade-distributors,businesslist_pk,scrapy,industrial-equipment,2026-08-29T02:15:48.826408+00:00
"AM TRADING, Ltd. - Bearings",industrial equipment,http://amtrading.business.bg,+359 32 575771,"66 Nikola Vaptzarov Blvd., Islamabad, Islamabad Capital Territory",https://www.businesslist.pk/company/245820/am-trading-ltd-bearings,businesslist_pk,scrapy,industrial-equipment,2026-08-29T02:15:50.914492+00:00
K.n Fabrication,industrial equipment,http://www.knfabrication.com,+92-321-7777541,"plot no 5 bagrian road near kot lakh pat , Lahore, Punjab",https://www.businesslist.pk/company/242353/kn-fabrication,businesslist_pk,scrapy,industrial-equipment,2026-08-29T02:15:52.844847+00:00
BARAKA ELEVATORRS (Aarib Group),industrial equipment,https://barakaelevators.wixsite.com/home,+92 300 514 6837,"Prism Arcade 2, Bahria Town, Phase 7, Islamabad, Rawalpindi, Punjab",https://www.businesslist.pk/company/246048/baraka-elevatorrs-aarib-group,businesslist_pk,scrapy,industrial-equipment,2026-08-29T02:15:54.796916+00:00
Al Sheikh Fans,industrial equipment,http://alsheikhfans.com/,+92-53-3513039-3535853,"Sheikh Industries   S.I.E ,GUJRAT,PUNJAB-PAKISTAN, Gujrat, Punjab",https://www.businesslist.pk/company/243261/al-sheikh-fans,businesslist_pk,scrapy,industrial-equipment,2026-08-29T02:15:57.291249+00:00
Ato Proximity Sensor,industrial equipment,https://www.ato.com/proximity-sensor,92 8694 256358952,"4 Coogee Avenue , Karachi, Sindh",https://www.businesslist.pk/company/252565/ato-proximity-sensor,businesslist_pk,scrapy,industrial-equipment,2026-08-29T02:15:59.421329+00:00
Straightpoint Pakistan,industrial equipment,https://www.straightpoint.com.pk/,03342048248,"North Karachi, Karachi, Sindh",https://www.businesslist.pk/company/250196/straightpoint-pakistan,businesslist_pk,scrapy,industrial-equipment,2026-08-29T02:16:01.285257+00:00
"ABS Plastic Lockers Manufacturer Co., Ltd.",furniture manufacturers,http://www.toplockers.com,9221-5660731,"A-449, Block-3, Gulshan-E-Iqbal, Karachi, Sindh",https://www.businesslist.pk/company/244209/abs-plastic-lockers-manufacturer-co-ltd,businesslist_pk,scrapy,furniture-manufacturers,2026-08-29T02:16:02.832018+00:00
Interwood Mobel Pvt Ltd,furniture manufacturers,https://www.interwood.pk/,04236549123,"56-Sultan Mehmood Road, Lahore, Punjab",https://www.businesslist.pk/company/232039/interwood-mobel-pvt-ltd,businesslist_pk,scrapy,furniture-manufacturers,2026-08-29T02:16:05.028489+00:00
Global Office World,furniture manufacturers,https://globalofficeworld.com,03362389035,"38-C, Lane 11, Khayaban-e-Muslim, D.H.A Phase 6 Karachi, 75500, Pakistan, Karachi, Sindh",https://www.businesslist.pk/company/253262/global-office-world,businesslist_pk,scrapy,furniture-manufacturers,2026-08-29T02:16:06.292407+00:00
N Allied Engineering,furniture manufacturers,http://nalliedeng.blogspot.com,,"Sufia Abad Industrial Estate near Nescam Factory, 18-KM Ferozepur Road, Lahore., Lahore, Punjab",https://www.businesslist.pk/company/240859/n-allied-engineering,businesslist_pk,scrapy,furniture-manufacturers,2026-08-29T02:16:07.451863+00:00
Portacabin,furniture manufacturers,http://portacabin.com.pk,03215166227,"Office 21, Plot 22, Saeed Plaza, Jinnah Ave, Islamabad, Islamabad Capital Territory",https://www.businesslist.pk/company/244076/portacabin,businesslist_pk,scrapy,furniture-manufacturers,2026-08-29T02:16:09.073372+00:00
Ba-noor digital printing,furniture manufacturers,http://www.ba-noor.com,35308341-3 Ext 27,"The Plaza,3rd floor,office #306.Clifton, Karachi, Sindh",https://www.businesslist.pk/company/244204/ba-noor-digital-printing,businesslist_pk,scrapy,furniture-manufacturers,2026-08-29T02:16:10.906327+00:00
RoseGold Furniture,furniture manufacturers,http://rosegoldfurniture.pk,03066203252,"14 Bridge block fortress stadium Lahore, Lahore, Punjab",https://www.businesslist.pk/company/249796/rosegold-furniture,businesslist_pk,scrapy,furniture-manufacturers,2026-08-29T02:16:12.842901+00:00
Standard Steel Product,furniture manufacturers,http://www.facebook.com/official.standardsteelproduct,02132218831,"C1 Panjrapore building Arambagh, Karachi, Sindh",https://www.businesslist.pk/company/248613/standard-steel-product,businesslist_pk,scrapy,furniture-manufacturers,2026-08-29T02:16:15.050249+00:00
HomeDéco Pakistan,furniture manufacturers,http://homedeco.pk,0336 8459730,"Phase 2 Ext., D.H.A., Karachi, Karachi, Sindh",https://www.businesslist.pk/company/243627/homedeco-pakistan,businesslist_pk,scrapy,furniture-manufacturers,2026-08-29T02:16:16.292471+00:00
Al Awal furniture and decors,furniture manufacturers,https://alawalfurniturekar.wixsite.com/alawalfurniture,+92 331 976 2995,"Express way to defence after IQRA university and BYCO petrol pump furniture market manzoor colony karachi, Karachi, Sindh",https://www.businesslist.pk/company/246432/al-awal-furniture-and-decors,businesslist_pk,scrapy,furniture-manufacturers,2026-08-29T02:16:17.999150+00:00
Urban Decor Furniture &amp; Interiors,furniture manufacturers,http://www.facebook.com/urbandecorideas,04237071970,"415-J3 Near Expo Center Opp Shell Johar Town Lahore, Lahore, Punjab",https://www.businesslist.pk/company/242731/urban-decor,businesslist_pk,scrapy,furniture-manufacturers,2026-08-29T02:16:20.046787+00:00
Montage Designbuild,furniture manufacturers,http://www.montagedesignbuild.com.pk,"0092 51 8356013, +923461888881","3A, STREET 70, F83, Islamabad, Islamabad, Islamabad Capital Territory",https://www.businesslist.pk/company/246290/montage-designbuild,businesslist_pk,scrapy,furniture-manufacturers,2026-08-29T02:16:22.152528+00:00
Shaukat Sons,furniture manufacturers,http://shaukatsons.pk,03215154740,"46 Golra Road Furniture Market Opposite CMT and SD Golra, Besides Audi and Inter-wood Islamabad., Islamabad, Islamabad Capital Territory",https://www.businesslist.pk/company/248434/shaukat-sons,businesslist_pk,scrapy,furniture-manufacturers,2026-08-29T02:16:23.962387+00:00
Watan Furnitures Gujrat,furniture manufacturers,http://www.watanfurnitures.com,03338444604,"Eid Ghah Road, Near Railway Line Gujrat, Gujrat, Punjab",https://www.businesslist.pk/company/250448/watan-furnitures-gujrat,businesslist_pk,scrapy,furniture-manufacturers,2026-08-29T02:16:25.686904+00:00
Pakistan Steel Furniture,furniture manufacturers,http://www.pakistansf.com,"052 3251970, +92 -21-9 9264222","A/2-3 , Small Industries Estate, Sialkot, Punjab",https://www.businesslist.pk/company/245761/pakistan-steel-furniture,businesslist_pk,scrapy,furniture-manufacturers,2026-08-29T02:16:27.603964+00:00
Palmiye Kocak Chair Furniture,furniture manufacturers,https://www.palmiyekocak.com,+ 92-51-2261175-6,"Aiwan-e-Sanat-o-Tijarat Road, Mauve Area, G-8/1, Islamabad, Islamabad Capital Territory",https://www.businesslist.pk/company/248529/palmiye-kocak-chair-furniture,businesslist_pk,scrapy,furniture-manufacturers,2026-08-29T02:16:29.821701+00:00
Vision Interior &amp; Furnitures,furniture manufacturers,http://www.vifurnitures.com,+92-213-5864910,"F-44, Samwood Shopping Mall, Commercial 06, Opposite Bilawal House, Clifton Block # 2, karachi 75600, Pakistan, Karachi, Sindh",https://www.businesslist.pk/company/243042/vision-interior-furnitures,businesslist_pk,scrapy,furniture-manufacturers,2026-08-29T02:16:32.084366+00:00
Beauty experts industry,furniture manufacturers,https://www.be-industry.com,92-52-4293454,"Street 4 Puran nagar, Sialkot, Punjab",https://www.businesslist.pk/company/251251/beauty-experts-industry,businesslist_pk,scrapy,furniture-manufacturers,2026-08-29T02:16:34.109786+00:00
Kiddys Kraft,furniture manufacturers,http://kiddyskraft.com,+923008415667,"E-608, Makkah Electric Market, Shah Alam Market, Lahore., Lahore, Punjab",https://www.businesslist.pk/company/247693/kiddys-kraft,businesslist_pk,scrapy,furniture-manufacturers,2026-08-29T02:16:36.225887+00:00
Room Decoration and Furniture Store in Pakistan,furniture manufacturers,https://www.homedecorators.pk/,03250334995,"Office#11, Allama Iqbal Town , Asif Block, Lahore, Lahore, Punjab",https://www.businesslist.pk/company/254606/room-decoration-and-furniture-store-in-pakistan,businesslist_pk,scrapy,furniture-manufacturers,2026-08-29T02:16:38.093180+00:00
Nida Trading,food manufacturing,http://www.nidatradings.com,+923324153354,"B-130 Block 6 Gulshan Iqbal , Karachi, Sindh",https://www.businesslist.pk/company/235065/nida-trading,businesslist_pk,scrapy,food-manufacturing,2026-08-29T02:16:40.429785+00:00
A&amp;Y FOOD INDUSTRIES PVT LTD Exporter - Pakistan,food manufacturing,http://www.ayfoodindustries.com,+92-21-35130863,"PLOT #1 SECTOR A-3, KEPZA, KARACHI PAKISTAN, Karachi 75150, Pakistan, Karachi, Sindh",https://www.businesslist.pk/company/249868/ay-food-industries-pvt-ltd-exporter-pakistan,businesslist_pk,scrapy,food-manufacturing,2026-08-29T02:16:42.357136+00:00
S F Sweets,food manufacturing,http://www.caringbridge.org/visit/sjfsweets/photos,0312432970,"Chungi Amarsidhu, Lahore, Punjab",https://www.businesslist.pk/company/241426/s-f-sweets,businesslist_pk,scrapy,food-manufacturing,2026-08-29T02:16:44.354945+00:00
Keto Camp,food manufacturing,http://www.ketocamp.pk,923321525403,"Girja chowk, Lahore, Lahore, Punjab",https://www.businesslist.pk/company/253428/keto-camp,businesslist_pk,scrapy,food-manufacturing,2026-08-29T02:16:45.851727+00:00
Asian Packs,food manufacturing,http://www.facebook.com/asian.packs,"03214110978,03244034904,03174096755","Near Babu Sabu Interchange, Bund Road, Lahore., Lahore, Punjab",https://www.businesslist.pk/company/250507/asian-packs,businesslist_pk,scrapy,food-manufacturing,2026-08-29T02:16:47.768789+00:00
Khawaja Rice Processors,food manufacturing,http://khawaja-rice.com/,"+92 - 42 - 37951252, +92 - 42 - 37951251","5 Km Narowal-Muridke Road, Muridke Sheikhupura, Punjab Pakistan, Shekhupura, Punjab",https://www.businesslist.pk/company/250970/khawaja-rice-processors,businesslist_pk,scrapy,food-manufacturing,2026-08-29T02:16:49.340294+00:00
La&#039; Nature Food &amp; Beverages,food manufacturing,http://www.thelanature.com,+923174007480,"Head Office: Building no 97 Block J3 Johar town Lahore, Lahore, Punjab",https://www.businesslist.pk/company/251605/la-nature-foodbeverages,businesslist_pk,scrapy,food-manufacturing,2026-08-29T02:16:51.459926+00:00
Pak Pure-line,food manufacturing,http://www.pakpureline.com,03029150061,"Umer Town, Jaranwala Road, Faisalabad., Faisalabad, Punjab",https://www.businesslist.pk/company/241319/marjan-pure-line-enterprises,businesslist_pk,scrapy,food-manufacturing,2026-08-29T02:16:53.334100+00:00
IJ FARM (SMC-PRIVATE) LIMITED,food manufacturing,http://ijfarmhouse.com,02134100556,"89 Dehkhanto Opp Lashari Goth Razzakabad Bin Qasim Town , Karachi, Sindh",https://www.businesslist.pk/company/245359/ij-farm-smc-private-limited,businesslist_pk,scrapy,food-manufacturing,2026-08-29T02:16:54.645761+00:00
"Pacific Production Co., ltd",food manufacturing,http://www.pacificproductionco.com,0837673980,413/41/3/9a levanquoi st Binhtan dist,https://www.businesslist.pk/company/244675/pacific-pacific-production-co-ltd,businesslist_pk,scrapy,food-manufacturing,2026-08-29T02:16:56.870220+00:00
Chachaa Daig Service,food manufacturing,https://chachaaa.com/product-category/daig-caterer/,03374666002,"C 84 Commerical Area Cavalry Ground Lahore Cantt, Lahore, Punjab",https://www.businesslist.pk/company/253007/chachaa-daig-service,businesslist_pk,scrapy,food-manufacturing,2026-08-29T02:16:58.579091+00:00
"Madina Dairy Equipment, Okara",food manufacturing,http://www.madinadairyequipments.com,0442525818,"9/4L Road near Bypas Canal Bridg, Okara, Okara, Punjab",https://www.businesslist.pk/company/247133/madina-dairy-equipment-okara,businesslist_pk,scrapy,food-manufacturing,2026-08-29T02:17:00.327455+00:00
Jannat Corporation,food manufacturing,http://www.jannat.pk,92 21 32413110,"2/25, Arkay Square, New Challi, Karachi, Sindh",https://www.businesslist.pk/company/197532/jannat-corporation,businesslist_pk,scrapy,food-manufacturing,2026-08-29T02:17:02.512737+00:00
Lemon Tree Pvt Ltd,food manufacturing,http://www.hai-wood.com,0622877376,"CA 369, Model Town A, Faiz Colony, Bahawalpur, Punjab",https://www.businesslist.pk/company/250356/lemon-tree-pvt-ltd,businesslist_pk,scrapy,food-manufacturing,2026-08-29T02:17:04.258137+00:00
CIAO Foods (Private) Limited,food manufacturing,http://www.ciaocheese.com,+92512321434,"Street # 01, Chak Shahzad, Islamabad, Islamabad Capital Territory",https://www.businesslist.pk/company/252759/ciao-foods-private-limited,businesslist_pk,scrapy,food-manufacturing,2026-08-29T02:17:06.456847+00:00
Dastgir Engineering,food manufacturing,,92 42 36665140,"12A Lahore road Saddar Lahore Cantt, Lahore, Punjab",https://www.businesslist.pk/company/241700/dastgir-engineering,businesslist_pk,scrapy,food-manufacturing,2026-08-29T02:17:08.129726+00:00
Homemade Food in Lahore,food manufacturing,https://www.homemadefood.online/,+923071122074,"College Road, Township, Lahore, (Near UMT university), Lahore, Punjab",https://www.businesslist.pk/company/251878/homemade-food-in-lahore,businesslist_pk,scrapy,food-manufacturing,2026-08-29T02:17:10.123228+00:00
Omega Enterprises,food manufacturing,http://www.oeseafood.com,021-32316657,"F-1 fish harbour west wharf karachi, Karachi, Sindh",https://www.businesslist.pk/company/245616/omega-enterprises,businesslist_pk,scrapy,food-manufacturing,2026-08-29T02:17:12.372943+00:00
SF Commodities,food manufacturing,http://www.sfcommodities.com,32143993,"1102, Uni Centre, I. I Chundrigar Road, Karachi, Sindh",https://www.businesslist.pk/company/242712/sf-commodities,businesslist_pk,scrapy,food-manufacturing,2026-08-29T02:17:13.912784+00:00
King Fabrics,textile,http://kingfabrics.com/,+923008481078,"Katar Band Road Street No 2, Fair Line Silk Factory Thoker Niaz Baig Off Multan Road, Lahore, Punjab",https://www.businesslist.pk/company/248697/king-fabrics,businesslist_pk,scrapy,textile,2026-08-29T02:17:15.380515+00:00
White Line Textile Ltd,textile,http://whitelinetextile.com,0418756554,"Faisalabad, Jhumra Road, St1 Shamshabad, Faisalabad, Punjab",https://www.businesslist.pk/company/254027/white-line-textile-ltd,businesslist_pk,scrapy,textile,2026-08-29T02:17:16.876117+00:00
Nadir Saidjan Textiles (Pvt) Ltd.,textile,http://www.nsjtextiles.com,0092-42-35272611,"34-Km Ferozepur Road, Lahore, Punjab",https://www.businesslist.pk/company/241214/nadir-saidjan-textiles-pvt-ltd,businesslist_pk,scrapy,textile,2026-08-29T02:17:18.811636+00:00
Mundia Export,textile,https://www.mundiaexport.com,+92-21-2585413,"A-14, Manghopir Road, S.I.T.E., Karachi – 75700 – Pakistan, Karachi, Sindh",https://www.businesslist.pk/company/251530/mundia-export,businesslist_pk,scrapy,textile,2026-08-29T02:17:20.816855+00:00
Urban Suiting Impex,textile,http://www.urbansuiting.com,+92526556032,"Ghuinke, 10 Km Daska Road, Sialkot, Punjab",https://www.businesslist.pk/company/247364/urban-suiting-impex,businesslist_pk,scrapy,textile,2026-08-29T02:17:22.423338+00:00
Magnus,textile,https://web.facebook.com/magnus.unit/,0092 3024006776,"Lahore, Lahore, Punjab",https://www.businesslist.pk/company/248280/magnus,businesslist_pk,scrapy,textile,2026-08-29T02:17:24.577845+00:00
AR Garments,textile,http://argarmentspk.com,04237312439,"3rd Madina Market, New Anarkali, Dhani ram road Lahore, Lahore, Punjab",https://www.businesslist.pk/company/243822/ar-garments,businesslist_pk,scrapy,textile,2026-08-29T02:17:26.645058+00:00
Glacier Fabrics,textile,http://www.glacierfabrics.com,"03121053373,03122696321","A7, Iqbal Cloth Market near new neham road Karachi, Karachi, Sindh",https://www.businesslist.pk/company/245246/glacier-fabrics,businesslist_pk,scrapy,textile,2026-08-29T02:17:28.738795+00:00
SAU Associates,textile,,0523611318,"11/175, Neka Pura, Sialkot, 51300, Pakistan, Sialkot, Punjab",https://www.businesslist.pk/company/130467/sau-associates,businesslist_pk,scrapy,textile,2026-08-29T02:17:30.797682+00:00
Esmail Towels &amp; Textiles,textile,http://www.esmailtowels.com,"02136411606, 02136411607","24/1, Sector 6A, North Karachi Industrial Area., Karachi, Sindh",https://www.businesslist.pk/company/243119/esmail-towels-textiles,businesslist_pk,scrapy,textile,2026-08-29T02:17:32.567818+00:00
Gultex Online,textile,https://gultexonline.com/,+92-304-6369959,"959 Tareen Rd, Mohalla Qadirabad, Multan, Punjab, Pakistan, Multan, Punjab",https://www.businesslist.pk/company/253844/gultex-online,businesslist_pk,scrapy,textile,2026-08-29T02:17:34.156654+00:00
Al-hasham Enterprises,textile,http://www.alhashament.com,0092412045810,"Haider House P-258/C Peoples Colony # 2 Faisalabad., Faisalabad, Punjab",https://www.businesslist.pk/company/240547/al-hasham-enterprises,businesslist_pk,scrapy,textile,2026-08-29T02:17:35.845310+00:00
512 International,textile,https://www.facebook.com/512-International-171703916630539/,0092524564477,"5 Al Noor Colony, Jammu Road, Sialkot, Punjab",https://www.businesslist.pk/company/244817/512-international,businesslist_pk,scrapy,textile,2026-08-29T02:17:37.318053+00:00
Shakarganj Food Products Limited (SFPL),textile,http://shakarganjfood.com,"+92 42 3578 3801-4, +92 42 111 111 765","10th Floor, BOP Tower 10-B, Block E-2, Main Boulevard Gulberg III, Lahore., Lahore, Punjab",https://www.businesslist.pk/company/241457/shakarganj-food-products-limited-sfpl,businesslist_pk,scrapy,textile,2026-08-29T02:17:38.843906+00:00
Brother Thread,textile,http://www.brotherthread.com/,+923212126942,"Plot # SD2/1, Block B North Nazimabad, Near Saima Bridge View Kaarchi (Pakistan), Karachi, Sindh",https://www.businesslist.pk/company/244816/brother-thread,businesslist_pk,scrapy,textile,2026-08-29T02:17:40.786564+00:00
Biker Wears,textile,http://www.bikerswears.com,0092523255849,"Moh:Tukki Wala Fateh Sialkot 51310. Pakistan, Sialkot, Punjab",https://www.businesslist.pk/company/241245/biker-wears,businesslist_pk,scrapy,textile,2026-08-29T02:17:42.874258+00:00
SAAF International,textile,http://www.saafinter.com,+92 41 8720105,"P- 575, Block A, Millat Town, Faisalabad, Faisalabad, Punjab",https://www.businesslist.pk/company/241941/saaf-international,businesslist_pk,scrapy,textile,2026-08-29T02:17:45.030604+00:00
FM Textile,textile,http://www.thefmtextile.com,(92-42) 35421026,"Ahbab colony, Multan Road, Lahore, Punjab",https://www.businesslist.pk/company/235332/fm-textile,businesslist_pk,scrapy,textile,2026-08-29T02:17:46.538546+00:00
Rehman Tex International,textile,http://www.rehmangrouppk.com,923006607431,"7 chack road samana Pull sargodha road, Faisalabad, Punjab",https://www.businesslist.pk/company/235199/faizan-shahzad-pvt-limited,businesslist_pk,scrapy,textile,2026-08-29T02:17:48.726992+00:00
Al-ghani International Terry Mills,textile,http://www.alghanitex.com,0092412435111,"216-BARA MUHAMMAD WALA 3-KM BY PASS JARANWALA ROAD FAISALABAD, Faisalabad, Punjab",https://www.businesslist.pk/company/251734/al-ghani-international-terry-mills,businesslist_pk,scrapy,textile,2026-08-29T02:17:49.950715+00:00
Fair Weighing (pvt) Ltd,industrial equipment,https://www.weighpak.com/,92-21-5210295,"609 PANORAMA CENTRE, FATIMA JINNAH ROAD, SADDAR, KARACHI-PAKISTAN., Karachi, Sindh",https://www.businesslist.pk/company/249295/fair-weighing-pvt-ltd,businesslist_pk,scrapy,industrial-equipment,2026-08-29T02:17:50.842587+00:00
Avery Pakistan Pvt Ltd,industrial equipment,,"+923002012316, 92 213 4825479","AR 16, Block 10 Gulshan e Iqbal Karachi, Karachi",https://www.businesslist.pk/company/258452/avery-pakistan-pvt-ltd,businesslist_pk,scrapy,industrial-equipment,2026-08-29T02:17:53.086707+00:00
Anz Traders Singapore,industrial equipment,,"6596225858, (092-42) 35831991","15 JALAN PINANG SINGAPORE 199147, Lahore",https://www.businesslist.pk/company/163490/anz-traders-singapore,businesslist_pk,scrapy,industrial-equipment,2026-08-29T02:17:54.242360+00:00
Pak Machinery,industrial equipment,http://www.pakmachinery.com,03332283898,"Suit # 33 &amp; 34 Gomal Higway Trade center Sohrab Goth Karachi, Karachi, Sindh",https://www.businesslist.pk/company/259005/pak-machinery,businesslist_pk,scrapy,industrial-equipment,2026-08-29T02:17:56.248202+00:00
AFNAN GEAR Manufacturers of Boxing,industrial equipment,http://www.afnangear.com,03328606035,"Building # 12/334 New Abadi Habib Pura Sialkot, Sialkot, Punjab",https://www.businesslist.pk/company/243433/afnan-gear-manufacturers-of-boxing,businesslist_pk,scrapy,industrial-equipment,2026-08-29T02:17:58.380242+00:00
Properdex International,industrial equipment,http://www.properdexshop.com,+16034035822,"Georgetown, Taxes",https://www.businesslist.pk/company/253395/properdex-international,businesslist_pk,scrapy,industrial-equipment,2026-08-29T02:18:00.133041+00:00
Sbestore:Electronic store in Pakistan,industrial equipment,https://www.sbestore.com/,+92-347-5273005,"Floor no.1, 1/26 Dingha Singh Building, Beadon Rd, Lahore، Lahore 54000, Lahore, Punjab",https://www.businesslist.pk/company/247449/sbestoreelectronic-store-in-pakistan,businesslist_pk,scrapy,industrial-equipment,2026-08-29T02:18:02.463011+00:00
Hi Tech Engineering Works,industrial equipment,http://www.hitechint.net,"03005899041, +92 (42) 36311881","CB 76 / 27, Near Sharif Hospital , GT Road Wah Cantt , Rawalpindi.i, Rawalpindi, Punjab",https://www.businesslist.pk/company/244232/hi-tech-engineering-works,businesslist_pk,scrapy,industrial-equipment,2026-08-29T02:18:04.685071+00:00
Diesel Generators For sale and Rent in Islamabad,industrial equipment,,+923335435090,"3rd Floor Al asghar Plaza main blue area, Islamabad",https://www.businesslist.pk/company/258632/diesel-generators-for-sale-and-rent-in-islamabad,businesslist_pk,scrapy,industrial-equipment,2026-08-29T02:18:06.315989+00:00
Tek Engineering Services,industrial equipment,http://www.tek.com.pk,03214645081,"Plot No. 171, Sundar Industrial Estate, Lahore, Punjab",https://www.businesslist.pk/company/241496/tek-engineering-services,businesslist_pk,scrapy,industrial-equipment,2026-08-29T02:18:08.310135+00:00
Vertex Electronics (Pvt.) Ltd.,industrial equipment,http://www.vertex.pk,032-35120190,"190/S, Q.I.E, Kot Lakhpat, Lahore., Lahore, Punjab",https://www.businesslist.pk/company/243468/vertex-electronics-pvt-ltd,businesslist_pk,scrapy,industrial-equipment,2026-08-29T02:18:09.997836+00:00
Kamadi Pakistan,industrial equipment,https://www.kamadi.pk,+923000526234,"A-40, Block C, P.R.E.C.H.S., Gulshan-e-Jamal, Karachi, Pakistan, Karachi",https://www.businesslist.pk/company/258859/kamadi-pakistan,businesslist_pk,scrapy,industrial-equipment,2026-08-29T02:18:12.036596+00:00
Ahsan Corporation,industrial equipment,https://ahsancorporation.com/,"+92 21 32416037, +92 213 2415992","3rd Floor, State Life building, 6 Muhammad Ali Jinnah Rd, Karachi, Khyber Pakhtunkhwa",https://www.businesslist.pk/company/249840/ahsan-corporation,businesslist_pk,scrapy,industrial-equipment,2026-08-29T02:18:13.864722+00:00
GD Energy,industrial equipment,http://www.tinyurl.com/GDEnergy,+923399102023,"main GT road 347-3D DAROGAWALLA LAHORE, Lahore",https://www.businesslist.pk/company/258650/gd-energy,businesslist_pk,scrapy,industrial-equipment,2026-08-29T02:18:15.487179+00:00
Multi-Task,industrial equipment,http://www.multitask.com.pk,00922136612888,"B-208, Hasrat Mohani Colony, Mangho Pir Road, Karachi-75700, Karachi, Sindh",https://www.businesslist.pk/company/245062/multi-task,businesslist_pk,scrapy,industrial-equipment,2026-08-29T02:18:17.824514+00:00
New Hyderi Traders,industrial equipment,https://www.facebook.com/profile.php?id=100086620570543&mibextid=9R9pXO,+92 314 4492442,"Shop 404 ,Opposite Haji Shah Dargah, Saddar Bohri Bazar, Hyderabad, Sindh, Hyderabad, Sindh",https://www.businesslist.pk/company/126721/new-hydri-traders,businesslist_pk,scrapy,industrial-equipment,2026-08-29T02:18:18.922299+00:00
Graphene industries,industrial equipment,,+92 306 1345448,"H# 342 (Lower Ground Floor).  Ravi Road,  G-8/2. Islamabad 44000 Pakistan., Islamabad",https://www.businesslist.pk/company/258376/graphene-industries,businesslist_pk,scrapy,industrial-equipment,2026-08-29T02:18:20.965075+00:00
S.s. Farooq Mechanical Industries,industrial equipment,https://www.facebook.com/ssfarooq,+92 300 6417722,"Liaquat Rd, near Islamia College Road, Garjakh, 52250, Gujranwala, Punjab",https://www.businesslist.pk/company/195299/ss-farooq-mechanical-industries,businesslist_pk,scrapy,industrial-equipment,2026-08-29T02:18:21.878184+00:00
Moss Electrical Conduit Pipe &amp; Fittings,industrial equipment,,+923322363784,"LF-32, Landhi Industrial Area, 74900, Karachi., Karachi",https://www.businesslist.pk/company/258855/moss-electrical-conduit-pipefittings,businesslist_pk,scrapy,industrial-equipment,2026-08-29T02:18:23.227211+00:00
Edge Kitchens &amp; Cabinetry,furniture manufacturers,https://edgekitchens.ca/Home,+92 321 9461610,"510-511 J Block, Gulshan-e-Ravi, Bund Road, Lahore, Punjab",https://www.businesslist.pk/company/235417/edge-kitchenscabinetry,businesslist_pk,scrapy,furniture-manufacturers,2026-08-29T02:18:24.682817+00:00
Khawajas.pk,furniture manufacturers,http://www.khawajas.pk,923217451111,"9/293 circuler road,rangpura, wasi shaheedan, Sialkot, Punjab",https://www.businesslist.pk/company/242327/khawajaspk,businesslist_pk,scrapy,furniture-manufacturers,2026-08-29T02:18:26.546643+00:00
Waseeh Online Store,furniture manufacturers,https://www.waseeh.com/,+92 320 1111782,"Hall No 2, opposite to House # 58, Block B OPF Housing Scheme, Lahore, Pakistan, Lahore, Punjab",https://www.businesslist.pk/company/259014/waseeh-online-store,businesslist_pk,scrapy,furniture-manufacturers,2026-08-29T02:18:28.238886+00:00
Leather Galleria,furniture manufacturers,https://www.leathergalleria.pk/,+92 339 4089453,"22 Fairways Commercial Phase – 6 DHA Raya Lahore., Lahore",https://www.businesslist.pk/company/258922/leather-galleria,businesslist_pk,scrapy,furniture-manufacturers,2026-08-29T02:18:29.777832+00:00
Minewoods,furniture manufacturers,,+92 320 4413983,"Opposite to shezan factory, multan road,lahore, Lahore",https://www.businesslist.pk/company/258789/minewoods,businesslist_pk,scrapy,furniture-manufacturers,2026-08-29T02:18:31.464516+00:00
Mehboob Interior,furniture manufacturers,,+923166300000,"House # 300, H-2, Johar Town, Lahore, Lahore",https://www.businesslist.pk/company/258612/mehboob-interior,businesslist_pk,scrapy,furniture-manufacturers,2026-08-29T02:18:32.441595+00:00
FINK,furniture manufacturers,,"+923112003000,+923322550918","Nishat Commercial DHA phase 6, Karachi",https://www.businesslist.pk/company/258654/fink,businesslist_pk,scrapy,furniture-manufacturers,2026-08-29T02:18:34.461923+00:00
MR Pvc Vanity Manufacturer,furniture manufacturers,https://www.facebook.com/MR.PVC.VANITY.MANUFACTURER?mibextid=kFxxJD,+923178400269,"Thoker Niaz Baig Multan Road Lahore , Lahore",https://www.businesslist.pk/company/258397/mr-pvc-vanity-manufacturer,businesslist_pk,scrapy,furniture-manufacturers,2026-08-29T02:18:36.511329+00:00
Luxury Homes,furniture manufacturers,http://www.rosewood.com.pk,+922135879262,"6/c, 36th Street, Tauheed Commercial, Phase 5, DHA. (next to Sabs Salon), Karachi, Sindh",https://www.businesslist.pk/company/123202/seasons-of-forest-furniture,businesslist_pk,scrapy,furniture-manufacturers,2026-08-29T02:18:37.836000+00:00
Crafted Furniture,furniture manufacturers,https://craftedfurniture.pk/,03051044994,"33 F Main Market Gulberg, Lahore, Punjab",https://www.businesslist.pk/company/252761/crafted-furniture,businesslist_pk,scrapy,furniture-manufacturers,2026-08-29T02:18:39.975346+00:00
Defence Industries,furniture manufacturers,https://www.defencegarments.com,"+923256382756,+923006137553","FGFF+QX7, Hajipura, Sialkot, Punjab 51310, Pakistan, Sialkot",https://www.businesslist.pk/company/257697/defence-industries,businesslist_pk,scrapy,furniture-manufacturers,2026-08-29T02:18:41.626139+00:00
Home Desire Furniture,furniture manufacturers,http://www.ssempresa.com,042-35973223,"1st. Floor Saeed Mansion 180-F Ferozpur Road., Lahore, Punjab",https://www.businesslist.pk/company/241155/home-desire-furniture,businesslist_pk,scrapy,furniture-manufacturers,2026-08-29T02:18:43.116708+00:00
First Floor Office World,furniture manufacturers,http://www.firstfloor.com.pk,021-35304261-3 (03 lines),"20-C, Touheed Commercial Area, main 26th Street, Phase 5, DHA., Karachi, Sindh",https://www.businesslist.pk/company/245387/first-floor-office-world,businesslist_pk,scrapy,furniture-manufacturers,2026-08-29T02:18:44.622884+00:00
KC Interiors,furniture manufacturers,http://www.kcinterior.net,02136646850,"16 Hanif Centre, Block-B, North Nazimabad, Karachi, Karachi, Sindh",https://www.businesslist.pk/company/245508/kc-interiors,businesslist_pk,scrapy,furniture-manufacturers,2026-08-29T02:18:46.539486+00:00
Alpial Furniture,furniture manufacturers,http://www.alpialfurniture.com,+923145556659,"Minar Road, Lala Rukh, Wah, Wah Cantonment, Punjab",https://www.businesslist.pk/company/249312/alpial-furniture,businesslist_pk,scrapy,furniture-manufacturers,2026-08-29T02:18:48.362088+00:00
Z Galleria,furniture manufacturers,https://zeegalleria.com/,+923104790949,"12-J Gulberg-III, Lahore, Lahore",https://www.businesslist.pk/company/258636/z-galleria-furnitures,businesslist_pk,scrapy,furniture-manufacturers,2026-08-29T02:18:50.419314+00:00
Facility Management Associates,furniture manufacturers,http://www.facilitymanagementassociates.com,04237330871,"110 R Lalik Chowk Phase 2 DHA Lahore, Lahore, Punjab",https://www.businesslist.pk/company/241837/facility-management-associates,businesslist_pk,scrapy,furniture-manufacturers,2026-08-29T02:18:51.671090+00:00
Penterwood,furniture manufacturers,https://www.penterwood.com,+923369454114,"Street 49, Shop 5, Bilal Market, E-11/4, Islamabad, Islamabad",https://www.businesslist.pk/company/258965/penterwood,businesslist_pk,scrapy,furniture-manufacturers,2026-08-29T02:18:53.987108+00:00
Hayat Galleria,furniture manufacturers,http://hayatgalleria.com/,03008307509,"Sifwat Ghayur road univeristy town, Peshawar, Khyber Pakhtunkhwa",https://www.businesslist.pk/company/241689/hayat-galleria,businesslist_pk,scrapy,furniture-manufacturers,2026-08-29T02:18:56.219528+00:00
Maf International,furniture manufacturers,http://www.mafintl.com,00924235965697,"16 A Zaheer Avenue , Military Accounts , College Road Lahore, Lahore, Punjab",https://www.businesslist.pk/company/246483/maf-international,businesslist_pk,scrapy,furniture-manufacturers,2026-08-29T02:18:57.550245+00:00
Suzhou Huilide Machine Co Ltd,food manufacturing,http://www.hldmachine.com,8651280813856,"No. 555,Beiling Rd.,Beiqiao,Xiangcheng,Suzhou,China, Gujrat, Azad Jammu Kashmir",https://www.businesslist.pk/company/197427/fengqi-industry-co-ltd,businesslist_pk,scrapy,food-manufacturing,2026-08-29T02:19:00.105439+00:00
Ahmad Usman Enterprises Private Limited,food manufacturing,https://aue.com.pk,+92 323 4151727,"Plot # 208, 209, Block A 1 China Scheme, Lahore, Punjab",https://www.businesslist.pk/company/253286/ahmad-usman-enterprises-private-limited,businesslist_pk,scrapy,food-manufacturing,2026-08-29T02:19:02.226327+00:00
W K Food Industries,food manufacturing,https://wkfis.com.pk,+923338822939,"Suit #14 KDA Offices, Block &quot;A&quot; North Nazimabad, Karachi",https://www.businesslist.pk/company/258663/w-k-food-industries,businesslist_pk,scrapy,food-manufacturing,2026-08-29T02:19:03.590719+00:00
Ayan Citrus (private) Limited,food manufacturing,http://www.ayancitrus.com,+92 48 3720009,"House No# 96-98 Block No J Istaqlal Abad Colony Sargodha, Pakistan Post Code 40100, Sargodha, Punjab",https://www.businesslist.pk/company/240161/ayancitrus-private-limited,businesslist_pk,scrapy,food-manufacturing,2026-08-29T02:19:04.592767+00:00
Amna Packages,food manufacturing,https://www.amnapackages.com.pk/,+923240427193,"Plot B-273, Sector 6-F, Mehran Town, Near Korangi License Branch, Karachi., Karachi, Sindh",https://www.businesslist.pk/company/258271/amnapackages,businesslist_pk,scrapy,food-manufacturing,2026-08-29T02:19:06.658587+00:00
Haaniya Sauces and Foods Pvt Ltd,food manufacturing,,+923233666448,"Khyber Block Iqbal Town Lahore, Lahore",https://www.businesslist.pk/company/258800/haaniya-sauces-and-foods-pvt-ltd,businesslist_pk,scrapy,food-manufacturing,2026-08-29T02:19:08.846024+00:00
World Tech Machinery (Pvt) Ltd.,food manufacturing,,+92-321-8461706,"Plot No.641, Gate No.1, Sunder Industrial Estate,, Lahore, Punjab",https://www.businesslist.pk/company/127147/world-tech-machinery-pvt-ltd,businesslist_pk,scrapy,food-manufacturing,2026-08-29T02:19:10.903020+00:00
Bunny&#039;s (pvt) Ltd.,food manufacturing,http://bunnys.com.pk/,"+92 42 111 44 2222 , +92 42 35117672","105/A, Quaid-e-Azam Industrial Estate, Kot Lakhpat, Lahore, Punjab",https://www.businesslist.pk/company/108954/bunnys-pvt-ltd,businesslist_pk,scrapy,food-manufacturing,2026-08-29T02:19:12.789579+00:00
Hima Salt &amp; Foods,food manufacturing,http://himasaltnfoods.com,+923008244433,"Office R-625, Dastagir, F.B Area , Block 15, Karachi, Pakistan, Karachi",https://www.businesslist.pk/company/258527/hima-saltfoods,businesslist_pk,scrapy,food-manufacturing,2026-08-29T02:19:14.974308+00:00
Epets.pk,food manufacturing,,+923134145165,"Lahore City, Pakistan, Lahore",https://www.businesslist.pk/company/258849/epetspk,businesslist_pk,scrapy,food-manufacturing,2026-08-29T02:19:16.557998+00:00
Brilliant Management system,food manufacturing,http://www.bmspk.org/,+92-21-34551799,"Suite No. S-9, 2nd Floor, Zain Mall, Tariq Road, Block 2, PECHS, Karachi., Karachi, Sindh",https://www.businesslist.pk/company/241142/brilliant-management-system,businesslist_pk,scrapy,food-manufacturing,2026-08-29T02:19:18.637228+00:00
Marvi Trade Links (MTL),food manufacturing,http://mtlgroup.wixsite.com/marvitradelinks,03213111366,"Plot No. RB 11 / 16, Ashfaq-un-Nisa Manzil, Line no.1, Ratan Talaw, Near Urdu Bazaar, Karachi, 74200, Pakistan., Karachi, Sindh",https://www.businesslist.pk/company/249246/marvi-trade-links-mtl,businesslist_pk,scrapy,food-manufacturing,2026-08-29T02:19:20.243748+00:00
Al Khair Plastics,food manufacturing,https://www.facebook.com/alkhairplastics/,"+923321136703, +92 -42-111-111-043","Plot 196, Sector 24 Korangi Industrial Area, Karachi, Sindh",https://www.businesslist.pk/company/241673/al-khair-plastics,businesslist_pk,scrapy,food-manufacturing,2026-08-29T02:19:22.296538+00:00
Love Cooppa Food Products,food manufacturing,,+923211005607,"Kacha Eimnabad Road, Shadman Colony, Gujranwala. , Gujranwala",https://www.businesslist.pk/company/258365/love-cooppa-food-products,businesslist_pk,scrapy,food-manufacturing,2026-08-29T02:19:23.909877+00:00
Puro Food,food manufacturing,https://www.puro.pk,+92 3 111 636 111,"156 / M-Block Johar Town Lahore, Pakistan, Lahore, Punjab",https://www.businesslist.pk/company/249114/puro-food,businesslist_pk,scrapy,food-manufacturing,2026-08-29T02:19:25.337011+00:00
Himalayan Salt Group,food manufacturing,,+923417979790,"Gulshan-e-Kaneez Fatma, Scheme#33, Postal Code 75300, Karachi, Sindh, Pakistan, Karachi",https://www.businesslist.pk/company/258400/himalayan-salt-group,businesslist_pk,scrapy,food-manufacturing,2026-08-29T02:19:26.772313+00:00
CRISpyNest Foods.,food manufacturing,https://CrispyNastFood.com.pk,+92 3348000289,"Khuwaja Gunj Bazar ,Sikandari Road , Mardan Kpk, Mardan, Khyber Pakhtunkhwa",https://www.businesslist.pk/company/257923/jailani-traders,businesslist_pk,scrapy,food-manufacturing,2026-08-29T02:19:28.382465+00:00
Abbas Fumigation,food manufacturing,http://www.abbasfumigation.webs.com,03002543136,"47, 17/2 Defence View Appartments, Near Iqra University, Defence View, Karachi, Sindh",https://www.businesslist.pk/company/243512/abbas-fumigation,businesslist_pk,scrapy,food-manufacturing,2026-08-29T02:19:30.385509+00:00
Adwork Offset Printing Press,food manufacturing,,+92 321 9222014,"Plot No. C-31, Block 4, K.A.E.C.H.S, Karachi, Pakistan, Karachi, Sindh",https://www.businesslist.pk/company/242216/adwork-offset-printing-press,businesslist_pk,scrapy,food-manufacturing,2026-08-29T02:19:32.559964+00:00
Dcan  Company,food manufacturing,,+923333490199,"Gulshan Iqbal block 3 Kda market Karachi, Sindh, Pakistan-74500, Karachi",https://www.businesslist.pk/company/258877/dcan-company,businesslist_pk,scrapy,food-manufacturing,2026-08-29T02:19:34.144146+00:00
(NCMP) New Century Metal Products,textile,http://facebook.com/NewCenturyMetalProducts,+923412616488,"Karachi, Karachi, Sindh",https://www.businesslist.pk/company/243234/new-century-metal-products,businesslist_pk,scrapy,textile,2026-08-29T02:19:35.302075+00:00
Self Industry,textile,http://selfsportsind.com,+923446060799,"new abadi sunyara wall pul sialkot, Sialkot, Punjab",https://www.businesslist.pk/company/252646/self-industry,businesslist_pk,scrapy,textile,2026-08-29T02:19:37.334210+00:00
FastLeather.PK,textile,http://fastleather.pk/,0317 0305053,"F-22, Ellahi Shopping Center, Meer Karam Ali Talpur Road Saddar، Karachi 74400, Karachi, Sindh",https://www.businesslist.pk/company/245439/fastleatherpk,businesslist_pk,scrapy,textile,2026-08-29T02:19:38.867613+00:00
Radyes Trading Company,textile,http://www.radyes.com,"+92-42-35210662 , 35210663","1.1 km off defence road, Rohi Nala Rd, adjacent The global care company, Lahore, Punjab",https://www.businesslist.pk/company/221946/radyes-trading-company,businesslist_pk,scrapy,textile,2026-08-29T02:19:40.676437+00:00
MK Textile Corp,textile,https://mktextilecorp.com/,+923330552203,"A-15/D-1 SITE INDUSTRIAL AREA Karachi West ,Sindh Pakistan , Karachi",https://www.businesslist.pk/company/258806/mk-textile-corp,businesslist_pk,scrapy,textile,2026-08-29T02:19:42.873695+00:00
Kamal Traders Medical Equipment&#039;s,textile,http://kamallimited.com/,"03036781474, +92 42 37186471","Raiwind Road, Lahore, Lahore, Punjab",https://www.businesslist.pk/company/243855/al-aziz-importex-global,businesslist_pk,scrapy,textile,2026-08-29T02:19:44.141696+00:00
BELPAK - Furious Gear,textile,http://www.belpak.com.pk,92-52-6948104,"Haadi Town, Defence Road, Sialkot, Punjab",https://www.businesslist.pk/company/234908/belpak-international,businesslist_pk,scrapy,textile,2026-08-29T02:19:46.102623+00:00
Khan International Textiles,textile,http://www.textilesexporterpakistan.com,923336116598,"Thermal Power Road bilal Nager colony, Multan, Punjab",https://www.businesslist.pk/company/235610/khan-international-textiles,businesslist_pk,scrapy,textile,2026-08-29T02:19:47.788461+00:00
F.M TEXTILE- socks unit,textile,http://www.fmtextile.com.pk,+924235297651,"Plot#106,Sundar Industrial Estate Raiwind, Lahore, Punjab",https://www.businesslist.pk/company/241834/fm-textile,businesslist_pk,scrapy,textile,2026-08-29T02:19:49.800896+00:00
Ali Textiles Multan,textile,http://www.alitextiles.com,03217300174,"sharif pura b aziz colony stree 2 multan pakistan, aziz colony stree 2 multan pakistan, Multan, Punjab",https://www.businesslist.pk/company/252011/ali-textiles-multan,businesslist_pk,scrapy,textile,2026-08-29T02:19:52.097167+00:00
Orbis Impex,textile,http://www.orbisimpex.com,00923214541509,"Korangi Industrial Area , Karachi, Sindh",https://www.businesslist.pk/company/248336/orbis-impex,businesslist_pk,scrapy,textile,2026-08-29T02:19:54.049091+00:00
Garments Experts,textile,http://www.garmentsexperts.com,0092 52 3574650,"MOHALLAH REHMAN PURA RANA MAJEED STREET FATEH GARH, Sialkot, Punjab",https://www.businesslist.pk/company/240993/garments-experts,businesslist_pk,scrapy,textile,2026-08-29T02:19:55.659902+00:00
AL Farooq Enterprises,textile,http://www.alfarooqenterprises.com,+92-49-2761572," Chiragh Shah Town, Punjab, Kasur, Punjab",https://www.businesslist.pk/company/131483/al-farooq-enterprises,businesslist_pk,scrapy,textile,2026-08-29T02:19:57.697124+00:00
Best Textile Industries,textile,https://www.besttextileindustries.com/,+92 300 7592208,"Street No. 2, Near Nawaz Sharif Chowk, Ansar Colony, Multan, Punjab",https://www.businesslist.pk/company/252752/best-textile-industries,businesslist_pk,scrapy,textile,2026-08-29T02:19:58.992905+00:00
AM International,textile,http://www.am92-intl.com,+92523252111,"Noor Pura Khadim Ali Road Street Hakeem Khadim Ali, Sialkot, Punjab",https://www.businesslist.pk/company/242774/am-international,businesslist_pk,scrapy,textile,2026-08-29T02:20:01.367161+00:00
New Madina Colours,textile,https://newmadinacolours.com/,+92 321 1044538,"20 km main Ferozpur road, near Dullukhurd  metro Station, Asif town, Lahore, Punjab",https://www.businesslist.pk/company/259010/new-madina-colours,businesslist_pk,scrapy,textile,2026-08-29T02:20:03.153140+00:00
BizShip,textile,http://bizship.com,+92 300 965 4787,"46 Off Raiwind Road, Lahore, Punjab",https://www.businesslist.pk/company/248003/bizship,businesslist_pk,scrapy,textile,2026-08-29T02:20:04.907458+00:00
Naseem Silk Mills,textile,http://nascosilk@gmail.com,0344-3600800,"Sector 27, Korangi Industrial Area, Karachi, Karachi, Sindh",https://www.businesslist.pk/company/241368/naseem-silk-mills,businesslist_pk,scrapy,textile,2026-08-29T02:20:06.699056+00:00
Sami Rags Enterprises,textile,,+923492028164,"PLOT NO. C.I - 376 SECTOR 16-B NORTH KARACHI INDUSTRIAL AREA KARACHI PAKISTAN, Karachi, Sindh",https://www.businesslist.pk/company/246661/sami-rags-enterprises,businesslist_pk,scrapy,textile,2026-08-29T02:20:08.064072+00:00
Sasti Property,estate agents,http://www.sastipro.pk/,0512544438,"G-15 Markz, Kashmir Housing Society, Islamabad, Islamabad Capital Territory",https://www.businesslist.pk/company/245288/sastipropertypkgmailcom,businesslist_pk,scrapy,estate-agents,2026-08-29T02:20:44.689222+00:00
Winston Mall,estate agents,https://winstonmall.com/,+92-311-1777440," Plot 5 Streer 39, Sector B-17 Block C Multi Gardens B-17, Islamabad, Rawalpindi, Islamabad Capital Territory 44000, Pakistan, Islamabad, Islamabad Capital Territory",https://www.businesslist.pk/company/254473/winston-mall,businesslist_pk,scrapy,estate-agents,2026-08-29T02:20:46.902733+00:00
Land Marketing,realtors,https://landmarketing.com.pk/,+923325130005,"5th Floor, Buland Markaz, Block A, Jinnah Avenue, D-Chowk, Blue Area, Islamabad, Islamabad, Islamabad Capital Territory",https://www.businesslist.pk/company/254229/land-marketing,businesslist_pk,scrapy,realtors,2026-08-29T02:20:48.875858+00:00
AL Huda Builders Ltd,property development,http://al-hudabuilders.com.pk/,+9251111263264,"Office 3 &amp; 4, 1st Floor , Galaxy Arcade ,G-11 Markaz, Islamabad, Islamabad Capital Territory",https://www.businesslist.pk/company/243275/al-huda-builders-ltd,businesslist_pk,scrapy,property-development,2026-08-29T02:20:50.966599+00:00
Waris,construction services,http://www.waris.pk/,"0512305807, +92-300-6405778","Office # 105, First Floor, Madina Arcade, Street # 110, G-13/1, Islamabad, Islamabad Capital Territory",https://www.businesslist.pk/company/248007/waris,businesslist_pk,scrapy,construction-services,2026-08-29T02:20:53.224189+00:00
Azhar Builders &amp; Real Estate,construction services,http://azharbuilders.com/,042-35340859,"835 F Jubliee Town, Lahore, Punjab",https://www.businesslist.pk/company/243727/azhar-buildersreal-estate,businesslist_pk,scrapy,construction-services,2026-08-29T02:20:55.283494+00:00
Qidwai Associates Pakistan,construction services,https://www.qidwaiassociates.com.pk/,+92-342-6813131,"Office#10, Sialvi Market, Shalimar Link Road, Lahore, Lahore, Punjab",https://www.businesslist.pk/company/247299/qidwai-associates-pakistan,businesslist_pk,scrapy,construction-services,2026-08-29T02:20:56.650096+00:00
Doorstep Services,construction services,http://www.dsspak.pk,03234774396,"3/2A Main Gulburg Ayesha Siddiqa Road, Lahore, Pakistan., Lahore, Punjab",https://www.businesslist.pk/company/248946/doorstep-services,businesslist_pk,scrapy,construction-services,2026-08-29T02:20:58.621619+00:00
Elite Constructions,construction services,http://www.eliteconstructions.pk,03007010300,"Square Commercial Area Bahria Town, Islamabad Capital Territory",https://www.businesslist.pk/company/251988/elite-constructions,businesslist_pk,scrapy,construction-services,2026-08-29T02:21:00.653361+00:00
First City Associates,construction services,http://firstcityassociates.com,042354552917,"9/B-1 Main Boulevard Pia Housing Society Lahore, Lahore, Punjab",https://www.businesslist.pk/company/249573/first-city-associates,businesslist_pk,scrapy,construction-services,2026-08-29T02:21:02.583861+00:00
Baigs Decor,construction services,http://www.baigsdecor.com,04235968789,"PCSIR (Staff), Ameer Chowk, College Road, Lahore, Punjab",https://www.businesslist.pk/company/244955/baigs-decor,businesslist_pk,scrapy,construction-services,2026-08-29T02:21:04.309372+00:00
GEMCON Engineering Pvt. Ltd,construction services,http://www.gemconengineering.com,+92-51-5750474,"Office#56, Ismail Jee Market, Jinnah Road Rawalpindi, Rawalpindi, Islamabad Capital Territory",https://www.businesslist.pk/company/251415/gemcon-engineering-pvt-ltd,businesslist_pk,scrapy,construction-services,2026-08-29T02:21:06.170221+00:00
Mughal Archit Studio,construction services,,03128587781,"KHADIM ALI ROAD NEAR KHAWAJA FAZAL CENTER , SIALKOT, Sialkot, Punjab",https://www.businesslist.pk/company/254628/mughal-archit-studio,businesslist_pk,scrapy,construction-services,2026-08-29T02:21:08.399728+00:00
The Wow Architects,construction services,http://www.thewowarchitects.com/,+923315123713`,"Apartment 6, Block 6, 2nd floor, PHA 1, Hanna Road, G-8/4 , Islamabad, Islamabad Capital Territory",https://www.businesslist.pk/company/243880/the-wow-architects,businesslist_pk,scrapy,construction-services,2026-08-29T02:21:10.352010+00:00
Buildzup,construction services,http://www.buildzup.com/,0321-1011118,"MA Dolla Trade Center 80 Feet Road  Marghzar Colony Multan Road Lahore, Lahore, Punjab",https://www.businesslist.pk/company/245368/buildzup,businesslist_pk,scrapy,construction-services,2026-08-29T02:21:12.482653+00:00
"SARN Consulting, Inc.",construction services,http://sarnconsulting.com,03370646536,"G-11, Markaz, Islamabad, Islamabad Capital Territory",https://www.businesslist.pk/company/244637/sarn-consulting-inc,businesslist_pk,scrapy,construction-services,2026-08-29T02:21:14.577467+00:00
Golden Jubilee Enterprises (Pvt) Ltd.,construction services,http://www.gje.com.pk,0512155084,"E11/1 street 92, Islamabad, Islamabad Capital Territory",https://www.businesslist.pk/company/251823/golden-jubilee-enterprises-pvt-ltd,businesslist_pk,scrapy,construction-services,2026-08-29T02:21:16.803444+00:00
Ozone Construction &amp; Technologies,construction services,http://www.facebook.com/ozonepk1,,"AUTOBHAN ROAD LATIFABAD, Hyderabad, Sindh",https://www.businesslist.pk/company/197680/ozone-constructiontechnologies,businesslist_pk,scrapy,construction-services,2026-08-29T02:21:18.340841+00:00
Blue Line Fiberglass,construction services,http://www.bluelinefiberglass.com/,03453329556,"7B, Westland Trade Center, Shahra-e-Faisal, Karachi, Sindh",https://www.businesslist.pk/company/247313/blue-line-fiberglass,businesslist_pk,scrapy,construction-services,2026-08-29T02:21:19.989744+00:00
Glorious Builders,construction services,http://www.gloriousbuilders.com,03239999450,"3-B Jinnah Ave, Sector C Commercial, Bahria Town, Lahore, Punjab",https://www.businesslist.pk/company/250432/glorious-builders,businesslist_pk,scrapy,construction-services,2026-08-29T02:21:22.094193+00:00
Shaheen Construction,construction services,http://www.shaheenconstruction.ltd,03445155963,"216.B Akbar Colony Near Satellite Town, Bahawalpur, Punjab",https://www.businesslist.pk/company/243443/shaheen-construction,businesslist_pk,scrapy,construction-services,2026-08-29T02:21:23.998950+00:00
Zarorat.com,property development,http://www.zarorat.com/,042-35174488-9,"15-B Saadat Street E Block, Johar Town, Lahore, Punjab",https://www.businesslist.pk/company/247770/zaroratcom,businesslist_pk,scrapy,property-development,2026-08-29T02:21:26.008410+00:00
B&amp;H International (Pvt) Ltd.,property development,,9221-4984014 / 4984012 / 4984016 / 4984026,"B &amp; H House, Block-15 Main University Road, Sindh, Karachi, Sindh",https://www.businesslist.pk/company/107594/bh-international-pvt-ltd,businesslist_pk,scrapy,property-development,2026-08-29T02:21:27.929090+00:00
AQ Builders &amp; Developers,property development,https://abulqasim.pk/,+923322334933,"Main jinnah avenue of Bahria Town Karachi, Karachi",https://www.businesslist.pk/company/257740/aq-buildersdevelopers,businesslist_pk,scrapy,property-development,2026-08-29T02:21:29.683435+00:00
Dolmen Group,property development,https://www.dolmengroup.com,+92 21 3529 6062--4,"Dolmen City, HC-3, sea view road, Marine Promenade, Karachi, Karachi",https://www.businesslist.pk/company/257170/dolmen-group,businesslist_pk,scrapy,property-development,2026-08-29T02:21:31.021609+00:00
Mahkat,property development,,0512813118,"Suit 01.ground floor.green tower.blue area, Islamabad, Islamabad Capital Territory",https://www.businesslist.pk/company/243053/mahkat,businesslist_pk,scrapy,property-development,2026-08-29T02:21:32.912200+00:00
V3 Marketing Online,property development,http://v3marketingonline.com/,+92 42 111 111 610," 434, First Floor, Abdul Haq Road, Block-G1, Johar Town Lahore, Pakistan, Lahore, Punjab",https://www.businesslist.pk/company/252140/v3-marketing-online,businesslist_pk,scrapy,property-development,2026-08-29T02:21:34.691646+00:00
Triple-M Group Of Industries,property development,https://triplemgoi.com,+92 301 786 21 14,"W Canal Rd, Raza Town, Faisalabad, Punjab 38000, Faisalabad",https://www.businesslist.pk/company/255850/triple-m-group-of-industries,businesslist_pk,scrapy,property-development,2026-08-29T02:21:35.994608+00:00
Lahore Fortress Apartment Homes,property development,http://www.lahorefortress.com,042-32500333,"Lahore Fortress Apartment Homes at Maryam Town Near Bahria Orchard Main Raiwind Road Lahore., Lahore, Punjab",https://www.businesslist.pk/company/247948/lahore-fortress-apartment-homes,businesslist_pk,scrapy,property-development,2026-08-29T02:21:37.225318+00:00
White Pearl Thermopore,property development,,055 4808160,"Sanat Road Gujranwala, Gujranwala, Punjab",https://www.businesslist.pk/company/242159/white-pearl-thermopore,businesslist_pk,scrapy,property-development,2026-08-29T02:21:39.431370+00:00
Saeban Builders,property development,,92-51-5879475,"Office No F-7 first flour Arshad Shreef Plaza G-11 Markaz, Islamabad, Islamabad, Islamabad Capital Territory",https://www.businesslist.pk/company/242443/saeban-builders,businesslist_pk,scrapy,property-development,2026-08-29T02:21:41.716961+00:00
Zakod.com,property development,http://www.zakod.com,(+92) 42 3569 4456,"126 CCA, Sector-DD, Phase 4, DHA, Lahore, Punjab",https://www.businesslist.pk/company/240787/zakodcom,businesslist_pk,scrapy,property-development,2026-08-29T02:21:43.550102+00:00
Premier Choice,property development,https://www.premierchoiceint.com,+92 051 8738545,"Greenvalley, Second Floor, 4 Theme Park Avenue Springs North Bahria Town Phase 7, After, Bahria Town Intellectual Village, Islamabad, Rawalpindi, Islamabad Capital Territory 46000, Islamabad",https://www.businesslist.pk/company/256571/premier-choice,businesslist_pk,scrapy,property-development,2026-08-29T02:21:45.484356+00:00
Berq Properties,property development,,"+923215203455, +92 314 5358938","Bahria Town Phase 8, Rawalpindi, Rawalpindi, Punjab",https://www.businesslist.pk/company/245393/berq-properties,businesslist_pk,scrapy,property-development,2026-08-29T02:21:46.864581+00:00
Zarorat.com,property development,http://www.zarorat.com/,042-35174488-9,"zarorat.com, Lahore, Punjab",https://www.businesslist.pk/company/247397/zaroratcom,businesslist_pk,scrapy,property-development,2026-08-29T02:21:48.950455+00:00
Edwags Architecture and Interior Designers,property development,,04237135532,"Plaza No.280, Block MB, DHA Phase 6, Lahore, Lahore, Punjab",https://www.businesslist.pk/company/251557/edwags-architecture-and-interior-designers,businesslist_pk,scrapy,property-development,2026-08-29T02:21:50.861084+00:00
Architect Ahsan,property development,,03137199853,"p-14 first floor Al fatah plaza opposite muncipal library Faisalabad, Faisalabad, Punjab",https://www.businesslist.pk/company/247774/architect-ahsan,businesslist_pk,scrapy,property-development,2026-08-29T02:21:53.031709+00:00
Sahara City Housing Scheme in Pakpattan,property development,,04237167455,"4KM from Jamal Chowk, 8KM from Sahiwal Road, Pakistan, Islamabad, Pakpattan, Punjab",https://www.businesslist.pk/company/247629/sahara-city-housing-scheme-in-pakpattan,businesslist_pk,scrapy,property-development,2026-08-29T02:21:54.482938+00:00
Master City Gujranwala | KonstructMarketingPk,property development,,04237167444,"1st Floor Plaza No.2-A, 4th Avenue Phase-6, DHA Lahore. , Gujranwala, Punjab",https://www.businesslist.pk/company/247627/master-city-gujranwalakonstructmarketingpk,businesslist_pk,scrapy,property-development,2026-08-29T02:21:55.382818+00:00
Zee Khan Enterprises,realtors,http://wwww.facebook.com/ZeeKhanEnterprises,02136638425,"SB-32, Block K, North Nazimabad, Karachi, Karachi, Sindh",https://www.businesslist.pk/company/169376/zee-khan-estateconstruction,businesslist_pk,scrapy,realtors,2026-08-29T02:21:57.111341+00:00
We Heights,realtors,https://weheights.com/,+923329333312,"Plot No. 1-D, Street No. 1 Bahria Oriental Gardens, Phase 7 Bahria Town, Islamabad, 46220, Islamabad, Islamabad Capital Territory",https://www.businesslist.pk/company/254489/we-heights,businesslist_pk,scrapy,realtors,2026-08-29T02:21:59.331296+00:00
Leather Field (pvt) Ltd.,realtors,http://www.leatherfield.com,"9252-111555999 / 3556278 / 3556272 / 3552612 / 3551941, +92-423-5741714-15"," Capital Road, Punjab, Sialkot, Punjab",https://www.businesslist.pk/company/122941/leather-field-pvt-ltd,businesslist_pk,scrapy,realtors,2026-08-29T02:22:01.152358+00:00
MakaanSolutions,realtors,https://makaansolutions.com/,+92 345 9999881,"Office # 153,154 &amp; 135, 1st Floor, Luxus Mall, Gulberg Greens, Islamabad, Islamabad, Islamabad Capital Territory",https://www.businesslist.pk/company/253994/makaansolutions,businesslist_pk,scrapy,realtors,2026-08-29T02:22:02.965820+00:00
PAKeProperty,realtors,https://www.pakeproperty.com/,051 873 128 8,"Office # 21, Crown Plaza Commercial Market, Chandni Chowk, Rawalpindi, Rawalpindi, Punjab",https://www.businesslist.pk/company/250811/pakeproperty,businesslist_pk,scrapy,realtors,2026-08-29T02:22:04.463792+00:00
Xtremes Marketing,realtors,https://xtremesmarketing.com/,03330194106,"4th floor, Zaad Plaza, Abdara Rd, Peshawar, Khyber Pakhtunkhwa, Pakistan 25000, Peshawar, Khyber Pakhtunkhwa",https://www.businesslist.pk/company/254118/xtremes-marketing,businesslist_pk,scrapy,realtors,2026-08-29T02:22:06.601152+00:00
Z.A.Z Real Estate Marketing (Pvt) Ltd,realtors,https://z-a-z-real-estate-marketing-pvt-ltd.business.site/?m=true,344-5060355,"Office No. 105, 2nd Floor Ghauri Mall, Kalma Chowk, Phase 4a, Ghauri Town, Islamabad, Islamabad, Islamabad Capital Territory",https://www.businesslist.pk/company/248703/zaz-real-estate-marketing-pvt-ltd,businesslist_pk,scrapy,realtors,2026-08-29T02:22:08.495715+00:00
HOPE Marketing,realtors,https://www.hopegoc.com/,03173174673,"Wallayat Complex, Plaza 74, Phase 7 Bahria Town, Islamabad, Islamabad Capital Territory 46000, Pakistan, Islamabad, Islamabad Capital Territory",https://www.businesslist.pk/company/254081/hope-marketing,businesslist_pk,scrapy,realtors,2026-08-29T02:22:10.693849+00:00
Right Deed,realtors,https://www.rightdeed.com/,"03056666227, +92 324 1800 633","191 Street 11, Sector Y DHA Phase 3, Lahore, Punjab, Pakistan., Lahore, Punjab",https://www.businesslist.pk/company/249132/right-deed,businesslist_pk,scrapy,realtors,2026-08-29T02:22:12.847145+00:00
ITZ Solution,realtors,https://www.pakeproperty.com/,051 873 128 8,"Office # 21, Crown Plaza Commercial Market, Chandni Chowk, Rawalpindi, Rawalpindi, Punjab",https://www.businesslist.pk/company/251889/itz-solution,businesslist_pk,scrapy,realtors,2026-08-29T02:22:14.970149+00:00
Kings Park Gwadar,realtors,http://www.kingsparkgwadar.com,042-111111780,"3A, XX KHYABAN-E-IQBAL PHASE 3, DHA, Lahore, Punjab",https://www.businesslist.pk/company/249031/kings-park-gwadar,businesslist_pk,scrapy,realtors,2026-08-29T02:22:16.004508+00:00
Karachi Property,realtors,https://taiserscheme.github.io/contact/,+923225402230,"Near Gulshan-e-Maymar, Karachi, Sindh",https://www.businesslist.pk/company/252962/karachi-property,businesslist_pk,scrapy,realtors,2026-08-29T02:22:17.128243+00:00
Monza Impex (pvt) Ltd.,realtors,http://www.monza.com.pk,"9252-3553502 / 3553402 / 558122 / 255052, +92 21 35850811","P.O.Box No.1874, S.I.E., Punjab, Sialkot, Punjab",https://www.businesslist.pk/company/115567/monza-impex-pvt-ltd,businesslist_pk,scrapy,realtors,2026-08-29T02:22:18.734412+00:00
Gwadar Golf City,realtors,http://gwadargolfcityofficial.pk/,03217733269,"Phase-2 Ext، 9-C 24th Commercial St, Phase 2 Commercial Area Defe, Karachi, Sindh",https://www.businesslist.pk/company/249798/gwadar-golf-city,businesslist_pk,scrapy,realtors,2026-08-29T02:22:20.792653+00:00
Lionhdb,realtors,https://lionhdb.com/,+92-322-4111-168,"4th Floor 92 MB, Phase 6 DHA Lahore., Lahore, Punjab",https://www.businesslist.pk/company/250106/lionhdb,businesslist_pk,scrapy,realtors,2026-08-29T02:22:22.791484+00:00
Jagah Online,realtors,https://jagahonline.com/,"021 35313712, 009203333999231","C-39-C, 22nd Commercial Street Phase II (Ext.), D.H.A, Karachi, Sindh",https://www.businesslist.pk/company/249978/jagah-online,businesslist_pk,scrapy,realtors,2026-08-29T02:22:24.038320+00:00
Fakhri Trade Centre,estate agents,http://www.ftc.com.pk,+92 21 32602222,"SR-6/10, Shara-e-Liaqat, Karachi 74200, Karachi, Sindh",https://www.businesslist.pk/company/241066/fakhri-trade-centre,businesslist_pk,scrapy,estate-agents,2026-08-29T02:22:25.925382+00:00
Lahore real estate,estate agents,https://newlahorerealestate.com/,03218495337,"105 G Basement Phase 1 DHA Lahore, Lahore, Punjab",https://www.businesslist.pk/company/250558/lahore-real-estate,businesslist_pk,scrapy,estate-agents,2026-08-29T02:22:28.271510+00:00
Safa burj mall,estate agents,https://safaburjmall.com/,03 111 777 741,"Madina Tower, Office #1, Near main Margalla Road E-11, Islamabad., Islamabad, Islamabad Capital Territory",https://www.businesslist.pk/company/254446/safa-burj-mall,businesslist_pk,scrapy,estate-agents,2026-08-29T02:22:29.603121+00:00
Lahore Real Estate,estate agents,https://newlahorerealestate.com/,03218495337,"105 G Basement Phase 1 DHA Lahore  , Lahore, Punjab",https://www.businesslist.pk/company/250560/lahore-real-estate,businesslist_pk,scrapy,estate-agents,2026-08-29T02:22:31.737040+00:00
Lahore Hostel Wapda Town,estate agents,http://www.lahorehostel.com,03136843886,"147/H1, Opposite Royal Hospital, Wapda Town, Lahore, Punjab",https://www.businesslist.pk/company/244805/lahore-hostel-wapda-town,businesslist_pk,scrapy,estate-agents,2026-08-29T02:22:33.258495+00:00
Sahulat4u | Interior Design,construction services,http://www.sahulat4u.pk,"0303,3000074","DHA Phase 1, Karachi, Pakistan, Karachi, Sindh",https://www.businesslist.pk/company/248807/sahulat4uinterior-design,businesslist_pk,scrapy,construction-services,2026-08-29T02:22:34.651224+00:00
Ahmed Construction Company in Pakistan,construction services,http://www.acco.com.pk,03228000190,"2, 3rd Floor, BIG CITY PLAZA  Main Boulevard Gulberg III Lahore Pakistan., Lahore, Punjab",https://www.businesslist.pk/company/241511/ahmed-construction-company-in-pakistan,businesslist_pk,scrapy,construction-services,2026-08-29T02:22:36.475859+00:00
Stone Crush Supply Company,construction services,http://www.facebook.com/crushsupplier,"+923145363909, 03105252675","Safa Stone Crusher, Baba Farid Goods. Opposit Police Check Post. G.T Road Margala Hills. Taxila (Islamabad), Taxila, Punjab",https://www.businesslist.pk/company/248836/stone-crush-supply-company,businesslist_pk,scrapy,construction-services,2026-08-29T02:22:39.072569+00:00
Pine.pk | Garden Landscape Services,construction services,http://pine.pk,03346645650,"The Foundation, 3rd Floor SDSB Building, Lahore University of Management Sciences, DHA Lahore, Lahore, Punjab",https://www.businesslist.pk/company/245356/pinepkgarden-landscape-services,businesslist_pk,scrapy,construction-services,2026-08-29T02:22:39.768834+00:00
MonoLine Architects &amp; Design Studio,construction services,http://monolinearchitects.com/,03324135201,"56 c dha phase 1 lahore cantt, Lahore, Punjab",https://www.businesslist.pk/company/250472/monoline-architectsdesign-studio,businesslist_pk,scrapy,construction-services,2026-08-29T02:22:41.901828+00:00
Stepup Engineering Services,construction services,http://stepupengineering.com/,02136880120,"B-20 SECTOR-1 AHSANABAD KARACHI, Karachi, Sindh",https://www.businesslist.pk/company/249877/stepup-engineering-services,businesslist_pk,scrapy,construction-services,2026-08-29T02:22:43.184445+00:00
TrustNest Constructions (Pvt) Ltd,construction services,http://www.trustnestconstructions.com,03234343923,"2A, Commercial, Sector E, Bahria Town, Lahore, Lahore, Punjab",https://www.businesslist.pk/company/248899/trustnest-constructions-pvt-ltd,businesslist_pk,scrapy,construction-services,2026-08-29T02:22:45.186028+00:00
New Star Rolling Shutters,construction services,http://www.newstarrolling.com,36826634,"Suite No 21 2nd Floor Bazar e Faisal Building Karimabad Karachi, Karachi, Sindh",https://www.businesslist.pk/company/245167/new-star-rolling-shutters,businesslist_pk,scrapy,construction-services,2026-08-29T02:22:46.766907+00:00
Multi Construction Services,construction services,http://www.multiconstruction.net,03218404127,"Plot# 367 Block N Main Boulevard Johar Town Lahore, Lahore, Punjab",https://www.businesslist.pk/company/241903/multi-construction-services,businesslist_pk,scrapy,construction-services,2026-08-29T02:22:48.679407+00:00
Abbasi Builders &amp; Property Consultants,construction services,http://facebook.com/Abbasibuilders,923365311751,"Office#8, First floor, Capital tower, G-15 Markaz, Islamabad, Islamabad Capital Territory",https://www.businesslist.pk/company/235629/abbasi-buildersproperty-consultants,businesslist_pk,scrapy,construction-services,2026-08-29T02:22:49.521415+00:00
Menhir,construction services,http://www.menhir.com.pk,+92-51-4918449,"UG-150, DEFENSE RESIDENCY, DHA 2, ISLAMABAD, PAKISTAN., Islamabad, Islamabad Capital Territory",https://www.businesslist.pk/company/235431/menhir,businesslist_pk,scrapy,construction-services,2026-08-29T02:22:51.856381+00:00
Serani Chemical waterproofing company,construction services,,03100786221,"Shop 3 Batha Town Peoples colony, North nazimabad, Karachi city, Karachi, Sindh",https://www.businesslist.pk/company/257440/serani-chemical-services-waterproofing-company,businesslist_pk,scrapy,construction-services,2026-08-29T02:22:53.740172+00:00
Alhadint,construction services,http://www.alhadiint.com,04237502802,"19/2nd  floor , Khawaja Arcade, Wahdat Road, Lahore, Lahore, Punjab",https://www.businesslist.pk/company/251624/alhadint,businesslist_pk,scrapy,construction-services,2026-08-29T02:22:55.618957+00:00
AROM ASSOCIATES Pvt. Ltd,construction services,http://www.aromassociates.com,04235773881,"LG-1, Big City Plaza, Main Boulevard, Gulberg Lahore, Lahore, Punjab",https://www.businesslist.pk/company/252234/arom-associates-pvt-ltd,businesslist_pk,scrapy,construction-services,2026-08-29T02:22:57.598017+00:00
Ecobox Designs,construction services,http://www.ecoboxdesigns.com,042-35707509,"73-T, 2nd floor, commercial area, phase-2, DHA, Lahore, Lahore, Punjab",https://www.businesslist.pk/company/243465/ecobox-designs,businesslist_pk,scrapy,construction-services,2026-08-29T02:22:58.945683+00:00
IEC international,construction services,http://iecinternational.com.pk/,+92-42-35969-822," IEC International, 26-C, BOR Society, Johar Town Lahore, Punjab, Pakistan, Lahore, Punjab",https://www.businesslist.pk/company/247233/iec-international,businesslist_pk,scrapy,construction-services,2026-08-29T02:23:00.941447+00:00
Pak-e-property,property development,https://www.pakeproperty.com/,051- 8731288,"Office # 21, Crown Plaza Commercial Market, Chandni Chowk, Rawalpindi, Rawalpindi, Punjab",https://www.businesslist.pk/company/246122/pak-e-property,businesslist_pk,scrapy,property-development,2026-08-29T02:23:03.008141+00:00
Indigo Developers,property development,http://www.indigoheights.com,"111-808-000, 042-35757413, 042-35757414","Office #3C3 Noor Jehan Road, Gulberg III, Lahore, Lahore, Punjab",https://www.businesslist.pk/company/242931/indigo-developers,businesslist_pk,scrapy,property-development,2026-08-29T02:23:04.761300+00:00
Menhir,property development,http://www.menhir.com.pk,9251-4918449,"UG-150, Defence Residency, DHA 2, Islamabad, Pakistan, Islamabad, Islamabad Capital Territory",https://www.businesslist.pk/company/92476/menhir,businesslist_pk,scrapy,property-development,2026-08-29T02:23:06.757027+00:00
Mateen International,property development,https://www.facebook.com/khalidmateen.shaikh,+9221-36832444,"B # 20, Sector S-II, Gulshan-e-Maymar, Karachi, Sindh",https://www.businesslist.pk/company/245800/mateen-international,businesslist_pk,scrapy,property-development,2026-08-29T02:23:08.415631+00:00
Bilal Steel Mills pvt ltd,property development,http://www.bilalsteelmills.com,0423-7168704-7," 23-km, Lahore - Sheikhupura Road, Lahore, Punjab",https://www.businesslist.pk/company/242490/bilal-steel-mills-pvt-ltd,businesslist_pk,scrapy,property-development,2026-08-29T02:23:10.630108+00:00
Nestleap Investments,property development,https://nestleap.com/,+923061333786,"111D commercial EME DHA, Lahore, Punjab",https://www.businesslist.pk/company/252046/nestleap-investments,businesslist_pk,scrapy,property-development,2026-08-29T02:23:11.984112+00:00
Jh interior,property development,https://www.facebook.com/interiors.pk,0515148249,"jinnah gardan, Rawalpindi, Punjab",https://www.businesslist.pk/company/241970/jh-interior,businesslist_pk,scrapy,property-development,2026-08-29T02:23:13.671264+00:00
Menhir Builders &amp; Developers,property development,http://www.menhir.com.pk,+92-51-4918449,"UG-150, Defence Residency, DHA Phase 2, Islamabad, Pakistan, Islamabad, Islamabad Capital Territory",https://www.businesslist.pk/company/144088/menhir-buildersdevelopers,businesslist_pk,scrapy,property-development,2026-08-29T02:23:15.665224+00:00
Next Home - Pakistan Best Property Portal,property development,https://www.nexthome.pk/,03004021956,"33-AA Commercial, Sector D, Bahria Town, Lahore, Lahore, Punjab",https://www.businesslist.pk/company/249709/next-home-pakistan-best-property-portal,businesslist_pk,scrapy,property-development,2026-08-29T02:23:17.145489+00:00
Menhir,property development,http://www.menhir.com.pk,+92-51-4918449,"UG-150, Defence Residency, DHA Phase 2, Islamabad, Pakistan, Islamabad, Islamabad Capital Territory",https://www.businesslist.pk/company/102929/menhir,businesslist_pk,scrapy,property-development,2026-08-29T02:23:18.906634+00:00
Ovaisco Builders Islamabad,property development,http://www.ovaisco.com,03235877775,"84-A Ovaisco Center III Main PWD Road Near Telenor Franchise  Islamabad., Islamabad, Islamabad Capital Territory",https://www.businesslist.pk/company/244531/ovaisco-pvt-ltd,businesslist_pk,scrapy,property-development,2026-08-29T02:23:20.608783+00:00
Multiplierz Group,property development,http://www.multiplierz.com,03201112211,"523,Service Road West,Main Expressway,Islamabad , Islamabad, Islamabad Capital Territory",https://www.businesslist.pk/company/246538/multiplierz-group,businesslist_pk,scrapy,property-development,2026-08-29T02:23:22.726276+00:00
Pakistan Properties,property development,http://www.lahoredha.com.pk,04235706531-32,"55 K CCA DHA Phase 1 Lahore, Lahore, Punjab",https://www.businesslist.pk/company/247860/pakistan-properties,businesslist_pk,scrapy,property-development,2026-08-29T02:23:24.623589+00:00
Karim Housing PVT,property development,http://www.karimhousing.pk,111-120-120,"Address: 3rd &amp; 4th Floor Rufi Trade Centre, SB-29 Block-13/C Gulshan-e-Iqbal, Karachi., Karachi, Sindh",https://www.businesslist.pk/company/247204/karim-housing-pvt,businesslist_pk,scrapy,property-development,2026-08-29T02:23:26.746303+00:00
Mudassar Developers,property development,https://www.mudassardevelopers.com,0614422123,"Bamazai Arcade, MDA Chowk, Multan, Punjab",https://www.businesslist.pk/company/246487/mudassar-developers,businesslist_pk,scrapy,property-development,2026-08-29T02:23:27.943135+00:00
PropertRed.pk,property development,http://www.propertyred.pk,0871 976 7166,"7th Avenue,, Islamabad, Punjab",https://www.businesslist.pk/company/247198/propertredpk,businesslist_pk,scrapy,property-development,2026-08-29T02:23:29.904949+00:00
Chohan Estate (country Homes),realtors,http://www.chohanestate.com,"(92 42) 35727774, 35727771, UAN : (92 42) 111-124-124","G-16,Phase-I,Masjid Chowk,D.H.A. Cantt, Lahore",https://www.businesslist.pk/company/193790/chohan-estate-country-homes,businesslist_pk,scrapy,realtors,2026-08-29T02:23:32.020743+00:00
GlobbizAvenue,realtors,https://www.globbizavenue.com/,+92 341 4444 067,"3rd Floor, Almas Tower, 3-R, M.M. Alam Road, Gulberg, Lahore-Pakistan, Lahore, Punjab",https://www.businesslist.pk/company/250498/globbizavenue,businesslist_pk,scrapy,realtors,2026-08-29T02:23:33.875701+00:00
Go Green Gulberg,realtors,https://gogreengulberg.com,+92 343 9649688,"Gulberg Greens Gulberg Greens Block B Gulberg Greens, Islamabad, Islamabad Capital Territory, Pakistan, Islamabad, Islamabad Capital Territory",https://www.businesslist.pk/company/251477/go-green-gulberg,businesslist_pk,scrapy,realtors,2026-08-29T02:23:35.567108+00:00
Gwadar springs,realtors,https://www.gwadarsprings.com.pk/,042111727000,"13-XX, Khayaban-e-Iqbal, Commercial Sector XX DHA Phase 3, Lahore, Punjab, Lahore, Punjab",https://www.businesslist.pk/company/249288/gwadar-springs,businesslist_pk,scrapy,realtors,2026-08-29T02:23:36.714313+00:00
State Life Insurance Corporation of Pakistan,realtors,https://www.waliahmed.com,"0300-6234742, +92-213-498-3537","Lalamusa, Gujrat, Punjab",https://www.businesslist.pk/company/247618/state-life-insurance-corporation-of-pakistan,businesslist_pk,scrapy,realtors,2026-08-29T02:23:38.814767+00:00
Estate Masters Pakistan,realtors,http://www.estatemasterpakistan.com,+923014433089,"34-MB DHA Phase 6, Lahore, Lahore, Punjab",https://www.businesslist.pk/company/251435/estate-masters-pakistan,businesslist_pk,scrapy,realtors,2026-08-29T02:23:40.052510+00:00
The Masters Real Estate &amp; Builders,realtors,https://themrl.com/,+92-304-111-5-675,"Mehmid Heights, 1st floor, 65 Main Boulevard Gulberg, Block H Gulberg 2, Lahore, Lahore, Punjab",https://www.businesslist.pk/company/254580/the-masters-real-estatebuilders,businesslist_pk,scrapy,realtors,2026-08-29T02:23:42.194911+00:00
"Al-Hassan Estate , One of the Best Estate Real Estate in North Nazimabad, DHA karachi",realtors,https://m.facebook.com/NNMAIRAS/,"03332361434, +92 213-588-6401","Suite No. M-67, Mezzanine Floor, Gulfway Shopping Mall, Block 8, Karachi, Karachi, Sindh",https://www.businesslist.pk/company/169101/al-hassan-estate,businesslist_pk,scrapy,realtors,2026-08-29T02:23:44.299037+00:00
Dynamic Technical Services,realtors,https://dynamic.com.pk,051557123,"Adyala Road Jarahi, Rawalpindi, Rawalpindi, Punjab",https://www.businesslist.pk/company/251989/dynamic-technical-services,businesslist_pk,scrapy,realtors,2026-08-29T02:23:45.213301+00:00
Tap Builders,realtors,https://tapbuilders.pk/,0304 9990093,"K.D.A Scheme 41, Surjani Town Karachi.​, Karachi, Sindh",https://www.businesslist.pk/company/254279/tap-builders,businesslist_pk,scrapy,realtors,2026-08-29T02:23:46.822630+00:00
Ali And Co,realtors,,03111000204,"78-A, Main Boulevard, Model Town, Northern Bypass Multan, Multan, Punjab",https://www.businesslist.pk/company/251905/ali-and-co,businesslist_pk,scrapy,realtors,2026-08-29T02:23:48.874481+00:00
Zameenforyou.com,realtors,http://www.zameenforyou.com,03228440055,"Mulsim Town Lahore, Lahore, Punjab",https://www.businesslist.pk/company/249126/zameenforyoucom,businesslist_pk,scrapy,realtors,2026-08-29T02:23:50.849978+00:00
Al-Muqtadir Estate,realtors,https://almuqtadirestategroup.com,+923259009786,"Valencia Mall, Valencia Housing Society Lahore, Lahore, Punjab",https://www.businesslist.pk/company/253694/al-muqtadir-estate,businesslist_pk,scrapy,realtors,2026-08-29T02:23:53.032186+00:00
Arz Reality,realtors,https://arzrealty.com/,03432790279,"GF Off. No 4 Plaza No 8 Al Farough 2 Sector D Commercial South T, Our team is dedicated to find the best properties that furnish b, Islamabad, Islamabad Capital Territory",https://www.businesslist.pk/company/253750/arz-reality,businesslist_pk,scrapy,realtors,2026-08-29T02:23:55.212816+00:00
The International Investments,realtors,https://theinternationalinvestments.com/,03365490926,"Headquarter Office no 22 2nd floor Al anayat plaza G11 Markaz Islamabad 44000, Islamabad, Islamabad Capital Territory",https://www.businesslist.pk/company/253111/the-international-investments,businesslist_pk,scrapy,realtors,2026-08-29T02:23:56.312477+00:00
Earth Associates,realtors,https://www.piaochs.com/,051-8990423,"Earth Associates Office# 02 2nd floor Shauq 8 plaza Business, Islamabad, Islamabad Capital Territory",https://www.businesslist.pk/company/251334/earth-associates,businesslist_pk,scrapy,realtors,2026-08-29T02:23:58.362246+00:00
Pakistan Estate Links,property management,,+92 300 867 2205,"Adjacent Giga Head Office, Downtown Giga, Office No.3, DHA phase 2, Gate No. 2 Islamabad, Islamabad, Islamabad Capital Territory",https://www.businesslist.pk/company/249223/pakistan-estate-links,businesslist_pk,scrapy,property-management,2026-08-29T02:24:00.734521+00:00
Royal Architecture and Builders,property management,,+923423425451," Muslim Town B-Block Block A Lasani Town, Faisalabad, Punjab 38850, Pakistan, Faisalabad",https://www.businesslist.pk/company/254957/royal-architecture-and-builders,businesslist_pk,scrapy,property-management,2026-08-29T02:24:02.753786+00:00
Karachi Hills,property management,,0322 8233244,"M9 Motorway, between DHA City &amp; Naval Anchorage, Hyderabad, Sindh",https://www.businesslist.pk/company/249914/karachi-hills,businesslist_pk,scrapy,property-management,2026-08-29T02:24:04.759404+00:00
Real Estate In Defence Karachi - Sadaf Estate,property management,,"92 300 2200511 , + 92 321 2200511,  + 92 213 584 9419","Office #M2, Plot 19-C, Lane 2,Commercial Area Bukhari Commercial, DHA Phase 6, Defence Housing Authority, Karachi, Sindh 75500 Pakistan, Karachi, Sindh",https://www.businesslist.pk/company/250168/real-estate-in-defence-karachi-sadaf-estate,businesslist_pk,scrapy,property-management,2026-08-29T02:24:06.774858+00:00
Property Wise,property management,,03224288111,"Office # 10/B-1, B-2, Ground Floor Javed Plaza, Ghalib Market Gulberg-3 Lahore., Lahore, Punjab",https://www.businesslist.pk/company/251219/property-wise,businesslist_pk,scrapy,property-management,2026-08-29T02:24:09.021679+00:00
M.B Estate &amp; Builders,property management,,+92 300 989 9901,"Islamabad, Islamabad",https://www.businesslist.pk/company/256521/mb-estatebuilders,businesslist_pk,scrapy,property-management,2026-08-29T02:24:09.919750+00:00
Property Knowledge Pvt Ltd.,property management,,+923145217086,"Office # 12, 5th floor, Feroz Center, Block D G 6/2 Blue Area, Islamabad, Islamabad Capital Territory 44010, Islamabad",https://www.businesslist.pk/company/255139/property-knowledge-pvt-ltd,businesslist_pk,scrapy,property-management,2026-08-29T02:24:11.580384+00:00
HomesPakistan,property management,,+92 (42) 35781936-9,"Gulberg 3, Lahore, Lahore, Punjab",https://www.businesslist.pk/company/249076/homespakistan,businesslist_pk,scrapy,property-management,2026-08-29T02:24:13.505536+00:00
Fast Marketing Online,property management,https://fastmarketingonline.com,+92 341 1115222,"Khayaban-e-Jinnah, Lahore, Pakistan، 17-C OPF Housing Society Al-Khalidi Chowk, Block B Opf Housing Scheme, Lahore, Punjab 54000, Lahore",https://www.businesslist.pk/company/256944/fast-marketing-online,businesslist_pk,scrapy,property-management,2026-08-29T02:24:15.426724+00:00
Lahore Pak Properties,property management,,+92 321 7576742 | +92 321 4786164,"2# commercial block A phase 6 DHA Lahore., Lahore, Punjab",https://www.businesslist.pk/company/249825/lahore-pak-properties,businesslist_pk,scrapy,property-management,2026-08-29T02:24:17.378274+00:00
Karachi Hills,property management,,021-32361271,"Karachi Hyderabad Main Super Highway, Karachi, Sindh",https://www.businesslist.pk/company/249960/karachi-hills,businesslist_pk,scrapy,property-management,2026-08-29T02:24:18.264392+00:00
Property Management Solutions,property management,,03353991100,"Hayatabad, Peshawar, Khyber Pakhtunkhwa",https://www.businesslist.pk/company/253556/property-management-solutions,businesslist_pk,scrapy,property-management,2026-08-29T02:24:19.495385+00:00
Evershine Heights,property management,,0321 8500145,"537, Phase 8 Business District Bahria Town, Rawalpindi, Punjab, Rawalpindi, Punjab",https://www.businesslist.pk/company/252200/evershine-heights,businesslist_pk,scrapy,property-management,2026-08-29T02:24:21.691080+00:00
Arazi.Pk,property management,,,"Punjab, Lahore",https://www.businesslist.pk/company/256243/arazipk,businesslist_pk,scrapy,property-management,2026-08-29T02:24:23.762120+00:00
Earthlink,property management,,+92 51 111 777 771,"Islamabad, Islamabad",https://www.businesslist.pk/company/257205/earthlink,businesslist_pk,scrapy,property-management,2026-08-29T02:24:25.541349+00:00
Smartaraazi,property management,,+92 321 7530450,"F 11 Markaz F-11, Islamabad, Islamabad Capital Territory, Lahore, Islamabad Capital Territory",https://www.businesslist.pk/company/253652/smartaraazi,businesslist_pk,scrapy,property-management,2026-08-29T02:24:27.079595+00:00
ilaan.com,estate agents,https://www.ilaan.com,+924232532255,"26A, Block J3, Johar Town Near Expo Center, Lahore, Pakistan, Lahore, Punjab",https://www.businesslist.pk/company/246254/ilaancom,businesslist_pk,scrapy,estate-agents,2026-08-29T02:24:29.274845+00:00
HomeXpert,estate agents,http://www.homexpert.com.pk,02134812282,"A-226 block 3 Gulshan e Iqbal, Karachi, Sindh",https://www.businesslist.pk/company/246183/homexpert,businesslist_pk,scrapy,estate-agents,2026-08-29T02:24:31.551713+00:00
National Advisory Forum,estate agents,http://www.taxhelpline.com.pk,021-32462161,"Office No. 3&amp;6, Ground Floor, Idrees Chamber Talpur Road, Opp: NBP Head Office I.I. Chundrigar Road, Karachi, Karachi, Sindh",https://www.businesslist.pk/company/241504/national-advisory-forum,businesslist_pk,scrapy,estate-agents,2026-08-29T02:24:33.436648+00:00
Lioner Associates,estate agents,http://www.pakproperties.pk,03247000444,"113-B,Sector c,bahria town lahore, Lahore, Punjab",https://www.businesslist.pk/company/243731/lioner-associates,businesslist_pk,scrapy,estate-agents,2026-08-29T02:24:35.357253+00:00
Real Consultancy,estate agents,http://www.realconsultancy.tk,+92-332-909-1000,"Office#M-13,Mezzanine Floor, Mateen Shopper&#039;s Gallery Near Rehmania Masjid ,PECHS Block 2,Tariq Road Karachi 75400 Pakistan, Karachi, Sindh",https://www.businesslist.pk/company/246455/real-consultancy,businesslist_pk,scrapy,estate-agents,2026-08-29T02:24:37.340287+00:00
Urban City Lahore,estate agents,,+923092255111,"DHA PHASE 6 RAYA SECTOR M, Lahore",https://www.businesslist.pk/company/258474/urban-city-lahore,businesslist_pk,scrapy,estate-agents,2026-08-29T02:24:38.894145+00:00
Sky Marketing,estate agents,http://skymarketing.com.pk/,+92518487777,"College Rd, F-7 Markaz, Islamabad, Islamabad Capital Territory",https://www.businesslist.pk/company/248139/sky-marketing,businesslist_pk,scrapy,estate-agents,2026-08-29T02:24:40.404955+00:00
Fortune Estate And Builders,estate agents,http://fortuneestate.net/,+924237189601-3,"44 MB Phase 6 DHA Lahore., Lahore, Punjab",https://www.businesslist.pk/company/246658/fortune-estate-and-builders,businesslist_pk,scrapy,estate-agents,2026-08-29T02:24:42.042512+00:00
Green World Real Estate,estate agents,http://www.greenworldrealestate.pk/,+923214180545,"32-KM, Main Ferozepur Road, Near Ferozpur City Lahore, Lahore, Punjab",https://www.businesslist.pk/company/246639/green-world-real-estate,businesslist_pk,scrapy,estate-agents,2026-08-29T02:24:44.112987+00:00
Internik The Consultant,estate agents,http://www.internik.com.pk,0515400306,"internik plaza, spring north bahria town phase 7, Islamabad, Islamabad, Islamabad Capital Territory",https://www.businesslist.pk/company/243429/internik-the-consultant,businesslist_pk,scrapy,estate-agents,2026-08-29T02:24:45.498456+00:00
Dha Realtors,estate agents,https://www.dharealtors.com,04235741151-52-53,"1st Floor 83 K DHA Lahore Pakistan , Lahore, Punjab",https://www.businesslist.pk/company/247294/dha-realtors,businesslist_pk,scrapy,estate-agents,2026-08-29T02:24:47.089045+00:00
Pak e Property,estate agents,http://www.pakeproperty.com,+92-300-6652134,"Office # 8 1st Floor Al-Kosar Plaza Soan Garden Express Road, Islamabad, Islamabad Capital Territory",https://www.businesslist.pk/company/242395/pak-e-property,businesslist_pk,scrapy,estate-agents,2026-08-29T02:24:48.661866+00:00
CSP,construction services,http://www.cspfilm.com,+92-51-2535304,"Suite#215, 2nd Floor, Capital Business Center, F10 Markaz, Islamabad, Islamabad, Islamabad Capital Territory",https://www.businesslist.pk/company/235344/csp,businesslist_pk,scrapy,construction-services,2026-08-29T02:24:49.833960+00:00
Dawah Engineering,construction services,,"03007888447,03007888449","64 H DHA Rahbar Phase 11 Sector 2 New defence Road Lahore, Lahore, Punjab",https://www.businesslist.pk/company/252326/dawah-engineering,businesslist_pk,scrapy,construction-services,2026-08-29T02:24:51.570306+00:00
Miran Builders,construction services,http://miranbuilders.com/,+92 321 4821936,"Off# 7, 2nd Floor, Chaman Arcade, Wapda Town, Lahore, Punjab",https://www.businesslist.pk/company/241718/miran-builders,businesslist_pk,scrapy,construction-services,2026-08-29T02:24:53.730212+00:00
Al Adnan Enterprises,construction services,http://www.aladnanenterprises.com.pk,+922134977775,"KDA Overseas Apartments Office # B-4 , Opp Urdu Science College , Main University Road, Gulshan e Iqbal , Karachi, Karachi, Sindh",https://www.businesslist.pk/company/242147/al-adnan-enterprises,businesslist_pk,scrapy,construction-services,2026-08-29T02:24:56.076643+00:00
A.W. Associates,construction services,,0333-8629246,"Hub Commercial, Bahria Town, Phase-VIII, Islamabad, Islamabad Capital Territory",https://www.businesslist.pk/company/241865/aw-associates,businesslist_pk,scrapy,construction-services,2026-08-29T02:24:58.265764+00:00
Qatalytic Engineers,construction services,https://qatalyticengineers.wixsite.com/electrical?fbclid=iwar04bbhj_io43bvbzf59tsqvx3dqmf-hs8-n1jxdoidw6us_h1z2v9fyvva,+92317-4319476,"B-20-09, Eden Homes, Lahore, Lahore, Punjab",https://www.businesslist.pk/company/249523/qatalytic-engineers,businesslist_pk,scrapy,construction-services,2026-08-29T02:25:00.494417+00:00
Atlasarc,construction services,,+92518823935,"Office # 1, 3rd floor, D-Markaz Gulberg Residencia, Islamabad, Islamabad, Islamabad Capital Territory",https://www.businesslist.pk/company/253449/atlasarc,businesslist_pk,scrapy,construction-services,2026-08-29T02:25:02.678193+00:00
Adeel Shahzad Architects &amp; Associates,construction services,,03339485559,"Wali house 494, Pir Saddu Chowk, Lahori Gate, Peshawar, Peshawar, Khyber Pakhtunkhwa",https://www.businesslist.pk/company/251648/adeel-shahzad-architectsassociates,businesslist_pk,scrapy,construction-services,2026-08-29T02:25:04.312882+00:00
JA Construction &amp; Decor,construction services,https://jatechnicalgroup.com,04235751331,"P2-23 JEFF HEIGHTS, Main Boulevard Gulberg III, Lahore, Punjab",https://www.businesslist.pk/company/252136/ja-constructiondecor,businesslist_pk,scrapy,construction-services,2026-08-29T02:25:05.855777+00:00
Company19,construction services,https://www.facebook.com/compny19,03 320 250 300,"Office No. 2, Near Aims, Said Gul Road, Shakrial, Rawalpindi, Punjab",https://www.businesslist.pk/company/251282/company19,businesslist_pk,scrapy,construction-services,2026-08-29T02:25:07.966985+00:00
ALLIED CABLE ( allied industries pvt limited),construction services,http://www.alliedcables.net,"041-8780123 , 041-8780127","33-shaheed-e-milat market milat chok gulistan colony # 2 Faisalabad, Faisalabad, Punjab",https://www.businesslist.pk/company/240854/allied-cableallied-industries-pvt-limited,businesslist_pk,scrapy,construction-services,2026-08-29T02:25:09.596713+00:00
Mohsin Shaheen Construction Company,construction services,http://www.mscc.pk,03334266756,"OFFICE#15, 1st Floor, leeds center, Near Center Point, Gulberg 3, Lahore, Punjab",https://www.businesslist.pk/company/243200/mohsin-shaheen-construction-company,businesslist_pk,scrapy,construction-services,2026-08-29T02:25:11.474252+00:00
AenZay Interiors &amp; Architects,construction services,https://aenzay.com,0300 0607705,"AenZay, 59-U New, Aibak Block Garden Town, Lahore, 54700, Pakistan, Lahore, Punjab",https://www.businesslist.pk/company/182015/aenzay-interiorarchitecture,businesslist_pk,scrapy,construction-services,2026-08-29T02:25:13.490945+00:00
Prestige Power Machinery Equipments,construction services,,+9203114730265," 1, Ground Floor, Professional Arcade Plaza, Markaz, MPCHS E-11/3 MPCHS E 11/3 E-11, Islamabad, Islamabad Capital Territory 44000, Islamabad",https://www.businesslist.pk/company/258700/prestige-power-machinery-equipments,businesslist_pk,scrapy,construction-services,2026-08-29T02:25:15.266359+00:00
Flowmaster Jopic,construction services,http://flowmasterjopic.com,+923004285099 +923088880511,"28- M Zainab Tower Link Road Model Town, Lahore, Punjab",https://www.businesslist.pk/company/240277/flowmaster-jopic,businesslist_pk,scrapy,construction-services,2026-08-29T02:25:17.528290+00:00
ArcoDesk I Architectural Design Services,construction services,http://www.arcodesk.com,+923004945873,"Office No. 15,2nd Floor,Capital  Plaza, G 11  Markaz  ,Islamabad, Islamabad, Islamabad Capital Territory",https://www.businesslist.pk/company/250332/arcodesk-i-architectural-design-services,businesslist_pk,scrapy,construction-services,2026-08-29T02:25:19.227016+00:00
Dream Design Architect,construction services,http://www.facebook.com/dreamdesignarchitect,+923360098585,"Malik plaza Opp Majeed honda Aimanabad Road Sialkot, Sialkot, Punjab",https://www.businesslist.pk/company/242781/dream-design-architect,businesslist_pk,scrapy,construction-services,2026-08-29T02:25:21.149951+00:00
IHA Design Works,construction services,http://www.ihadesignworks.com,03224253253,"52 B-1, Abu Bakr Block, New Garden Town, Lahore. , Lahore, Punjab",https://www.businesslist.pk/company/246359/iha-design-works,businesslist_pk,scrapy,construction-services,2026-08-29T02:25:22.940010+00:00
Future Enterprises,property development,http://futureenterprises263.com,03316871555,"87/A Model town Multan, Multan, Punjab",https://www.businesslist.pk/company/253749/future-enterprises,businesslist_pk,scrapy,property-development,2026-08-29T02:25:24.569085+00:00
Enem Estate,property development,https://www.enemestate.com/,+92 42 111 11 36 36,"14-Z, CCA Phase-III DHA Lahore, Pakistan, Lahore, Punjab",https://www.businesslist.pk/company/250834/enem-estate,businesslist_pk,scrapy,property-development,2026-08-29T02:25:26.132760+00:00
Zameen Foryou,property development,http://zameenforyou.com/,03228440055,"Muslim Town Lahore Punjab Pakistan, Lahore, Punjab",https://www.businesslist.pk/company/248625/zameen-foryou,businesslist_pk,scrapy,property-development,2026-08-29T02:25:28.217405+00:00
DHA Plot Files,property development,http://www.dhaplotfiles.com/,+92 322 8402722,"14 Z Block Commercial Zone Phase 3 DHA لاہور 45000, Pakistan‎, Lahore, Punjab",https://www.businesslist.pk/company/241269/dha-plot-files,businesslist_pk,scrapy,property-development,2026-08-29T02:25:30.276819+00:00
Blue Properties.com,property development,https://blueproperties.com/,042-111-44-3456,"Al Hafeez Executive, Ground Floor, Block C3, Gulberg III, Lahore., Lahore, Punjab",https://www.businesslist.pk/company/254698/blue-propertiescom,businesslist_pk,scrapy,property-development,2026-08-29T02:25:31.575176+00:00
Absolute Holdings Ltd.,property development,http://www.absolute.com.pk,111 - 565 - 111,"Office 4A, 4th Floor, 37-C Bukhari Commercial Lane 4 &amp; 11 ( Corner ) Phase VI, D.H.A , Karachi, Sindh",https://www.businesslist.pk/company/243099/absoluteholdingsltd,businesslist_pk,scrapy,property-development,2026-08-29T02:25:33.207083+00:00
"Gulistan Colony Nowshera-Mardan Road, Risalpur",property development,http://www.gulistanhomes.com,03457770001,"Head Office No. AF-01, First Floor, Quaid Plaza, Near Jamia Masjid, Aziz Bhatti Road, Nowshera-24100, Khyber Pakhtunkhwa, Pakistan., Nowshera, Khyber Pakhtunkhwa",https://www.businesslist.pk/company/245170/gulistan-colony-nowshera-mardan-road-risalpur,businesslist_pk,scrapy,property-development,2026-08-29T02:25:34.987069+00:00
Asian House Care (Private) Limited,property development,http://www.asianhousecare.com.pk,+92-51-272-8818,"Office # 3, 2nd Floor, Plaza # 153-K, Block-D, Civic Center, Phase 4, Bahria Town, Islamabad/Rawalpindi, Islamabad, Islamabad Capital Territory",https://www.businesslist.pk/company/248641/asian-house-care-private-limited,businesslist_pk,scrapy,property-development,2026-08-29T02:25:36.508538+00:00
Global Technologies,property development,http://globaltech.com.pk/,042 353 153 92,"J-550 Muhammad Ali Johar Town Lahore, Lahore, Punjab",https://www.businesslist.pk/company/241519/global-tech,businesslist_pk,scrapy,property-development,2026-08-29T02:25:38.112165+00:00
AL Noor Enterprises,property development,http://www.alnoorenterprises.net,"0222728989, (+92-21) 34550161/2/3","Flat # 102, Khawaja Arcade, Makki Shah Road, Hyderabad., Hyderabad, Sindh",https://www.businesslist.pk/company/241628/al-noor-enterprises,businesslist_pk,scrapy,property-development,2026-08-29T02:25:40.504573+00:00
Deal &amp; Deals,realtors,https://dealanddeals.pk/,03041113325,"1st Floor, Fortune Plaza (Savour Foods Building), Block H, Jinnah Avenue, Blue Area Islamabad., Islamabad, Islamabad Capital Territory",https://www.businesslist.pk/company/252587/dealdeals,businesslist_pk,scrapy,realtors,2026-08-29T02:25:41.509392+00:00
Ali Rathore Associates,realtors,http://www.alirathore.com,04235690900,"156, 1st Floor, G Block, Commercial Market, Phase 1, DHA, Lahore, Lahore, Punjab",https://www.businesslist.pk/company/249675/ali-rathore-associates,businesslist_pk,scrapy,realtors,2026-08-29T02:25:43.379371+00:00
AH Group of Companies,realtors,https://ahgroup-pk.com/,051111678678,"Office #11, 2nd floor, Umer Building, Jinnah Avenue, Blue Area, Islamabad, Islamabad, Islamabad Capital Territory",https://www.businesslist.pk/company/254621/ah-group-of-companies,businesslist_pk,scrapy,realtors,2026-08-29T02:25:45.502895+00:00
Prime Constructions,realtors,http://www.primeconstructions.pk,061-6782999,"Near Sultan Ghee Mill, Vehari Road Multan, Multan, Punjab",https://www.businesslist.pk/company/249197/prime-constructions,businesslist_pk,scrapy,realtors,2026-08-29T02:25:47.048727+00:00
We Rise GOC,realtors,https://werisegoc.com/,+92 332 9 33 33 12,"Office # 1, Ground Floor AR Arcade, Sector F Business Avenue, DHA Phase 1, Islamabad, 46220 Pakistan, Islamabad, Islamabad Capital Territory",https://www.businesslist.pk/company/252886/we-rise-goc,businesslist_pk,scrapy,realtors,2026-08-29T02:25:48.582539+00:00
Chak92,realtors,http://chak92.com,+923349211192,"Office #9, 6th Floor, Central Plaza Barkat Market, Lhr, Lahore, Punjab",https://www.businesslist.pk/company/250874/chak92,businesslist_pk,scrapy,realtors,2026-08-29T02:25:50.567841+00:00
CDB Properties,realtors,https://cdbrealestate.com/,03331115200," Plaza#55 2nd Floor, Sector C Commercial, Bahria Town Lahore, Lahore, Punjab",https://www.businesslist.pk/company/253956/cdb-properties,businesslist_pk,scrapy,realtors,2026-08-29T02:25:52.706880+00:00
Empire Estates,realtors,https://empireestatespk.business.site,03008480572,"62-FF DHA Commercial Plaza, Y-Block Phase 3, DHA Lahore, Lahore, Punjab",https://www.businesslist.pk/company/250966/empire-estates,businesslist_pk,scrapy,realtors,2026-08-29T02:25:54.697221+00:00
Redwood Properties,realtors,http://redwoodpk.com,+923189900000,"E 25 Main Jinnah Boulevard Commercial Area. 1st Floor National Bank DHA Phase 2 Islamabad, Islamabad, Islamabad Capital Territory",https://www.businesslist.pk/company/254309/redwood-properties,businesslist_pk,scrapy,realtors,2026-08-29T02:25:56.884958+00:00
Y.S Constructions,realtors,http://www.constructiondragons.com,0300 445 5400,"173A Shah Jamal, Lahore, Punjab",https://www.businesslist.pk/company/251215/ys-constructions,businesslist_pk,scrapy,realtors,2026-08-29T02:25:59.028549+00:00
Symble Properties,realtors,https://symbleproperties.com/,+92-51-5400157-8-9,"Office No. 1,G/F Falcon Arcade, Spring North Commercial, Phase7, Bahria Town, Islamabad., Islamabad, Islamabad Capital Territory",https://www.businesslist.pk/company/249112/symble-properties,businesslist_pk,scrapy,realtors,2026-08-29T02:26:01.054860+00:00
AAA Associates,realtors,https://aaaassociates.com/,+92 331 20 555 20,"Office no 20/21, 2nd Floor, Asian Business Center, Bahria Town Phase 7 Entrance, G.T Road, Rwp/Isb, Islamabad, Islamabad Capital Territory",https://www.businesslist.pk/company/253119/aaa-associates,businesslist_pk,scrapy,realtors,2026-08-29T02:26:03.168391+00:00
Maraka Homes,realtors,https://marakahomespk.com/,0304-1333222,"Main khurd Burd Road, Multan Road Lahore, Lahore, Pakistan, Lahore, Punjab",https://www.businesslist.pk/company/254646/maraka-homes,businesslist_pk,scrapy,realtors,2026-08-29T02:26:04.272648+00:00
Gulberg Islamabad,realtors,https://berqproperties.com/gulberg-islamabad/,03145358938,"Bahria town phase 7, Islamabad, Islamabad Capital Territory",https://www.businesslist.pk/company/250976/gulberg-islamabad,businesslist_pk,scrapy,realtors,2026-08-29T02:26:06.424899+00:00
Riseup Estate and Builders Islamabad,realtors,https://riseupestate.com/property/gulberg-twins-tower-islamabad-shop-apartment-for-sale/,03325652291,"First Floor, Plaza 1, Sector J, Main Commercial, Dha 2, Islamabad, Pakistan, Islamabad, Islamabad Capital Territory",https://www.businesslist.pk/company/251074/riseup-estate-and-builders-islamabad,businesslist_pk,scrapy,realtors,2026-08-29T02:26:07.967434+00:00
Akbar Groups Real Estate And Builders,realtors,http://www.akbargroups.com.pk,03336955557,"Office : 9 Floor 3rd Plaza 181 Main Circle Civic Center Phase 4 Bahria Town Rawalpindi Islamabad, Islamabad, Islamabad Capital Territory",https://www.businesslist.pk/company/253955/akbar-groups-real-estate-and-builders,businesslist_pk,scrapy,realtors,2026-08-29T02:26:10.093291+00:00
Eproperty,property management,http://eproperty.pk/,"92-42-7187447-6, +92 3111042111","23 (MB) Shabir Sharif Road Phase 6 DHA Lahore, Lahore, Punjab",https://www.businesslist.pk/company/230092/eproperty,businesslist_pk,scrapy,property-management,2026-08-29T02:26:12.036767+00:00
Khita.com.pk,property management,,03469717337,"Daska Sialkot Road Citi Housing Society Commercial Area A block, Sialkot, Punjab",https://www.businesslist.pk/company/254253/khitacompk,businesslist_pk,scrapy,property-management,2026-08-29T02:26:13.480631+00:00
Aarz.pk,property management,http://www.aarz.pk,03000341341,"Block C 11, PHA Flats Sector G-11/3, Islamabad 44000, Islamabad, Islamabad Capital Territory",https://www.businesslist.pk/company/244545/aarzpk,businesslist_pk,scrapy,property-management,2026-08-29T02:26:15.469206+00:00
Instakin,property management,,(021)38943690,"Suite #2, 61-C, 27th Street, Tauheed Commercial Area, DHA Karachi, Pakistan, Karachi, Sindh",https://www.businesslist.pk/company/252148/instakin,businesslist_pk,scrapy,property-management,2026-08-29T02:26:16.511198+00:00
Hundred Alpha,property management,https://hundredalpha.com,+92 213 713 1669,"Suite # 622, Mashreq Center, Block 14 Gulshan-e-Iqbal, Karachi, Karachi City, Sindh, Karachi",https://www.businesslist.pk/company/256177/hundred-alpha,businesslist_pk,scrapy,property-management,2026-08-29T02:26:18.334394+00:00
Redbox Estate,property management,https://www.redbox.estate/,"+923217733269, +92 .304.111.0733","B 275, Block 10 Gulshan-e-Iqbal, Karachi, Karachi City, Sindh 75500, Karachi, Sindh",https://www.businesslist.pk/company/248475/redbox-estate,businesslist_pk,scrapy,property-management,2026-08-29T02:26:20.605147+00:00
Manahil Estate and Builders,property management,http://manahilestate.com,"03455222253, +92-51-2809726","Bahria Town Phase 7, Rawalpindi, Islamabad, Islamabad Capital Territory",https://www.businesslist.pk/company/235626/manahil-estate-and-builders,businesslist_pk,scrapy,property-management,2026-08-29T02:26:22.377692+00:00
Ashiyaan,property management,https://ashiyaan.com,+923252888900,"City Centre, Darawaish Coloney, Shahre- Faisal, Karachi, Karachi",https://www.businesslist.pk/company/257625/ashiyaan,businesslist_pk,scrapy,property-management,2026-08-29T02:26:23.789098+00:00
Midcity Islamabad,property management,https://midcityislamabad.com/,+9242111002739,"Corporate Office Address: Royal Plaza, A.K. Fazal e Haq Road, D-Chowk, Blue Area, Islamabad, Islamabad",https://www.businesslist.pk/company/257706/midcity-islamabad,businesslist_pk,scrapy,property-management,2026-08-29T02:26:25.424919+00:00
Thaheem Construction Company,property management,https://thaheemgroup.co/,04235846056,"100 Auragzeb Block New Garden Town, Lahore, Lahore, Lahore, Punjab",https://www.businesslist.pk/company/251144/thaheem-construction-company,businesslist_pk,scrapy,property-management,2026-08-29T02:26:27.674546+00:00
HKF Realestate &amp; Builders,property management,http://hkfglobalconsults.com,+923088436237,"First Floor, Near Shimla Bakers and Sweets, Main Wahad Road, Lahore, Lahore, Punjab",https://www.businesslist.pk/company/254526/hkf-realestatebuilders,businesslist_pk,scrapy,property-management,2026-08-29T02:26:29.966948+00:00
Gulberggreens,property management,https://gulberggreens.com/,0303 2109933,"Gulberg Greens Islamabad, Islamabad, Islamabad Capital Territory",https://www.businesslist.pk/company/251453/gulberggreens,businesslist_pk,scrapy,property-management,2026-08-29T02:26:31.867894+00:00
High Rise Marketing,property management,,"+92 3024545922, +923001249023","92, Broadway Commercial, Park View City, Lahore, 54000 , Lahore",https://www.businesslist.pk/company/257442/high-rise-marketing,businesslist_pk,scrapy,property-management,2026-08-29T02:26:33.369525+00:00
Saad Ahsan Immigration Law Firm,property management,,923334427858,"44 A, New Muslim Town Lahore Pakistan, Lahore, Punjab",https://www.businesslist.pk/company/253066/saad-ahsan-immigration-law-firm,businesslist_pk,scrapy,property-management,2026-08-29T02:26:35.313336+00:00
Get Property,property management,http://getproperty.pk/,+92 333 3554867,"B-11, Block-15, Al-Raee Avenue Near Mumtaz Manzil, Gulshan-e-Iqbal, Karachi, Karachi, Sindh",https://www.businesslist.pk/company/251684/get-property,businesslist_pk,scrapy,property-management,2026-08-29T02:26:37.210252+00:00
Rightdeed,property management,http://www.rightdeed.com,(042) 35742252,"191 Street 11, Sector Y DHA Phase 3, Lahore,Punjab, Pakistan, Lahore, Punjab",https://www.businesslist.pk/company/249824/rightdeed,businesslist_pk,scrapy,property-management,2026-08-29T02:26:38.341852+00:00
Jaga.pk,property management,https://jaga.pk,00923035532489,"C-39 Etihad Town, Raiwind Rd, Lahore, 54000, Lahore",https://www.businesslist.pk/company/255583/jagapk,businesslist_pk,scrapy,property-management,2026-08-29T02:26:39.652855+00:00
Zameen.com,property management,http://www.zameen.com,"(+92) 42 3577 5777, +92 42 38354444","19 A-I, E-II, Gulberg-III, Lahore, Pakistan, Lahore, Punjab",https://www.businesslist.pk/company/235641/zameencom,businesslist_pk,scrapy,property-management,2026-08-29T02:26:41.132929+00:00
Qita Developers,property management,https://qita.pk,03041117482,"1358-B Main Chen One Road, Faisalabad, 38000, Faisalabad, Punjab",https://www.businesslist.pk/company/253164/qita-developers,businesslist_pk,scrapy,property-management,2026-08-29T02:26:42.755753+00:00
Infinity Properties,property management,,+92 301 510 1111,"Islamabad, Islamabad",https://www.businesslist.pk/company/256649/infinity-properties,businesslist_pk,scrapy,property-management,2026-08-29T02:26:43.740738+00:00
Citi Housing Sialkot House For Sale,estate agents,,+923154609659,"Citi Housing Sialkot, Sialkot",https://www.businesslist.pk/company/258427/citi-housing-sialkot-house-for-sale,businesslist_pk,scrapy,estate-agents,2026-08-29T02:26:46.072775+00:00
AAF Marketing.co,estate agents,,+923041116223,"Office No: FL 40 Block B 1st &amp; 2nd Floor Gulshan-e-Jamal Opp to Neuplex Cinema - Jouhar, Karachi, Karachi",https://www.businesslist.pk/company/258546/aaf-marketingco,businesslist_pk,scrapy,estate-agents,2026-08-29T02:26:48.311865+00:00
Ejlaal,estate agents,,+923005456900,"Office Number18 Minhas Plaza City Housing Jhelum, Jhelum",https://www.businesslist.pk/company/258394/ejlaal,businesslist_pk,scrapy,estate-agents,2026-08-29T02:26:50.227515+00:00
T2R (Time 2 Rent),estate agents,,+923275590760," 4th Floor, Plaza No 95, Bunyad Plaza, Paradise Commercial, Bahria Phase 4 Town, Islamabad, Punjab 44000, Islamabad",https://www.businesslist.pk/company/258338/t2r-time-2-rent,businesslist_pk,scrapy,estate-agents,2026-08-29T02:26:51.367827+00:00
Rea Estate,estate agents,,+92325 799 7711,"Office LG-1 Dragon Mall Harianwala Chowk D-Ground Faisalabad., Faisalabad",https://www.businesslist.pk/company/258572/rea-estate,businesslist_pk,scrapy,estate-agents,2026-08-29T02:26:53.015835+00:00
Aghaaz Housing,estate agents,,+92 42 111-111-313,"B2, Centro, 2nd Floor 81A, Off MM Alam Rd, Block B 1 Gulberg III, Lahore, Punjab, Lahore",https://www.businesslist.pk/company/258594/aghaaz-housing,businesslist_pk,scrapy,estate-agents,2026-08-29T02:26:55.240248+00:00
Estate Bank,estate agents,https://www.estatebnk.pk,+92 307 2224429,"Plot No. 59 C, 2nd Floor, Lane 3, Al-Murtaza Commercial, Phase 8, DHA Karachi, Karachi, Sindh",https://www.businesslist.pk/company/257808/estate-bank,businesslist_pk,scrapy,estate-agents,2026-08-29T02:26:57.295628+00:00
Panther Developers,estate agents,,+923129888000,"House #7, Street #2, F-8/3 Islamabad, Pakistan 44000, Islamabad",https://www.businesslist.pk/company/258615/panther-developers,businesslist_pk,scrapy,estate-agents,2026-08-29T02:26:58.935988+00:00
Eighteen Pakistan,estate agents,,+92 51 111 11 1818,"Srinagar Highway Islamabad/ M1-M2 Link Road, Adjacent To Sector H-17, Islamabad, Islamabad",https://www.businesslist.pk/company/258333/eighteen-pakistan,businesslist_pk,scrapy,estate-agents,2026-08-29T02:27:00.907969+00:00
Riser Builders Pvt Ltd,construction services,http://www.riserbuilders.com,+92-331-8818484,"3rd Floor, Office #4, Abdullah Trade Center, Kachehri Rd, Prem Nagar, opposite 1122 office, Sialkot, Punjab",https://www.businesslist.pk/company/250499/riser-builders-pvt-ltd,businesslist_pk,scrapy,construction-services,2026-08-29T02:27:02.111874+00:00
Ittefaq Tiles,construction services,https://ittefaqtiles.com/,03004012218,"St# 1 Plot# 24 B Block, Mehar Fiaz  Colony Fath Garh Lahore, Pakistan, Lahore, Punjab",https://www.businesslist.pk/company/247368/ittefaq-tiles,businesslist_pk,scrapy,construction-services,2026-08-29T02:27:03.987540+00:00
Spaces And Places,construction services,https://www.livingbysnp.com/,+923001999967,"1st Floor Plaza, 50, Sector A DHA Phase 6, Lahore, Punjab, Lahore",https://www.businesslist.pk/company/258685/spaces-and-places,businesslist_pk,scrapy,construction-services,2026-08-29T02:27:05.345779+00:00
Prudential Properties and Builders,construction services,,"0423-5694057, +92 333 7783765","111-CCA, Phase-4, DHA,  Lahore., Lahore, Punjab",https://www.businesslist.pk/company/243176/prudential-properties-and-builders,businesslist_pk,scrapy,construction-services,2026-08-29T02:27:06.798128+00:00
Carigar 24/7,construction services,https://carigar247.com/,+923338232175,"Suit no 11, 2nd Floor, Al-Karam Plaza, F-11 Markaz, Islamabad, Islamabad",https://www.businesslist.pk/company/258371/carigar-247,businesslist_pk,scrapy,construction-services,2026-08-29T02:27:08.807430+00:00
Ace Solutions (Pvt.) Limited,construction services,https://www.facebook.com/ace.solutions.757584?mibextid=ZbWKwL,+923343635597,"AREA 4-C, LANDHI NO. 6, KARACHI, Karachi",https://www.businesslist.pk/company/258505/ace-solutions-pvt-limited,businesslist_pk,scrapy,construction-services,2026-08-29T02:27:10.989431+00:00
Perfect Inegrated Pest Management services,construction services,http://www.ipmpk.com,03356032559,"Office No 5 First Floor Shairanwala Complex Near Mezan Bank PIA Town Lahore, Lahore, Punjab",https://www.businesslist.pk/company/246652/perfect-inegrated-pest-management-services,businesslist_pk,scrapy,construction-services,2026-08-29T02:27:13.044822+00:00
Archern Architecture and Design,construction services,https://archern.com,+923335147752,"Plot# 94, Block F, D-18, Islamabad, Islamabad",https://www.businesslist.pk/company/258314/archern-architecture-and-design,businesslist_pk,scrapy,construction-services,2026-08-29T02:27:14.937239+00:00
ME Architects,construction services,http://www.mearchitects.org,02135250702,"office no.301 plot no 44-c lane 4 shahbaz commercial phase 6 dha karachi, Karachi, Sindh",https://www.businesslist.pk/company/242212/mearchitects,businesslist_pk,scrapy,construction-services,2026-08-29T02:27:16.206134+00:00
NSViolet,construction services,http://nsviolet.com/,+44 (0) 7877 287275,"4A, 3rd Gizri Lane, Phase IV, D.H.A, Karachi, Sindh",https://www.businesslist.pk/company/252373/nsviolet,businesslist_pk,scrapy,construction-services,2026-08-29T02:27:18.400798+00:00
The Value &amp; Resource Mobilizer,construction services,http://www.vrmob.com,"(92 21) 34251151, +92 321 5821127","Office: 223 Nh, Lab Square, Landhi, Mehran Highway, Bin Qasim Town, Karachi",https://www.businesslist.pk/company/236643/the-valueresource-mobilizer,businesslist_pk,scrapy,construction-services,2026-08-29T02:27:20.013705+00:00
Mwpbnp.com,construction services,https://www.mwpbnp.com/,+92 51 44 85 888,"Near Sihala Steel Corporation, Haji Choudhry Abdul Rauf Market, Sihala Bagh, Near Capital University (Islamabad Campus), Islamabad, Pakistan., Islamabad, Islamabad Capital Territory",https://www.businesslist.pk/company/248095/mwpbnpcom,businesslist_pk,scrapy,construction-services,2026-08-29T02:27:21.809446+00:00
Galaxy International Engineers and builders,construction services,http://www.galaxyinternational.pk,0515421425,"1st floor,danyal plaza, main double road ,PWD, Islamabad, Islamabad Capital Territory",https://www.businesslist.pk/company/244498/galaxy-international-engineers-and-builders,businesslist_pk,scrapy,construction-services,2026-08-29T02:27:23.920880+00:00
4th Dimension Studio - Architects &amp; Designers,construction services,https://www.facebook.com/4th.dimension.studio.pk/,+923225000090,"1-C 1st Floor Al-Kabir Town, Lahore, Lahore, Punjab",https://www.businesslist.pk/company/243997/4th-dimension-studio,businesslist_pk,scrapy,construction-services,2026-08-29T02:27:25.908555+00:00
Structech Construction | Engineering,construction services,https://structech.pk,+923001117823,"Block 13 B Gulshan-e-Iqbal, Karachi, Karachi",https://www.businesslist.pk/company/258769/structech-constructionengineering,businesslist_pk,scrapy,construction-services,2026-08-29T02:27:27.765195+00:00
A R Mirza and Company,construction services,http://www.armcobuilder.com,0300 8626291,"Usman plaza near bank of punjab,citi housing scheme, Gujranwala, Punjab",https://www.businesslist.pk/company/240881/mirza-and-company,businesslist_pk,scrapy,construction-services,2026-08-29T02:27:29.485901+00:00
Zarea,construction services,https://zarea.pk/,+923145163363,"1 Sarwar Rd, Cantt, Lahore, Fotress, Punjab 54900, Pakistan, Lahore",https://www.businesslist.pk/company/258614/zarea,businesslist_pk,scrapy,construction-services,2026-08-29T02:27:31.331981+00:00
Waterproof.PK ( Roof Waterproofing Services ),construction services,https://waterproof.pk,+92-21-34800119,"Shop # N40 , Near shanpakwan , Sahba Akhtar Road , Gulshan-e-Iqbal Block 13 D 2, Karachi, Sindh",https://www.businesslist.pk/company/253877/waterproofpkroof-waterproofing-services-,businesslist_pk,scrapy,construction-services,2026-08-29T02:27:32.549700+00:00
Interior Selection,construction services,https://interior-selection.com,+92 311 2215175,"R-33 street 6, 33 Main University Rd, scheme Karachi, 75500, Karachi",https://www.businesslist.pk/company/258384/interior-selection,businesslist_pk,scrapy,construction-services,2026-08-29T02:27:33.681874+00:00
Unique Transformations,construction services,https://uniquetransformations.pk/,+923332199290,"D-8 Block-5, Sea Breeze Center, (Boat Basin) Clifton, Karachi, Pakistan, Karachi",https://www.businesslist.pk/company/258410/unique-transformations,businesslist_pk,scrapy,construction-services,2026-08-29T02:27:35.883509+00:00
Lodhi Builders &amp; Estate,property development,http://www.lodhibuilders.com,00924236650826,"1-Rana Plaza, Opp. Rasheed (Aadil) Hospital, Main Boulevard, D.H.A. Lahore., Lahore, Punjab",https://www.businesslist.pk/company/242892/lodhi-builders-estate,businesslist_pk,scrapy,property-development,2026-08-29T02:27:37.955609+00:00
The Palm Residential Apartments,property development,http://www.thepalm.pk,03201112211,"523,Service Road West,Main Expressway,Islamabad, Islamabad, Islamabad Capital Territory",https://www.businesslist.pk/company/246539/the-palm-residential-apartments,businesslist_pk,scrapy,property-development,2026-08-29T02:27:39.270164+00:00
Areva Interiors And Building Contractors,property development,https://arevaworldwide.blogspot.com,+92 300 956 92 88," E-11/3 Markaz, Islamabad, Islamabad, Islamabad Capital Territory",https://www.businesslist.pk/company/181381/areva-worldwide-pvt-ltd,businesslist_pk,scrapy,property-development,2026-08-29T02:27:40.325549+00:00
Spell Vision (smc-pvt) Limited,property development,,042-37212209,"M/s. Spell Vision Second Floor, Computer Center, 03-Court Street, Lower Mall, Lahore , Lahore, Punjab",https://www.businesslist.pk/company/234881/spell-vision,businesslist_pk,scrapy,property-development,2026-08-29T02:27:42.517371+00:00
Niazi Builders,property development,,0423727848,"Ok done, Lahore, Punjab",https://www.businesslist.pk/company/241995/niazi-builders,businesslist_pk,scrapy,property-development,2026-08-29T02:27:44.701505+00:00
Saddam Estates,property development,http://www.saddamestates.com,04237861196,"Building No. 17-B, 2nd Floor, Main Commercial Area, Sector-C, Bahria Town, Lahore, Punjab",https://www.businesslist.pk/company/241348/saddam-estates,businesslist_pk,scrapy,property-development,2026-08-29T02:27:46.849065+00:00
Archi Designer,property development,http://www.archi-designers.business.site,03041693070,"Office no.2 ,opposite Aslam Iron, Muhammad abad Satyana Road Faisalabad., Faisalabad, Punjab",https://www.businesslist.pk/company/246324/archi-designer,businesslist_pk,scrapy,property-development,2026-08-29T02:27:49.001651+00:00
Chanab Estate,property development,http://aurangzaib.best@gmail.com,0300-7795768,"4 #  Pakistan Plaza PH I,  CITI Housing (Pvt.) Ltd Gujranwala., Gujranwala, Punjab",https://www.businesslist.pk/company/243022/chanab-estate,businesslist_pk,scrapy,property-development,2026-08-29T02:27:51.087931+00:00
Indus corps,property development,,+923158124543,"Site karachi, Karachi",https://www.businesslist.pk/company/258912/indus-corps,businesslist_pk,scrapy,property-development,2026-08-29T02:27:52.845003+00:00
Boutique Homes Islamabad,property development,http://www.boutiquehomesislamabad.com,+92 3468505408,"3a, street 70, F8/3, ISLAMABAD, Islamabad, Islamabad Capital Territory",https://www.businesslist.pk/company/251767/boutique-homes-islamabad,businesslist_pk,scrapy,property-development,2026-08-29T02:27:54.908109+00:00
Sadaf Estate,realtors,https://sadafestate.com/,+92 321 2200511,"37 c lane 4 bukhari commercial, Karachi, Sindh",https://www.businesslist.pk/company/254675/sadaf-estate,businesslist_pk,scrapy,realtors,2026-08-29T02:27:57.270791+00:00
Urban Developers,realtors,http://urbandevelopersgroup.com/,111-109-109,"P295-Urban Developers Complex DHA Phase 8 Lahore,, Lahore, Punjab",https://www.businesslist.pk/company/244981/urban-developers,businesslist_pk,scrapy,realtors,2026-08-29T02:27:58.801487+00:00
Ali Builders &amp; Developers,realtors,https://www.alibuilders.net/,021-111-101-191,"Suite #: 33, Crown Center, SB-1, Block 13-C, Gulshan-e-Iqbal., Karachi, Sindh",https://www.businesslist.pk/company/250888/ali-buildersdevelopers,businesslist_pk,scrapy,realtors,2026-08-29T02:28:00.801884+00:00
Gillani Estate &amp; Builders,realtors,https://gillaniestate.com/,"+92518316552, +923335237398","Office No. 10, First Floor, Executive Complex , G-8 Markaz,, Islamabad, Islamabad Capital Territory",https://www.businesslist.pk/company/235501/gillani-estatebuilders,businesslist_pk,scrapy,realtors,2026-08-29T02:28:02.776960+00:00
Real estate,realtors,,+92300 8261111,"Jaranwala Rd, Kohinoor City Faisalabad, Punjab, Faisalabad",https://www.businesslist.pk/company/258688/real-estate,businesslist_pk,scrapy,realtors,2026-08-29T02:28:04.874377+00:00
Saif Group,realtors,https://saifgrp.com/,03135775775,"LG-Town Heights, Old bara Road, University Town, Peshawar , Peshawar, Khyber Pakhtunkhwa",https://www.businesslist.pk/company/252769/saif-group,businesslist_pk,scrapy,realtors,2026-08-29T02:28:06.326894+00:00
Sarfaraz Hamid Properties,realtors,https://www.sarfrazhamid.com,042-111-366-366,"25-MB Phase 6 DHA, Lahore, Punjab",https://www.businesslist.pk/company/249886/sarfaraz-hamid-properties,businesslist_pk,scrapy,realtors,2026-08-29T02:28:08.377324+00:00
Maan Estate,realtors,https://maanestate.com/,+923334023007,"63-MB, Phase-6, Sector-H, DHA Lahore., Lahore, Punjab",https://www.businesslist.pk/company/252435/maan-estate,businesslist_pk,scrapy,realtors,2026-08-29T02:28:10.559920+00:00
Paradise Group of Companies,realtors,,+923007776566,"Office No.18, Naqi Arcade, 71-The Mall Road, Lahore, Pakistan., Lahore",https://www.businesslist.pk/company/258399/paradise-group-of-companies,businesslist_pk,scrapy,realtors,2026-08-29T02:28:12.637329+00:00
Tariq Gul,realtors,http://www.tariqgul.com,021-32859683,"Office # 10,1st Floor, Al-Rehman Trade Center Timber Pond Keamari Karachi, Karachi, Sindh",https://www.businesslist.pk/company/249750/tariq-gul,businesslist_pk,scrapy,realtors,2026-08-29T02:28:13.753893+00:00
Gharbaar.com,realtors,http://gharbaar.com/blue-world-city,8746137,"16th Floor Tower B, Centaurus Mall, F-8, Islamabad, Islamabad, Islamabad Capital Territory",https://www.businesslist.pk/company/251446/gharbaarcom,businesslist_pk,scrapy,realtors,2026-08-29T02:28:15.830274+00:00
ZDON Marketing,realtors,,+923310000045,"Land Lord Arcade, 2nd floor, plaza 14, mini ext 2, phase 7, Bahria Town, Rawalpindi, Islamabad",https://www.businesslist.pk/company/258783/zdon-marketing,businesslist_pk,scrapy,realtors,2026-08-29T02:28:17.754087+00:00
Propertyrelation,property management,http://www.propertyrelation.com/,03008229904,"Shop #1 # 8C, Bukhari Commercial, Lane 8, Phase-6, DHA, Karachi, Karachi, Sindh",https://www.businesslist.pk/company/248936/propertyrelation,businesslist_pk,scrapy,property-management,2026-08-29T02:28:19.912583+00:00
Hewad Karegar,property management,https://hewadkarigarservices.com/handyman-services-pakistan/,03339461094,"Flate No. 301, 3rd Floor, Park Lane Building, E-11/2, Islamabad  , Islamabad, Islamabad Capital Territory",https://www.businesslist.pk/company/246575/hewad-karegar,businesslist_pk,scrapy,property-management,2026-08-29T02:28:21.949935+00:00
Universal Marketing Inc.,property management,http://www.universalmktginc.com,0092-301-9208146,"Suite No.15, 5th Floor, City Star Shopping Plaza, Maulana Shaukat Ali Road, Link Model Town, Lahore, Punjab",https://www.businesslist.pk/company/253403/universal-marketing-inc,businesslist_pk,scrapy,property-management,2026-08-29T02:28:24.112972+00:00
Friends Property Network,property management,https://www.friendspropertynetwork.com/,0322 4222522,"172-A First Floor, Adjacent Bahria Grand Masjid, Sector E Commercial, Bahria Town, Lahore., Lahore, Punjab",https://www.businesslist.pk/company/253154/friends-property-network,businesslist_pk,scrapy,property-management,2026-08-29T02:28:25.140532+00:00
Imarat Group of Companies,property management,http://www.imarat.com.pk/,"+92-345-0107788, +92 51 111-555-555"," ​I​m​a​r​a​t​ ​G​r​o​u​p​ ​o​f​ ​C​o​m​p​a​n​i​e​s​  ​4​t​h​ ​F​l​o​o​r​ ​B​e​v​e​r​l​y​ ​C​e​n​t​e​r​ ​B​l​u​e​ ​A​r​e​a​  ​I​s​l​a​m​a​b​a​d​,​ ​4​6​0​0​0​, Islamabad, Islamabad Capital Territory",https://www.businesslist.pk/company/249834/imarat-group-of-companies,businesslist_pk,scrapy,property-management,2026-08-29T02:28:26.982310+00:00
Property Hut,property management,http://propertyhut.pk/,0313 5277387,"Residence 21, DHA.1 , Islamabad, Islamabad, Punjab",https://www.businesslist.pk/company/254450/property-hut,businesslist_pk,scrapy,property-management,2026-08-29T02:28:28.771160+00:00
RightDeed.com | Pakistan Largest Property Portal,property management,https://www.rightdeed.com/,04235742252,"191 Street 11, Sector Y DHA Phase 3, Lahore,Punjab, Pakistan, Lahore, Punjab",https://www.businesslist.pk/company/250467/rightdeedcompakistan-largest-property-portal,businesslist_pk,scrapy,property-management,2026-08-29T02:28:30.969237+00:00
House for sale in Islamabad,property management,https://web.facebook.com/blue-world-city-islamabad-686337135140122/?modal=admin_todo_tour,+923115191387,"masco plaza blue area Islamabad, Islamabad, Islamabad Capital Territory",https://www.businesslist.pk/company/250609/house-for-sale-in-islamabad,businesslist_pk,scrapy,property-management,2026-08-29T02:28:32.421977+00:00
AAA Realestate Pvt Ltd,property management,https://aaa-realestate.com/,051-4917292,"Office no 20/21, 2nd Floor, Asian Business Center, Bahria Town Phase 7 Entrance, G. T Road, Rawalpindi, Punjab",https://www.businesslist.pk/company/251737/aaa-realestate-pvt-ltd,businesslist_pk,scrapy,property-management,2026-08-29T02:28:34.433905+00:00
Divine Associates,property management,https://www.facebook.com/divineassociates1,+922136377474,"Shop#133 Shahmim Sky Tower Federal B Area Block:9 Karachi-Pakistan., Karachi, Sindh",https://www.businesslist.pk/company/253212/divine-associates,businesslist_pk,scrapy,property-management,2026-08-29T02:28:36.427874+00:00
Eman Enterprises,property management,http://www.emanenterprises.com.pk,03068084838,"OPPOSITE CHENAB GATE RAHWALI CANTT GUJRANWALA, Gujranwala, Punjab",https://www.businesslist.pk/company/252635/eman-enterprises,businesslist_pk,scrapy,property-management,2026-08-29T02:28:38.474693+00:00
Green Earth Real Estate,property management,https://greenearth.com.pk/,080055155,"Gate # 1, Green Earth Real Estate. Plot 9، Al-Bari Building،, Main Jinnah Boulevard, DHA Phase II, Islamabad, 44000, Pakistan, Islamabad, Islamabad Capital Territory",https://www.businesslist.pk/company/253671/green-earth-real-estate,businesslist_pk,scrapy,property-management,2026-08-29T02:28:40.417365+00:00
Multiplierz pvt ltd,property management,http://www.thepalm.pk,+923037774593,"service road west, near sohan interchange, islamabad express way, pakistan, Islamabad, Islamabad Capital Territory",https://www.businesslist.pk/company/248957/multiplierz-pvt-ltd,businesslist_pk,scrapy,property-management,2026-08-29T02:28:41.799036+00:00
Al Ahmad Builders and Real Estate,property management,http://www.alahmadbuilders.com,03006868422,"City Garden Adjacent to Allama Iqbal Town near Civil Hospital Jhangi Wala Road, Bahawalpur, Punjab",https://www.businesslist.pk/company/252459/al-ahmad-builders-and-real-estate,businesslist_pk,scrapy,property-management,2026-08-29T02:28:43.665602+00:00
Zameen for you,property management,https://www.zameenforyou.com/,+923228440055,"20 A Faiz Road Old Muslim Town Lahore Pakistan, Lahore, Punjab",https://www.businesslist.pk/company/249073/zameen-for-you,businesslist_pk,scrapy,property-management,2026-08-29T02:28:45.600952+00:00
Al-waris Goc,property management,,+923310000045,"BVIII House 147 Khanapul, Rawalpindi",https://www.businesslist.pk/company/258712/al-waris-goc,businesslist_pk,scrapy,property-management,2026-08-29T02:28:47.354622+00:00
Ali Saqlain Real Estate and Builders - Bahria Town,property management,http://www.alisaqlain.com,"03312351429, +92 51-111-333-888, +923301380958","Main 26 Street, Tauheed Commercial Karachi , Karachi, Sindh",https://www.businesslist.pk/company/246001/ali-saqlain-real-estate-and-builders-bahria-town,businesslist_pk,scrapy,property-management,2026-08-29T02:28:49.017254+00:00
Mustafa Maketing,property management,https://www.mustafamarketing.com,+923153530711,"house L-663 sector 36-e taiser town karachi, Karachi",https://www.businesslist.pk/company/258626/mustafa-maketing,businesslist_pk,scrapy,property-management,2026-08-29T02:28:50.674712+00:00
"Furnished Houses for Rent in Lahore, IHA Rent",property management,http://www.harentacar.com/,"0322 4162355, +92 321 5552572","House. 22, St. 2, Block C DHA Villas Phase 8, Lahore, 54792, Lahore, Punjab",https://www.businesslist.pk/company/251884/furnished-houses-for-rent-in-lahore-iha-rent,businesslist_pk,scrapy,property-management,2026-08-29T02:28:52.543408+00:00
Z.M Enterprises,estate agents,https://www.youtube.com/@z.menterprises3006,"03168595370, +923002106878","DHA Karachi , Karachi, Sindh",https://www.businesslist.pk/company/251414/zm-enterprises,businesslist_pk,scrapy,estate-agents,2026-08-29T02:28:54.618981+00:00
Rahman Property Dealer Timergara,estate agents,https://www.facebook.com/rahmanpropertydealer/,0945824030,"1st FLOOR LAST BLOCK ZEB CITY CENTER TIMERGARA DIR LOWER KPK PAKISTAN, Timergara, Khyber Pakhtunkhwa",https://www.businesslist.pk/company/245347/rahman-property-dealer,businesslist_pk,scrapy,estate-agents,2026-08-29T02:28:56.135354+00:00
Executive Real Estate Group,estate agents,https://www.fb.me/executivegrouppk,03018626291,"178 Palm Commercial, Royal Palm City, Gujranwala, Gujranwala, Punjab",https://www.businesslist.pk/company/244632/executive-real-estate-group,businesslist_pk,scrapy,estate-agents,2026-08-29T02:28:57.550779+00:00
Arish Associates,estate agents,http://www.arish.com.pk,"02135347117,18","11-C Lane 7 Ittehad Commercial DHA Phase 6 Karachi, Karachi, Sindh",https://www.businesslist.pk/company/246719/arish-associates,businesslist_pk,scrapy,estate-agents,2026-08-29T02:28:59.776202+00:00
Emlak Estate B-17 Islamabad,estate agents,https://b17properties.pk,+923149642884,"Office#12,2nd Floor, Block A Multi Gardens B-17, Islamabad,44000, Islamabad, Islamabad Capital Territory",https://www.businesslist.pk/company/250843/emlak-estate-b-17-islamabad,businesslist_pk,scrapy,estate-agents,2026-08-29T02:29:01.761786+00:00
Sigma Properties and Marketing Pvt Ltd,estate agents,https://sigmaproperties.com.pk/,051111477488,"4th Floor, Redco Plaza, Blue Area, Islamabad, Islamabad Capital Territory",https://www.businesslist.pk/company/252370/sigma-properties-and-marketing-pvt-ltd,businesslist_pk,scrapy,estate-agents,2026-08-29T02:29:04.005967+00:00
Lion HDB,estate agents,https://lionhdb.com,+923111222977,"338 MB, Sector A, DHA Phase 6,, Lahore",https://www.businesslist.pk/company/258346/lion-hdb,businesslist_pk,scrapy,estate-agents,2026-08-29T02:29:05.312381+00:00
Summa Marketing Pvt Ltd,estate agents,https://summamarketing.com.pk/,+923202020101,"92-G DHA Phase 1, Lahore",https://www.businesslist.pk/company/258664/summa-marketing-pvt-ltd,businesslist_pk,scrapy,estate-agents,2026-08-29T02:29:06.578583+00:00
RealtorOnline,estate agents,https://realtoronline.pk,+923143334990,"A-4, 1st Floor, Toshi Square, Main University Rd, near Al Mustafa Medical Center, Block 13 C Gulshan-e-Iqbal, Karachi, 75300, Karachi",https://www.businesslist.pk/company/258785/realtoronline,businesslist_pk,scrapy,estate-agents,2026-08-29T02:29:08.559567+00:00
Graana - Smartest Property Portal,estate agents,https://www.graana.com,"111-555-555, +923335104007","Level 5, 44 East Plaza, Fazl ul Haq Road, Blue Area, Islamabad, Islamabad, Islamabad Capital Territory",https://www.businesslist.pk/company/248737/graana-smartest-property-portal,businesslist_pk,scrapy,estate-agents,2026-08-29T02:29:10.660331+00:00
Mustafa Marketing and Real Estate,estate agents,https://mustafamarketing1.weebly.com/,+923153530711,"taiser town l 663 sector 36e , Karachi",https://www.businesslist.pk/company/258900/mustafa-marketing-and-real-estate,businesslist_pk,scrapy,estate-agents,2026-08-29T02:29:12.786498+00:00
Nasar Estate,estate agents,http://nasarestate.com,"03004974631, 03434551474,03428625424","335-B, Iqbal Avenue Khyaban-e-jinah Road Near Shakut khanam Hospital Lahore, 54770, Lahore, Punjab",https://www.businesslist.pk/company/243907/nasar-estate,businesslist_pk,scrapy,estate-agents,2026-08-29T02:29:14.312836+00:00
Alee Associates Real Estate Investment Consultants,estate agents,https://aleeassociates.com/,0515916004,"Office # 4-A/27، Defence Business Bay, Sector F DHA Phase 1, Islamabad, Islamabad, Islamabad Capital Territory",https://www.businesslist.pk/company/244495/alee-associates-real-estate-investment-consultants,businesslist_pk,scrapy,estate-agents,2026-08-29T02:29:16.281805+00:00
Nouman Estate &amp; Builders,estate agents,http://www.noumanestate.com,+92 42 35873700-01,"74-A-3, Block D1, Liberty Market, Near Capri Cinema, Gulberg III, lahore, Lahore, Punjab",https://www.businesslist.pk/company/245065/nouman-estatebuilders,businesslist_pk,scrapy,estate-agents,2026-08-29T02:29:18.237532+00:00
Ismail Estate,estate agents,http://ismailestate.blogspot.com/,92 03028118161,"Shop no :1 Plot # C4, Shop # 3, Zeenatabad Scheme -33, Karachi, Karachi, Sindh",https://www.businesslist.pk/company/243962/ismail-estate,businesslist_pk,scrapy,estate-agents,2026-08-29T02:29:20.280591+00:00
Arcon Associates,estate agents,http://www.arcon.pk,+92-42- 37169006,"Office No 1, First Floor Nehal Plaza KBHS Society New Airport Road Lahore Cantt., Lahore, Punjab",https://www.businesslist.pk/company/242841/arcon-associates,businesslist_pk,scrapy,estate-agents,2026-08-29T02:29:21.802202+00:00
Jaidaadonline.com,estate agents,https://www.jaidaadonline.com,+923333223911,"Plot # SC-1, Suit # 12, Mohammadi Building Block A North Nazimabad, Karachi",https://www.businesslist.pk/company/258312/jaidaadonlinecom,businesslist_pk,scrapy,estate-agents,2026-08-29T02:29:23.435985+00:00
Wadaan Enterprises,estate agents,,0213-5843526,"Plot 29 C Lane 6 Ittehad Commercial DHA Karachi, Karachi, Sindh",https://www.businesslist.pk/company/242599/wadaan-enterprises,businesslist_pk,scrapy,estate-agents,2026-08-29T02:29:24.467329+00:00
Realty Investments,estate agents,https://realtyinvestments.pk/,+923000732589,"Suite # 4, Ground Floor, Prime Beach View Apartments, Block-4, Clifton, Karachi, Pakistan, Karachi",https://www.businesslist.pk/company/258691/realty-investments,businesslist_pk,scrapy,estate-agents,2026-08-29T02:29:26.779139+00:00
Royal Business Solutions (RBS),estate agents,https://rbsland.com/,"+92 51 5172681, +923331111306","Plot 13, Adjacent D Mall, G.T. Rd, Sector A DHA Phase II Islamabad, Islamabad Capital Territory, Pakistan-44000, Rawalpindi, Punjab",https://www.businesslist.pk/company/252371/royal-business-solutions-rbs,businesslist_pk,scrapy,estate-agents,2026-08-29T02:29:28.691132+00:00
Service Square | Handyman Services,renovation,https://servicesquare.com.pk/,051-2350555,"Office # 7, 2nd Floor, Sharjah Plaza,, G-10, Markaz, Islamabad, Islamabad, Islamabad Capital Territory",https://www.businesslist.pk/company/250662/service-squarehandyman-services,businesslist_pk,scrapy,renovation,2026-08-29T02:30:06.475754+00:00
Chai,property consultants,https://web.facebook.com/ChaiConsulting,03104534643,"32-D Commercial, DHA EME Sector, Multan Road, Lahore, Punjab",https://www.businesslist.pk/company/244784/chai,businesslist_pk,scrapy,property-consultants,2026-08-29T02:30:08.368026+00:00
Jydad,commercial property,http://www.jydad.com/,+92 4235955556,"226-A, Iqbal Avenue Phase 1, Lahore, Pakistan, Lahore, Punjab",https://www.businesslist.pk/company/247525/jydad,businesslist_pk,scrapy,commercial-property,2026-08-29T02:30:10.090070+00:00
Jamshaid Khan Architects &amp; Associates (JKAA),interior design,https://www.jamshaidkhan.com/,+9203360005600,"6 Plaza, Road-10, Central Avenue, Northern Block, Commercial Trade Centre Capital Enclave, Approach Road، Off Islamabad Expressway, , Islamabad, Islamabad Capital Territory",https://www.businesslist.pk/company/250829/jamshaid-khan-architectsassociates-jkaa,businesslist_pk,scrapy,interior-design,2026-08-29T02:30:12.520731+00:00
D-Land Surveyors &amp; Services,renovation,https://www.linkedin.com/company/d-land-surveyors-services/,+923343585080,"Office # S-42, Mateen Galaxy, Main Rashid Minhas Road, Block 10A, Gulshan e Iqbal, Karachi, Pakistan, Karachi",https://www.businesslist.pk/company/255191/d-land-surveyorsservices,businesslist_pk,scrapy,renovation,2026-08-29T02:30:14.361471+00:00
Pee Dee &amp; Associates,renovation,,+92 21 35838038,"D-93/1,Block-4,Scheme No.5 Kehkashan,Clifton, Karachi., Karachi, Sindh",https://www.businesslist.pk/company/247614/pee-deeassociates,businesslist_pk,scrapy,renovation,2026-08-29T02:30:16.403200+00:00
Alpha Enterprises,renovation,,+923009251366,"Office # 14 &amp; 15 , G/F Noor Estate Building Nursery Karachi, Karachi, Sindh",https://www.businesslist.pk/company/235147/links-contractors,businesslist_pk,scrapy,renovation,2026-08-29T02:30:18.282571+00:00
ME Architects,renovation,https://www.mearchitects.org,02135846562,"Aziz Tower, Building #44-C, Lane #4, 3rd Floor, Office #301, Small Shahbaz Commercial, DHA, Phase 6, Karachi, Sindh",https://www.businesslist.pk/company/247759/me-architects,businesslist_pk,scrapy,renovation,2026-08-29T02:30:20.414813+00:00
Clay Floor Tiles,renovation,http://www.clayfloortiles.com,+924237009612,"284-C New Shah Jamal Town, Walton Road, Lahore, Punjab",https://www.businesslist.pk/company/235217/clay-floor-tiles,businesslist_pk,scrapy,renovation,2026-08-29T02:30:22.625255+00:00
Pak Tools,renovation,,0336 8844402,"Ashraf Arcade, main Allahabad road,Westridge 3, Rawalpindi, Rawalpindi, Islamabad Capital Territory",https://www.businesslist.pk/company/248281/pak-tools,businesslist_pk,scrapy,renovation,2026-08-29T02:30:23.596231+00:00
The Floor Planet,renovation,,03027557650,"Inner Circular Road, Lahore, Punjab",https://www.businesslist.pk/company/245548/the-floor-planet,businesslist_pk,scrapy,renovation,2026-08-29T02:30:25.332489+00:00
M/s EQAN Interior &amp; Securities,renovation,https://www.facebook.com/EQAN-Interiors-Securities-216957308773471/,0514320258,"Suite # 14, 2nd Floor, Select Center, F-11 Markaz., Islamabad, Islamabad Capital Territory",https://www.businesslist.pk/company/245268/ms-eqan-interiorsecurities,businesslist_pk,scrapy,renovation,2026-08-29T02:30:27.534365+00:00
Mateen International,renovation,,+923364049090,"B # 20,Sector S-II, Gulshan-e-Maymar, Karachi, Sindh",https://www.businesslist.pk/company/248181/mateen-international,businesslist_pk,scrapy,renovation,2026-08-29T02:30:29.892089+00:00
Living Standards Construction &amp; Renovation Company,renovation,,03329459469,"Blue Area Islamabad, Islamabad, Islamabad Capital Territory",https://www.businesslist.pk/company/250686/living-standards-constructionrenovation-company,businesslist_pk,scrapy,renovation,2026-08-29T02:30:31.506473+00:00
The Best Engineers &amp; Contractor,renovation,http://www.facebook.com/thebestengineersandcontractor,03360993211,"Muslim Town, Rawalpindi, Islamabad Capital Territory",https://www.businesslist.pk/company/241737/the-best-engineerscontractor,businesslist_pk,scrapy,renovation,2026-08-29T02:30:33.699461+00:00
Pakistan Steel Builder Multan,renovation,,03030-817916,"M.A.JINNAH ROAD SHORKOOT BASTI GULRAIZ TOWN MULTAN, Multan, Punjab",https://www.businesslist.pk/company/245493/pakistan-steel-builder-multan,businesslist_pk,scrapy,renovation,2026-08-29T02:30:35.282619+00:00
Bismillah Property (Real Estate Advisor),renovation,,+923008248977,"Street 07, Gulshan-e-Iqbal, Block 13D1, Karachi, Sindh",https://www.businesslist.pk/company/246214/bismillah-property-real-estate-advisor,businesslist_pk,scrapy,renovation,2026-08-29T02:30:37.174972+00:00
Ajm Real Estate Karachi,renovation,,+92134837105,"Mateen shopping Galaxy,, 4th Floor, f-01, rashid minhas road karachi, Karachi, Sindh",https://www.businesslist.pk/company/248119/ajm-real-estate-karachi,businesslist_pk,scrapy,renovation,2026-08-29T02:30:39.205125+00:00
SA Contracting,renovation,,03219473191,"94, Ibrahim Block, Al Hafeez Garden, Lahore, Lahore, Punjab",https://www.businesslist.pk/company/247268/sa-contracting,businesslist_pk,scrapy,renovation,2026-08-29T02:30:40.961908+00:00
KM Architects &amp; Interiors,renovation,,03224250428,"Valencia town, Lahore, Punjab",https://www.businesslist.pk/company/246036/km-architectsinteriors,businesslist_pk,scrapy,renovation,2026-08-29T02:30:42.530404+00:00
Sim Construction &amp; Machines Traders,renovation,http://www.facebook.com/simconstructions,03213165848,"31 street saba commercial phase v Dha Karachi, Karachi, Sindh",https://www.businesslist.pk/company/243735/sim-constructionmachines-traders,businesslist_pk,scrapy,renovation,2026-08-29T02:30:44.392072+00:00
Hafi Pest Control Services,interior design,https://hafiservices.com/,0333-3099401,"70-71, 3rd Floor, Habib Chamber, Main University Road, Block-14, Gulshan-e-Iqbal, Karachi-Pakistan., Karachi, Sindh",https://www.businesslist.pk/company/237494/hafi-general-services,businesslist_pk,scrapy,interior-design,2026-08-29T02:30:46.572239+00:00
Green Arch,interior design,http://www.green-arch.weebly.com,092-42-35692609,"F/6 COMMERCIAL AREA, WEST CANAL BANK TECH SOCIETY,  LAHORE, Lahore, Punjab",https://www.businesslist.pk/company/240575/green-arch,businesslist_pk,scrapy,interior-design,2026-08-29T02:30:48.433205+00:00
DesignPRO,interior design,http://www.fb.com/designpro3ds,03012167089,"DHA, Islamabad, Islamabad Capital Territory",https://www.businesslist.pk/company/247392/designpro,businesslist_pk,scrapy,interior-design,2026-08-29T02:30:50.497336+00:00
Schematics Architecture,interior design,http://www.schematics.com.pk,(92 21) 34394899,"86 B, MACHS, Karachi, Sindh",https://www.businesslist.pk/company/182060/schematics-architecture,businesslist_pk,scrapy,interior-design,2026-08-29T02:30:52.662656+00:00
Impel Studios | Architectural Services,interior design,http://www.impel-studios.com,+92 322 2733629,"Al- Amna Plaza, M.A Jinnah Road, Karachi, Karachi, Sindh",https://www.businesslist.pk/company/248220/impel-studiosarchitectural-services,businesslist_pk,scrapy,interior-design,2026-08-29T02:30:54.781009+00:00
AenZay Interiors &amp; Architects,interior design,http://www.aenzay.com,+92-42-35771740,"Suite # 403, 4th Floor, Al-Hafeez Shopping Mall,, 321 Main Boulevard Gulberg, Lahore, Lahore, Punjab",https://www.businesslist.pk/company/241291/aenzay-interiorsarchitects,businesslist_pk,scrapy,interior-design,2026-08-29T02:30:56.478706+00:00
Ideal Home,interior design,http://www.idealhome.com.pk,0515400395,"Plaza No. 14, Land Lord Arcade, Mini Ext- II, Phase-7, Bahria Town, Rawalpindi, Punjab",https://www.businesslist.pk/company/244639/ideal-home,businesslist_pk,scrapy,interior-design,2026-08-29T02:30:58.618075+00:00
Ideal Home,interior design,http://www.idealhome.com.pk,0515400395,"Plaza No. 14, Land Lord Arcade, Mini Ext- II, Phase-7, Bahria Town, Islamabad, Islamabad Capital Territory",https://www.businesslist.pk/company/244883/ideal-home,businesslist_pk,scrapy,interior-design,2026-08-29T02:31:00.581542+00:00
Sleek Designs Private Limited,interior design,http://www.sleekdesigns.com.pk,0512615745,"Office # 2, second floor,Ahmed plaza, Near taramri Chowk Lahtarar Road Islamabad , Islamabad, Islamabad Capital Territory",https://www.businesslist.pk/company/249135/sleek-designs-private-limited,businesslist_pk,scrapy,interior-design,2026-08-29T02:31:02.685961+00:00
Sheher Saaz Pvt Ltd,interior design,http://www.shehersaaz.com,0518442244,"Unit 1, First Floor, Street 34, I&amp;T centre G10/1, Islamabad, Islamabad Capital Territory",https://www.businesslist.pk/company/245219/sheher-saaz-pvt-ltd,businesslist_pk,scrapy,interior-design,2026-08-29T02:31:04.464743+00:00
Shahab Homes,interior design,,,"model town A, Faisalabad, Punjab",https://www.businesslist.pk/company/241832/shahab-homes,businesslist_pk,scrapy,interior-design,2026-08-29T02:31:06.393535+00:00
Century Properties,commercial property,http://www.century.pk,+92 042 36299320,"Office #4, 2nd Floor, Queens Centre, 33 Queens Road, Lahore, Lahore, Punjab",https://www.businesslist.pk/company/247876/century-properties,businesslist_pk,scrapy,commercial-property,2026-08-29T02:31:08.092410+00:00
Grand Square Mall,commercial property,https://www.grandsquaremall.com,+92 42 111-011-022,"Block E3 Block E 3 Gulberg III, Lahore, Punjab, Lahore, Punjab",https://www.businesslist.pk/company/248117/grand-square-mall,businesslist_pk,scrapy,commercial-property,2026-08-29T02:31:09.943222+00:00
Emperor Marketing,commercial property,https://emperormarketing.com.pk/,(051) 2120908,"Office # 3, 1st Floor Muzaffar Chamber, Fazal-e-Haq Rd, Blue Area Islamabad, Pakistan, Islamabad, Islamabad Capital Territory",https://www.businesslist.pk/company/253969/emperor-marketing,businesslist_pk,scrapy,commercial-property,2026-08-29T02:31:11.943835+00:00
Jydad.com,commercial property,http://www.jydad.com/,+92 4235291128,"243 G-1, Johar Town, Lahore, Punjab",https://www.businesslist.pk/company/246434/jydad,businesslist_pk,scrapy,commercial-property,2026-08-29T02:31:14.212259+00:00
Lexis Estate,commercial property,https://lexisestate.com/,+923000848848,"Defence Raya Golf Resort Sector M DHA Phase 6, Lahore, Pakistan, Lahore",https://www.businesslist.pk/company/258007/lexis-estate,businesslist_pk,scrapy,commercial-property,2026-08-29T02:31:16.423449+00:00
ZAEstate - Real Estate Agency,commercial property,http://zaestate.com/,03331215601,"3 Canal Park Sikandar Malhi Road, Gulberg 2, Lahore, Punjab",https://www.businesslist.pk/company/241385/zaestate-real-estate-agency,businesslist_pk,scrapy,commercial-property,2026-08-29T02:31:18.170630+00:00
Khatri Estate,commercial property,https://www.khatriestate.com,+92 321 9240122,"Tariq Road P.E.C.H.S Block 2 Office No 8-A, Plot No 934-C &amp; 935-C, Karachi, Karachi, Sindh",https://www.businesslist.pk/company/253488/khatri-estate,businesslist_pk,scrapy,commercial-property,2026-08-29T02:31:20.213655+00:00
ASCO Properties (Private) Limited,commercial property,http://www.ascoproperties.com,+92512120202,"8-B, Gulistan Khan House, Block F, Near Tehzeeb Bakers, AK Fazal-ul-Haq Road, Blue Area Islamabad, Islamabad, Islamabad Capital Territory",https://www.businesslist.pk/company/252871/asco-properties-private-limited,businesslist_pk,scrapy,commercial-property,2026-08-29T02:31:22.570067+00:00
Makeen .pk,property consultants,https://www.makeen.pk,+92-42-35820605-6,"E-379 Qainchi Amarsidhu, Ferozepur Rd, Lahore, Lahore, Punjab",https://www.businesslist.pk/company/248908/makeen-pk,businesslist_pk,scrapy,property-consultants,2026-08-29T02:31:24.565302+00:00
Mohsin Associates,property consultants,http://www.mohsinassociates.pk,021-34617757,"G 45 Hunaid City Block 17 Gulistan e Jauhar Karachi,, Karachi, Sindh",https://www.businesslist.pk/company/247930/mohsin-associates,businesslist_pk,scrapy,property-consultants,2026-08-29T02:31:26.426208+00:00
BahriaTownRates,property consultants,http://bahriatownrates.com/,00923000933555,"18-B, Midway Commercial, Bahria Town, Karachi., Karachi, Sindh",https://www.businesslist.pk/company/247847/bahriatownrates,businesslist_pk,scrapy,property-consultants,2026-08-29T02:31:27.941715+00:00
Modern Home Renovation And Remodeling ( Interior/ Exterior Complete Civil Work Services),renovation,,0512505302,"F10 Markaz, Islamabad, Islamabad, Islamabad Capital Territory",https://www.businesslist.pk/company/242699/general-maintenance-renovation-services-homes-and-offices,businesslist_pk,scrapy,renovation,2026-08-29T02:31:30.207523+00:00
Roof Seals water Proofing Company,renovation,http://www.roofseals.com,03315033530,"Ittehad Center, Blue Area, Islamabad., Islamabad, Islamabad Capital Territory",https://www.businesslist.pk/company/244306/roof-seals-water-proofing-company,businesslist_pk,scrapy,renovation,2026-08-29T02:31:32.018385+00:00
FA Group,renovation,http://www.doqadam.com,03343206141,"97/1, 3rd Commercial Street, Phase 4, DHA, Karachi, Karachi, Sindh",https://www.businesslist.pk/company/247735/fa-group,businesslist_pk,scrapy,renovation,2026-08-29T02:31:34.100107+00:00
TKS Construction,renovation,https://www.facebook.com/homebuildersabbottabad/,03350980844,"office # 37 , phase 1, Jadoon plaza, Mandian, Abbottabad, Khyber Pakhtunkhwa",https://www.businesslist.pk/company/248136/tks-construction,businesslist_pk,scrapy,renovation,2026-08-29T02:31:35.683067+00:00
Kamwalay,renovation,http://www.kamwalay.com/,+92 42 35227135,"Lahore, pakistan, Lahore, Punjab",https://www.businesslist.pk/company/251246/kamwalay,businesslist_pk,scrapy,renovation,2026-08-29T02:31:37.310841+00:00
Winds International,renovation,https://www.windsinternational.com,"+924235690913,14,15,16","2nd floor 161-H block commercial area phase 1 DHA lahore, Lahore, Punjab",https://www.businesslist.pk/company/242501/winds-international,businesslist_pk,scrapy,renovation,2026-08-29T02:31:39.003655+00:00
N.a. Mukhtar &amp; Co.,renovation,http://namukhtarco.wordpress.com,+92-42-36621175-76,"Plot # E-100/A-3-4, Shalimar Market, Main Boulevard D.H.A.,, Lahore, Punjab",https://www.businesslist.pk/company/239868/na-mukhtarco,businesslist_pk,scrapy,renovation,2026-08-29T02:31:41.102164+00:00
Woody Interior,renovation,http://woodyinterior.com/,042-36621208,"Shop # 7, Cuckoo Market, Walton Road Defence Chowk, New Super Town, Lahore, Punjab, Lahore, Punjab",https://www.businesslist.pk/company/250574/woody-interior,businesslist_pk,scrapy,renovation,2026-08-29T02:31:42.959961+00:00
ZnH interiors,renovation,http://www.znhinteriors.com,03332828988,"1st Floor, 2-M, Block-6, p.e.c.h.s Karachi., Karachi, Sindh",https://www.businesslist.pk/company/241604/znh-interiors,businesslist_pk,scrapy,renovation,2026-08-29T02:31:45.155789+00:00
AEC Interiors,interior design,https://aecinteriors.com.pk,+923453383788,"Office# 1010, 10th Floor, Park Avenue, Main Sharah-e-Faisal, Karachi, Sindh",https://www.businesslist.pk/company/197494/aec-interiors,businesslist_pk,scrapy,interior-design,2026-08-29T02:31:47.313876+00:00
Leo Architects,interior design,http://www.facebook.com/leoarchitects,03234121831,"35-Z, Phase 3, DHA, Lahore, Pakistan-54000, Lahore, Punjab",https://www.businesslist.pk/company/244190/leo-architects,businesslist_pk,scrapy,interior-design,2026-08-29T02:31:49.443580+00:00
Studio3 multan,interior design,http://www.studio3.pk,0616222526,"Rehman Plaza near Superior College Bosan Road, Multan, Punjab",https://www.businesslist.pk/company/245022/studio3-multan,businesslist_pk,scrapy,interior-design,2026-08-29T02:31:51.329146+00:00
Focus Interiors (Pvt) Ltd,interior design,http://www.focusinteriors.com.pk,042-35761755-56,"26-B, Zahoor Elahi Road, Gulberg II, Lahore, Punjab",https://www.businesslist.pk/company/245316/focus-interiors-pvt-ltd,businesslist_pk,scrapy,interior-design,2026-08-29T02:31:53.451003+00:00
Shape Shack Interiors,interior design,http://www.facebook.com/shapeshackinteriors,03333017050,"Suite# A-106, Block &#039;E&#039;, North Nazimabad, Karachi, Karachi, Sindh",https://www.businesslist.pk/company/249966/shape-shack-interiors,businesslist_pk,scrapy,interior-design,2026-08-29T02:31:55.519562+00:00
Aghaz Interiors,interior design,http://www.aghazinteriors.com,+923325201037,"Office 303 Incubator 1ne Comsats Chakshezad Islamabad , Islamabad, Islamabad Capital Territory",https://www.businesslist.pk/company/245338/aghaz-interiors,businesslist_pk,scrapy,interior-design,2026-08-29T02:31:57.598633+00:00
Grand Square Mall,commercial property,http://www.grandsquaremall.com,+92 42 111-011-022,"8 – E/3, Main Boulevard, Gulberg III, Lahore, Pakistan., Lahore, Punjab",https://www.businesslist.pk/company/248585/grand-square-mall,businesslist_pk,scrapy,commercial-property,2026-08-29T02:31:59.174450+00:00
Fatani Estate,commercial property,,03111328264,"54-c lane 2, D.H.A. Phase 8 Zulfiqar &amp; Al Murtaza Commercial Area Phase 8 Defence Housing Authority, Karachi, Karachi City, Sindh 75500, Karachi, Sindh",https://www.businesslist.pk/company/230455/fatani-estate,businesslist_pk,scrapy,commercial-property,2026-08-29T02:32:01.432774+00:00
Al Bilal builders,commercial property,,03004297036,"5-C-1 Main PIA Road Johar Town Lahore, Lahore, Punjab",https://www.businesslist.pk/company/248262/al-bilal-builders,businesslist_pk,scrapy,commercial-property,2026-08-29T02:32:02.382971+00:00
Jageerdar,commercial property,https://jageerdar.com/,+923355335312,"Chaklala Scheme 3 Rawalpindi Cantt Rawalpindi Punjab province Pakistan 46000, Rawalpindi, Punjab",https://www.businesslist.pk/company/246797/jageerdar,businesslist_pk,scrapy,commercial-property,2026-08-29T02:32:04.464744+00:00
Athar Associates,commercial property,http://atharassociates.co,111-111-123,"15-B Sec- C Commercial Area Bahria Town, Lahore, Lahore, Punjab",https://www.businesslist.pk/company/241544/athar-associates,businesslist_pk,scrapy,commercial-property,2026-08-29T02:32:06.597331+00:00
UR Property,commercial property,http://www.urproperty.webs.com,03212175458,"28-C, Street 1, Saba Commercial DHA Phase V Ext Karachi, Karachi, Sindh",https://www.businesslist.pk/company/235145/ur-property,businesslist_pk,scrapy,commercial-property,2026-08-29T02:32:08.290347+00:00
Billoxus International(Pvt)Ltd,property consultants,http://www.billoxus.com,+92-51-4852 830,"Off # 23, 2nd Floor Satellite Plaza, Rawalpindi, Punjab",https://www.businesslist.pk/company/246285/billoxus-internationalpvtltd,businesslist_pk,scrapy,property-consultants,2026-08-29T02:32:09.599518+00:00
Frontline,property consultants,https://www.frontline.com.pk/,+92 213-4825826,"B-11, Block-15, Al-Raee Avenue Near Mumtaz Manzil, Gulshan-e-Iqbal, Karachi, Karachi, Sindh",https://www.businesslist.pk/company/251218/frontline,businesslist_pk,scrapy,property-consultants,2026-08-29T02:32:11.768690+00:00
The Group of Tabanis Pvt Ltd,property consultants,http://www.thegroupoftabanis.com,02135290953,"OFFICE # 203, 2ND FLOOR , PLOT # BC/10 BLOCK 4 CLIFTON KARACHI, Karachi, Sindh",https://www.businesslist.pk/company/245425/the-group-of-tabanis-pvt-ltd,businesslist_pk,scrapy,property-consultants,2026-08-29T02:32:13.863424+00:00
TPL Corp,insurance companies,https://tplcorp.com/,+922137130227,"Tower 75, 4th Floor, L Block, Gulberg III, Kalma Chowk, Main Lahore – Kasur Rd, Block E 2 Gulberg III, Lahore, Punjab, Karachi",https://www.businesslist.pk/company/256897/tpl-corp,businesslist_pk,scrapy,insurance-companies,2026-08-29T02:32:15.666712+00:00
Efu General Insurance,insurance companies,,"92212201567, + 9221 323 13471 - 90","Efu House, Karachi, Karachi, Sindh",https://www.businesslist.pk/company/168586/efu-general-insurance,businesslist_pk,scrapy,insurance-companies,2026-08-29T02:32:17.091610+00:00
Safco Support Foundation,insurance companies,https://safcosupport.org,+92 -22-2102130,"House No. C 415/416, behind Byco Petrol Pump, Hyderabad, Hyderabad",https://www.businesslist.pk/company/256857/safco-support-foundation,businesslist_pk,scrapy,insurance-companies,2026-08-29T02:32:18.561447+00:00
Al-falah Insurance Co. Ltd.,insurance companies,http://www.alfalahinsurance.com,"(92 42) 35774313, 35774316, UAN : (92 42) 111-786-234, +92 42 111-234-222","5,Saint Marry,Main Boulevard,Gulberg, Lahore",https://www.businesslist.pk/company/190083/al-falah-insurance-co-ltd,businesslist_pk,scrapy,insurance-companies,2026-08-29T02:32:20.304094+00:00
Askari General Insurance Co. Ltd.,insurance companies,,"9255-3266324, +92 51 9272425-7","1st Floor, G.T. Road, Punjab, Gujranwala, Punjab",https://www.businesslist.pk/company/121414/askari-general-insurance-co-ltd,businesslist_pk,scrapy,insurance-companies,2026-08-29T02:32:22.753709+00:00
Pakistan Reinsurance Company Ltd.,insurance companies,http://www.pakre.com.pk,"9221-9202915 / 9202908 / 9202909 / 9202910, +92-21- 99202908-14","PIC Towers, Lalazar Drive Off M.T. Khan Road P.O.Box No.4777, Sindh, Karachi, Sindh",https://www.businesslist.pk/company/121499/pakistan-reinsurance-company-ltd,businesslist_pk,scrapy,insurance-companies,2026-08-29T02:32:24.267433+00:00
InXureHub,insurance companies,,+923366999991,"F7, 1st Floor, Zam Zam Tower, 29E Main Market Rd, Main Market, Lahore",https://www.businesslist.pk/company/257854/inxurehub,businesslist_pk,scrapy,insurance-companies,2026-08-29T02:32:26.262238+00:00
InXureHub,insurance companies,,+923366999991,"F7, 1st Floor, Zam Zam Tower, 29E Main Market Rd, Main Market, Lahore",https://www.businesslist.pk/company/257855/inxurehub,businesslist_pk,scrapy,insurance-companies,2026-08-29T02:32:28.304599+00:00
Fidelity Insurance brokers,insurance companies,,+92 21 3514 7565 70,"Sindh, Karachi",https://www.businesslist.pk/company/256640/fidelity-insurance-brokers,businesslist_pk,scrapy,insurance-companies,2026-08-29T02:32:30.664936+00:00
IGI Life Insurance,insurance companies,,(+92) 21-35360040,"Sindh, Karachi",https://www.businesslist.pk/company/257202/igi-life-insurance,businesslist_pk,scrapy,insurance-companies,2026-08-29T02:32:32.128521+00:00
New Jubilee Life,insurance companies,,"+92 41 85 00 558, +92 (21) 111-111-554"," KARACHI, Punjab, Faisalabad, Punjab",https://www.businesslist.pk/company/121366/new-jubilee-life,businesslist_pk,scrapy,insurance-companies,2026-08-29T02:32:34.015421+00:00
Jubilee General Insurance Co. Ltd.,insurance companies,,"(92 51) 2270365, 2270367, UAN : (92 51) 111-654-111, +92-21324-160-2226","26-D,1st Floor,Kashmir Plaza,Jinnah Avenue,Blue Area, Islamabad, Karachi",https://www.businesslist.pk/company/190096/jubilee-general-insurance-co-ltd,businesslist_pk,scrapy,insurance-companies,2026-08-29T02:32:35.632586+00:00
Silver Star Insurance Co. Ltd.,insurance companies,,"(92 42) 37324488, 37355614","2nd Floor,Silver Star House,5-Bank Square,P.O.Box 2533, Lahore",https://www.businesslist.pk/company/190105/silver-star-insurance-co-ltd,businesslist_pk,scrapy,insurance-companies,2026-08-29T02:32:36.762698+00:00
Picic Insurance Limited,insurance companies,http://www.picicinsurance.com,"(92 21) 32219555, 32219560, +92-21-32410781","8th Floor,Shaheen Complex,M.R.Kiyani Road, Karachi",https://www.businesslist.pk/company/190100/picic-insurance-limited,businesslist_pk,scrapy,insurance-companies,2026-08-29T02:32:38.422464+00:00
Ultimate BuildMart,renovation,https://ultimatebuildmart.com,923351114455,"55-E/1, Street 6, Jami Commercial, Phase 7, DHA, Karachi, Karachi, Sindh",https://www.businesslist.pk/company/252943/ultimate-buildmart,businesslist_pk,scrapy,renovation,2026-08-29T02:32:39.198117+00:00
Waterproofing.pk,renovation,https://waterproofing.pk/,0334 2266273,"Shop no 04 Data Apartment، Main University Road، behind Rufi Builders، Block 13 C Gulshan-e-Iqbal, Karachi, Karachi City, Sindh 75300, Karachi, Sindh",https://www.businesslist.pk/company/248611/waterproofingpk,businesslist_pk,scrapy,renovation,2026-08-29T02:32:41.267719+00:00
Roofs Cool,renovation,http://roofscool.com,02134658282,"Shumail Phase-II, Metrovile, Karachi, Sindh",https://www.businesslist.pk/company/247436/roofs-cool,businesslist_pk,scrapy,renovation,2026-08-29T02:32:43.320271+00:00
Cube Design Studio,renovation,http://www.cubedesignstudio.org/,"02135899166, +92 331 8911333","Mezzanine Floor, Plot no 14c, Sunset Commercial Street 4, Phase 4, DHA , Karachi, Sindh",https://www.businesslist.pk/company/240611/cube-design-studio,businesslist_pk,scrapy,renovation,2026-08-29T02:32:45.090482+00:00
Decor &amp; Design,renovation,https://www.decorndesigns.com,03212351111,"Office No 02,Al Saif Commercial Center ,Opp Royal Orchard Multan Public School Road Multan., Multan, Punjab",https://www.businesslist.pk/company/248460/decordesign,businesslist_pk,scrapy,renovation,2026-08-29T02:32:47.237293+00:00
Royal Style Renovation,renovation,http://www.royalstylerenovation.com,+923212085812,"Badar Commercial, DHA-5,, Karachi, Sindh",https://www.businesslist.pk/company/254213/royal-style-renovation,businesslist_pk,scrapy,renovation,2026-08-29T02:32:48.781576+00:00
Al Naafay Construction Company Lahore,renovation,http://www.constructioncompanylahore.com,03004192356,"437 J block johar town Lahore, Lahore, Punjab",https://www.businesslist.pk/company/247154/al-naafay-construction-company-lahore,businesslist_pk,scrapy,renovation,2026-08-29T02:32:50.966483+00:00
Deemak Control,renovation,https://demakcontrol.blogspot.com/,03004877721,"office# 208-A, lda flats, n block model town extension, Lahore, Punjab",https://www.businesslist.pk/company/245496/deemak-control,businesslist_pk,scrapy,renovation,2026-08-29T02:32:52.441905+00:00
E-tech,renovation,https://www.facebook.com/etechisb,0512828333," Office No. 2-A, Ground Floor, Potohar Plaza, Blue Area, Islamabad., Islamabad, Islamabad Capital Territory",https://www.businesslist.pk/company/246242/e-tech,businesslist_pk,scrapy,renovation,2026-08-29T02:32:54.057420+00:00
Studio3 Architecture Office Multan,renovation,http://www.studio3.pk,0616222526," Rehman plaza near superior college bosan road, Multan, Punjab",https://www.businesslist.pk/company/243502/halls-n-walls,businesslist_pk,scrapy,renovation,2026-08-29T02:32:55.059749+00:00
Ahmer &amp; Associates,interior design,http://www.facebook.com/ahmerassociates,0332-5191023," Main Highway,Ghori town phs3, Near Airport, Islamabad, Islamabad, Islamabad Capital Territory",https://www.businesslist.pk/company/239923/ahmerassociates,businesslist_pk,scrapy,interior-design,2026-08-29T02:32:57.266912+00:00
De Creators,interior design,http://www.decreators.com,021-35243292,"Showroom No. 1 &amp; 2, 12-C, Shahbaz Commercial Lane 4, Near 26th Street DHA, Karachi, Sindh",https://www.businesslist.pk/company/240537/de-creators,businesslist_pk,scrapy,interior-design,2026-08-29T02:32:59.558512+00:00
Appears interior studio,interior design,,+923227173333,"Kohinoor chowk sitara plaza near mediacom , Faisalabad",https://www.businesslist.pk/company/258698/appears-interior-studio,businesslist_pk,scrapy,interior-design,2026-08-29T02:33:01.807997+00:00
Sutoon Developer,interior design,,+923232377773,"1 P-1,Defence Rd,Off Pine Avenue,Lahore Pakistan, Lahore",https://www.businesslist.pk/company/258893/sutoon-developer,businesslist_pk,scrapy,interior-design,2026-08-29T02:33:03.745448+00:00
Modern Associates,interior design,,03339485559,"office # 121, 2nd floor, China Town Plaza, Liaqat road,Rawalpindi., Rawalpini, Punjab",https://www.businesslist.pk/company/250769/modern-associates,businesslist_pk,scrapy,interior-design,2026-08-29T02:33:05.446751+00:00
Chughtaiz Kitchens &amp; Wardrobes,interior design,http://www.chughtaiz.com,042-3578-2891/2,"G-3 Al Hafeez view, Sir Syed road, Liberty Commercial zone, Gulberg III, Lahore, Punjab",https://www.businesslist.pk/company/241889/chughtaiz-kitchenswardrobes,businesslist_pk,scrapy,interior-design,2026-08-29T02:33:07.061484+00:00
Morpheme Studios,interior design,http://www.morphemestudios.com,"+92-213-5899529, +92-213-5899530","30-C, Mezzanine Floor. Rahat Commercial street 2, DHA Phase VI, Karachi, Karachi, Sindh",https://www.businesslist.pk/company/241088/morpheme-studios,businesslist_pk,scrapy,interior-design,2026-08-29T02:33:09.310072+00:00
Grand Square Mall,commercial property,http://www.grandsquaremall.com,+92 42 111-011-022,"8 – E/3, Main Boulevard, Gulberg III, Lahore, Pakistan., Lahore, Punjab",https://www.businesslist.pk/company/248644/grand-square-mall,businesslist_pk,scrapy,commercial-property,2026-08-29T02:33:11.264193+00:00
PakQatar Family &amp; General Takaful,insurance companies,http://www.pakqatar.com.pk,"(051) - 2804133-40, +92-21-343-80357","E-104, 3rd Floor Chenab Centre,  Blue Area, Jinnah Avenue, Islamabad., Islamabad, Islamabad Capital Territory",https://www.businesslist.pk/company/241466/pakqatar-familygeneral-takaful,businesslist_pk,scrapy,insurance-companies,2026-08-29T02:33:13.020947+00:00
Salaam Takaful,insurance companies,https://www.salaamtakaful.com/,+92 2-111-187-5111,"6th Floor, Plot, Business Center, Shahrah-e-Faisal Rd, Pakistan Employees Co-Operative Housing Society #19-1-A Block 6 PECHS, Karachi, Karachi City, Sindh 75400, Karachi",https://www.businesslist.pk/company/257033/salaam-takaful,businesslist_pk,scrapy,insurance-companies,2026-08-29T02:33:14.691312+00:00
Asia Insurance Company Ltd,insurance companies,http://www.asiainsurance.com.pk,"9242-5858534 / 5858533, +92 042-35865574","178/A, Gulberg-II, Punjab, Lahore, Punjab",https://www.businesslist.pk/company/121409/asia-insurance-company-ltd,businesslist_pk,scrapy,insurance-companies,2026-08-29T02:33:16.495161+00:00
Adamjee Insurance Company Limited,insurance companies,,"9242-7560004 / 7560001 / 7560003, +92 42 35772960"," 217 Eden Centre 43 Jail Road, Punjab, Lahore, Punjab",https://www.businesslist.pk/company/121393/adamjee-insurance-company-limited,businesslist_pk,scrapy,insurance-companies,2026-08-29T02:33:17.489798+00:00
Takaful Bazaar,insurance companies,,+92 327 2055033,"Office # 1401, 14th floor, Emerald Tower, 2 Talwar Clifton, Karachi., Karachi",https://www.businesslist.pk/company/258919/takaful-bazaar,businesslist_pk,scrapy,insurance-companies,2026-08-29T02:33:19.328189+00:00
Ernst &amp; Young Ford Rhodes Sidat Hyder,insurance companies,http://www.ey.com,"(92 21) 35650007, 35650011, (92-21) 3569 3521-30","601,602,603,Progressive Plaza,Beaumont Road,P.O.Box 15541, Karachi",https://www.businesslist.pk/company/183805/ernstyoung-ford-rhodes-sidat-hyder,businesslist_pk,scrapy,insurance-companies,2026-08-29T02:33:21.326084+00:00
The Crescent Star Insurance Company Ltd.,insurance companies,http://www.cstarinsurance.com,"9242-7233696 / 7234092 / 7356742, +92 21 38771100"," Mall Mansion 30 Shahrah-e-Quaid-e-Azam, Punjab, Lahore, Punjab",https://www.businesslist.pk/company/121539/the-crescent-star-insurance-company-ltd,businesslist_pk,scrapy,insurance-companies,2026-08-29T02:33:23.060126+00:00
Tpl Direct Insurance Ltd.,insurance companies,http://www.tplinsurance.com,"(92 21) 34322555, UAN : (92 21) 111-003-301, +92-213-713-0223","172-B/2,3rd Floor,Najeeb Centre,P.E.C.H.S.,Shahrah-e-Quaideen, Karachi",https://www.businesslist.pk/company/190107/tpl-direct-insurance-ltd,businesslist_pk,scrapy,insurance-companies,2026-08-29T02:33:24.502578+00:00
Askari General Insurance,insurance companies,https://www.agico.com.pk,+92-315-8440007,"3rd Floor, AWT Plaza, Saddar Rawalpindi, Rawalpindi",https://www.businesslist.pk/company/257664/askari-general-insurance,businesslist_pk,scrapy,insurance-companies,2026-08-29T02:33:26.047392+00:00
Efu Life Assurance Ltd,insurance companies,,"+92-42-5871239, +92 21 111 338 111","43-L MM ALAM ROAD GULBERG II LAHORE, Punjab, Lahore, Punjab",https://www.businesslist.pk/company/121371/efu-life-assurance-ltd,businesslist_pk,scrapy,insurance-companies,2026-08-29T02:33:27.827944+00:00
Unique-Links,insurance companies,https://www.unique-links.com.pk/,"+92-544-225043, +92-306-1627290","Bhutta Arcade, Block C, Citi Housing, Jhelum., Jhelum, Punjab",https://www.businesslist.pk/company/247729/unique-links,businesslist_pk,scrapy,insurance-companies,2026-08-29T02:33:29.900411+00:00
The United Insurance Company of Pakistan Limited,insurance companies,https://www.theunitedinsurance.com/,(042) 111-000-014,"Head Office:  UIG House, 2nd Floor, 6-D, Upper Mall, Lahore, Pakistan., Lahore, Punjab",https://www.businesslist.pk/company/250116/the-united-insurance-company-of-pakistan-limited,businesslist_pk,scrapy,insurance-companies,2026-08-29T02:33:31.677233+00:00
TPL Life Insurance,insurance companies,https://tpllife.com,+92 111-000-330,"Plot 19 B, Ground Floor, Karachi, Karachi",https://www.businesslist.pk/company/256096/tpl-life-insurance,businesslist_pk,scrapy,insurance-companies,2026-08-29T02:33:32.637114+00:00
Ozoned Digital,insurance companies,https://ozoneddigital.com,+92 312 6789875,"Plot C 46, Sector Z DHA Phase 3, Lahore, Punjab, Lahore",https://www.businesslist.pk/company/255333/ozoned-digital,businesslist_pk,scrapy,insurance-companies,2026-08-29T02:33:33.913158+00:00
Habib Insurance Co. Ltd.,insurance companies,https://www.habibinsurance.net,"9251-5510739 / 5564302, +92 (21) 111-03-03-03"," Bank Road Post Box 237, Punjab, Rawalpini, Punjab",https://www.businesslist.pk/company/121452/habib-insurance-co-ltd,businesslist_pk,scrapy,insurance-companies,2026-08-29T02:33:35.868213+00:00
Indus International Insurance Company Ltd.,insurance companies,,"9242-5865579 / 5865769, +92 21 111 642 642"," Indus House Model Town, Punjab, Lahore, Punjab",https://www.businesslist.pk/company/121455/indus-international-insurance-company-ltd,businesslist_pk,scrapy,insurance-companies,2026-08-29T02:33:37.951455+00:00
Easyinsurance,insurance companies,http://www.easyinsurance.com.pk,+923161616187,"National Incubation Center, Street 6, H-9, Islamabad, Islamabad, Islamabad Capital Territory",https://www.businesslist.pk/company/248371/easyinsurance,businesslist_pk,scrapy,insurance-companies,2026-08-29T02:33:39.770747+00:00
Smartchoice.pk,insurance companies,http://smartchoice.pk/,+92-21-111-212-212,"3rd Floor, 104-C Khayaban-e-Ittehad Road, D.H.A Phase II Extension Phase 2 Commercial Area Defence Housing Authority, Karachi, Karachi City, Sindh 75500, Karachi",https://www.businesslist.pk/company/255873/smartchoicepk,businesslist_pk,scrapy,insurance-companies,2026-08-29T02:33:40.849788+00:00
Igi Insurance Limited,insurance companies,http://www.igiinsurance.com.pk,+92-42-111308308,"First Floor, 5-F.C.C., Gulberg, Punjab, Lahore, Punjab",https://www.businesslist.pk/company/121375/igi-insurance-limited,businesslist_pk,scrapy,insurance-companies,2026-08-29T02:33:43.373166+00:00
Khawaja&#039;s Interiors,renovation,http://www.khawajas.pk,923217451111,"Al Azhar Arcade hop # 5 &amp; 6, opp.Iqbal High School, GT Road , Gujranwala, Punjab",https://www.businesslist.pk/company/244283/khawajas-interiors,businesslist_pk,scrapy,renovation,2026-08-29T02:33:45.483508+00:00
Lakhwa Chemical Servces (Heat Proofing and Water),renovation,https://lwaterproofing.pk/,03342266273,"Shop no 04 Data Apartment Gulshan-e-Iqbal Block 13-C, behind Rufi Builders, University Road, Karachi., Karachi, Sindh",https://www.businesslist.pk/company/245926/lakhwa-chemical-servces-heat-proofing-and-water,businesslist_pk,scrapy,renovation,2026-08-29T02:33:47.055361+00:00
PesTerminator,renovation,http://www.pesterminator.com.pk,0317 111 7378,"244 Y Block, Commercial Area, Phase 3, DHA, Lahore, Punjab",https://www.businesslist.pk/company/250363/pesterminator,businesslist_pk,scrapy,renovation,2026-08-29T02:33:48.860741+00:00
Zeb Builders,renovation,https://zebbuilders.com/,+923707555639,"Bahria Town, Rawalpindi, Punjab",https://www.businesslist.pk/company/258073/zeb-builders,businesslist_pk,scrapy,renovation,2026-08-29T02:33:49.982718+00:00
"Areva Engineering, Construction and Interiors",renovation,https://www.facebook.com/areva.interiors,031 55 123 555,"F-11/1 -  Islamabad, Pakistan, Islamabad, Islamabad Capital Territory",https://www.businesslist.pk/company/242240/areva-interiors-and-building-contractors,businesslist_pk,scrapy,renovation,2026-08-29T02:33:51.726300+00:00
concreto pavers,renovation,http://www.concretopavers.com,+923360004180,"wahga road, Lahore, Punjab",https://www.businesslist.pk/company/241165/concreto-pavers,businesslist_pk,scrapy,renovation,2026-08-29T02:33:53.576980+00:00
Talha Shahid Architects &amp; Associates,interior design,http://talhashahidarchitects.com,0515913036,"Office 306, 4th Floor, HM Tower, Business Park, Gulberg Greens, Islamabad, Islamabad Capital Territory",https://www.businesslist.pk/company/254260/talha-shahid-architectsassociates,businesslist_pk,scrapy,interior-design,2026-08-29T02:33:55.876579+00:00
Janan Homes,interior design,https://jananinterior.com/,+923059851237,"HOUSE 968 STREET 21 PHASE 4 BAHIRA TOWN ISLAMABAD, Islamabad",https://www.businesslist.pk/company/258413/janan-homes,businesslist_pk,scrapy,interior-design,2026-08-29T02:33:57.641531+00:00
Artistic Buildtech,interior design,https://artisticbuildtech.com/,+923195733310,"RANIA MALL SADDAR, Islamabad",https://www.businesslist.pk/company/258330/artistic-buildtech,businesslist_pk,scrapy,interior-design,2026-08-29T02:33:58.682394+00:00
Fincera,interior design,,+92-336-5156156,"131 CCA DHA Phase 4, Lahore, Lahore, Punjab",https://www.businesslist.pk/company/250940/fincera,businesslist_pk,scrapy,interior-design,2026-08-29T02:34:00.509501+00:00
Ledvance Osram German Lighting,interior design,https://www.ledvance.com/,+923238996662,"Lahore, Pakistan, Lahore, Punjab",https://www.businesslist.pk/company/251350/ledvance-osram-german-lighting,businesslist_pk,scrapy,interior-design,2026-08-29T02:34:01.984009+00:00
AmerAdnan Associates – Pakistan’s No.1 Interior Design &amp; Architecture Firm,interior design,,+92-42-36655262,"52, Street 2,Link 6, Cavalry Ground, Lahore, Cantt, Lahore, Punjab",https://www.businesslist.pk/company/240520/ameradnan-associatespakistans-no1-interior-designarchitecture-firm,businesslist_pk,scrapy,interior-design,2026-08-29T02:34:03.805697+00:00
NIFTY SPHERE- Institute of Arts and Designing,interior design,http://www.niftysphereinstitute.com,"03315098087, +92-518-438-391, +92-311-1999100, +92 21-111-112-222, 0302 6394440","Office 3, plaza 21, E11/3 multi markaz Islamabad , Islamabad, Islamabad Capital Territory",https://www.businesslist.pk/company/252018/nifty-sphere-institute-of-arts-and-designing,businesslist_pk,scrapy,interior-design,2026-08-29T02:34:05.049607+00:00
Sasa Enterprises,interior design,http://www.el-bi.com.pk,"+92 (21) 38300440-41, +92 (21) 32578155-56","F/59, S.I.T.E., Mauripur Road, 75730, Karachi",https://www.businesslist.pk/company/163298/sasa-enterprises,businesslist_pk,scrapy,interior-design,2026-08-29T02:34:07.014719+00:00
Arch 360 (Architects),interior design,https://arch360.com.pk/,03330311177,"OFFICE Arch 360 , 1st FLOOR , ARBAB TOWER , NASIR BAGH ROAD, ROAD, Nasir Bagh, Peshawar, Khyber Pakhtunkhwa 25000, Peshawar, Khyber Pakhtunkhwa",https://www.businesslist.pk/company/253663/arch-360-architects,businesslist_pk,scrapy,interior-design,2026-08-29T02:34:08.940527+00:00
Pixarch Architectural Visualization,interior design,http://www.pixarch.net/,"+92-21-35856275, +923248233065","16-C 14th Stadium Commercial Street Phase 5 D.H.A, Khayaban-e-Shamsheer, Karachi, Sindh",https://www.businesslist.pk/company/243802/pixarch-architectural-visualization,businesslist_pk,scrapy,interior-design,2026-08-29T02:34:10.628644+00:00
DA Elements ( Design And Architectural Elements ),interior design,http://www.daelements.com,021-35170611 - 612,"39-C,Lane 7, Ittehad Commercial Area, DHA 6, Karachi, Sindh, Karachi, Pakistan, Karachi, Sindh",https://www.businesslist.pk/company/241713/da-elements,businesslist_pk,scrapy,interior-design,2026-08-29T02:34:12.142947+00:00
Asma Law Associates,commercial property,http://www.asmalawyersinpakistan.com,00923006622189,"1 DISTRICT COURTS, FAISALABAD, PAKISTAN., Faisalabad, Punjab",https://www.businesslist.pk/company/240124/asma-law-associates,businesslist_pk,scrapy,commercial-property,2026-08-29T02:34:14.160749+00:00
Sheher Saaz,commercial property,http://www.shehersaaz.com,042 37323932,"21 Dyal Singh Mansion, 57 The Mall, Lahore, Lahore, Punjab",https://www.businesslist.pk/company/242308/sheher-saaz,businesslist_pk,scrapy,commercial-property,2026-08-29T02:34:16.018820+00:00
Al-Hussain Properties,property consultants,http://www.alhussainproperties.com,03335555584,"Office 4 &amp; 5, 1st Floor, Al Furough Heights, Sir Syed Boulevard, Sector J, DHA-II, slamabad., Islamabad, Islamabad Capital Territory",https://www.businesslist.pk/company/242461/al-hussain-properties,businesslist_pk,scrapy,property-consultants,2026-08-29T02:34:17.607913+00:00
Estatepak,property consultants,,+923057775550,"Wapda Town Roundabout, Lahore",https://www.businesslist.pk/company/258327/estatepak,businesslist_pk,scrapy,property-consultants,2026-08-29T02:34:19.766424+00:00
All Karachi Marble Industries Association,property consultants,http://www.akmia.org,0212550100,"Minawali Colony Mangopir road karachi, Karachi, Sindh",https://www.businesslist.pk/company/244264/all-karachi-marble-industries-association,businesslist_pk,scrapy,property-consultants,2026-08-29T02:34:21.946042+00:00
Dazzling Star International,doctors and clinics,http://www.dazzlingstar.com.pk,+92 52 3560749,"Pul Aik, Daska Road, Street Fahad Munir, Sialkot-Pakistan., Sialkot, Punjab",https://www.businesslist.pk/company/245898/dazzling-star-international,businesslist_pk,scrapy,doctors-and-clinics,2026-08-29T02:34:57.773016+00:00
Askari Commercial Bank Ltd.,banks credit unions,,9222-2783618 / 2783620 / 2783616,"333 Saddar Bazar, Sindh, Faisalabad, Sindh",https://www.businesslist.pk/company/95116/askari-commercial-bank-ltd,businesslist_pk,scrapy,banks-credit-unions,2026-08-29T02:35:00.025145+00:00
Australia &amp; Pakistan Educational | Health | Legal,audit and accounting,,+9221-34170412-3-4,"Haroon Royal City, Block-17, Gulistan-e-Jauhar,, Karachi, Sindh",https://www.businesslist.pk/company/248715/australiapakistan-educationalhealthlegal,businesslist_pk,scrapy,audit-and-accounting,2026-08-29T02:35:01.979086+00:00
Aasma Legal Help Pakistan,tax consultants,,00923006622189,"chamber no 1, District courts faisalabad , Faisalabad, Punjab",https://www.businesslist.pk/company/248024/aasma-legal-help-pakistan,businesslist_pk,scrapy,tax-consultants,2026-08-29T02:35:03.092153+00:00
SJ Dental Hospital,doctors and clinics,https://sjdental.pk/,051 8432163,"Main Service Rd, NPF E 11/4, Islamabad, Islamabad, Islamabad Capital Territory",https://www.businesslist.pk/company/252264/sj-dental-hospital,businesslist_pk,scrapy,doctors-and-clinics,2026-08-29T02:35:05.086491+00:00
Services Mix,doctors and clinics,,34985167-34822522,"Suite # 15, 2nd Floor, H.J Center, Block 13-B, Gulshan-E-Iqbal., Karachi, Sindh",https://www.businesslist.pk/company/235222/services-mix,businesslist_pk,scrapy,doctors-and-clinics,2026-08-29T02:35:06.937213+00:00
Pacific Impex,doctors and clinics,http://www.pacificsurgicalspk.com,03227453782,"ALLAH Ditta street, Gohad Pur, Sialkot, Punjab",https://www.businesslist.pk/company/244078/pacific-impex,businesslist_pk,scrapy,doctors-and-clinics,2026-08-29T02:35:08.937020+00:00
Aesthetics Cosmetic Centre,doctors and clinics,http://aestheticscosmeticcentre.com,"042 35871002-3, +92 (0320) 4112222","42/A, C/1 Gulberg III, Lahore, Punjab",https://www.businesslist.pk/company/244514/aesthetics-cosmetic-centre,businesslist_pk,scrapy,doctors-and-clinics,2026-08-29T02:35:10.992395+00:00
Smcg By Marco-grande Abc &amp; Products,doctors and clinics,https://www.marcogrande.com,"+92 331 2334555, +92 51 8491112","Office # 3, Panther Plaza, F-8 Markaz , Islamabad, Islamabad Capital Territory",https://www.businesslist.pk/company/253005/smcg-by-marco-grande-abcproducts,businesslist_pk,scrapy,doctors-and-clinics,2026-08-29T02:35:12.671784+00:00
Hair Transplant In Lahore,doctors and clinics,http://www.snhc.com.pk/index.php,+92-42-35180533,"11 - C, Valancia Town, Lahore, Lahore, Punjab",https://www.businesslist.pk/company/241439/super-natural-hair-clinic,businesslist_pk,scrapy,doctors-and-clinics,2026-08-29T02:35:13.776874+00:00
Dawakhana Hakim Ajmal Khan,doctors and clinics,http://ajmal.pk,"+924235123379, +92 42 111 125 625","155-M, Quaid-e-Azam Industrial Estate, Lahore - Pakistan, Lahore, Punjab",https://www.businesslist.pk/company/251563/dawakhana-hakim-ajmal-khan,businesslist_pk,scrapy,doctors-and-clinics,2026-08-29T02:35:15.986594+00:00
Dr.Hamid General Homoeo(Pvt)Ltd,doctors and clinics,http://www.drhamidstore.com,042-35700350,"LG-12 Divine Mega 2 Defence New Airport Road Opp Honda Point Lahore Cantt, Lahore, Punjab",https://www.businesslist.pk/company/249356/drhamid-general-homoeopvtltd,businesslist_pk,scrapy,doctors-and-clinics,2026-08-29T02:35:16.863696+00:00
KKT International Orthopedic Spine Center,doctors and clinics,http://www.kktpakistan.com,042111222558,"200,  Y Commercial Area, DHA, Phase III, Lahore, Punjab",https://www.businesslist.pk/company/244542/kkt-international-orthopedic-spine-center,businesslist_pk,scrapy,doctors-and-clinics,2026-08-29T02:35:18.593904+00:00
Myetsymart,doctors and clinics,https://myetsymart.com/,+923003861222,"Street No 7 Near SPS Gate Ahmadpur Road Bahawalpur, Bahawalpur, Punjab",https://www.businesslist.pk/company/251197/myetsymart,businesslist_pk,scrapy,doctors-and-clinics,2026-08-29T02:35:20.227140+00:00
HealthyLife.pk,doctors and clinics,http://www.healthylife.pk,0334 4325849,"Gulshan-e-Iqbal, Karachi, Sindh, Pakistan, Karachi, Sindh",https://www.businesslist.pk/company/243509/healthylifepk,businesslist_pk,scrapy,doctors-and-clinics,2026-08-29T02:35:22.329888+00:00
Lahore Medical Instruments (PVT) LTD,doctors and clinics,http://www.lmi.com.pk/,+92492716118,"48 Km, Lahore Kasur Road, Lahore, Kasur, Punjab",https://www.businesslist.pk/company/246704/lahore-medical-instruments-pvt-ltd,businesslist_pk,scrapy,doctors-and-clinics,2026-08-29T02:35:24.356433+00:00
Hospital near me,doctors and clinics,https://hospitals.aku.edu/pakistan/,+92 21 111 911 911,"National Stadium Rd, Aga Khan University Hospital, Karachi, Karachi City, Sindh 74800, Pakistan, Karachi, Sindh",https://www.businesslist.pk/company/247493/hospital-near-me,businesslist_pk,scrapy,doctors-and-clinics,2026-08-29T02:35:26.227432+00:00
Baunus Enterprise,doctors and clinics,http://www.baunus.net,+923216164683,"Tonken PO Gulbahar Chaprar Road Sialkot 51310 Pakistan, Sialkot, Punjab",https://www.businesslist.pk/company/250409/baunus-enterprise,businesslist_pk,scrapy,doctors-and-clinics,2026-08-29T02:35:28.004263+00:00
Biovision,doctors and clinics,http://www.biovision.com.pk,+923008630220,"16 M Block, Near Khokar chowk,beside Silk bank, Johar Town, Lahore, Punjab",https://www.businesslist.pk/company/240416/biovision,businesslist_pk,scrapy,doctors-and-clinics,2026-08-29T02:35:30.044374+00:00
Pak surgical,doctors and clinics,http://www.paksurgical.com,0523254012,"abdullah street fateh garh sialkot, Sialkot, Punjab",https://www.businesslist.pk/company/246794/pak-surgical,businesslist_pk,scrapy,doctors-and-clinics,2026-08-29T02:35:32.121484+00:00
Prof. DR Zubair Ahmed,doctors and clinics,http://entspecialistdrzubair.com,0332-222-3438,"1 Zafar Ali Road, Surgimed Hospital, Lahore, Punjab",https://www.businesslist.pk/company/245455/prof-dr-zubair-ahmed,businesslist_pk,scrapy,doctors-and-clinics,2026-08-29T02:35:34.124131+00:00
Nasim laser Skin Aesthetic,doctors and clinics,https://nasimlasercenter.com/,03003332024,"house 4 h block Johar Town, Canal Road،, Block H Phase 2, Johar Town, Lahore, Punjab, Lahore, Punjab",https://www.businesslist.pk/company/252286/nasim-laser-skin-aesthetic,businesslist_pk,scrapy,doctors-and-clinics,2026-08-29T02:35:35.787561+00:00
Dr Rashid Saeed,doctors and clinics,https://drrashidsaeed.com/,0305-7740294,"National Hospital, DHA Phase 1, Lahore, Punjab",https://www.businesslist.pk/company/251877/dr-rashid-saeed,businesslist_pk,scrapy,doctors-and-clinics,2026-08-29T02:35:37.669788+00:00
Islamabad Gastroenterology Associates,doctors and clinics,https://www.islamabadgastroenterologyassociates.com/,"051 2287720,  051 2287730","House no.9, Kaghan Road, F-8/3 Islamabad, Islamabad, Islamabad Capital Territory",https://www.businesslist.pk/company/249388/islamabad-gastroenterology-associates,businesslist_pk,scrapy,doctors-and-clinics,2026-08-29T02:35:39.323656+00:00
Nizami Associates,tax consultants,,"041-2640783,2630783","1st Floor, Prime Centre, behind Main State life building, Malik road, near Kotwali road, Faisalabad, Faisalabad, Punjab",https://www.businesslist.pk/company/97622/nizami-and-associates,businesslist_pk,scrapy,tax-consultants,2026-08-29T02:35:40.651106+00:00
akos24x7 solutions,tax consultants,,03008536263,"Office No. 01, Third Floor, Gohar Centre, Wahdat Road, Lahore, Lahore, Punjab",https://www.businesslist.pk/company/245756/akos24x7-solutions,businesslist_pk,scrapy,tax-consultants,2026-08-29T02:35:42.386799+00:00
Carna Law,tax consultants,http://www.carnalaw.com,02135651768,"204-Asad Chambers, near passport office Saddar, Karachi, Karachi, Sindh",https://www.businesslist.pk/company/248225/carna-law,businesslist_pk,scrapy,tax-consultants,2026-08-29T02:35:44.126057+00:00
Taxals,tax consultants,http://www.taxals.com,03226600275,"W2-B, Askari1, Sarfaraz Rafiqui Road, Lahore, Lahore, Punjab",https://www.businesslist.pk/company/244068/taxals,businesslist_pk,scrapy,tax-consultants,2026-08-29T02:35:46.337570+00:00
Pakistan Tax Lawyers,tax consultants,http://www.pakistantaxlawyers.com/,+92 42 35314606,"553 Q BLOCK JOHAR TOWN LAHORE, Lahore, Punjab",https://www.businesslist.pk/company/248401/pakistan-tax-lawyers,businesslist_pk,scrapy,tax-consultants,2026-08-29T02:35:48.184783+00:00
Pious Consultants,tax consultants,,03001326619,"MCC, Basement Plaza D-211, Commercial Market, D-Block Satellite Town, Rawalpindi, Punjab",https://www.businesslist.pk/company/252994/pious-consultants,businesslist_pk,scrapy,tax-consultants,2026-08-29T02:35:50.408339+00:00
Apex Financial Advisory &amp; Tax Consultant,tax consultants,,+92-313-6668887,"First Floor City Tower, Circular Road, Bahawalpur., Bahawalpur, Punjab",https://www.businesslist.pk/company/246436/apex-financial-advisorytax-consultant,businesslist_pk,scrapy,tax-consultants,2026-08-29T02:35:51.813757+00:00
S.A.Rizvi &amp; Company,tax consultants,,02134971665,"Suite # 2 Al Ahmad Mansion Block 13 B Gulshan e Iqbal, Karachi, Sindh",https://www.businesslist.pk/company/245301/sarizvicompany,businesslist_pk,scrapy,tax-consultants,2026-08-29T02:35:53.811292+00:00
Filer Today,tax consultants,https://filertoday.com/,+923455-088042,"Office No.3, Al-Sheikh Plaza, Near Taxila Court, Rawalpindi, Rawalpindi",https://www.businesslist.pk/company/257498/filer-today,businesslist_pk,scrapy,tax-consultants,2026-08-29T02:35:54.619021+00:00
Taxing Times Consultants,tax consultants,,03124778013,"30 Lawrence road, Lahore, Punjab",https://www.businesslist.pk/company/242169/taxing-times-consultants,businesslist_pk,scrapy,tax-consultants,2026-08-29T02:35:56.039825+00:00
SS Law Associates,tax consultants,http://www.ss-lawassociates.com,0333 5193362,"Office # 1, Main Airport Road, Fazal Town Phase 2, Near Ashraf Marriage Hall, Chaklala Rawalpindi , Rawalpindi, Punjab",https://www.businesslist.pk/company/245039/ss-law-associates,businesslist_pk,scrapy,tax-consultants,2026-08-29T02:35:57.787100+00:00
Meritorious Consultants,audit and accounting,,03014622472,"HOUSE 21, ST 8 A, MUHAMMAD PURA ICHHRA, LAHORE, Lahore, Punjab",https://www.businesslist.pk/company/246387/meritorious-consultants,businesslist_pk,scrapy,audit-and-accounting,2026-08-29T02:35:59.396005+00:00
Total Consulting (pvt.) Limited,audit and accounting,http://www.totalconsultingintl.com,03005395466,"OFFICE 9, FIRST FLOOR, RAJA HAQ NAWAZ PLAZA, G-11 MARKAZ, ISLAMABAD, Islamabad, Islamabad Capital Territory",https://www.businesslist.pk/company/245083/total-consulting-pvt-limited,businesslist_pk,scrapy,audit-and-accounting,2026-08-29T02:36:01.267678+00:00
The Bank of Punjab,audit and accounting,https://www.bop.com.pk,"9261-4511384 / 4511385, +92 42 35783700","Cantt., Punjab, Multan, Punjab",https://www.businesslist.pk/company/95700/the-bank-of-punjab,businesslist_pk,scrapy,audit-and-accounting,2026-08-29T02:36:02.524010+00:00
Exifo Business Solutions,audit and accounting,https://exifosolutions.wordpress.com/our-team/,+923453746418,"Saunset Lane I, DHA Phase II Ext. Karachi, Karachi, Sindh",https://www.businesslist.pk/company/242703/exifo-business-solutions,businesslist_pk,scrapy,audit-and-accounting,2026-08-29T02:36:04.144871+00:00
Astro Associates Islamabad,audit and accounting,http://www.astroassociates.com/,00923336346404,"Flat No 8 ,2nd Floor Aghaz Plaza F-8 Markz Islamabad, Pakpattan, Islamabad Capital Territory",https://www.businesslist.pk/company/245777/astro-associates-islamabad,businesslist_pk,scrapy,audit-and-accounting,2026-08-29T02:36:05.413055+00:00
TMR Consulting (pvt) ltd.,audit and accounting,,042-35160033-34,"246 HBFC GOR V, Faisal Town Lahore, Lahore, Punjab",https://www.businesslist.pk/company/251275/tmr-consulting-pvt-ltd,businesslist_pk,scrapy,audit-and-accounting,2026-08-29T02:36:07.355216+00:00
Mazdoo Accounting &amp; Bookkeeping Service,audit and accounting,,03003581527,"Business Center SITE Avenue Karachi, Karachi, Sindh",https://www.businesslist.pk/company/244842/mazdoo-accountingbookkeeping-service,businesslist_pk,scrapy,audit-and-accounting,2026-08-29T02:36:09.509093+00:00
Maqbool Haroon Shahid Safdar &amp; Co.,audit and accounting,https://www.mhssco.com/,+924235759501-3,"71 C-3, Gulberg III, Lahore, Lahore, Punjab",https://www.businesslist.pk/company/247795/maqbool-haroon-shahid-safdarco,businesslist_pk,scrapy,audit-and-accounting,2026-08-29T02:36:11.378542+00:00
B.Shaheer &amp; Co.,audit and accounting,,+92-3318660745,"2nd Floor Fazal Building Kutchery Road, Sialkot, Punjab",https://www.businesslist.pk/company/243974/bshaheerco,businesslist_pk,scrapy,audit-and-accounting,2026-08-29T02:36:13.630202+00:00
Akram and Company,audit and accounting,http://akramandco.com,00923009663451,"Upper Storey, HBL, Adjacent to Toyota Faisalabad Motors, West Canal Road, Faisalabad, Faisalabad, Punjab",https://www.businesslist.pk/company/243360/akram-and-company,businesslist_pk,scrapy,audit-and-accounting,2026-08-29T02:36:14.884161+00:00
J Tax (Income Tax and Sales Tax Consultancy),audit and accounting,,03036262367,"District Courts Faisalabad, Faisalabad, Punjab",https://www.businesslist.pk/company/252429/j-tax-income-tax-and-sales-tax-consultancy,businesslist_pk,scrapy,audit-and-accounting,2026-08-29T02:36:16.979850+00:00
Accounting Bookkeepers,audit and accounting,https://accountingbookkeepers.com/,+92-213-452-4696,"Suit 107&amp;108, Kings Trade Center, behind Bank Alfalah, Block 3 Block 3 A Gulistan-e-Johar, Karachi, Karachi City, Sindh, Karachi",https://www.businesslist.pk/company/256151/accounting-bookkeepers,businesslist_pk,scrapy,audit-and-accounting,2026-08-29T02:36:19.190316+00:00
IMnS Associates,audit and accounting,https://www.imnsassociates.com/,+92 213 2464106,"607, KS Trade Tower, Shahrah-e-Liaquat, Seari Quarters, Karachi, Karachi City, Sindh 74000, Karachi",https://www.businesslist.pk/company/256825/imns-associates,businesslist_pk,scrapy,audit-and-accounting,2026-08-29T02:36:21.147165+00:00
Hussain Associates,audit and accounting,http://www.hussainassociate.com,0300-2689730,"Haidery, North Nazimabad, Karachi, Sindh",https://www.businesslist.pk/company/241767/hussain-associates,businesslist_pk,scrapy,audit-and-accounting,2026-08-29T02:36:23.195712+00:00
Agha Mujeeb &amp; Co. Chartered Accountants,audit and accounting,https://aghamujeeb.com/,+92515562582,"Mall Plaza Annexe, Mall Rd, opp. PTCL exchange, Saddar, Rawalpindi, Punjab 46000, Rawalpindi",https://www.businesslist.pk/company/255013/agha-mujeebco-chartered-accountants,businesslist_pk,scrapy,audit-and-accounting,2026-08-29T02:36:25.187706+00:00
TMR Consulting (pvt) ltd.,audit and accounting,,423516003334,"house no. 246-A, HBFC GOR V, Faisal Town Lahore, Pakistan, Lahore, Punjab",https://www.businesslist.pk/company/251452/tmr-consulting-pvt-ltd,businesslist_pk,scrapy,audit-and-accounting,2026-08-29T02:36:27.411441+00:00
TMR Consulting (pvt) ltd.,audit and accounting,,423516003334,"house no. 246-A, HBFC GOR V, Faisal Town Lahore, Pakistan, Lahore, Punjab",https://www.businesslist.pk/company/251493/tmr-consulting-pvt-ltd,businesslist_pk,scrapy,audit-and-accounting,2026-08-29T02:36:29.670364+00:00
RSM Islamabad,audit and accounting,,051 2114096,"H#136-B, Street 43, F-10/4, Islamabad, Islamabad Capital Territory",https://www.businesslist.pk/company/246193/rsm-islamabad,businesslist_pk,scrapy,audit-and-accounting,2026-08-29T02:36:31.894904+00:00
T.c. Ziraat Bankasi A.s.,banks credit unions,,(92 21) 35610448,"Ground Floor,Bahria Complex-I,M.T.Khan Road, Karachi, Sindh",https://www.businesslist.pk/company/182735/tc-ziraat-bankasi-as,businesslist_pk,scrapy,banks-credit-unions,2026-08-29T02:36:34.170072+00:00
Bank Al-habib Ltd.,banks credit unions,,9221-111786110 / 2412421 / 2412986 / 2412989," Mackinnons Building I.I.Chundrigar Road, Sindh, Karachi, Sindh",https://www.businesslist.pk/company/95154/bank-al-habib-ltd,businesslist_pk,scrapy,banks-credit-unions,2026-08-29T02:36:36.275976+00:00
Atlas Investment Bank Ltd.,banks credit unions,,9221-5866820 / 5866817 / 5866919,"3rd Floor, Clifton, Sindh, Karachi, Sindh",https://www.businesslist.pk/company/95137/atlas-investment-bank-ltd,businesslist_pk,scrapy,banks-credit-unions,2026-08-29T02:36:38.292305+00:00
mass corp,banks credit unions,,92-3212110343,"4-C, Mezzanine floor, Ittehad Lane 12, Phase II Ext, D.H.A, Pakistan, sind, Karachi",https://www.businesslist.pk/company/95004/mass-corp,businesslist_pk,scrapy,banks-credit-unions,2026-08-29T02:36:40.452621+00:00
Abn-amro Bank,banks credit unions,,9221-111112233 / 5683097 / 5687580 / 5687581 / 5687582,"16 Abdullah Haroon Road Near Karachi Marriott Hotel P.O.Box 4096, Sindh, Karachi, Sindh",https://www.businesslist.pk/company/95047/abn-amro-bank,businesslist_pk,scrapy,banks-credit-unions,2026-08-29T02:36:42.668299+00:00
Askari Commercial Bank Ltd.,banks credit unions,,9281-2833988 / 2833889," Cantt., Balochistan, Quetta, Balochistan",https://www.businesslist.pk/company/95126/askari-commercial-bank-ltd,businesslist_pk,scrapy,banks-credit-unions,2026-08-29T02:36:44.541305+00:00
Al-meezan Investment Bank Ltd.(changed TO Meezan Bank Ltd),banks credit unions,,"(92 21) 35650776, 35650771","4th Floor,Block-C,FTC,Shahra-e-Faisal, Karachi",https://www.businesslist.pk/company/182685/al-meezan-investment-bank-ltdchanged-to-meezan-bank-ltd,businesslist_pk,scrapy,banks-credit-unions,2026-08-29T02:36:46.432252+00:00
Al-meezan Investment Bank Ltd.,banks credit unions,,9221-5650776 / 5650771 / 5660738 / 5660739,"4th Floor, FTC Shahra-e-Faisal, Sindh, Karachi, Sindh",https://www.businesslist.pk/company/95057/al-meezan-investment-bank-ltd,businesslist_pk,scrapy,banks-credit-unions,2026-08-29T02:36:47.489779+00:00
Telenor Microfinance Bank (TMB),banks credit unions,,+9221111826337,"Sindh, Karachi",https://www.businesslist.pk/company/256840/telenor-microfinance-bank-tmb,businesslist_pk,scrapy,banks-credit-unions,2026-08-29T02:36:49.752478+00:00
Zarai Taraqiati Bank Limited,banks credit unions,,9221-4613695 / 4612801 / 4613617,"ST-4/3, Scheme #36 Gulistan-e-Jauhar, Sindh, Karachi, Sindh",https://www.businesslist.pk/company/95754/zarai-taraqiati-bank-limited,businesslist_pk,scrapy,banks-credit-unions,2026-08-29T02:36:51.339806+00:00
Askari Commercial Bank Ltd.,banks credit unions,,9251-111000787 / 9045203 / 9272150 / 9272153 / 9272152," The Mall, Punjab, Rawalpini, Punjab",https://www.businesslist.pk/company/95120/askari-commercial-bank-ltd,businesslist_pk,scrapy,banks-credit-unions,2026-08-29T02:36:53.549388+00:00
Askari Commercial Bank Ltd.,banks credit unions,,9221-111000786 / 2630330 / 2630731 / 2636260 / 2630733," AWT Plaza I.I.Chundrigar Road, Sindh, Karachi, Sindh",https://www.businesslist.pk/company/95123/askari-commercial-bank-ltd,businesslist_pk,scrapy,banks-credit-unions,2026-08-29T02:36:55.281849+00:00
Bank Al-habib Ltd.,banks credit unions,,9241-111786110 / 2624128,"Bank Square Outside Kutchery Bazar, Punjab, Faisalabad, Punjab",https://www.businesslist.pk/company/95151/bank-al-habib-ltd,businesslist_pk,scrapy,banks-credit-unions,2026-08-29T02:36:56.994215+00:00
American Express Bank Ltd.,banks credit unions,,9221-111786111 / 2630349 / 2630343 / 2631372 / 2630340,"Shaheen Commercial Complex Dr. Ziauddin Ahmed Road, Sindh, Karachi, Sindh",https://www.businesslist.pk/company/95104/american-express-bank-ltd,businesslist_pk,scrapy,banks-credit-unions,2026-08-29T02:36:59.019341+00:00
Al-meezan Investment Management Limited,banks credit unions,,"(92 42) 35783605, 35783612","Office #1,Ground Floor,Leeds Center,Gulberg-III,Main Boulevard Road, Lahore",https://www.businesslist.pk/company/182159/al-meezan-investment-management-limited,businesslist_pk,scrapy,banks-credit-unions,2026-08-29T02:37:00.673948+00:00
Askari Bank Ltd.,banks credit unions,,"(92 21) 39232565, 39232568","Zeenat Terrace,265 Block No.3,Bahadurabad, Karachi",https://www.businesslist.pk/company/182687/askari-bank-ltd,businesslist_pk,scrapy,banks-credit-unions,2026-08-29T02:37:02.156876+00:00
Virtual Credit Card Solution in Pakistan - Vccsale,banks credit unions,,+92-3008003966,"13 - 2nd Floor Al-Hafeez Shopping Center Shop # 24 Gulberg Lahore Lahore, Pakistan, Lahore",https://www.businesslist.pk/company/240507/virtual-credit-card-solution-in-pakistan-vccsale,businesslist_pk,scrapy,banks-credit-unions,2026-08-29T02:37:03.869968+00:00
Bank Alfalah Limited,banks credit unions,,9242-111777786 / 5872711," Main Boulevard Gulberg, Punjab, Lahore, Punjab",https://www.businesslist.pk/company/95156/bank-alfalah-limited,businesslist_pk,scrapy,banks-credit-unions,2026-08-29T02:37:05.607010+00:00
Al-Meezan Mutual Fund Limited,banks credit unions,,9221-5660736 / 5660735,"4th Floor, Block-C, Shahrah-e-Faisal, Sindh, Karachi, Sindh",https://www.businesslist.pk/company/95058/al-meezan-mutual-fund-limited,businesslist_pk,scrapy,banks-credit-unions,2026-08-29T02:37:07.219318+00:00
Anorectal Hospital,doctors and clinics,http://www.anorectal.net/,03360158888,"61/R1 Johar town near Meezan Bank Shadiwal Chowk, Lahore, Punjab",https://www.businesslist.pk/company/248898/anorectal-hospital,businesslist_pk,scrapy,doctors-and-clinics,2026-08-29T02:37:08.774715+00:00
Glute white,doctors and clinics,https://glutathione-pills-price-in-pakistan.blogspot.com/,03134991116,"pakistan, Lahore, Punjab",https://www.businesslist.pk/company/245904/glute-white,businesslist_pk,scrapy,doctors-and-clinics,2026-08-29T02:37:10.927834+00:00
Denticon Surgical Instruments,doctors and clinics,http://www.denticon.com.pk,92 52 3259425,"Green Town Bograh, Haji Pura, Daska Road,51310 Sialkot-Pakistan, Sialkot, Punjab",https://www.businesslist.pk/company/251422/denticon-surgical-instruments,businesslist_pk,scrapy,doctors-and-clinics,2026-08-29T02:37:13.170851+00:00
ZAMAHA Dental Supplies,doctors and clinics,http://www.zamaha.com/new,923338615589,"P.O.Box 2382, Sialkot, Punjab",https://www.businesslist.pk/company/234879/zamaha-dental-supplies,businesslist_pk,scrapy,doctors-and-clinics,2026-08-29T02:37:14.984901+00:00
Sams Health Spa and Wellness Center,doctors and clinics,http://www.sams.pk,0092-42-35714240/41 or 0092-42-35707427/28 or 03224107350,"40 B1 , gulberg 3, off M.M Alam road, Lahore, Pakistan, Lahore, Punjab",https://www.businesslist.pk/company/240898/sams-health-spa-and-wellness-center,businesslist_pk,scrapy,doctors-and-clinics,2026-08-29T02:37:16.844388+00:00
Leading Fertility Gynaecologist,doctors and clinics,https://www.bestgynaecologistlahore.com/,423008085150,"Opp. Governor House Main Gate, 2 Shahrah Aiwan-e-Sanat-o-Tijarat, G.O.R. - I, Lahore, Punjab",https://www.businesslist.pk/company/250289/leading-fertility-gynaecologist,businesslist_pk,scrapy,doctors-and-clinics,2026-08-29T02:37:18.447221+00:00
ZhongBa Hospital,doctors and clinics,http://www.andrology.pk/,+923064112299,"ZhongBa Hospital  61/R1 M.A. Johar Town, Shahdiwal Chowk Lahore-Pakistan, Lahore, Punjab",https://www.businesslist.pk/company/245097/zhongba-hospital,businesslist_pk,scrapy,doctors-and-clinics,2026-08-29T02:37:20.780536+00:00
Naaday Ali Surgical,doctors and clinics,http://naadayalisurgical.com/,+923014761404,"Kalowali Syedan P/O Qilla Ahmad Abad, Teh. Pasrur, Distt. Sialkot, Sialkot, Punjab",https://www.businesslist.pk/company/249793/naaday-ali-surgical,businesslist_pk,scrapy,doctors-and-clinics,2026-08-29T02:37:22.735768+00:00
Mericon Enterprise,doctors and clinics,http://www.mericonenterprise.webs.com.pk,03223394736," SADDAR KARACHI, Karachi, Sindh",https://www.businesslist.pk/company/241188/mericon-enterprise,businesslist_pk,scrapy,doctors-and-clinics,2026-08-29T02:37:24.858426+00:00
Dr. Nakhoda&#039;s Skin Institute,doctors and clinics,http://drnakhodas.com/,+92-302-2935606,"Block 9, Clifton, Behind Sofitel (Ocean) Towers Karachi - 75600, Pakistan, Karachi, Sindh",https://www.businesslist.pk/company/248016/dr-nakhodas-skin-institute,businesslist_pk,scrapy,doctors-and-clinics,2026-08-29T02:37:26.015118+00:00
Wada Clinic,doctors and clinics,https://wadaclinic.blogspot.com,"+92 333 5433822, 051-4834530","5 Holy Family Hospital Gate No.1, Block E Satellite Town, Rawalpindi, Punjab",https://www.businesslist.pk/company/112747/wada-clinic,businesslist_pk,scrapy,doctors-and-clinics,2026-08-29T02:37:28.155524+00:00
Optimum Kidney Dialysis &amp; Health Services,doctors and clinics,https://www.facebook.com/OKDHS/,02135801925,"Building No. 100C, 1st Floor, Main Khayaban e Ittehad road, Phase II- Ext, DHA, Karachi, Pakistan. , Karachi, Sindh",https://www.businesslist.pk/company/244020/optimum-kidney-dialysishealth-services,businesslist_pk,scrapy,doctors-and-clinics,2026-08-29T02:37:29.785281+00:00
Hayaat.pk,doctors and clinics,https://hayaat.pk/,"042-32532266, +923400004399","26A, Block J3, Johar Town Near Expo Center, Lahore, Punjab",https://www.businesslist.pk/company/246247/hayaatpk,businesslist_pk,scrapy,doctors-and-clinics,2026-08-29T02:37:31.874477+00:00
CME Consultants CHINA MBBS,doctors and clinics,http://www.mbbschina.asia,091-5603239,"Head Office FF-447 Deans Trade Center Peshawar Cantt Peshawar Cantt KPK Pakistan, 25000, Peshawar, Khyber Pakhtunkhwa",https://www.businesslist.pk/company/248223/cme-consultants-china-mbbs,businesslist_pk,scrapy,doctors-and-clinics,2026-08-29T02:37:32.976892+00:00
Elixir Hair Transplant Clinic Islamabad,doctors and clinics,http://www.elixir.org.pk/,300 9055660,"House No.5-A, Double Road, F-11/1, Islamabad, Pakistan, Islamabad, Islamabad Capital Territory",https://www.businesslist.pk/company/247116/elixir-hair-transplant-clinic-islamabad,businesslist_pk,scrapy,doctors-and-clinics,2026-08-29T02:37:34.762349+00:00
Pakistan Physio and Rehab Center,doctors and clinics,http://pakistanphysioandrehabcenter.com,"03331979899,03314951157","1-Commercial, E Block, Al-Abbas Hieghts, Canal Gardens,Lahore, Lahore, Punjab",https://www.businesslist.pk/company/250057/pakistan-physio-and-rehab-center,businesslist_pk,scrapy,doctors-and-clinics,2026-08-29T02:37:36.733246+00:00
MediCamp Distributor- MCD,doctors and clinics,http://www.medicampint.com/,0092-51-4252033,"177/C Sarwar Road , Rawalpindi- Pakistan, Rawalpindi, Punjab",https://www.businesslist.pk/company/241404/medicamp-distributor-mcd,businesslist_pk,scrapy,doctors-and-clinics,2026-08-29T02:37:38.112820+00:00
Neurosurgeon (Brain &amp; Spine Specialist) - Headache/Backpain,doctors and clinics,,04236817857,"Shalimar Hospital Lahore., Lahore, Punjab",https://www.businesslist.pk/company/244511/best-neurosurgeon,businesslist_pk,scrapy,doctors-and-clinics,2026-08-29T02:37:39.918259+00:00
Skyline Enterprises,tax consultants,,0331-5037661,"G-9, Islamabad, Islamabad Capital Territory",https://www.businesslist.pk/company/248404/skyline-enterprises,businesslist_pk,scrapy,tax-consultants,2026-08-29T02:37:41.866121+00:00
Irshad &amp; Co. Management Consultants,tax consultants,,03344084149,"158 - Ahmed yar block, Mustafa town, Wahdat road,, Lahore, Punjab",https://www.businesslist.pk/company/246780/irshadco-management-consultants,businesslist_pk,scrapy,tax-consultants,2026-08-29T02:37:43.580334+00:00
S.iqbal &amp; Company,tax consultants,https://www.facebook.com/siqbalcompany-132879335966714,32782235,"M.A JINNAH ROAD, AL AMNA PLAZA, FIRST FLOOR SUITE No. 122 , Karachi, Sindh",https://www.businesslist.pk/company/254528/siqbalcompany,businesslist_pk,scrapy,tax-consultants,2026-08-29T02:37:45.764152+00:00
Dunya Consultants,tax consultants,https://dunyaconsultants.com/,+92 325-163-1947,"Head Office Dunya Consultants Opposite Cheema Heart Centre, Sargodha, Sargodha, Punjab",https://www.businesslist.pk/company/254680/dunya-consultants,businesslist_pk,scrapy,tax-consultants,2026-08-29T02:37:47.758944+00:00
Neds Services Pvt Ltd,tax consultants,,03214969437,"Empress Tower Off# 15 , First Floor, Empress Road, Lahore, Punjab",https://www.businesslist.pk/company/252714/neds-services-pvt-ltd,businesslist_pk,scrapy,tax-consultants,2026-08-29T02:37:49.515910+00:00
Befiler,tax consultants,https://www.befiler.com/,"(021) 35243578, +92 213 889 2069","floor plot 32/c, 2nd، 4 Khayaban-e-Shahbaz, D.H.A Phase 6 , Karachi, Sindh",https://www.businesslist.pk/company/250038/befiler,businesslist_pk,scrapy,tax-consultants,2026-08-29T02:37:51.248591+00:00
Prestige Legal and Management Consultancy,tax consultants,http://www.plmc.pk,04237363718,"4-Z CCA, PHASE-III, DHA, Lahore, Punjab",https://www.businesslist.pk/company/245837/prestige-legal-and-management-consultancy,businesslist_pk,scrapy,tax-consultants,2026-08-29T02:37:53.607277+00:00
Blue Chip International,tax consultants,http://www.bluechipint.com,021-35642784,"Suite No 604, 6th Floor,  Uni Shopping Centre,  Abdullah Haroon Road, Saddar, Karachi Pakistan., Karachi, Sindh",https://www.businesslist.pk/company/100737/blue-chip-international,businesslist_pk,scrapy,tax-consultants,2026-08-29T02:37:55.605047+00:00
A. A. &amp; Company (Tax consultant),tax consultants,http://www.accountax.com.pk,+923009636192,"Hotel firdos dera adda Multan., Multan",https://www.businesslist.pk/company/257576/a-acompany-tax-consultant,businesslist_pk,scrapy,tax-consultants,2026-08-29T02:37:57.770649+00:00
Witfil,tax consultants,http://witfil.com/,+92-51-844 8799,"Office No. 3, 2nd Floor, Ahmad Center, I-8 Markaz Islamabad, Islamabad, Islamabad Capital Territory",https://www.businesslist.pk/company/250222/witfil,businesslist_pk,scrapy,tax-consultants,2026-08-29T02:37:59.954940+00:00
Tax Consultancy,tax consultants,,+92 342 1412581,"Office S-18A, second floor, Gold point, Murree Rd, Rawalpindi, 46600, Rawalpindi, Punjab",https://www.businesslist.pk/company/253327/tax-consultancy,businesslist_pk,scrapy,tax-consultants,2026-08-29T02:38:01.896346+00:00
A.A Associates (Tax &amp; Financial Consultant),tax consultants,http://www.facebook.com/A.AAssociatestax,,"Karachi Sindh Pakistan, Karachi, Sindh",https://www.businesslist.pk/company/243908/aa-associates-taxfinancial-consultant,businesslist_pk,scrapy,tax-consultants,2026-08-29T02:38:03.821227+00:00
Sheeraz &amp; Associates,tax consultants,http://www.sheerazch.com,03238717000,"36 Mehboob Qadir Block, District Courts Sialkot, Sialkot, Punjab",https://www.businesslist.pk/company/245606/sheerazassociates,businesslist_pk,scrapy,tax-consultants,2026-08-29T02:38:05.918881+00:00
Najmi &amp; Company,tax consultants,,+923422675650,"1st Flr. Saifee House, Elender Road, Off I.I. Chundrigar Road, Karachi, Sindh",https://www.businesslist.pk/company/233808/najmicompany,businesslist_pk,scrapy,tax-consultants,2026-08-29T02:38:07.958381+00:00
ICMA Pakistan,audit and accounting,https://www.icmainternational.com/,+92 3352889972,"Unit # 2, Plot # B1-8/34, Hyderabad Railway Employees Cooperative Housing Society, Auto Bahn Rd, Latifabad, Hyderabad, Sindh, Hyderabad",https://www.businesslist.pk/company/254812/icma-pakistan,businesslist_pk,scrapy,audit-and-accounting,2026-08-29T02:38:10.191566+00:00
CGC Consultants,audit and accounting,http://cgcpak.com/,+923005241309,"TF-06, Rose Arcade Plaza G-11 Markaz, Islamabad",https://www.businesslist.pk/company/257391/cgc-consultants,businesslist_pk,scrapy,audit-and-accounting,2026-08-29T02:38:11.849895+00:00
Innovative Equinox,audit and accounting,http://www.innovativeequinox.com,+92.21.34134415-8,"A 21/II B 1, KDA Scheme 1 (Ext), Stadium Road, Karachi,74800, Pakistan, Karachi, Sindh",https://www.businesslist.pk/company/241180/innovative-equinox,businesslist_pk,scrapy,audit-and-accounting,2026-08-29T02:38:14.024540+00:00
Macrame Consultants,audit and accounting,https://macrameconsultants.com/,+92516102627,"Office: 301 Building: 123 Civic Center Bahria Town, Rawalpindi, Pakistan., Rawalpindi",https://www.businesslist.pk/company/257338/macrame-consultants,businesslist_pk,scrapy,audit-and-accounting,2026-08-29T02:38:16.132270+00:00
Zia Masood Kiani,audit and accounting,http://www.thezmk.com,"(92 51) 2111906, 2111907","Suite # 21, Block B, Abu Dhabi Tower F 11/1, Islamabad, Islamabad, Islamabad Capital Territory",https://www.businesslist.pk/company/183813/zia-masood-kiani,businesslist_pk,scrapy,audit-and-accounting,2026-08-29T02:38:17.416147+00:00
GroEmpire (Private) Limited,audit and accounting,http://www.groempire.com,+922134968778,"First Floor, B-145 Block 13 D/2; Gulshan-e-iqbal - 75300, Karachi Pakistan, Karachi, Sindh",https://www.businesslist.pk/company/242303/groempire-private-limited,businesslist_pk,scrapy,audit-and-accounting,2026-08-29T02:38:19.619879+00:00
Tax King Inc,audit and accounting,http://www.bookkepingonline.com,0444542539,"House #  04, Hazrat Ameer Hamza Street, Opposite DD Office, Zia U Din Colony Depalpur, Okara, Punjab",https://www.businesslist.pk/company/241525/book-keeping-online,businesslist_pk,scrapy,audit-and-accounting,2026-08-29T02:38:21.138696+00:00
Accountants and Corporate Lawyers,audit and accounting,,03370646536,"G-11, Markaz, Islamabad, Islamabad Capital Territory",https://www.businesslist.pk/company/244996/aaa-accountants-and-corporate-lawyers,businesslist_pk,scrapy,audit-and-accounting,2026-08-29T02:38:22.739193+00:00
Karachi Taxis &amp; Airport Transfers,audit and accounting,https://www.eurotaxi.mobi/destinations/karachi/,"+923213242267, +92-219-921-1792","12, Sasi Town Houses, Abdullah Haroon Road Civil Lines Karachi, 21000, Karachi, Sindh",https://www.businesslist.pk/company/244555/eurotaxi,businesslist_pk,scrapy,audit-and-accounting,2026-08-29T02:38:24.856210+00:00
Akountmate,audit and accounting,https://www.akountmate.com,+92 3084320681,"101 Surriya Jabeen Park, Baghbanpura, Lahore, Punjab 54840, Lahore",https://www.businesslist.pk/company/255393/akountmate,businesslist_pk,scrapy,audit-and-accounting,2026-08-29T02:38:26.778361+00:00
"Aventure Consultancy, LLC.",audit and accounting,http://www.Aventurellc.com,+923356878555,"Aventure Consultancy Road، N-44, Block 12 Gulistan-e-Johar, Karachi, Karachi City, Sindh 75290, Karachi",https://www.businesslist.pk/company/256157/aventure-consultancy-llc,businesslist_pk,scrapy,audit-and-accounting,2026-08-29T02:38:28.819606+00:00
Almateens,audit and accounting,http://www.almateens.com,03218266422,"26-13 FCHS, Karachi, Sindh",https://www.businesslist.pk/company/252088/almateens,businesslist_pk,scrapy,audit-and-accounting,2026-08-29T02:38:30.908705+00:00
Saira Sonia &amp; Co.,audit and accounting,http://www.sairasoniaconsultants.com,+92 3002325510,"S-283, 6th Street, Phase 7  Ext, DHA, Karachi",https://www.businesslist.pk/company/254706/saira-soniaco,businesslist_pk,scrapy,audit-and-accounting,2026-08-29T02:38:33.137779+00:00
Corporate General Solutions,audit and accounting,https://www.cgs.com.pk,+92 321 6680065,"Ground Floor, Al Jamil Plaza, Off Jaranwala Road, Ext, Madina Town, Faisalabad, Punjab 38000",https://www.businesslist.pk/company/257132/corporate-general-solutions,businesslist_pk,scrapy,audit-and-accounting,2026-08-29T02:38:35.261272+00:00
Famco Associates (pvt) Ltd.,audit and accounting,http://www.famco.com.pk,"(92 21) 32422344, 32424591","State Life Building No.1-A, Ground Floor, I.I.Chundrigar Rd. Karachi, Karachi",https://www.businesslist.pk/company/147026/famco-associates-pvt-ltd,businesslist_pk,scrapy,audit-and-accounting,2026-08-29T02:38:36.465496+00:00
Splendidaccounts,audit and accounting,https://splendidaccounts.pk/,021-34155710,"B-134 1st Floor Block 2 Gulshan-e-Iqbal, Karachi, Pakistan, Karachi, Sindh",https://www.businesslist.pk/company/250353/splendidaccounts,businesslist_pk,scrapy,audit-and-accounting,2026-08-29T02:38:37.979745+00:00
Moneypex,audit and accounting,https://moneypex.com,+928446152,"Rehmat Centre, Jinnah Ave, Block D G 6/2 Blue Area, Islamabad, Islamabad Capital Territory 44000, Islamabad",https://www.businesslist.pk/company/254815/moneypex,businesslist_pk,scrapy,audit-and-accounting,2026-08-29T02:38:40.034892+00:00
Mohsin Tax Consultants,audit and accounting,http://www.mmco.pk,+92-55-3844423,"Umar Market, Shaheenabad, Gujranwala, Punjab",https://www.businesslist.pk/company/252009/mohsin-tax-consultants,businesslist_pk,scrapy,audit-and-accounting,2026-08-29T02:38:41.887358+00:00
XS4 Financial Management,audit and accounting,http://xs4.co/,+92 -42-5762201,"House # 76-J (Ground floor, Block J Gulberg III, Lahore, Punjab, Lahore",https://www.businesslist.pk/company/256042/xs4-financial-management,businesslist_pk,scrapy,audit-and-accounting,2026-08-29T02:38:43.721098+00:00
Deutsche Bank Ag,banks credit unions,,9221-111555777 / 5207200 / 5658321,"Avari Plaza 242 &amp; 243 Fatima Jinnah Road, Sindh, Karachi, Sindh",https://www.businesslist.pk/company/95215/deutsche-bank-ag,businesslist_pk,scrapy,banks-credit-unions,2026-08-29T02:38:46.075085+00:00
Bank Alfalah Limited,banks credit unions,,0544-710022,"67-Kazam Kamal Road,  Cantt.,  Jhelum,  Punjab,  Pakistan, Jhelum",https://www.businesslist.pk/company/146832/bank-alfalah-limited,businesslist_pk,scrapy,banks-credit-unions,2026-08-29T02:38:48.317220+00:00
Allied Bank Limited,banks credit unions,,9251-5524547 / 5568161," Adamjee Road Cantt., Punjab, Rawalpini, Punjab",https://www.businesslist.pk/company/95072/allied-bank-limited,businesslist_pk,scrapy,banks-credit-unions,2026-08-29T02:38:49.728730+00:00
Allied Bank Limited,banks credit unions,,9221-111110110 / 5860052 / 5872139 / 5874993,"ABL Building, Khayaban-e-IqbalClifton, Sindh, Karachi, Sindh",https://www.businesslist.pk/company/95096/allied-bank-limited,businesslist_pk,scrapy,banks-credit-unions,2026-08-29T02:38:51.395031+00:00
Innovative,banks credit unions,,"9221-4810382 / 4526001, +92-42-11-000-911","FL-3/6, First Floor, Gulshan-e-Iqbal, Sindh, Karachi, Sindh",https://www.businesslist.pk/company/104537/innovative,businesslist_pk,scrapy,banks-credit-unions,2026-08-29T02:38:53.561413+00:00
Igi Investment Bank,banks credit unions,,"(92 42) 35368955, UAN : (92 42) 111-234-234","5,F.C.C.,Ground Floor,Syed Muratib Ali Road,Gulberg, Lahore",https://www.businesslist.pk/company/182703/igi-investment-bank,businesslist_pk,scrapy,banks-credit-unions,2026-08-29T02:38:55.432633+00:00
Tameer Micro Finance Bank Ltd.,banks credit unions,,"(92 21) 34325572, UAN : (92 21) 111-111-004","A-15,Block 7 &amp; 8,Central Commercial Area,K.C.H.S.,Union, Karachi",https://www.businesslist.pk/company/182736/tameer-micro-finance-bank-ltd,businesslist_pk,scrapy,banks-credit-unions,2026-08-29T02:38:56.737908+00:00
U Microfinance Bank,banks credit unions,,+921111282265,"Islamabad, Islamabad",https://www.businesslist.pk/company/256876/u-microfinance-bank,businesslist_pk,scrapy,banks-credit-unions,2026-08-29T02:38:57.738380+00:00
Mcb Islamic Banking,banks credit unions,,"(92 41) 8556605, 8556607, +92 -42-34501000","66-A,Peoples Colony No. 1, Faisalabad",https://www.businesslist.pk/company/182711/mcb-islamic-banking,businesslist_pk,scrapy,banks-credit-unions,2026-08-29T02:38:58.743992+00:00
Prime Aluminium Industries (pvt) Ltd.,banks credit unions,,"(92 21) 36072548, 34915468, +92-321-1296063","68-Hyderabad Colony,Near Shell Petrol Pump,Jail Chowrangi, Karachi",https://www.businesslist.pk/company/181916/prime-aluminium-industries-pvt-ltd,businesslist_pk,scrapy,banks-credit-unions,2026-08-29T02:39:00.787459+00:00
Banking Mohtasib Pakistan,banks credit unions,,"(92 21) 39217339, 39217334, +92-333-8253351","Karachi Secretariat,5th Floor,Shaheen Complex,M.R.Kiyani Rd, Karachi",https://www.businesslist.pk/company/182689/banking-mohtasib-pakistan,businesslist_pk,scrapy,banks-credit-unions,2026-08-29T02:39:03.053893+00:00
Samba Bank Limited,banks credit unions,,"(92 21) 35693824, 35693831, +92 21 11-11/ 0800-72622","6th Floor,Nacon House,M.D.M. Wafai Road,Sddar, Karachi",https://www.businesslist.pk/company/182724/samba-bank-limited,businesslist_pk,scrapy,banks-credit-unions,2026-08-29T02:39:05.083362+00:00
Finca,banks credit unions,https://finca.pk/,+92 4211-111-1562,"36-B, Khayaban-e-Iqbal, Sector XX XX Block DHA Phase 3, Lahore, Punjab 54810, Lahore",https://www.businesslist.pk/company/256860/finca,businesslist_pk,scrapy,banks-credit-unions,2026-08-29T02:39:06.591027+00:00
NRSP Microfinance Bank,banks credit unions,,+92 62 2285126,"Punjab, Bahawalpur",https://www.businesslist.pk/company/256382/nrsp-microfinance-bank,businesslist_pk,scrapy,banks-credit-unions,2026-08-29T02:39:08.414432+00:00
Igi Financial Services,banks credit unions,,"(92 21) 35301731, 35301739, UAN : (92 21) 111-234-234, +92 21-35368935","#701-713,7th Floor,The Forum,G-20,Block-9,Khayaban-e-Jami,Clifton, Karachi",https://www.businesslist.pk/company/182702/igi-financial-services,businesslist_pk,scrapy,banks-credit-unions,2026-08-29T02:39:10.590878+00:00
JWS Pakistan,banks credit unions,,+92 55 4284454,"Punjab, Gujranwala",https://www.businesslist.pk/company/256109/jws-pakistan,businesslist_pk,scrapy,banks-credit-unions,2026-08-29T02:39:12.065907+00:00
CloudAbacus,banks credit unions,,03116868666,"Sambrial, Sialkot, Punjab",https://www.businesslist.pk/company/245958/cloudabacus,businesslist_pk,scrapy,banks-credit-unions,2026-08-29T02:39:12.891154+00:00
Abn-Amro Bank,banks credit unions,,9242-111112233 / 5751000 / 5751008,"C 110 Upper Mall, Punjab, Lahore, Punjab",https://www.businesslist.pk/company/95046/abn-amro-bank,businesslist_pk,scrapy,banks-credit-unions,2026-08-29T02:39:15.127178+00:00
National Savings Centre,banks credit unions,,"92596-9314294, +92 51-111-267-268","Faisal Shaheed Road Opp: Mission Hospital, Punjab, Taxila, Punjab",https://www.businesslist.pk/company/95485/national-savings-centre,businesslist_pk,scrapy,banks-credit-unions,2026-08-29T02:39:17.127248+00:00
Sindh Bank Ltd.,banks credit unions,,"(92 21) 35829301, 35369283, UAN : (92 21) 111-333-225","Head Office: 3rd Floor,Federation House,Clifton, Karachi",https://www.businesslist.pk/company/182727/sindh-bank-ltd,businesslist_pk,scrapy,banks-credit-unions,2026-08-29T02:39:18.920270+00:00
Khalil &amp; Sons Surgical Corp,doctors and clinics,http://www.ksonssurgical.com,+92 52 4 35 23 68,"Islam Nagar Kashmir Road Pacca Ghara Sialkot 51310 Punjab Pakistan., Sialkot, Punjab",https://www.businesslist.pk/company/245523/khalilsons-surgical-corp,businesslist_pk,scrapy,doctors-and-clinics,2026-08-29T02:39:20.245586+00:00
Memon Medical Institute Hospital,doctors and clinics,,+922134691147,"Safoora Chowrangi Karachi, Karachi",https://www.businesslist.pk/company/258768/memon-medical-institute-hospital,businesslist_pk,scrapy,doctors-and-clinics,2026-08-29T02:39:22.265781+00:00
LRBT,doctors and clinics,,+923158679600,"LRBT House, 37-C, Sunset Lane No.4 Off 24th Commercial Street Phase-II Ext. DHA, Karachi",https://www.businesslist.pk/company/258610/lrbt,businesslist_pk,scrapy,doctors-and-clinics,2026-08-29T02:39:23.928549+00:00
Dental Implants Instruments MD,doctors and clinics,http://www.medicaldesignpk.com,+92523301033,"Model Town , Sialkot, Punjab",https://www.businesslist.pk/company/243536/prf-box-dental-instruments-company,businesslist_pk,scrapy,doctors-and-clinics,2026-08-29T02:39:26.067948+00:00
Best Dental Clinic Lahore,doctors and clinics,,+9203334317775,"882 Shadman Colony 1, Lahore",https://www.businesslist.pk/company/258454/best-dental-clinic-lahore,businesslist_pk,scrapy,doctors-and-clinics,2026-08-29T02:39:28.072517+00:00
Glow Aesthetics,doctors and clinics,,"+924235742626,+923224222557","Plaza No.186 -Y, Phase-3, DHA,Lahore, Lahore",https://www.businesslist.pk/company/258496/glow-aesthetics,businesslist_pk,scrapy,doctors-and-clinics,2026-08-29T02:39:30.082428+00:00
Mips Reporting Services,doctors and clinics,,+923098845822,"Los angeles, California, Lahore",https://www.businesslist.pk/company/258784/mips-reporting-services,businesslist_pk,scrapy,doctors-and-clinics,2026-08-29T02:39:31.915622+00:00
Gastroenterologist &amp; Hepatologist Clinic In Islama,doctors and clinics,https://profgill.com/,(051) 2287730," House no. 9, Kaghan Road, F-8/3 Islamabad Pakistan, Islamabad, Islamabad Capital Territory",https://www.businesslist.pk/company/249411/gastroenterologisthepatologist-clinic-in-islama,businesslist_pk,scrapy,doctors-and-clinics,2026-08-29T02:39:33.001247+00:00
Kamil Veterinary Clinic,doctors and clinics,,+923377771271,"Shop # 9, Dogar Market, Canal Rd Thokar Niaz Baig Nearby Green Pharmacy Lahore, Lahore",https://www.businesslist.pk/company/258672/kamil-veterinary-clinic,businesslist_pk,scrapy,doctors-and-clinics,2026-08-29T02:39:34.918520+00:00
Dr Zaar,doctors and clinics,,+92 3219700700,"32-A Lawrence Road, Jinnah Town, Lahore, Pakistan, Lahore",https://www.businesslist.pk/company/258479/dr-zaar,businesslist_pk,scrapy,doctors-and-clinics,2026-08-29T02:39:36.822952+00:00
Filament Engineering and Construction,doctors and clinics,http://www.filamentengineering.com,"+92 336 8053963, +92 342 0990 990","Suite # A-23, Momin Sqr, Block # 6, Main NIPA, Gulshan-e-Iqbal, Karachi, Pakistan, Karachi, Sindh",https://www.businesslist.pk/company/241615/filament-engineering,businesslist_pk,scrapy,doctors-and-clinics,2026-08-29T02:39:37.974530+00:00
Marham,doctors and clinics,http://www.marham.pk,"+923334742629, +923341006561","Leeds Center, Main Boulevard Gulberg 3, Lahore., Lahore, Punjab",https://www.businesslist.pk/company/243673/marham,businesslist_pk,scrapy,doctors-and-clinics,2026-08-29T02:39:39.714263+00:00
Prime Hospital,doctors and clinics,http://Www.primehospital.com.pk,0315-2272222,"Prime Hospital, Dost Plaza, Nishtar Road Multan. , Multan, Punjab",https://www.businesslist.pk/company/243552/prime-hospital,businesslist_pk,scrapy,doctors-and-clinics,2026-08-29T02:39:41.903442+00:00
Fida International,doctors and clinics,http://www.fidaintel.com,00923456774411,"Ali-ul-Haq Road, Model Town, Sialkot, Punjab",https://www.businesslist.pk/company/244607/fida-international,businesslist_pk,scrapy,doctors-and-clinics,2026-08-29T02:39:43.282946+00:00
Fitwell hub,doctors and clinics,,+92311-1122338,"Bismillah Chowk, Masoom Shah Road, Multan, Punjab",https://www.businesslist.pk/company/258707/fitwell-hub,businesslist_pk,scrapy,doctors-and-clinics,2026-08-29T02:39:44.668971+00:00
Eurotek Surgical Co .,doctors and clinics,http://www.euroteksurgical.com,+92-0524563752,"silakot pakistan , Sialkot, Punjab",https://www.businesslist.pk/company/241997/eurotek-surgical-co-,businesslist_pk,scrapy,doctors-and-clinics,2026-08-29T02:39:46.924486+00:00
Medical Design Sialkot,doctors and clinics,http://www.medicaldesignpk.com,0523301033,"amit street model town, Sialkot, Punjab",https://www.businesslist.pk/company/241409/medical-design-sialkot,businesslist_pk,scrapy,doctors-and-clinics,2026-08-29T02:39:48.625103+00:00
Advanced Pain Centers,doctors and clinics,http://www.advancedpaincenter.net,04235445670-74,"465 G3, Khokar Chowk Johar Town Lahore., Lahore, Punjab, Pakistan, Lahore, Punjab",https://www.businesslist.pk/company/242547/advanced-pain-centers,businesslist_pk,scrapy,doctors-and-clinics,2026-08-29T02:39:51.015092+00:00
Dr. Waqas Mehdi - Neurosurgeon,doctors and clinics,http://drwaqasmehdi.com,03004045004,"Punjab Medical Center, 5 Jail Road Lahore, Lahore, Punjab",https://www.businesslist.pk/company/243905/dr-waqas-mehdi-neurosurgeon,businesslist_pk,scrapy,doctors-and-clinics,2026-08-29T02:39:53.082603+00:00
Al Saudia Tibbi Foundation (Registered),doctors and clinics,https://www.facebook.com/alsaudiatibbiifoundation,+92 301 4020422," Bagrian Chowk Green Town Lahore , Lahore, Punjab",https://www.businesslist.pk/company/242425/al-saudia-tibbi-foundation-registered,businesslist_pk,scrapy,doctors-and-clinics,2026-08-29T02:39:55.018910+00:00
Syntax Jhelum (Tax Advisors &amp; Consultants),tax consultants,http://www.syntaxadvisory.com,03060536105,"Al-Habib Plaza, Ayubia Colony, Civil Lines Jhelum, Jhelum, Punjab",https://www.businesslist.pk/company/253224/syntax-jhelum-tax-advisorsconsultants,businesslist_pk,scrapy,tax-consultants,2026-08-29T02:39:56.629526+00:00
Evolution Business Consultants (Pvt.) Ltd.,tax consultants,http://www.evocon.org,0514853500,"D-100, Suite No.9, First Floor, Alfallah Centre, Satellite Town, Rawalpindi., Rawalpindi, Punjab",https://www.businesslist.pk/company/242556/evolution-business-consultants-pvt-ltd,businesslist_pk,scrapy,tax-consultants,2026-08-29T02:39:58.442713+00:00
FN Abbasi Associates,tax consultants,http://www.fnabbasi.com,03452080289,"3rd Floor, Namco Canter, Saddar, Karachi, Karachi, Sindh",https://www.businesslist.pk/company/241192/fn-abbasi-associates,businesslist_pk,scrapy,tax-consultants,2026-08-29T02:40:00.158973+00:00
Midway Tax Consultants,tax consultants,https://midwaytaxconsultants.com/,03323135534,"Balad Trade Center, Block-03, BMCHS, Alamgir Road, Bahadurabad, Karachi, Karachi, Sindh",https://www.businesslist.pk/company/250884/midway-tax-consultants,businesslist_pk,scrapy,tax-consultants,2026-08-29T02:40:02.186185+00:00
Business Hub Consulting,tax consultants,http://bizhubconsulting.com/,0321- 56 50 56 4,"Office No. 7 third floor, Executive Centre, I-8 Markaz, Islamabad, Pakistan, Islamabad, Islamabad Capital Territory",https://www.businesslist.pk/company/241738/business-hub-consulting,businesslist_pk,scrapy,tax-consultants,2026-08-29T02:40:04.435343+00:00
Tax Time (Pvt) Ltd.,tax consultants,https://www.taxtime.pk,04235878463,"M-84, IT TOWER, HALI ROAD, GULBERG-III, Lahore, Punjab",https://www.businesslist.pk/company/249891/tax-time-pvt-ltd,businesslist_pk,scrapy,tax-consultants,2026-08-29T02:40:06.547344+00:00
Hussain Associates,audit and accounting,http://www.hussainassociate.com,03330374651,"A-2/ L-17, Al-Burhan Shopping Circle, Block E, North Nazimabad, Karachi, Sindh",https://www.businesslist.pk/company/246331/hussain-associates,businesslist_pk,scrapy,audit-and-accounting,2026-08-29T02:40:07.415832+00:00
Metro Financial Services,audit and accounting,http://www.metro-financials.com,+92 213 2371126,"Freelancer, Karachi, Sindh",https://www.businesslist.pk/company/245487/metro-financial-services,businesslist_pk,scrapy,audit-and-accounting,2026-08-29T02:40:09.257680+00:00
Epic Consulting,audit and accounting,http://epiccdo.com/,+924237185956-7,"247-Y, Commercial Area, Phase III, DHA, Lahore., Lahore, Punjab",https://www.businesslist.pk/company/246017/epic-consulting,businesslist_pk,scrapy,audit-and-accounting,2026-08-29T02:40:11.513717+00:00
Ikona Associates,audit and accounting,http://www.ikona.com.pk,021-34833776,"Office # M-20 and M-32, Mezzanine Floor Glamour Mobile Mall Main Rashid Minhas Road, Near Lasania Restaurant, Gulshan e Iqbal, Karachi, Pakistan, Karachi, Sindh",https://www.businesslist.pk/company/245156/ikona-associates,businesslist_pk,scrapy,audit-and-accounting,2026-08-29T02:40:13.707579+00:00
ERP software sotutions-SARP ERP Suite,audit and accounting,http://www.cosmosoftsolution.com,04235456007,"Off:8, Ross Residencia, Canal road Johar Town, Lahore, Lahore, Punjab",https://www.businesslist.pk/company/245810/erp-software-sotutions-sarp-erp-suite,businesslist_pk,scrapy,audit-and-accounting,2026-08-29T02:40:15.691202+00:00
Multi-Techno,audit and accounting,https://www.multi-techno.com,03057450227,"First floor Ghori Arcade Satyana Road Faisalabad , Pakistan, Faisalabad, Punjab",https://www.businesslist.pk/company/254429/multi-techno,businesslist_pk,scrapy,audit-and-accounting,2026-08-29T02:40:17.316058+00:00
Patronage Office,audit and accounting,https://www.patronage.pk/,03000340466,"4th Floor, Vogue Tower, MM Alam Road, Block C-2 Gulberg III, Lahore , Lahore, Punjab",https://www.businesslist.pk/company/253148/patronage-office,businesslist_pk,scrapy,audit-and-accounting,2026-08-29T02:40:18.758271+00:00
TAXVIRAL MANAGEMENT CONSULTANTS,audit and accounting,http://www.aimamanagement.com,009221366000999,"445, Bhayani Shopping Center, Block M, North Nazimabad karachi, Karachi, Sindh",https://www.businesslist.pk/company/246866/taxviral-management-consultants,businesslist_pk,scrapy,audit-and-accounting,2026-08-29T02:40:20.674733+00:00
Accountants in Islamabad - AccoTech,audit and accounting,https://accotech.co/,0516102647,"Central Mall, 2nd floor, GT Road DHA Phase 2, Islamabad, Islamabad, Islamabad Capital Territory",https://www.businesslist.pk/company/252598/accountants-in-islamabad-accotech,businesslist_pk,scrapy,audit-and-accounting,2026-08-29T02:40:22.616861+00:00
SIS Tax Consultants,audit and accounting,http://www.sistaxcon.com/,03422707837,"FL 3/13 Off#101, Block-5, Gulshan-e-Iqbal, Rashid Minhas Road, adj. Pizza Pick, Karachi 75300, Karachi, Sindh",https://www.businesslist.pk/company/246699/sis-tax-consultants,businesslist_pk,scrapy,audit-and-accounting,2026-08-29T02:40:24.734719+00:00
OajeKamal,audit and accounting,http://www.oajekamal.com,0518485217-8-9,"Office 10,11, 3rd floor, Select Centre, F-11 Markaz. Islamabad., Islamabad, Islamabad Capital Territory",https://www.businesslist.pk/company/242525/oajekamal,businesslist_pk,scrapy,audit-and-accounting,2026-08-29T02:40:26.239599+00:00
PKF FRANTS Chartered Accountants,audit and accounting,http://www.pkf.com.pk,+92 213 244 4471,"504, 5th Floor, Business Plaza, Mumtaz Hasan Road, I.I Chundrigar Road, Karachi Pakistan, Karachi, Sindh",https://www.businesslist.pk/company/246524/pkf-frants-chartered-accountants,businesslist_pk,scrapy,audit-and-accounting,2026-08-29T02:40:28.357975+00:00
AWC Consultants,audit and accounting,https://ftaxaudit.business.site/,03004158678,"Lahore, Lahore, Punjab",https://www.businesslist.pk/company/253660/awc-consultants,businesslist_pk,scrapy,audit-and-accounting,2026-08-29T02:40:30.577347+00:00
Orange Management Consultants,audit and accounting,http://www.omctax.com,0213-6641616,"Suite 339, 3rd Floor,  Bhayani Center, Block &quot;M&quot; North Nazimabad, Karachi, Sindh",https://www.businesslist.pk/company/248476/orange-management-consultants,businesslist_pk,scrapy,audit-and-accounting,2026-08-29T02:40:32.809059+00:00
Information Consultant,audit and accounting,http://informationconsultant.com.pk/,+92216004399,"A-6 Block 7 Gulshan-e-Iqbal, Karachi,pakistan, Karachi, Sindh",https://www.businesslist.pk/company/252120/information-consultant,businesslist_pk,scrapy,audit-and-accounting,2026-08-29T02:40:35.079536+00:00
Epic Consulting Group,audit and accounting,http://www.epiccdo.com,03000503103,"247-Y, Commercial Area, Phase III, DHA., Lahore, Punjab",https://www.businesslist.pk/company/247583/epic-consulting-group,businesslist_pk,scrapy,audit-and-accounting,2026-08-29T02:40:36.844642+00:00
Premier Management &amp; Financial Logix,audit and accounting,http://premier-management-logix.business.site,+92 81 2875757,"Suite 11-Second Floor, Al-Fazal Plaza, Wyatt Road., Quetta, Balochistan",https://www.businesslist.pk/company/246365/premier-managementfinancial-logix,businesslist_pk,scrapy,audit-and-accounting,2026-08-29T02:40:38.281138+00:00
APKSoft,audit and accounting,https://apksoftinc.com/,923302750123,"GULIANA ROAD KHARIAN CITY, Gujrat, Punjab",https://www.businesslist.pk/company/254356/apksoft,businesslist_pk,scrapy,audit-and-accounting,2026-08-29T02:40:40.282474+00:00
Silkbank,banks credit unions,,"(92 21) 32460001, UAN : (92 21) 111-001-987, +92 1111 00333","Saudi Pak Building, Central Office, I.I. Chundrigar Road Karachi, Karachi",https://www.businesslist.pk/company/152387/silkbank,businesslist_pk,scrapy,banks-credit-unions,2026-08-29T02:40:42.376411+00:00
The Punjab Employees Social Security Institution,banks credit unions,,"92-51-9272022, +92 042 99211432 36","(Local Office)- 40, Civil Lines, Rawalpindi",https://www.businesslist.pk/company/207431/the-punjab-employees-social-security-institution,businesslist_pk,scrapy,banks-credit-unions,2026-08-29T02:40:44.510610+00:00
Apna Microfinance Bank,banks credit unions,,+92(42) 111-771-772,"Punjab, Lahore",https://www.businesslist.pk/company/256932/apna-microfinance-bank,businesslist_pk,scrapy,banks-credit-unions,2026-08-29T02:40:45.967581+00:00
Askari Bank Islamic Banking Services,banks credit unions,,"(92 41) 9220623, 9220624, +92 051-8092000","Center Point,Kohinoor City,Jaranwala Road, Faisalabad",https://www.businesslist.pk/company/182686/askari-bank-islamic-banking-services,businesslist_pk,scrapy,banks-credit-unions,2026-08-29T02:40:47.814243+00:00
Easypaisa,banks credit unions,,+92 042 111 003737,"Islamabad, Islamabad",https://www.businesslist.pk/company/256842/easypaisa,businesslist_pk,scrapy,banks-credit-unions,2026-08-29T02:40:48.536042+00:00
Akd Securities &amp; Safe Deposit Co. Ltd.,banks credit unions,,"5863810, 5863801, +92-21 111-253-111","611, Clifton Centre, Kehkashan Block-8, Clifton, Karachi",https://www.businesslist.pk/company/227120/akd-securitiessafe-deposit-co-ltd,businesslist_pk,scrapy,banks-credit-unions,2026-08-29T02:40:50.301551+00:00
Zarai Taraqiati Bank Limited (ztbl),banks credit unions,,"(92 51) 9252717, 9252727, +92-51-9252805","1,Faisal Avenue,P.O.Box: 1400, Islamabad, Islamabad",https://www.businesslist.pk/company/182738/zarai-taraqiati-bank-limited-ztbl,businesslist_pk,scrapy,banks-credit-unions,2026-08-29T02:40:52.076105+00:00
Fate Enterprises,banks credit unions,,3211289549,"A6, 1st floor, osif center, gulshan e iqbal block 13 A karachi, Karachi, Sindh",https://www.businesslist.pk/company/252086/fate-enterprises,businesslist_pk,scrapy,banks-credit-unions,2026-08-29T02:40:54.255095+00:00
Chase Securities,banks credit unions,https://www.chasesecurities.com/,0333 2262514,"Office No - 402, 4th Floor, Diamond Building, 4 Block, Block 4 Block 3 Clifton, Karachi, Karachi City, Sindh 75601, Karachi",https://www.businesslist.pk/company/255261/chase-securities,businesslist_pk,scrapy,banks-credit-unions,2026-08-29T02:40:55.799402+00:00
Business Credit Information Pvt Limited,banks credit unions,https://bcil.pk,+924235695411,"38L, Commercial Area, Ex. Air Avenue, DHA Phase 8, Block L Air Avenue, Lahore, Punjab, Lahore",https://www.businesslist.pk/company/257097/business-credit-information-pvt-limited,businesslist_pk,scrapy,banks-credit-unions,2026-08-29T02:40:57.667085+00:00
AL Baraka Bank (pakistan) Ltd.,banks credit unions,,"(92 21) 34300921, 34300924, UAN : (92 21) 111-113-442, +92 .(21).3431.5851","Hill Park Branch,Marium Heights,Shop #6-9,Block 7&amp;8,KCHS, Karachi",https://www.businesslist.pk/company/182684/al-baraka-bank-pakistan-ltd,businesslist_pk,scrapy,banks-credit-unions,2026-08-29T02:40:59.370095+00:00
"Barclays Bank Plc, Pakistan",banks credit unions,,"(92 21) 35694010, 35272000, UAN : (92 21) 111-105-555","Dawood Centre,M.T.Khan Road,Near P.I.D.C. House, Karachi, Sindh",https://www.businesslist.pk/company/182690/barclays-bank-plc-pakistan,businesslist_pk,scrapy,banks-credit-unions,2026-08-29T02:41:01.160042+00:00
First Habib Modaraba,banks credit unions,,"(92 21) 32635949, 32635951, +92-21-32635949-51","5th Floor, HBZ Plaza, (Hirani Centre), I.I.Chundrigar Road Karachi, Karachi",https://www.businesslist.pk/company/147781/first-habib-modaraba,businesslist_pk,scrapy,banks-credit-unions,2026-08-29T02:41:02.609283+00:00
SadaPay,banks credit unions,,,"Islamabad, Islamabad",https://www.businesslist.pk/company/255211/sadapay,businesslist_pk,scrapy,banks-credit-unions,2026-08-29T02:41:04.602506+00:00
United Bank Ltd.,banks credit unions,,"055-9200557 / 9200556, 021-99217334-38","Trust Plaza,  G.T. Road Chamber Of Commerce Bldg.,  Gujranwala,  Punjab,  Pakistan, Gujranwala",https://www.businesslist.pk/company/147604/united-bank-ltd,businesslist_pk,scrapy,banks-credit-unions,2026-08-29T02:41:06.876332+00:00
Meezan Bank Ltd.,banks credit unions,,"9241-2602587 / 2602586, +92 -21-38103500"," Kotwali Road, Punjab, Faisalabad, Punjab",https://www.businesslist.pk/company/95436/meezan-bank-ltd,businesslist_pk,scrapy,banks-credit-unions,2026-08-29T02:41:07.676321+00:00
The Pakistan Credit Rating Agency (pvt) Ltd.,banks credit unions,,"(92 42) 35869504, 35869505, +92 42 3586 9504 6","Awami Complex, FB-1, Usman Block, New Garden Town Lahore, Lahore",https://www.businesslist.pk/company/147577/the-pakistan-credit-rating-agency-pvt-ltd,businesslist_pk,scrapy,banks-credit-unions,2026-08-29T02:41:09.399540+00:00
Dubai Islamic Bank Pakistan Ltd.,banks credit unions,,"(92 21) 35423382, +922 111 178 6342","7/FL-6,Block-6,Gulshan-e-Iqbal, Karachi",https://www.businesslist.pk/company/182696/dubai-islamic-bank-pakistan-ltd,businesslist_pk,scrapy,banks-credit-unions,2026-08-29T02:41:10.694946+00:00
Tps Pakistan (pvt) Ltd.,banks credit unions,,"9251-2822921, +92 2134302786","House #24, Sector F-7/4 P.O.Box: 1844, Capital, Islamabad",https://www.businesslist.pk/company/101967/tps-pakistan-pvt-ltd,businesslist_pk,scrapy,banks-credit-unions,2026-08-29T02:41:13.093899+00:00
Bankislami Pakistan Limited,banks credit unions,,9221-2441311 / 2441314," Chapal Plaza Hasrat Mohani Road Off Chundrigar Road, Sindh, Karachi, Sindh",https://www.businesslist.pk/company/95180/bankislami-pakistan-limited,businesslist_pk,scrapy,banks-credit-unions,2026-08-29T02:41:15.165135+00:00
Times Medical,doctors and clinics,https://www.facebook.com/timesmedicalofficial/,03328742784,"4/478 Murray College Road, Sialkot, Punjab",https://www.businesslist.pk/company/248578/times-medical,businesslist_pk,scrapy,doctors-and-clinics,2026-08-29T02:41:17.291083+00:00
Rehab Ease by Dr. Ehtisham Panhwar PT,doctors and clinics,https://www.youtube.com/@ehtishampanhwar,+923092026233,"Plot D3/33 Delhi colony karachi, Karachi",https://www.businesslist.pk/company/258618/rehab-ease-by-dr-ehtisham-panhwar-pt,businesslist_pk,scrapy,doctors-and-clinics,2026-08-29T02:41:19.518940+00:00
Cosmesurge International Hospital,doctors and clinics,https://www.cosmesurgehospital.com.pk,0514410336,"Main Saidpur Road Rawalpindi, Rawalpindi, Punjab",https://www.businesslist.pk/company/258989/cosmesurge-international-hospital,businesslist_pk,scrapy,doctors-and-clinics,2026-08-29T02:41:21.718697+00:00
General Veterinary Hospital Pakistan,doctors and clinics,http://www.gvhospitals.com/,+923338579990,"Ashfaq Chowk, Ahmad Hassan Road, Harbanspura Link Road, Joray Pull Lahore Cantt, Lahore, Punjab",https://www.businesslist.pk/company/244595/general-veterinary-hospital-pakistan,businesslist_pk,scrapy,doctors-and-clinics,2026-08-29T02:41:23.156306+00:00
MegMedius International (Pvt.) Lts,doctors and clinics,,03323516401,"Glass tower main clifton road, Karachi, Sindh",https://www.businesslist.pk/company/244338/megmedius-international-pvt-lts,businesslist_pk,scrapy,doctors-and-clinics,2026-08-29T02:41:25.104124+00:00
Dr M Omar Plastic Surgery,doctors and clinics,https://www.dromarplasticsurgeon.com/,0300 4111418,"Room #05,Horizon Hospital 403,Block D-II, M.A. Johar Town Lahore Pakistan, Lahore, Punjab",https://www.businesslist.pk/company/250067/dr-m-omar-plastic-surgery,businesslist_pk,scrapy,doctors-and-clinics,2026-08-29T02:41:27.107886+00:00
LearningAll,doctors and clinics,,"+923214082604, +923214082603","Gulberg 3 Lahore Pakistan, Lahore, Punjab",https://www.businesslist.pk/company/242116/learningall,businesslist_pk,scrapy,doctors-and-clinics,2026-08-29T02:41:28.682805+00:00
Human Health Care Services Pvt Ltd,doctors and clinics,https://human-healthcare.com,+923192060174,"HQ40 c/o E40, PRECHS, Gulshan-e-Iqbal, Bl10A, Karachi, Pakistan., Karachi, Sindh",https://www.businesslist.pk/company/258996/human-health-care-services-pvt-ltd,businesslist_pk,scrapy,doctors-and-clinics,2026-08-29T02:41:30.863818+00:00
Green plus Herbs (Pakistan),doctors and clinics,http://www.greenplusherbs.pk,"0300-2707973, +92 42 35168920","PECHS block 2 , Zuljalal Center , Tariq road , Karachi, Sindh",https://www.businesslist.pk/company/242150/green-plus-herbs-pakistan,businesslist_pk,scrapy,doctors-and-clinics,2026-08-29T02:41:32.828563+00:00
Islamabad Laser and Skin Clinic,doctors and clinics,https://ilscbydraasma.com/,+923315005904,"1st floor, Al-Sheikh Plaza, Faisal Market, F-7/1 Islamabad, Islamabad",https://www.businesslist.pk/company/258569/islamabad-laser-and-skin-clinic,businesslist_pk,scrapy,doctors-and-clinics,2026-08-29T02:41:34.882069+00:00
Pak Hospital,doctors and clinics,https://pakhospital.com.pk/,042-37429517,"33 K Shah Jamal Lahore, Lahore, Punjab",https://www.businesslist.pk/company/258951/pak-hospital,businesslist_pk,scrapy,doctors-and-clinics,2026-08-29T02:41:37.056986+00:00
Hemani Ultrasound,doctors and clinics,https://www.hemaniultrasound.pk,0333 9801217,"Bus Stop, III-C, 7 1/2, opposite Imtiaz Supermarket Nazimabad, Nazimabad 3 Nazimabad, Karachi, Pakistan, Karachi, Sindh",https://www.businesslist.pk/company/254589/hemani-ultrasound,businesslist_pk,scrapy,doctors-and-clinics,2026-08-29T02:41:38.536852+00:00
Transparent Hands,doctors and clinics,https://www.transparenthands.org/,+92(42)35201125,"605A-Block C,Faisal Town , Lahore, Punjab",https://www.businesslist.pk/company/252637/transparent-hands,businesslist_pk,scrapy,doctors-and-clinics,2026-08-29T02:41:40.613787+00:00
Dermics by Dr. Afifa Zahra,doctors and clinics,https://dermicspakistan.com/,+92 3233679361,"Second Floor 141 - CCA Dha Phase 4, Lahore, 54792, Lahore, Punjab",https://www.businesslist.pk/company/257616/dermics-by-dr-afifa-zahra,businesslist_pk,scrapy,doctors-and-clinics,2026-08-29T02:41:42.550448+00:00
Dr. Attiya&#039;s Skin Matters Clinic,doctors and clinics,https://drattiyaskinmatters.com.pk/,+923315228889,"House 710 Street 2, Chaklala Scheme 3 Rawalpindi, Pakistan, Rawalpindi",https://www.businesslist.pk/company/258462/dr-attiyas-skin-matters-clinic,businesslist_pk,scrapy,doctors-and-clinics,2026-08-29T02:41:44.167107+00:00
Hi-Med Surgical,doctors and clinics,http://www.himed.com.pk/,+92 (42) 37310062,"Suite # 4, 1st Floor, Zahoor Chambers, 1- Mozang Road, (Near A.G. Office), P.O. Box # 2434, LAHORE - 54000, Pakistan., Lahore, Punjab",https://www.businesslist.pk/company/244211/hi-med-surgical,businesslist_pk,scrapy,doctors-and-clinics,2026-08-29T02:41:46.074333+00:00
Doctors Space,doctors and clinics,http://www.doctorspace.pk,+923101422220,"Doctors Space 69/70 CC commercial Phase 1 citi housing, Gujranwala",https://www.businesslist.pk/company/258477/doctors-space,businesslist_pk,scrapy,doctors-and-clinics,2026-08-29T02:41:48.089716+00:00
Tronsit Solutions,doctors and clinics,https://tronsitsolutions.com,+92 325 500 552 2,"255 MB, Sector J DHA Phase 6, 54000, Lahore, Punjab",https://www.businesslist.pk/company/256114/tronsit-solutions,businesslist_pk,scrapy,doctors-and-clinics,2026-08-29T02:41:49.781727+00:00
Dr Rabb Derma Beauty &amp; weight loss Clinic,doctors and clinics,https://www.facebook.com/drrabbdermabeautyclinic/,03320827125,"Park lane Hospital Near 2 Talwar Clifton Karachi. Opp British High Commission .Sharae Iran . Old Clifton. Karachi, Karachi, Sindh",https://www.businesslist.pk/company/243355/dr-rabb-derma-beautyweight-loss-clinic,businesslist_pk,scrapy,doctors-and-clinics,2026-08-29T02:41:51.746029+00:00
Dr. Frigz International (pvt) Ltd,doctors and clinics,http://www.frigzinternational.com,92-52-4262703,"Airport Road. Gohdpur, Sialkot, Punjab",https://www.businesslist.pk/company/225183/dr-frigz-international-pvt-ltd,businesslist_pk,scrapy,doctors-and-clinics,2026-08-29T02:41:53.053593+00:00
Dawood Associates Law Firm,tax consultants,http://www.dawoodlawfirm.com,04237243082,"Office# 12, Ground Floor, HD Tower, 3-Fane Road, Lahore, Punjab",https://www.businesslist.pk/company/243687/dawood-associates,businesslist_pk,scrapy,tax-consultants,2026-08-29T02:41:55.337601+00:00
Tax Care,tax consultants,http://www.taxcare.pk,03454844646,"306- Ashrafi Heights, Main Market. Gulberg-2, Lahore, Punjab",https://www.businesslist.pk/company/247773/tax-care,businesslist_pk,scrapy,tax-consultants,2026-08-29T02:41:57.740156+00:00
Gowakeel,tax consultants,https://www.gowakeel.com/,+92 336 9969997,"Karachi Pakistan new Karachi, new karachi, Karachi",https://www.businesslist.pk/company/258958/gowakeel,businesslist_pk,scrapy,tax-consultants,2026-08-29T02:41:59.455807+00:00
SSS Tax Consultants,tax consultants,,0345 3400188,"Office No. A-1, 1st floor, Suleman Lodge, near Student Biryani, Gulshan 13-B Block 13 B Gulshan-e-Iqbal, Karachi, Karachi, Sindh",https://www.businesslist.pk/company/252668/sss-tax-consultants,businesslist_pk,scrapy,tax-consultants,2026-08-29T02:42:01.006656+00:00
Mian Muhammad Nawaz Advocate High Court,tax consultants,http://WWW.ALADLLAWFIRM.WEEBLY.COM,042-36543532,"AL-ADL LAW FIRM, 390/125 SALAMAT PURA STOP, MAIN G.T ROAD, DAROGHAWALA, LAHORE, PAKISTAN, Lahore, Punjab",https://www.businesslist.pk/company/245668/mian-muhammad-nawaz-advocate-high-court,businesslist_pk,scrapy,tax-consultants,2026-08-29T02:42:03.062997+00:00
A Shan Tax Consultancy Services,tax consultants,https://www.facebook.com/skylineenterprisespk/,03315037661,"Office No. 06, 3rd Floor, Rose Arcade, G-11 Markaz, Islamabad, Islamabad Capital Territory",https://www.businesslist.pk/company/247545/a-shan-tax-consultancy-services,businesslist_pk,scrapy,tax-consultants,2026-08-29T02:42:04.958202+00:00
TaxationPk,tax consultants,https://taxationpk.com,+923178111178,"House 189, Street 36, G-9/1, Islamabad",https://www.businesslist.pk/company/258952/taxationpk,businesslist_pk,scrapy,tax-consultants,2026-08-29T02:42:07.117927+00:00
M.A. Awan &amp; Co.,tax consultants,https://maawan.com.pk/,03315267519,"Office No. 4, 3rd Floor, Faisal Shopping Mall, Opposite GPO, Saddar, Rawalpindi, Rawalpindi, Punjab",https://www.businesslist.pk/company/252451/ma-awanco,businesslist_pk,scrapy,tax-consultants,2026-08-29T02:42:08.874742+00:00
Microtech Institute for Import Export Amazon eBay,audit and accounting,http://www.microtech.institue,052-4601650,"Skylark Building Awan Plaza Opposite Nishat Cinema, Katchery Road, Sialkot, Punjab",https://www.businesslist.pk/company/246700/microtech-institute-for-import-export-amazon-ebay,businesslist_pk,scrapy,audit-and-accounting,2026-08-29T02:42:10.943891+00:00
SF Consulting,audit and accounting,http://www.sfconsulting.co,+92-332-7975905,"Clifton, Karachi, Sindh",https://www.businesslist.pk/company/244089/sf-consulting,businesslist_pk,scrapy,audit-and-accounting,2026-08-29T02:42:12.912863+00:00
BSNS CONSULTING (Cost and Management Accountants),audit and accounting,http://www.bsnsconsulting.com,051-4861774,"Office # 11, 2nd Floor, Anique Arcade, I-8 Markaz, Islamabad., Islamabad, Islamabad Capital Territory",https://www.businesslist.pk/company/235489/bsns-consulting-pvt-ltd,businesslist_pk,scrapy,audit-and-accounting,2026-08-29T02:42:14.810279+00:00
Cosmosoft Business Solutions Pvt Ltd,audit and accounting,http://www.cosmosoftsolution.com,"042-35456003/7, +92-213-432-9650","Office No. 106 Block D Johar Town Lahore, Lahore, Punjab",https://www.businesslist.pk/company/242620/cosmosoft-business-solutions-pvt-ltd,businesslist_pk,scrapy,audit-and-accounting,2026-08-29T02:42:17.152941+00:00
Adeel Khan &amp; Co.,audit and accounting,http://www.akco.pk,+92-311-5004500,"Office No. 17, 3rd Floor, Executive Centre, I-8 Markaz, Islamabad, Islamabad Capital Territory",https://www.businesslist.pk/company/242469/adeel-khan-co,businesslist_pk,scrapy,audit-and-accounting,2026-08-29T02:42:19.240191+00:00
Ascent Accounts,audit and accounting,http://www.ascentaccounts.com,+923332928970,"A-105 Irfan Corner, Block 7, Federal B Area, Karachi, Pakistan, Karachi, Sindh",https://www.businesslist.pk/company/241682/ascent-accounts,businesslist_pk,scrapy,audit-and-accounting,2026-08-29T02:42:21.100617+00:00
Sharjeel Ayub &amp; Co Chartered Accountants,audit and accounting,http://www.sayub.com,02135693933,"Office no 803, 8th Floor, Landmark Plaza, I.I Chundrigar Karachi, Karachi, Sindh",https://www.businesslist.pk/company/242182/sharjeel-ayubco-chartered-accountants,businesslist_pk,scrapy,audit-and-accounting,2026-08-29T02:42:22.819371+00:00
Shamim &amp; Co.,audit and accounting,http://www.shamimco.com.pk,+92333-3393-587,"A-310, Iqra Complex, Block-17, gulistan-ejouhar, Karachi, Karachi, Sindh",https://www.businesslist.pk/company/246612/shamimco,businesslist_pk,scrapy,audit-and-accounting,2026-08-29T02:42:24.307474+00:00
2C Consultants,audit and accounting,http://www.2cconsultants.com,0346-3229630,"Office #13, Basement, Rehmat Center, I-8 Markaz, Islamabad, Pakistan., Islamabad, Islamabad Capital Territory",https://www.businesslist.pk/company/246441/2c-consultants,businesslist_pk,scrapy,audit-and-accounting,2026-08-29T02:42:26.409684+00:00
Chartered Associates | Accounts &amp; Tax Consultants,audit and accounting,https://charteredassociates.pk/,"0305 1864833, +92 322 7877138","Plot No 41, Karim Block, 3 Rehman St, Lahore, 54000, Lahore, Punjab",https://www.businesslist.pk/company/253155/chartered-associatesaccountstax-consultants,businesslist_pk,scrapy,audit-and-accounting,2026-08-29T02:42:27.837580+00:00
"Arif And Associates | Advocates &amp; Chartered Accountants | Tax, Auditors, Legal, Bookkeeping",audit and accounting,http://www.arifandassociates.com,+923228895686,"Arif Building Ground Floor, 13 Fane Road, Lahore, Pakistan, Lahore, Punjab",https://www.businesslist.pk/company/243110/arif-and-associates,businesslist_pk,scrapy,audit-and-accounting,2026-08-29T02:42:29.515990+00:00
JConsulting (Jameel &amp; Co. Chartered Accountants),audit and accounting,http://www.jconsulting.com.pk,+92 61 6777006,"109 D, Shah Rukn e Alam Colony, Multan, Multan, Punjab",https://www.businesslist.pk/company/244765/jconsulting-jameelco-chartered-accountants,businesslist_pk,scrapy,audit-and-accounting,2026-08-29T02:42:30.609350+00:00
SIS Tax Consultant,audit and accounting,,03333399550,"Gulshan-e-Iqbal, Karachi, Karachi, Sindh",https://www.businesslist.pk/company/245714/sis-tax-consultant,businesslist_pk,scrapy,audit-and-accounting,2026-08-29T02:42:32.531606+00:00
Adeel Khan &amp; Co.,audit and accounting,http://www.akco.pk,+92-311-5004500,"Office No. 17, 3rd Floor, Executive Centre, I-8 Markaz, Islamabad, Islamabad Capital Territory",https://www.businesslist.pk/company/240428/adeel-khanco,businesslist_pk,scrapy,audit-and-accounting,2026-08-29T02:42:34.648402+00:00
Imran A.H. &amp; Co. Chartered Accountants,audit and accounting,,+92 307 8353391,"268, J2 Wapda Town, Lahore, Lahore",https://www.businesslist.pk/company/258475/imran-ahco-chartered-accountants,businesslist_pk,scrapy,audit-and-accounting,2026-08-29T02:42:36.799770+00:00
Eccountant,audit and accounting,https://www.eccountant.co/,"+92 304 1113900, +924237182201","61 XX, Khayaban e Iqbal, Commercial DHA, Sector XX DHA Phase 3, Lahore, Punjab 54972, Pakistan, Lahore, Punjab",https://www.businesslist.pk/company/248645/eccountant,businesslist_pk,scrapy,audit-and-accounting,2026-08-29T02:42:39.143571+00:00
TAM Consulting,audit and accounting,https:/www.tamconsultingservice.com,+923222270164,"Karachi., Karachi, Sindh",https://www.businesslist.pk/company/247310/tam-consulting,businesslist_pk,scrapy,audit-and-accounting,2026-08-29T02:42:41.384820+00:00
Fazal Mahmood &amp; Company,audit and accounting,http://www.fmc.com.pk,"924237580236, +92 423-742-6771","147 Shadman Colony 1 Lahore Pakistan, Lahore, Punjab",https://www.businesslist.pk/company/235429/fazal-mahmoodcompany,businesslist_pk,scrapy,audit-and-accounting,2026-08-29T02:42:43.530154+00:00
Alvi &amp; Company,audit and accounting,http://alviandco.blogspot.com,03142361158,"Office #218, Sunny Plaza, Hasrat Mohani Road near Techno City, Karachi, Sindh",https://www.businesslist.pk/company/244678/alvicompany,businesslist_pk,scrapy,audit-and-accounting,2026-08-29T02:42:45.553880+00:00
MYTM Travels,banks credit unions,http://www.mytmtravels.com/,"03041116986, +92 42 35301168","BUILDING NO. 68, R1, Johar Town Phase II, Lahore, Lahore, Punjab",https://www.businesslist.pk/company/252288/mytm-travels,businesslist_pk,scrapy,banks-credit-unions,2026-08-29T02:42:47.411016+00:00
Saudi Pak Commercial Bank Ltd.,banks credit unions,http://www.saudipakbank.com,"9242-111001987 / 6312448 / 6312446 / 6279271, +92-21-35655181/2/3, +92-21-35655181/2/3, +92-51-111-222-003"," Ajmal House Egerton Road, Punjab, Lahore, Punjab",https://www.businesslist.pk/company/95601/saudi-pak-commercial-bank-ltd,businesslist_pk,scrapy,banks-credit-unions,2026-08-29T02:42:49.069426+00:00
The Institute Of Bankers Pakistan,banks credit unions,http://www.ibp.org.pk,"9221-111111564 / 5686955 / 5687515 / 5680783, +923030652963","Moulvi Tamizuddin Khan Road, Sindh, Karachi, Sindh",https://www.businesslist.pk/company/95706/the-institute-of-bankers-pakistan,businesslist_pk,scrapy,banks-credit-unions,2026-08-29T02:42:50.758428+00:00
SA Farooqi Tax Advisor,banks credit unions,http://www.safarooqi.com/,0334-526-9448,"House # 4 , Street 5-A, Royal Avenue ,Park Road, Chak Shahzad, Islamabad, Islamabad, Islamabad Capital Territory",https://www.businesslist.pk/company/245846/sa-farooqi-tax-advisor,businesslist_pk,scrapy,banks-credit-unions,2026-08-29T02:42:52.774117+00:00
House of Habib,banks credit unions,http://www.hoh.net,"(92 21) 34312030, 34312197","2nd Floor,Siddiqsons Tower,3-Jinnah C.H. Society,Shahrah-e-Faisal, Karachi",https://www.businesslist.pk/company/182700/house-of-habib,businesslist_pk,scrapy,banks-credit-unions,2026-08-29T02:42:54.032710+00:00
Prize Bond List Lahore,banks credit unions,https://www.prizebondlist.net,+923214850003,"Main Walton road Lahore, Lahore, Punjab",https://www.businesslist.pk/company/251104/prize-bond-list-lahore,businesslist_pk,scrapy,banks-credit-unions,2026-08-29T02:42:55.722006+00:00
Pakistan Mortgage Refinance Company,banks credit unions,https://pmrc.com.pk,+92(21)35633366,"Finance Trade Center, 4th Floor, Block، A Main Shahrah-e-Faisal Rd, Karachi Cantonment, Karachi, Karachi City, Sindh 74400, Karachi",https://www.businesslist.pk/company/256115/pakistan-mortgage-refinance-company,businesslist_pk,scrapy,banks-credit-unions,2026-08-29T02:42:57.693064+00:00
NayaPay,banks credit unions,https://nayapay.com,(9221) 111-222-729,"10th Floor، Lakson Square Building، 3 Sarwar Shaheed Rd, Civil Lines, Karachi, Karachi City, Sindh, Karachi",https://www.businesslist.pk/company/255859/nayapay,businesslist_pk,scrapy,banks-credit-unions,2026-08-29T02:42:58.803591+00:00
Faysal Funds,banks credit unions,https://www.faysalfunds.com/,+92 21 38657800,"7th Floor, West Wing Faysal House ST-02 Main, Shahrah-e-Faisal Rd, Fowler Lines, Karachi, Karachi City, Sindh, Karachi",https://www.businesslist.pk/company/256902/faysal-funds,businesslist_pk,scrapy,banks-credit-unions,2026-08-29T02:43:00.962342+00:00
Ibrar &amp; Associates,banks credit unions,http://www.ibrarlaw.com,92-423-7236936,"Suite No. 9, 1st Floor, Patiala Complex, 2-Link McLeod Road, Lahore, Lahore, Punjab",https://www.businesslist.pk/company/241021/ibrarassociates,businesslist_pk,scrapy,banks-credit-unions,2026-08-29T02:43:02.426800+00:00
Neemar,banks credit unions,http://www.neemar.com.pk,04235754338-9,"10-Q GULBERG II LAHORE , Lahore, Punjab",https://www.businesslist.pk/company/242689/neemar,businesslist_pk,scrapy,banks-credit-unions,2026-08-29T02:43:04.527550+00:00
Trust Investment Bank Ltd. (closed),banks credit unions,http://www.trustleasing.com,"(92 42) 35710988, 35710946, UAN : (92 42) 111-666-333, +92 (042) 35758285-8","35-a/ii, Aziz Avenue, Canal Bank, Lahore",https://www.businesslist.pk/company/236046/trust-investment-bank-ltd-closed,businesslist_pk,scrapy,banks-credit-unions,2026-08-29T02:43:05.942158+00:00
Next Capital,banks credit unions,https://www.nextcapital.com.pk/,+92 21 111 639 825,"Floor 2, Imperial Court, Dr Ziauddin Ahmed Rd, Civil Lines Kashmir Mujahid Colony, Karachi, Karachi City, Sindh 75530, Karachi",https://www.businesslist.pk/company/256937/next-capital,businesslist_pk,scrapy,banks-credit-unions,2026-08-29T02:43:07.432165+00:00
Mawazna,banks credit unions,https://www.mawazna.com/,+92 42-35304444,"4 Sunflower Society  Block J1, Johar Town  Lahore, Pakistan, Lahore, Punjab",https://www.businesslist.pk/company/247413/mawazna,businesslist_pk,scrapy,banks-credit-unions,2026-08-29T02:43:09.623361+00:00
State Bank of Pakistan,banks credit unions,https://www.sbp.org.pk/,"9241-9200430, 9241- 9200421,  +92 41 9239305, +92-91-111 95 95 95"," MA Jinnah Rd, Faisalabad, Punjab",https://www.businesslist.pk/company/95675/state-bank-of-pakistan,businesslist_pk,scrapy,banks-credit-unions,2026-08-29T02:43:11.412999+00:00
Pak Libya Holding Company Pvt.Ltd,banks credit unions,https://paklibya.com.pk/,"9221111776776, +92 21 111-111-115","Consumer Banking Division, 5th Floor, Block &quot;c&quot;, Finance &amp; Trade Centre, Karachi, Karachi, Sindh",https://www.businesslist.pk/company/173567/pak-libya-holding-company-pvtltd,businesslist_pk,scrapy,banks-credit-unions,2026-08-29T02:43:13.636097+00:00
Autosoft Dynamics (pvt) Ltd.,banks credit unions,http://www.autosoftdynamics.com,"(92 42) 35898282, 35898286, +92-42-3589-8282-6","360/2 Q-Commercial Area, DHALahore, Lahore",https://www.businesslist.pk/company/158217/autosoft-dynamics-pvt-ltd,businesslist_pk,scrapy,banks-credit-unions,2026-08-29T02:43:15.570759+00:00
National Database &amp; Registration Authority,banks credit unions,https://ndctech.net/,"9281-2452030 / 2452023, +9221 35245356 8"," New Zarghoon Road, Balochistan, Quetta, Balochistan",https://www.businesslist.pk/company/101481/national-databaseregistration-authority,businesslist_pk,scrapy,banks-credit-unions,2026-08-29T02:43:17.683338+00:00
Oraan,banks credit unions,https://www.oraan.com,(021) 35867226,"Office # 602, Syedna Tahir Saifuddin Memorial Building CL-10/20, Beaumont Rd, Civil Lines Karachi, 75600, Karachi",https://www.businesslist.pk/company/255229/oraan,businesslist_pk,scrapy,banks-credit-unions,2026-08-29T02:43:19.058867+00:00
Compareon Pakistan Private Limited,banks credit unions,http://www.karlocompare.com.pk/,021-35372094,"Hilltop Arcade, Commercial Ave, Karachi, Sindh",https://www.businesslist.pk/company/243799/compareon-pakistan-private-limited,businesslist_pk,scrapy,banks-credit-unions,2026-08-29T02:43:20.954487+00:00
Rukha Pharmaceuticals,pharmacies,,"92-42-5715260, +92 322 7172645","Sundar Industrial Estate, Lahore, Punjab",https://www.businesslist.pk/company/222650/rukha-pharmaceuticals,businesslist_pk,scrapy,pharmacies,2026-08-29T02:43:51.657505+00:00
Abdul Rauf &amp; Sons,pharmacies,,9251-3410331,"The Mall, Punjab, Punjab",https://www.businesslist.pk/company/114190/abdul-raufsons,businesslist_pk,scrapy,pharmacies,2026-08-29T02:43:57.831819+00:00
Al-shifa Medicos,pharmacies,,(92 21) 32752521,"Opp: Anklesaria Hospital,Garden Road, Karachi",https://www.businesslist.pk/company/183858/al-shifa-medicos,businesslist_pk,scrapy,pharmacies,2026-08-29T02:43:59.895799+00:00
Ahaf Dental Supply,dentists,,0092524263409,"Khadim Ali Road Sialkot Pakistan, Sialkot, Punjab",https://www.businesslist.pk/company/242103/buy-dental-instruments,businesslist_pk,scrapy,dentists,2026-08-29T02:44:01.929853+00:00
Outlook Eyewear,opticians,,(92 21) 35371016,"Shop No.2,Plot #32-C,Zamzama Com&#039;l Lane,Phase-V,DHA, Karachi",https://www.businesslist.pk/company/192376/outlook-eyewear,businesslist_pk,scrapy,opticians,2026-08-29T02:44:04.136920+00:00
Central Optical CO,opticians,,"(92 21) 32638823, 32638824","Dr. Ziauddin Ahmed Road, Karachi",https://www.businesslist.pk/company/236622/central-optical-co,businesslist_pk,scrapy,opticians,2026-08-29T02:44:05.665923+00:00
Siddique Optical Service,opticians,,(92 41) 2611665,"Shop No.69/6, Bhowana Bazar Faisalabad",https://www.businesslist.pk/company/148164/siddique-optical-service,businesslist_pk,scrapy,opticians,2026-08-29T02:44:07.773650+00:00
Optic World,opticians,,(92 21) 35660252,"Tayabi Building,Mansfield Str.,Saddar, Karachi",https://www.businesslist.pk/company/192374/optic-world,businesslist_pk,scrapy,opticians,2026-08-29T02:44:09.654436+00:00
Al-basarat,opticians,,(92 42) 37669800,"5-A, Ainak Mahal, Shah Alam Market Lahore, Lahore",https://www.businesslist.pk/company/148060/al-basarat,businesslist_pk,scrapy,opticians,2026-08-29T02:44:11.798442+00:00
Farooq Optical CO,opticians,,"(92 42) 37635281, 37641581","204, 2nd Floor, Musarat Plaza, Shah Alam Gate, Lahore",https://www.businesslist.pk/company/236625/farooq-optical-co,businesslist_pk,scrapy,opticians,2026-08-29T02:44:13.202043+00:00
Baba Optical Co.,opticians,,(92 21) 35222210,"Raja Ghazanfar Ali Road,Main Bohri Bazar,Saddar, Karachi",https://www.businesslist.pk/company/192365/baba-optical-co,businesslist_pk,scrapy,opticians,2026-08-29T02:44:14.878532+00:00
Tanweer Optical CO,opticians,,"(92 51) 2828239, 2206620","#7-8, Melody House, Civic Centre, G-6, Islamabad",https://www.businesslist.pk/company/236627/tanweer-optical-co,businesslist_pk,scrapy,opticians,2026-08-29T02:44:15.989850+00:00
Sheraz Optical Service,opticians,,(92 41) 2629961,"Imam Bargah Road, Douglas Pura, Street No.10, Jhang Bazar Faisalabad",https://www.businesslist.pk/company/148163/sheraz-optical-service,businesslist_pk,scrapy,opticians,2026-08-29T02:44:17.899392+00:00
Bajwa Optical (pvt) Ltd.,opticians,,"(92 42) 35869683, 35115666","347-S, Industrial Estate, Township, Kotlakhpat Lahore, Lahore",https://www.businesslist.pk/company/148072/bajwa-optical-pvt-ltd,businesslist_pk,scrapy,opticians,2026-08-29T02:44:19.012275+00:00
Tanweer Optical Co.,opticians,,"(92 51) 2828239, 2206620","#7-8, Melody House, Civic Centre, G-6 Islamabad",https://www.businesslist.pk/company/148174/tanweer-optical-co,businesslist_pk,scrapy,opticians,2026-08-29T02:44:21.105985+00:00
Vazeer Optical Hall,opticians,,"(92 21) 34522444, 34388660","884-C, Central Commercial Area, Tariq Road, Block-2, P.E.C.H.S., Opp. Mr. Burger Karachi, Karachi",https://www.businesslist.pk/company/148179/vazeer-optical-hall,businesslist_pk,scrapy,opticians,2026-08-29T02:44:22.934054+00:00
Deen Optico,opticians,,(92 42) 35870078,"29, Gulberg Plaza, Gulberg-II, Liberty Market Lahore, Lahore",https://www.businesslist.pk/company/148079/deen-optico,businesslist_pk,scrapy,opticians,2026-08-29T02:44:24.965318+00:00
Opti Vision,opticians,,"(92 21) 35372630, 35879365","Shop # 76, Clifton Centre, Schon Circle, Block-5, Clifton Karachi, Karachi",https://www.businesslist.pk/company/148144/opti-vision,businesslist_pk,scrapy,opticians,2026-08-29T02:44:27.032910+00:00
Popular Optical House,opticians,,"(92 21) 32625645, 32215419","Near Light House Centre, M.A.Jinnah Road Karachi, Karachi",https://www.businesslist.pk/company/148158/popular-optical-house,businesslist_pk,scrapy,opticians,2026-08-29T02:44:28.668287+00:00
The Optician,opticians,,"(92 21) 34574005, 34573114","1/3-A, Shah Faisal Colony Karachi, Karachi",https://www.businesslist.pk/company/148175/the-optician,businesslist_pk,scrapy,opticians,2026-08-29T02:44:30.869630+00:00
Ainee Optics,opticians,,(92 51) 4454828,"107, Noor Plaza Chandni Chowk Rawalpindi, Rawalpindi",https://www.businesslist.pk/company/148058/ainee-optics,businesslist_pk,scrapy,opticians,2026-08-29T02:44:32.597192+00:00
Farooq Optical Co.,opticians,,"(92 42) 37635281, 37641581","204, 2nd Floor, Musarat Plaza, Shah Alam Gate Lahore, Lahore",https://www.businesslist.pk/company/148094/farooq-optical-co,businesslist_pk,scrapy,opticians,2026-08-29T02:44:33.783891+00:00
Friends Optical Service,opticians,,"(92 42) 37651436, 37651431","5-A, Ainak Mahal, Shahalam Market Lahore, Lahore",https://www.businesslist.pk/company/148104/friends-optical-service,businesslist_pk,scrapy,opticians,2026-08-29T02:44:35.512453+00:00
Haji S. Ameer Din &amp; Sons,opticians,,"(92 51) 5566325, 5515519","116-Kashmir Road Rawalpindi, Rawalpindi",https://www.businesslist.pk/company/148111/haji-s-ameer-dinsons,businesslist_pk,scrapy,opticians,2026-08-29T02:44:37.270260+00:00
The Dental Clinic Dr Saqib Minhas &amp; Associates,dentists,https://thedentalclinic.com.pk/,+923312048149,"Room # 3 &amp; 4, 2nd Floor, Taj Clinics, C-15/1 Block 3 Gulshan-e-Iqbal, Karachi, 75300, Karachi",https://www.businesslist.pk/company/257508/the-dental-clinic-dr-saqib-minhasassociates,businesslist_pk,scrapy,dentists,2026-08-29T02:44:39.108019+00:00
Maxilloelite Dental Clinic,dentists,https://www.maxilloelitedental.com,+92 323 246 2897,"Shop No. G-8 Shanzil Golf Residencia Ext, Shanzil Ave, Karachi, 75070, Karachi",https://www.businesslist.pk/company/255190/maxilloelite-dental-clinic,businesslist_pk,scrapy,dentists,2026-08-29T02:44:41.135737+00:00
Bridge surgical,dentists,http://www.ortho.com.pk,+923086123768,"Khan Mehal Road, Sialkot, Punjab",https://www.businesslist.pk/company/247789/bridge-surgical,businesslist_pk,scrapy,dentists,2026-08-29T02:44:42.590632+00:00
Dental Square,dentists,,0335-8706212,"Appolo Basement Canal Bank Rd, Pasco Society, Lahore,, Lahore, Punjab",https://www.businesslist.pk/company/253611/dental-square,businesslist_pk,scrapy,dentists,2026-08-29T02:44:44.001622+00:00
Dental Implant System,dentists,,0092-52-4263409,"Khadim ALi Road Sialkot, Sialkot, Punjab",https://www.businesslist.pk/company/242172/ahaf-surgicals,businesslist_pk,scrapy,dentists,2026-08-29T02:44:46.043198+00:00
King Health Dental Instruments,dentists,,00923431284930,"Ranger Road sheikh rehmat colony langeriali Sialkot 51310-Pakistan, Sialkot, Punjab",https://www.businesslist.pk/company/244878/king-health-dental-instruments,businesslist_pk,scrapy,dentists,2026-08-29T02:44:48.030034+00:00
The Dental Suite,dentists,https://www.thedentalsuite.com.pk,+923367858222,"Safe Med Speciality Clinics / IDC Labs, 149-A(HBFC), Faisal Town, Opposite Gate Allama Iqbal Medical College / Jinnah Hospital, Lahore",https://www.businesslist.pk/company/258080/the-dental-suite,businesslist_pk,scrapy,dentists,2026-08-29T02:44:49.823751+00:00
Roboz Tech,dentists,,+923456853883,"P.O Box Machhi Khokhar Teh &amp; Distt Sialkot, Pakistan., Sialkot, Punjab",https://www.businesslist.pk/company/248174/roboz-tech,businesslist_pk,scrapy,dentists,2026-08-29T02:44:52.003214+00:00
Fine Edge,dentists,,+92 345 6456172,"Vill, Noul Roras Road, Sialkot, Punjab",https://www.businesslist.pk/company/235033/fine-edge,businesslist_pk,scrapy,dentists,2026-08-29T02:44:53.896737+00:00
Comperhensive International,dentists,,+92-52-4291190,"Kotli Behram,Sialkot-51310,Pakistan, Sialkot, Punjab",https://www.businesslist.pk/company/242284/comperhensive-international,businesslist_pk,scrapy,dentists,2026-08-29T02:44:56.144936+00:00
Prowa Medical Instruments,dentists,https://prowainstruments.com/,+923270077692,"Muslim masjid Street, Roras Rd, Adalat Garh Muzaffarpur, Sialkot, Punjab 51310, Sialkot",https://www.businesslist.pk/company/256697/prowa-medical-instruments,businesslist_pk,scrapy,dentists,2026-08-29T02:44:58.027557+00:00
Wemade,dentists,https://www.wemade.com.pk,+923008500090,"Hadi Town, Defence Road, Sialkot, Sialkot",https://www.businesslist.pk/company/257405/wemade,businesslist_pk,scrapy,dentists,2026-08-29T02:45:00.143978+00:00
Prf Box,dentists,,0092-524263409,"Khadim Ali Road Near City Public School Sialkot, Sialkot, Punjab",https://www.businesslist.pk/company/240903/ahaf-surgico,businesslist_pk,scrapy,dentists,2026-08-29T02:45:02.023146+00:00
Eraj Medico Instruments,dentists,,+923157883062,"P.O. BALLANWALA 51301, Sialkot, Punjab",https://www.businesslist.pk/company/250853/eraj-medico-instruments,businesslist_pk,scrapy,dentists,2026-08-29T02:45:03.341115+00:00
Iioco Specialist Orthodontic and Dental Practice,dentists,https://iioco.com.pk/,+92-309-2980053,"First Floor, 8th Commercial Street, hall no.1, Zamzama Commercial Area Defence V Karachi, Karachi City, Sindh 75600, Karachi",https://www.businesslist.pk/company/258075/iioco-specialist-orthodontic-and-dental-practice,businesslist_pk,scrapy,dentists,2026-08-29T02:45:05.740135+00:00
Dentistry &amp; Beyond ..,dentists,http://www.islamabaddentist.pk,0512101082,"Office,13,first floor,above Gloria jeans ,Select one plaza ,F11 markaz,islamabad, Islamabad, Islamabad Capital Territory",https://www.businesslist.pk/company/240060/24seven-dental-clinic,businesslist_pk,scrapy,dentists,2026-08-29T02:45:07.286348+00:00
Fairgozzi Orthodontic Instruments,dentists,,92523570276,"Wazirabad Road Ugoki, Sialkot, Punjab",https://www.businesslist.pk/company/197664/fairgozzi-orthodontic-instruments,businesslist_pk,scrapy,dentists,2026-08-29T02:45:09.323375+00:00
Z Dental Studio,dentists,https://www.islamabaddentist.net,0345-5336999,"First Floor, Mount View Plaza, School Road Super Market, F-6 Markaz , Islamabad, Islamabad Capital Territory",https://www.businesslist.pk/company/244649/z-dental-studio,businesslist_pk,scrapy,dentists,2026-08-29T02:45:10.904576+00:00
Apex surgical industry,dentists,http://www.apex-surgical.com,00922524298046,"2/15 abboat road sialkot, Sialkot, Punjab",https://www.businesslist.pk/company/197677/apex-surgical-industry,businesslist_pk,scrapy,dentists,2026-08-29T02:45:12.741026+00:00
A.R. Traders,pharmacies,,9221-2761567 / 2722496,"Ireland Road Siddiq Wahab Road, Sindh, Karachi, Sindh",https://www.businesslist.pk/company/96756/ar-traders,businesslist_pk,scrapy,pharmacies,2026-08-29T02:45:14.665046+00:00
chemiclsshop,pharmacies,,002376307406,"12streetav, Gujrat, Balochistan",https://www.businesslist.pk/company/234882/chemiclsshop,businesslist_pk,scrapy,pharmacies,2026-08-29T02:45:16.745012+00:00
Akbar &amp; Mohsin Store,pharmacies,,710966,"Arambagh Road, Karachi",https://www.businesslist.pk/company/162762/akbarmohsin-store,businesslist_pk,scrapy,pharmacies,2026-08-29T02:45:18.273053+00:00
Al-Abbas Chemist,pharmacies,,9221-6642935," Near Habib Bank North Nazimabad, Sindh, Karachi, Sindh",https://www.businesslist.pk/company/114274/al-abbas-chemist,businesslist_pk,scrapy,pharmacies,2026-08-29T02:45:19.913517+00:00
Daew &amp; Co. Pharmaceuticals,pharmacies,,(92 21) 35651717,"1-Sunny Side Villa,15-C/L-8,Belgrave Street,Civil Lines,Near Clifton Bridge, Karachi",https://www.businesslist.pk/company/183860/daewco-pharmaceuticals,businesslist_pk,scrapy,pharmacies,2026-08-29T02:45:22.134727+00:00
Guardian Pharmacy,pharmacies,,"(92 42) 35870539, 35871796","59-A,C/3,Gulberg-III,Near Govt.College for Women, Lahore",https://www.businesslist.pk/company/183863/guardian-pharmacy,businesslist_pk,scrapy,pharmacies,2026-08-29T02:45:24.410706+00:00
Ahmad Whole Sale Medicos,pharmacies,,021-5454417,"Main Metrovell Road, Frontier Chowk, S.I.T.E Karachi., Karachi",https://www.businesslist.pk/company/162761/ahmad-whole-sale-medicos,businesslist_pk,scrapy,pharmacies,2026-08-29T02:45:25.974630+00:00
Ahmed Medicos,pharmacies,,9242-5755775 / 5713345," Gulberg-III, Punjab, Lahore, Punjab",https://www.businesslist.pk/company/114253/ahmed-medicos,businesslist_pk,scrapy,pharmacies,2026-08-29T02:45:27.684981+00:00
Kohs Pharmaceuticals (pvt.)Limited,pharmacies,,92-0223-880522,"P/8, S. I. T. E, P.O. Box: 75000, Hyderabad",https://www.businesslist.pk/company/212095/kohs-pharmaceuticals-pvtlimited,businesslist_pk,scrapy,pharmacies,2026-08-29T02:45:29.006129+00:00
New S.j. Ghani,pharmacies,,(92 21) 37724439,"Opp:Ankelsaria Hospital,Garden Road, Karachi",https://www.businesslist.pk/company/183865/new-sj-ghani,businesslist_pk,scrapy,pharmacies,2026-08-29T02:45:30.648953+00:00
Azam Medical Store,pharmacies,,+92 992 3814850,"Mansehra Road, Mandian, (Opp. Shafiq Medical Centre), Abbottabad, Khyber Pakhtunkhwa",https://www.businesslist.pk/company/228269/azam-medical-store,businesslist_pk,scrapy,pharmacies,2026-08-29T02:45:32.728146+00:00
BioMed Pharmaceuticals,pharmacies,,92-21-4592476,"R-57/103 Asifabad Green Town, P.O. Box: 75000, Karachi, Sindh",https://www.businesslist.pk/company/226313/biomed-pharmaceuticals,businesslist_pk,scrapy,pharmacies,2026-08-29T02:45:34.952776+00:00
Amazai Enterprises,pharmacies,,03319226241,"Setthi Market, Bank Road Mardan Pakistan, Mardan, Khyber Pakhtunkhwa",https://www.businesslist.pk/company/181436/amazai-enterprises,businesslist_pk,scrapy,pharmacies,2026-08-29T02:45:36.885104+00:00
Ahmad Medical Store,pharmacies,,40244,"Rex City,Satiana Road",https://www.businesslist.pk/company/162760/ahmad-medical-store,businesslist_pk,scrapy,pharmacies,2026-08-29T02:45:38.157396+00:00
Kay Chemists,pharmacies,,92-21-2639233,"Khwaja House, 1, Aram Bagh Road, P.O. Box: 74200, Karachi, Sindh",https://www.businesslist.pk/company/211688/kay-chemists,businesslist_pk,scrapy,pharmacies,2026-08-29T02:45:39.108218+00:00
E. Plomer &amp; CO,pharmacies,,"(92 42) 37353446, 37237100","26-shahrah-e-quaid-e-azam, Lahore",https://www.businesslist.pk/company/236456/e-plomerco,businesslist_pk,scrapy,pharmacies,2026-08-29T02:45:41.444544+00:00
Abbas Medical Hall,pharmacies,,9281-2842876," Jinnah Road, Balochistan, Quetta, Balochistan",https://www.businesslist.pk/company/114185/abbas-medical-hall,businesslist_pk,scrapy,pharmacies,2026-08-29T02:45:43.050884+00:00
Sunny Medico,pharmacies,,+92 21 35892781," Commercial Area, Korangi Road, Commercial Area A Phase 2 Defence Housing Authority, Karachi, Sindh",https://www.businesslist.pk/company/207095/sunny-medico,businesslist_pk,scrapy,pharmacies,2026-08-29T02:45:44.739048+00:00
Delphinium Orcus Surgical - DOS,cosmetic surgery,,0523552054,"Fateh Garh Rehman Pura, Sialkot, Punjab",https://www.businesslist.pk/company/249103/delphinium-orcus-surgical-dos,businesslist_pk,scrapy,cosmetic-surgery,2026-08-29T02:45:46.109645+00:00
Fine Star Industries (Pvt) Ltd.,cosmetic surgery,,03041117555,"Plot No.1-B/2, Sector-15, Korangi Industrial Township Karachi, Karachi, Sindh",https://www.businesslist.pk/company/164972/fine-star-industries-pvt-ltd,businesslist_pk,scrapy,cosmetic-surgery,2026-08-29T02:45:47.772501+00:00
Mumtaz Brothers Surgical Instruments,cosmetic surgery,,92523250139,"Hamza St # No.4, Rohail Pura Road, Fateh Garh , Sialkot, Punjab",https://www.businesslist.pk/company/234810/mumtaz-brothers-surgical-instruments,businesslist_pk,scrapy,cosmetic-surgery,2026-08-29T02:45:49.794134+00:00
Surgi Expert,cosmetic surgery,,+923216137778,"Ghuinke 10km Daska Road Sialkot, Sialkot, Punjab",https://www.businesslist.pk/company/247888/surgi-expert,businesslist_pk,scrapy,cosmetic-surgery,2026-08-29T02:45:51.589780+00:00
Dr Junaid Ahmad Plastic Surgeon,cosmetic surgery,https://www.drjunaidps.com,+923104037071,"Allah Hoo Chowk, Block E Phase 1 Johar Town, Lahore, Punjab, Lahore",https://www.businesslist.pk/company/256589/dr-junaid-ahmad-plastic-surgeon,businesslist_pk,scrapy,cosmetic-surgery,2026-08-29T02:45:53.928030+00:00
Advanced Pain Center,cosmetic surgery,,042-35445670-74,"Advanced Pain Center-Pakistan 465G3 Khokhar Chowk Johar Town, Lahore, Lahore, Punjab",https://www.businesslist.pk/company/243407/advanced-pain-center,businesslist_pk,scrapy,cosmetic-surgery,2026-08-29T02:45:55.836290+00:00
Leqance The Plastic Surgery Clinic,cosmetic surgery,,(92 21) 35310020,"National Medical Centre, Phase-1, D.h.a., Near Kala Pul, Karachi",https://www.businesslist.pk/company/236685/leqance-the-plastic-surgery-clinic,businesslist_pk,scrapy,cosmetic-surgery,2026-08-29T02:45:57.795131+00:00
FUT Hair Transplant in lahore,cosmetic surgery,,4235778091,"House No. 14/1-A, Serena Homes, Syed Muratib Ali Road, Gulberg II, Lahore, Punjab",https://www.businesslist.pk/company/240458/fut-hair-transplant-in-lahore,businesslist_pk,scrapy,cosmetic-surgery,2026-08-29T02:45:59.305970+00:00
Dubai Cosmetic Surgery Multan,cosmetic surgery,,0092 61 4783101,"2nd Floor, Multi Care Complex Jail Road, Near Nishter Medical College Multan., Multan",https://www.businesslist.pk/company/235359/dubai-cosmetic-surgery-multan,businesslist_pk,scrapy,cosmetic-surgery,2026-08-29T02:46:01.548048+00:00
Le Lotus Clinique,cosmetic surgery,,0335 5181166,"Crystal Heights Plaza # 14 Bank Al Habib Building, Grand Trunk Rd, Islamabad, Pakistan-45730, Islamabad, Islamabad Capital Territory",https://www.businesslist.pk/company/253626/le-lotus-clinique,businesslist_pk,scrapy,cosmetic-surgery,2026-08-29T02:46:02.693038+00:00
Cooper Consultants Clinic,cosmetic surgery,,+92-301-2602242,"F61/9, Block # 4, Kehkashan, Karachi, Karachi, Islamabad Capital Territory",https://www.businesslist.pk/company/247044/cooper-consultants-clinic,businesslist_pk,scrapy,cosmetic-surgery,2026-08-29T02:46:04.932607+00:00
Plastic Surgery Mirpurkhas,cosmetic surgery,,03332620802,"Al Noor Medical Center, Mirpur Khas, Sindh",https://www.businesslist.pk/company/244169/plastic-surgery-mirpurkhas,businesslist_pk,scrapy,cosmetic-surgery,2026-08-29T02:46:07.070262+00:00
Reformanta,cosmetic surgery,http://reformanta.com,00923334274988,"Iqra Medical Complex, Akbar Chowk, Lahore, Punjab",https://www.businesslist.pk/company/245541/reformanta,businesslist_pk,scrapy,cosmetic-surgery,2026-08-29T02:46:08.253078+00:00
Cosmesurge International Hospital,cosmetic surgery,,+92514452730,"Main Said Pur Road Near KAli Tanki Opp. Agha Khan Lab Rawalpindi, Rawalpindi, Punjab",https://www.businesslist.pk/company/247822/cosmesurge-international-hospital,businesslist_pk,scrapy,cosmetic-surgery,2026-08-29T02:46:09.865820+00:00
Nu Body of Dallas,cosmetic surgery,,(972) 248-2639,"17000 Dallas Parkway Suite 107, Ahmadpur East, Federally Administered Tribal Areas",https://www.businesslist.pk/company/242348/nu-body-of-dallas,businesslist_pk,scrapy,cosmetic-surgery,2026-08-29T02:46:11.983951+00:00
My Hair Clinic,cosmetic surgery,http://myhairclinic.pk/,(051) 8358704,"Select One Plaza, 2nd floor, above Gloria Jeans, F-11 Markaz, Islamabad, 44000, Islamabad, Islamabad Capital Territory",https://www.businesslist.pk/company/243929/my-hair-clinic,businesslist_pk,scrapy,cosmetic-surgery,2026-08-29T02:46:13.906426+00:00
Laser Inn Aesthetic Surgery Centre,cosmetic surgery,,+92 (21) 3583-6295,"D-2/1,Block-3, Clifton Near South City Hospital, Karachi, Pakistan., Karachi, Sindh",https://www.businesslist.pk/company/240064/laser-inn-aesthetic-surgery-centre,businesslist_pk,scrapy,cosmetic-surgery,2026-08-29T02:46:16.073369+00:00
Season&#039;s,cosmetic surgery,,0300-2227170,"Plot # B-106, Block-3, Gulshan-e-Iqbal K.D.A Market Shop # 2 Karachi, Pakistan, Karachi, Sindh",https://www.businesslist.pk/company/247940/seasons,businesslist_pk,scrapy,cosmetic-surgery,2026-08-29T02:46:18.200064+00:00
Faizan Optics,opticians,,(92 21) 32414554,"Shop #7,Feroz Pur Wala Centre,Boulton Market,M.A.Jinnah Road, Karachi",https://www.businesslist.pk/company/192368/faizan-optics,businesslist_pk,scrapy,opticians,2026-08-29T02:46:19.995737+00:00
Latif Optical Stores,opticians,,"(92 21) 35212274, 35662836","Zaibun-Nisa Street,Saddar, Karachi",https://www.businesslist.pk/company/192370/latif-optical-stores,businesslist_pk,scrapy,opticians,2026-08-29T02:46:21.855343+00:00
Qureshi Brothers,opticians,,"(92 42) 36360007, 36360004","55-C, Mozang Road Lahore, Lahore",https://www.businesslist.pk/company/148051/qureshi-brothers,businesslist_pk,scrapy,opticians,2026-08-29T02:46:23.977598+00:00
Eyeland Eye Clinic,opticians,,"(92 21) 34940375, 34934697","Shaheed-e-Millat Road, 3/3, Bahadurabad Karachi, Karachi",https://www.businesslist.pk/company/148091/eyeland-eye-clinic,businesslist_pk,scrapy,opticians,2026-08-29T02:46:26.096262+00:00
Kamal Optiks,opticians,,"(92 21) 34968553, 34968557","7-Eastern Apartment, Block-6, Rashid Minhas Road, Gulshan-e-Iqbal Karachi, Karachi",https://www.businesslist.pk/company/148120/kamal-optiks,businesslist_pk,scrapy,opticians,2026-08-29T02:46:27.802205+00:00
Khawaja International,opticians,,"(92 41) 2629142, 8731424","H.Nawab Din Building, 3rd Floor, Katchery Bazar Faisalabad",https://www.businesslist.pk/company/148123/khawaja-international,businesslist_pk,scrapy,opticians,2026-08-29T02:46:30.049687+00:00
Eyeland Optik Co.,opticians,,"(92 21) 34535314, 34535313","Hotel Faran, 8-A/6, PECHS., Sharea Faisal Karachi, Karachi",https://www.businesslist.pk/company/148092/eyeland-optik-co,businesslist_pk,scrapy,opticians,2026-08-29T02:46:31.478033+00:00
Life Optical &amp; Contact Lense Centre,opticians,,(92 21) 36608420,"Shop #5-6, C-1 Rizvia Society, 1st Chowrangi, Nazimabad Karachi, Karachi",https://www.businesslist.pk/company/148125/life-opticalcontact-lense-centre,businesslist_pk,scrapy,opticians,2026-08-29T02:46:33.199416+00:00
Bausch &amp; Lomb,opticians,,(92 21) 35343455,"15-C, Stadium Lane 1, Khayaban-e-Shamsheer, DHA.V Karachi, Karachi",https://www.businesslist.pk/company/148042/bauschlomb,businesslist_pk,scrapy,opticians,2026-08-29T02:46:35.373341+00:00
Gulzari Optical Center,opticians,,(92 51) 2275406,"Shop #2, Al-Rehman Chamber, 79-E, Fazal-e-Haq Road, Blue Area Islamabad",https://www.businesslist.pk/company/148109/gulzari-optical-center,businesslist_pk,scrapy,opticians,2026-08-29T02:46:37.678622+00:00
Syed Brothers Opticians,opticians,,"(92 51) 5554487, 5554874","Shah Ismail Shaheed Road, Mochi Bazar Rawalpindi, Rawalpindi",https://www.businesslist.pk/company/148170/syed-brothers-opticians,businesslist_pk,scrapy,opticians,2026-08-29T02:46:39.785891+00:00
Eye Care Centre,opticians,,"(92 21) 34520259, 34526853","Mohammed Ali Society, Commercial Area Karachi, Karachi",https://www.businesslist.pk/company/148086/eye-care-centre,businesslist_pk,scrapy,opticians,2026-08-29T02:46:41.785536+00:00
Mohammad Optics,opticians,,(92 21) 36024923,"Shop #21-A,Haidery Market,Block-E,Near Montina Ice Gream,North Nazimabad, Karachi",https://www.businesslist.pk/company/192371/mohammad-optics,businesslist_pk,scrapy,opticians,2026-08-29T02:46:43.626623+00:00
Firdous Optical House,opticians,,(92 233) 874216,"M.A. Jinnah Road Mirpur Khas, Mirpur Khas",https://www.businesslist.pk/company/148098/firdous-optical-house,businesslist_pk,scrapy,opticians,2026-08-29T02:46:45.760891+00:00
Lenz &amp; Optix,opticians,,(92 51) 2255151,"10, Block 2-C, Johar Road, F-8 Markaz Islamabad",https://www.businesslist.pk/company/148124/lenzoptix,businesslist_pk,scrapy,opticians,2026-08-29T02:46:47.844831+00:00
Eye Bank,opticians,,03243373589,"Shop#35 Noman centre block 5 gulshan-e-Iqbal Karachi , Karachi, Sindh",https://www.businesslist.pk/company/245855/eye-bank,businesslist_pk,scrapy,opticians,2026-08-29T02:46:50.131047+00:00
Gaba Optical Co.,opticians,,(92 21) 35650942,"Dundas Street, Abdullah Haroon Road, Saddar Karachi, Karachi",https://www.businesslist.pk/company/148105/gaba-optical-co,businesslist_pk,scrapy,opticians,2026-08-29T02:46:52.183963+00:00
Gaba Optical CO,opticians,,(92 21) 35650942,"Dundas Street, Abdullah Haroon Road, Saddar, Karachi",https://www.businesslist.pk/company/238641/gaba-optical-co,businesslist_pk,scrapy,opticians,2026-08-29T02:46:54.105533+00:00
Mideast Optical,opticians,,(92 21) 34540796,"106-A, Block-2, P.E.C.H.S., Khalid Bin Waleed Road Karachi, Karachi",https://www.businesslist.pk/company/148135/mideast-optical,businesslist_pk,scrapy,opticians,2026-08-29T02:46:55.599796+00:00
Image Optiks,opticians,,"(92 21) 34965296, 34989333","43-Noman Centre, R. Minhas Road, Block-5, Gulshan-e-Iqbal, Near Akhtar Eye Hosp Karachi, Karachi",https://www.businesslist.pk/company/148115/image-optiks,businesslist_pk,scrapy,opticians,2026-08-29T02:46:58.004937+00:00
Oral Care Dental Clinic,dentists,https://oralcare.pk/,03113108280,"Shop# 14 Abdullah Medical Center Sout Circular Road, OPTT Besaki Ground, Dera Ismail Khan, Khyber Pakhtunkhwa",https://www.businesslist.pk/company/253220/oral-care-dental-clinic,businesslist_pk,scrapy,dentists,2026-08-29T02:46:59.734283+00:00
Bio Medical Instruments,dentists,http://biomedinst.com,+923006175930,"Kashmir Road Pacca Garha, Sialkot, Punjab",https://www.businesslist.pk/company/251340/bio-medical-instruments,businesslist_pk,scrapy,dentists,2026-08-29T02:47:00.968810+00:00
Famco International Inc.,dentists,http://www.famco-inc.com,9252-3561478 / 3258385 / 3258386 / 3258387," Ugoki Road S.I.E., Punjab, Sialkot, Punjab",https://www.businesslist.pk/company/108111/famco-international-inc,businesslist_pk,scrapy,dentists,2026-08-29T02:47:03.087866+00:00
Dr Rashid Saeed,dentists,https://drrashidsaeed.com/,042111171819,"National Hospital, DHA Phase 1,, Lahore, Punjab",https://www.businesslist.pk/company/252204/dr-rashid-saeed,businesslist_pk,scrapy,dentists,2026-08-29T02:47:04.384825+00:00
Right Tech International,dentists,http://www.righttechintl.com,+92-52-3552372,"Opp. Grid Station (S.I.E) Shahab Pura 51310 Sialkot., Sialkot, Punjab",https://www.businesslist.pk/company/243893/right-tech-international,businesslist_pk,scrapy,dentists,2026-08-29T02:47:05.809699+00:00
Cure Dental,dentists,https://cure-dental.com/,+923002515551,"Mezzanine floor, Office # 108, plot # 24, Jan Centre, Alamgir Rd, Karachi,, Karachi",https://www.businesslist.pk/company/257702/cure-dental,businesslist_pk,scrapy,dentists,2026-08-29T02:47:07.417427+00:00
Dental Instruments Co.,dentists,http://www.dentalinstrumentsco.com,"03328778678, +92 524-272-512","Chirstian Town Sialkot-pakistan, Sialkot, Punjab",https://www.businesslist.pk/company/245478/dental-instruments-co,businesslist_pk,scrapy,dentists,2026-08-29T02:47:09.411884+00:00
Rehan Dental Surgery,dentists,http://www.rehandenalsurgery.com,(021)34924052,"Shop No.4, 327/3, Alpine Center  Jamal-ud-Din Afghani Road  Sharfabad,  Karachi 75400, Karachi, Sindh",https://www.businesslist.pk/company/247356/rehan-dental-surgery,businesslist_pk,scrapy,dentists,2026-08-29T02:47:11.640337+00:00
Dentalworks Lahore,dentists,http://dentalworkslahore.pk/,04235915720,"14-15, Bank Square Market, C Block, Model Town, Lahore, Pakistan, Lahore, Punjab",https://www.businesslist.pk/company/251873/dentalworks-lahore,businesslist_pk,scrapy,dentists,2026-08-29T02:47:13.360009+00:00
Rightex Surgical Instruments,dentists,http://www.rightex-surgical.com.pk,92-348-5793009,"Green Town 51310, Sialkot, Punjab",https://www.businesslist.pk/company/246396/rightex-surgical-instruments,businesslist_pk,scrapy,dentists,2026-08-29T02:47:15.559382+00:00
Altamash Hospital,dentists,https://altamashhospital.com,+92 21-35187000,"ST-9/A, Clifton Block 1, Karachi, Sindh",https://www.businesslist.pk/company/249600/altamash-hospital,businesslist_pk,scrapy,dentists,2026-08-29T02:47:17.806861+00:00
Dental Professionals Pvt. Limited,dentists,http://www.dentalprofessionals.pk,042-35761414,"134, B-E/1, Liberty Roundabout, Main Boulevard Gulberg 3, Lahore, Lahore, Punjab",https://www.businesslist.pk/company/242073/dental-professionals-pvt-limited,businesslist_pk,scrapy,dentists,2026-08-29T02:47:19.587211+00:00
Dar Al Shifa Medical &amp; Dental Center,dentists,http://www.daralshifamdc.com,00922135171191,"Mezzanine Floor, Plot no. 16-C, Khayaban-e-Sehar, Commercial Lane 4, Phase 7, DHA, Karachi, Karachi, Sindh",https://www.businesslist.pk/company/242828/dar-al-shifa-medical-dental-center,businesslist_pk,scrapy,dentists,2026-08-29T02:47:21.634034+00:00
Complex Surgical Instruments,dentists,http://www.complexsurgicalinst.com,+92-3079954334,"HEAD MARALA ROAD MACHI KHOKHAR ,SIALKOT-51310 PAKISTAN, Sialkot",https://www.businesslist.pk/company/257934/complex-surgical-instruments,businesslist_pk,scrapy,dentists,2026-08-29T02:47:23.158556+00:00
Elixir Surgical,dentists,http://www.elixirsurgical.com,0092523577277,"Nasir Road, Sialkot, Punjab",https://www.businesslist.pk/company/250158/elixir-surgical,businesslist_pk,scrapy,dentists,2026-08-29T02:47:24.733279+00:00
"Shanghai Pecute Medical Technology Co., Ltd.",dentists,,86-18201776187,"No.1188, Guangfulin Rd.,Shanghai,China, Abbottabad, Azad Jammu Kashmir",https://www.businesslist.pk/company/197464/shanghai-pecute-medical-technology-co-ltd,businesslist_pk,scrapy,dentists,2026-08-29T02:47:25.776270+00:00
Hill&#039;S Surgical,dentists,http://www.hillssurgical.com,0092-52-3559228,"Adalat Gara Sialkot,Pakistan., Sialkot, Punjab",https://www.businesslist.pk/company/243671/hills-surgical,businesslist_pk,scrapy,dentists,2026-08-29T02:47:27.419000+00:00
Medical Store,pharmacies,,0323-6334225,"Karachi, Pakistan, Karachi, Sindh",https://www.businesslist.pk/company/251416/medical-store,businesslist_pk,scrapy,pharmacies,2026-08-29T02:47:29.334833+00:00
Afro Asia Trading Company,pharmacies,,+92 3342996677,"305, 3rd Floor, Chapal Plaza, Hasrat Mohani Road, Karachi",https://www.businesslist.pk/company/257930/afro-asia-trading-company,businesslist_pk,scrapy,pharmacies,2026-08-29T02:47:30.867305+00:00
"Manley Biological Technology Co.,LTD",pharmacies,,15265412562,"5123 annue street, Gojra, Islamabad Capital Territory",https://www.businesslist.pk/company/246287/manley-biological-technology-coltd,businesslist_pk,scrapy,pharmacies,2026-08-29T02:47:32.006697+00:00
"Wuhu Huahai Biological engineering Co., Ltd.",pharmacies,,86-0553-3826710,"7/L,NO.82,North Zhongshan road, Karachi",https://www.businesslist.pk/company/197544/wuhu-huahai-biological-engineering-co-ltd,businesslist_pk,scrapy,pharmacies,2026-08-29T02:47:34.113227+00:00
Rehman Drug Agency,pharmacies,,"9252-4595673, 052-4594597, 052-3554330, 052-3550302","Locus Building, opposite Allied Bank Khadim Ali road, Sialkot, Sialkot, Punjab",https://www.businesslist.pk/company/115994/rehman-drug-agencies,businesslist_pk,scrapy,pharmacies,2026-08-29T02:47:35.735613+00:00
Medicos Marketing,pharmacies,,(92 21) 32780369,"126,1st Floor,Al-Amna Plaza,Opp Capri Cinema,M.A. Jinnah Road, Karachi, Sindh",https://www.businesslist.pk/company/183864/medicos-marketing,businesslist_pk,scrapy,pharmacies,2026-08-29T02:47:37.371358+00:00
"Wuhan Fulai Pharmaceutical Technology Co.,Ltd",pharmacies,,0086-27-83338487,"Longxin Industrial Park,Wuhan City,Hubei Province,China",https://www.businesslist.pk/company/197577/wuhan-fulai-pharmaceutical-technology-coltd,businesslist_pk,scrapy,pharmacies,2026-08-29T02:47:38.616335+00:00
SafeWay Pharma,pharmacies,,3252610302,"21 liberty rd, Dera Ghazi Khan, Gilgit-Baltistan",https://www.businesslist.pk/company/246966/safeway-pharma,businesslist_pk,scrapy,pharmacies,2026-08-29T02:47:40.683442+00:00
Ent specialist Nasheed Baig,pharmacies,,051 5481172,"Maryam Memorial Hospital, Peshawar Road, Rawalpindi, Punjab",https://www.businesslist.pk/company/244370/ent-specialist-nasheed-baig,businesslist_pk,scrapy,pharmacies,2026-08-29T02:47:42.719374+00:00
Fazal Din &amp; Sons,pharmacies,,+92 306 1556999,"53 Shahrah-e-Quaid-e-Azam, Lahore, Punjab",https://www.businesslist.pk/company/114896/fazal-dinsons,businesslist_pk,scrapy,pharmacies,2026-08-29T02:47:44.945274+00:00
Sanofi-aventis Pakistan Ltd.,pharmacies,,"(92 61) 6538254, 6538251, +92 21 35060221-35","Plot No.1/C-7, Industrial Area, Near Bilal Cotton Factory Multan, Multan",https://www.businesslist.pk/company/117956/sanofi-aventis-pakistan-ltd,businesslist_pk,scrapy,pharmacies,2026-08-29T02:47:46.984408+00:00
Ryan,pharmacies,,+922133575684,"338 Garden park ave, Gujrat",https://www.businesslist.pk/company/257409/ryan,businesslist_pk,scrapy,pharmacies,2026-08-29T02:47:49.327589+00:00
United Meds Shop,pharmacies,,+1-323-455-4676,"1699 Olazu Square, United State, Abbottabad, Islamabad Capital Territory",https://www.businesslist.pk/company/253525/united-meds-shop,businesslist_pk,scrapy,pharmacies,2026-08-29T02:47:51.407437+00:00
"Gaosheng Biotechnology Co., Ltd",pharmacies,,453682357496,"5123 anue street, Dera Ghazi Khan, Federally Administered Tribal Areas",https://www.businesslist.pk/company/244850/gaosheng-biotechnology-co-ltd,businesslist_pk,scrapy,pharmacies,2026-08-29T02:47:53.809156+00:00
international pharma labs,pharmacies,,0092- 321 –4466882,"1 K.M TOWARDS KAHNA DEFENCE ROAD BHOBTIAN CHOWK RAIWIND ROAD LAHORE  PAKISTAN. , Lahore, Punjab",https://www.businesslist.pk/company/240509/international-pharma-labs,businesslist_pk,scrapy,pharmacies,2026-08-29T02:47:55.565084+00:00
Multicare Distribution Services Pvt Ltd,pharmacies,,,"Room No. 95, 7th Floor, Ghafur Chambers, Abdullah Haroon Road., Karachi, Sindh",https://www.businesslist.pk/company/117636/multicare-distribution-services-company,businesslist_pk,scrapy,pharmacies,2026-08-29T02:47:57.870364+00:00
Makenchemstore ltd,pharmacies,,+1 213 935 9834,"avenue na 1, Gujranwala, Gilgit-Baltistan",https://www.businesslist.pk/company/246428/makenchemstore-ltd,businesslist_pk,scrapy,pharmacies,2026-08-29T02:47:58.690918+00:00
Care Pharma +,pharmacies,http://www.facebook.com/carepharmaplus,0685877103,"5-Jail Road, Opposite Emergency Sh.Zayyed Hospital, Rahim Yar Khan, Punjab",https://www.businesslist.pk/company/246422/care-pharma-,businesslist_pk,scrapy,pharmacies,2026-08-29T02:48:00.901334+00:00
Aesthetics Cosmetic Cenre,cosmetic surgery,http://aestheticscosmeticcentre.com/,+92 42 35871002,"42/A, C/1 Gulberg III, Lahore, Pakistan Lahore 54000, Lahore, Punjab",https://www.businesslist.pk/company/244457/aesthetics-cosmetic-cenre,businesslist_pk,scrapy,cosmetic-surgery,2026-08-29T02:48:02.216745+00:00
Love Life Rehabilitation Center,cosmetic surgery,http://llrc.pk/,051 8465191,"House No 288, Street No 87 E-11/2 Islamabad, Islamabad, Islamabad Capital Territory",https://www.businesslist.pk/company/249998/love-life-rehabilitation-center,businesslist_pk,scrapy,cosmetic-surgery,2026-08-29T02:48:03.675916+00:00
Asmara Surgical Industries,cosmetic surgery,http://www.asmaraind.com,0524294148,"Hadam ali road silakot, Sialkot, Punjab",https://www.businesslist.pk/company/241694/asmaraind,businesslist_pk,scrapy,cosmetic-surgery,2026-08-29T02:48:05.071113+00:00
Belleza Care,cosmetic surgery,,03006178929,"p.o.MURADPUR, West Muradpur, Sialkot, Sialkot, Punjab",https://www.businesslist.pk/company/245399/belleza-care,businesslist_pk,scrapy,cosmetic-surgery,2026-08-29T02:48:06.602832+00:00
Global Clinic &amp; Hair Transplant,cosmetic surgery,,0092 51 2651745,"12/A, Block -12/C, F7 Markaz Islamabad, Islamabad, Islamabad Capital Territory",https://www.businesslist.pk/company/244824/global-clinichair-transplant,businesslist_pk,scrapy,cosmetic-surgery,2026-08-29T02:48:08.626454+00:00
Safe instruments,cosmetic surgery,,0523574222,"Green town near hotel javson , Sialkot, Punjab",https://www.businesslist.pk/company/246918/safe-instruments,businesslist_pk,scrapy,cosmetic-surgery,2026-08-29T02:48:10.636156+00:00
Beauty of Surgical,cosmetic surgery,http://www.beautyofsurgical.com,+92-52-6618530,"Pasrur Bypas Sialkot Road Daska 51010 Sialkot, Sialkot, Punjab",https://www.businesslist.pk/company/234918/beauty-of-surgical,businesslist_pk,scrapy,cosmetic-surgery,2026-08-29T02:48:12.165135+00:00
Kulsum International Hospital,cosmetic surgery,https://kih.com.pk,+92 -51-8446666,"Kulsum Plaza، 2020 Jinnah Ave, Islamabad, Islamabad",https://www.businesslist.pk/company/256602/kulsum-international-hospital,businesslist_pk,scrapy,cosmetic-surgery,2026-08-29T02:48:14.076455+00:00
Mednise.com,cosmetic surgery,http://www.mednise.com,051 5708306,"National Police Foundation Islamabad, Islamabad, Islamabad Capital Territory",https://www.businesslist.pk/company/250208/mednisecom,businesslist_pk,scrapy,cosmetic-surgery,2026-08-29T02:48:14.953319+00:00
Aesthetic Shapes,cosmetic surgery,https://cosmeticsurgeon.com.pk/,+92 321 242 4812,"P-38/A, st # 10 Khayaban-e-Rahat, Phase v1, Karachi, Pakistan, Karachi, Sindh",https://www.businesslist.pk/company/243201/about-aesthetic-shapes,businesslist_pk,scrapy,cosmetic-surgery,2026-08-29T02:48:17.087124+00:00
ParlourStore.pk Salon Equipments,cosmetic surgery,http://parlourstore.pk/,03363985817,"korangi pnt Society karachi, Karachi, Sindh",https://www.businesslist.pk/company/250393/parlourstorepk-salon-equipments,businesslist_pk,scrapy,cosmetic-surgery,2026-08-29T02:48:19.010802+00:00
Reformanta,cosmetic surgery,,04237813471-4,"Farooq Hospital, Allama Iqbal Town, Lahore, Punjab",https://www.businesslist.pk/company/242752/cosmoplast,businesslist_pk,scrapy,cosmetic-surgery,2026-08-29T02:48:21.315037+00:00
NumMed Instrumnets,cosmetic surgery,,0092524605005,"Mehar Amjad Street Taj Pura , Sialkot, Punjab",https://www.businesslist.pk/company/247515/nummed-instrumnets,businesslist_pk,scrapy,cosmetic-surgery,2026-08-29T02:48:23.330940+00:00
Dr. Kausar Rehman,cosmetic surgery,https://drkausar.com/,+92 311 2274058,"St-1 Shahrah-e-Firdousi, Block 3 Clifton,, Karachi, Sindh",https://www.businesslist.pk/company/253290/dr-kausar-rehman,businesslist_pk,scrapy,cosmetic-surgery,2026-08-29T02:48:25.475517+00:00
SPIRAL Surgical Co.,cosmetic surgery,http://www.spiralsurgical.com,+92 524 360066,"West Murad Pur, Sialkot, Punjab",https://www.businesslist.pk/company/241809/spiral-surgical-co,businesslist_pk,scrapy,cosmetic-surgery,2026-08-29T02:48:27.548799+00:00
Medigold surgical,cosmetic surgery,,+92 3088062873,"Small Industrial Estate, Road Kacha Shahab Pura, Sialkot 51310, Pakistan, Sialkot, Punjab",https://www.businesslist.pk/company/253884/medigold-surgical,businesslist_pk,scrapy,cosmetic-surgery,2026-08-29T02:48:29.624053+00:00
Dar Al Shifa Medical &amp; Dental Center,cosmetic surgery,http://www.daralshifamdc.com,021-35171191,"Mezzanine Floor, Plot no. 16-C, Khayaban-e-Sehar, Commercial Lane 4, Phase 7, DHA, Karachi, Karachi, Sindh",https://www.businesslist.pk/company/242823/dar-al-shifa-medical-dental-center,businesslist_pk,scrapy,cosmetic-surgery,2026-08-29T02:48:30.881107+00:00
Dr Ak’s Cosmetic Surgery in Islamabad,cosmetic surgery,https://cosmeticsurgeryisb.pk/,0333 5967916,"Office 202, 2nd Floor Islamabad Diagnostic Centre, Kohistan Road, F8 Markaz, Islamabad 44000, Islamabad, Islamabad Capital Territory",https://www.businesslist.pk/company/252108/dr-aks-cosmetic-surgery-in-islamabad,businesslist_pk,scrapy,cosmetic-surgery,2026-08-29T02:48:32.597685+00:00
Dr Saleem Plastic surgery,cosmetic surgery,,03445203650,"Salma Sarfraz Hospital New Muslim Town Wahdat road Lahore, Lahore, Punjab",https://www.businesslist.pk/company/243027/dr-saleem-plastic-surgery,businesslist_pk,scrapy,cosmetic-surgery,2026-08-29T02:48:33.540919+00:00
Din Brothers,opticians,,"(92 51) 5566325, 5515519","116-Kashmir Road, Saddar Rawalpindi, Rawalpindi",https://www.businesslist.pk/company/148043/din-brothers,businesslist_pk,scrapy,opticians,2026-08-29T02:48:35.791380+00:00
M.a. Khokhar &amp; Co.,opticians,,(92 51) 5123106,"102-H, Bank Road Rawalpindi, Rawalpindi, Punjab",https://www.businesslist.pk/company/148132/ma-khokharco,businesslist_pk,scrapy,opticians,2026-08-29T02:48:37.898875+00:00
Optical Palace,opticians,,"(92 21) 32628254, 32639109","Hemani Mansion, Opp: KMC, M.A.Jinnah Road Karachi, Karachi",https://www.businesslist.pk/company/148149/optical-palace,businesslist_pk,scrapy,opticians,2026-08-29T02:48:40.279311+00:00
Look &amp; Listen,opticians,,"(92 21) 35861520, 35374817","Schon Circle, Behind Clifton Centre Karachi, Karachi",https://www.businesslist.pk/company/148129/looklisten,businesslist_pk,scrapy,opticians,2026-08-29T02:48:42.345710+00:00
Eye &amp; Hearing Care Centre,opticians,,(92 21) 34991070,"ST-22-B, Block-6, Gulshan-e-Iqbal, University Road Karachi, Karachi",https://www.businesslist.pk/company/148084/eyehearing-care-centre,businesslist_pk,scrapy,opticians,2026-08-29T02:48:44.523727+00:00
Zubi Optiks,opticians,,"(92 21) 35214503, 35675712","Anum Shopping Centre,Dundas Street,Saddar,off Zaibunnisa Str, Karachi",https://www.businesslist.pk/company/192378/zubi-optiks,businesslist_pk,scrapy,opticians,2026-08-29T02:48:45.624032+00:00
Friends Optical &amp; Hearing Aid Centre,opticians,,"(92 21) 32216250, 32624611","Opp:Khi. Municipal Corporation, Before City Court, M.A.Jinnah Road Karachi, Karachi",https://www.businesslist.pk/company/148103/friends-opticalhearing-aid-centre,businesslist_pk,scrapy,opticians,2026-08-29T02:48:47.126829+00:00
Spectico Dispensing Optician &amp; Audiology Centre,opticians,,(92 21) 35651914,"Shop No.G-39-A, Ground Floor, Glass Tower, Main Clifton Road Karachi, Karachi",https://www.businesslist.pk/company/148166/spectico-dispensing-opticianaudiology-centre,businesslist_pk,scrapy,opticians,2026-08-29T02:48:49.145460+00:00
Eye Master,opticians,,"(92 21) 35871569, 35871549","Yousuf Grand Square, Clifton, Main Clifton Road Karachi, Karachi",https://www.businesslist.pk/company/148089/eye-master,businesslist_pk,scrapy,opticians,2026-08-29T02:48:51.184692+00:00
Empire Optical CO,opticians,,(92 21) 32629853,"Opp. Aurangzeb Park, M.a.jinnah Road, Karachi",https://www.businesslist.pk/company/238640/empire-optical-co,businesslist_pk,scrapy,opticians,2026-08-29T02:48:53.202735+00:00
Empire Optical Co.,opticians,,(92 21) 32629853,"Opp. Aurangzeb Park, M.A.Jinnah Road Karachi, Karachi",https://www.businesslist.pk/company/148083/empire-optical-co,businesslist_pk,scrapy,opticians,2026-08-29T02:48:54.017743+00:00
Eye &amp; Watch,opticians,,(92 21) 34144994,"Shop No.18A, Adam Arcade, Shaheed-e-Millat Road Karachi, Karachi",https://www.businesslist.pk/company/148085/eyewatch,businesslist_pk,scrapy,opticians,2026-08-29T02:48:55.653849+00:00
Masood Optical Co.,opticians,,(92 51) 2650111,"Block 12-E, Jinnah Super Market Islamabad",https://www.businesslist.pk/company/148134/masood-optical-co,businesslist_pk,scrapy,opticians,2026-08-29T02:48:57.791776+00:00
A.h. Rizvi &amp; Co.,opticians,,"(92 21) 32626725, 32210596","Inside Lucky Chamber Gate, Shahrah-e-Liaquat, Burns Road Karachi, Karachi",https://www.businesslist.pk/company/148054/ah-rizvico,businesslist_pk,scrapy,opticians,2026-08-29T02:48:59.720790+00:00
W. Wilson Chemists,opticians,,+92 515700095,"Al Amin Plaza, 10 Mall Rd, Saddar, Rawalpindi, Punjab",https://www.businesslist.pk/company/148183/w-wilson-chemists,businesslist_pk,scrapy,opticians,2026-08-29T02:49:01.710981+00:00
Friends Optical &amp; Hearing Aid Centre,opticians,,"(92 21) 34810378, 34810379","After Mr. Burger, Main Rashid Minhas Road, Gulshan-e-Iqbal Karachi, Karachi",https://www.businesslist.pk/company/148102/friends-opticalhearing-aid-centre,businesslist_pk,scrapy,opticians,2026-08-29T02:49:03.428163+00:00
Farooq Opticals AW Eyesfit,opticians,,(92 55) 6600100,"Farooq Opticals,Moti Bazar, Wazirabad, Wazirabad, Punjab",https://www.businesslist.pk/company/148095/farooq-optical-co,businesslist_pk,scrapy,opticians,2026-08-29T02:49:05.219084+00:00
Friends Optical &amp; Hearing Aid Centre,opticians,,"(92 21) 35631356, 35631357","Hotel Regent Plaza, Main Entrance Parking, Shahra-e-Faisal Karachi, Karachi",https://www.businesslist.pk/company/148101/friends-opticalhearing-aid-centre,businesslist_pk,scrapy,opticians,2026-08-29T02:49:07.299194+00:00
Grand Optical House,opticians,,"(92 21) 32629811, 32639459","Dr. Ziauddin Road, Opp. Light House Karachi, Karachi",https://www.businesslist.pk/company/148046/grand-optical-house,businesslist_pk,scrapy,opticians,2026-08-29T02:49:09.378685+00:00
Friends Optical &amp; Audiology Centre,opticians,,"(92 21) 32624611, 32624622","Opp. K.M.C. Before City Court, M.A. Jinnah Road Karachi, Karachi",https://www.businesslist.pk/company/148100/friends-opticalaudiology-centre,businesslist_pk,scrapy,opticians,2026-08-29T02:49:11.190653+00:00
FIZ International Company,dentists,http://www.fizint.com/,+923344786993,"Norgate street Allama Iqbal road Sialkot pakistan, Sialkot, Punjab",https://www.businesslist.pk/company/244969/fiz-international-company,businesslist_pk,scrapy,dentists,2026-08-29T02:49:12.686404+00:00
Broxta Enterprises,dentists,https://broxta.business.site/,+92 324 8700691,"Ballanwala Mudassar Shaheed Road Sialkot, Sialkot, Punjab",https://www.businesslist.pk/company/254679/broxta-enterprises,businesslist_pk,scrapy,dentists,2026-08-29T02:49:14.230828+00:00
Reliance Dental Care,dentists,https://www.facebook.com/reliancedentalcare,+92 312 5124949,"TF 28, Third floor, Afridi Medical complex, Tehkal Payan stop, university road, Peshawar, Peshawar, Khyber Pakhtunkhwa",https://www.businesslist.pk/company/254433/reliance-dental-care,businesslist_pk,scrapy,dentists,2026-08-29T02:49:15.559568+00:00
SN Dental Care,dentists,https://sndentalcare.pk/,0334 1122288," Masoom shah road، Raheem chowk، opposite careem cabs office، Multan, 60000, Multan, Punjab",https://www.businesslist.pk/company/251361/sn-dental-care,businesslist_pk,scrapy,dentists,2026-08-29T02:49:17.660831+00:00
Dental Lord Sialkot,dentists,http://www.dentallord.com,+92-52-3254844,"Roaras Road New Miana Pur West, Sialkot, Punjab",https://www.businesslist.pk/company/181363/dental-lord-sialkot,businesslist_pk,scrapy,dentists,2026-08-29T02:49:19.398599+00:00
Operational Surgical ®,dentists,http://www.operationalsurgical.com,+92-52-4604403,"Malik Street H.No # 33/47, P.O Box # 1149,, Sialkot, Punjab",https://www.businesslist.pk/company/241251/operational-surgical-,businesslist_pk,scrapy,dentists,2026-08-29T02:49:20.783531+00:00
Hammad Dental Care,dentists,http://hammaddentalcare.com,02136999281,"Flat no. C-1, Farhan Square, Shah Jehan Ave, Sector 15-A/5, Bufferzone, Karachi, Karachi, Sindh",https://www.businesslist.pk/company/245060/hammad-dental-care,businesslist_pk,scrapy,dentists,2026-08-29T02:49:22.983869+00:00
"Shufa Dental Co.,",dentists,http://www.shufadental.com,0092523542866,"Muhalla Shuja Abad Zafarwal Road , Sialkot, Punjab",https://www.businesslist.pk/company/240155/shufa-dental-co,businesslist_pk,scrapy,dentists,2026-08-29T02:49:24.968867+00:00
Dental square family dental clinic,dentists,https://dentalsquarepeshawar.com/,+923329307688,"Liberty Mall Opp: Air Port Runway، University Rd, Tahkal, Peshawar, Khyber Pakhtunkhwa, Peshawar, Khyber Pakhtunkhwa",https://www.businesslist.pk/company/252567/dental-square-family-dental-clinic,businesslist_pk,scrapy,dentists,2026-08-29T02:49:26.286018+00:00
JRJ Instruments,dentists,http://www.jrjinstruments.weebly.com,0092524365000,"Air port road mughal pura, Sialkot, Punjab",https://www.businesslist.pk/company/245625/jrj-instruments,businesslist_pk,scrapy,dentists,2026-08-29T02:49:27.930859+00:00
Raptas Surgical,dentists,http://raptassurgical.biz,0092-3426762003,"Wazirabad road Noul behind Rehmat marriage city sialkot, Sialkot, Punjab",https://www.businesslist.pk/company/248657/raptas-surgical,businesslist_pk,scrapy,dentists,2026-08-29T02:49:29.970897+00:00
Protect N Care,dentists,http://www.protect-ncare.com,+92-52-4569650,"8/70 Hakeem Sadiq Street Pura Hiran Rang Pura Road Sialkot Pakistan, Sialkot, Punjab",https://www.businesslist.pk/company/245011/protect-n-care,businesslist_pk,scrapy,dentists,2026-08-29T02:49:31.458844+00:00
weFIT - Find your Next personal Trainer,wellness,,+923157178448,"Punjab, Lahore",https://www.businesslist.pk/company/255257/wefit-find-your-next-personal-trainer,businesslist_pk,scrapy,wellness,2026-08-29T02:49:33.645482+00:00
Hilal Care,wellness,https://hilalcare.com,+92 21 111-557-557,"R2GM+QJM, Block 5 Clifton, Karachi, Karachi City, Sindh 75600, Karachi",https://www.businesslist.pk/company/256125/hilal-care,businesslist_pk,scrapy,wellness,2026-08-29T02:49:35.048789+00:00
Neurostic,wellness,,+92 331 5021352,"Punjab, Lahore",https://www.businesslist.pk/company/255956/neurostic,businesslist_pk,scrapy,wellness,2026-08-29T02:49:37.312578+00:00
FemTees,wellness,,,"Islamabad, Islamabad",https://www.businesslist.pk/company/255817/femtees,businesslist_pk,scrapy,wellness,2026-08-29T02:49:39.019027+00:00
Healthcare Matrix,wellness,,,"Sindh, Karachi",https://www.businesslist.pk/company/255922/healthcare-matrix,businesslist_pk,scrapy,wellness,2026-08-29T02:49:41.156350+00:00
Shifaam,wellness,,+92 213 7132273,"Sindh, Karachi",https://www.businesslist.pk/company/256049/shifaam,businesslist_pk,scrapy,wellness,2026-08-29T02:49:42.450706+00:00
Himont Laboratories (pvt) Ltd.,wellness,,"(92 42) 35814391, 35814393","17-KM,Ferozepur Road, Lahore",https://www.businesslist.pk/company/192855/himont-laboratories-pvt-ltd,businesslist_pk,scrapy,wellness,2026-08-29T02:49:44.182263+00:00
Intelligent Drug Dispensary,wellness,,+923224008005,"Punjab, Lahore",https://www.businesslist.pk/company/255735/intelligent-drug-dispensary,businesslist_pk,scrapy,wellness,2026-08-29T02:49:46.247329+00:00
AzaadHealth,wellness,,+92 345 220 9627,"Sindh, Karachi",https://www.businesslist.pk/company/255973/azaadhealth,businesslist_pk,scrapy,wellness,2026-08-29T02:49:48.358541+00:00
My Vitamin Store,wellness,,,"Punjab, Lahore",https://www.businesslist.pk/company/256097/my-vitamin-store,businesslist_pk,scrapy,wellness,2026-08-29T02:49:50.715705+00:00
B &amp; B Dermaceuticals,wellness,,"+ 92 21 7095932, +92 333 3535737","HEADOFFICE KARACHI, Sindh, Karachi, Sindh",https://www.businesslist.pk/company/113363/bb-dermaceuticals,businesslist_pk,scrapy,wellness,2026-08-29T02:49:52.540762+00:00
Galen Nutraceuticals,pharmacies,,+92-51-4441860,"Plot # 10, Street # 3,I-10/3, Industrial Area, Islamabad, Islamabad Capital Territory",https://www.businesslist.pk/company/243654/galen-nutraceuticals,businesslist_pk,scrapy,pharmacies,2026-08-29T02:49:54.666393+00:00
Umair Brothers Pharma,pharmacies,,0092606840798,"MM Road Fatehpur District Layyah, Punjab",https://www.businesslist.pk/company/241630/umair-brothers-pharma,businesslist_pk,scrapy,pharmacies,2026-08-29T02:49:56.337406+00:00
Shadab Natural Clinic,pharmacies,https://sites.google.com/site/shadabnatural/,,"Near Toba Tek Singh, Toba Tek SIngh, Punjab",https://www.businesslist.pk/company/181371/shadab-natural-clinic,businesslist_pk,scrapy,pharmacies,2026-08-29T02:49:58.109682+00:00
Jumbo (medical &amp; General),pharmacies,https://www.facebook.com/jumbomedgen/,"+92 21 34536986,  +92 345 0210772","No.8, 46/A/2, Muhammad Ali Co-Operative Housing Society, Commercial Area, Karachi, Sindh",https://www.businesslist.pk/company/232347/jumbo-medicalgeneral,businesslist_pk,scrapy,pharmacies,2026-08-29T02:49:59.413584+00:00
"Central Bio-Tech Co.,Ltd.",pharmacies,,,Zhong Shan road,https://www.businesslist.pk/company/170061/central-bio-tech-coltd,businesslist_pk,scrapy,pharmacies,2026-08-29T02:50:01.723096+00:00
Brand Medic,pharmacies,,03062423519,"Plot 3425, street 24, I-9/3, Islamabad, Islamabad, Islamabad Capital Territory",https://www.businesslist.pk/company/253989/brand-medic,businesslist_pk,scrapy,pharmacies,2026-08-29T02:50:03.008961+00:00
Phen375,pharmacies,http://asherco.pakshops.com,03137574847,"Office No.120,Main Bazar Gujranwala, Gujranwala, Punjab",https://www.businesslist.pk/company/240985/abidco,businesslist_pk,scrapy,pharmacies,2026-08-29T02:50:04.710343+00:00
"Pharmacia , Dispensing  Pharmacy",pharmacies,http://www.pharmacia.com,021 - 36375230,"A - 5, Block 9, F.B. Area , Karachi, Sindh",https://www.businesslist.pk/company/241643/pharmaciadispensing-pharmacy,businesslist_pk,scrapy,pharmacies,2026-08-29T02:50:06.246154+00:00
Dvago,pharmacies,https://www.dvago.pk,+92 21 111138246,"1st Floor, Plot No. 1 Shaheed-e-Millat Road, Modern Society MCHS, Karachi, Sindh",https://www.businesslist.pk/company/253240/dvago,businesslist_pk,scrapy,pharmacies,2026-08-29T02:50:08.059578+00:00
Qintar Pharmaceutical,pharmacies,http://www.qintarpharma.com,"92-48-3216343,  +92 48 3220658","14-A Punjab Small Industrial Estate Lahore Road, Sargodha, Punjab",https://www.businesslist.pk/company/221734/qintar-pharma,businesslist_pk,scrapy,pharmacies,2026-08-29T02:50:09.238582+00:00
Fazal Din &amp; Sons (pvt) Ltd.,pharmacies,http://www.fazaldin.com,"(92 21) 34524481, (92 21) 34541529, 0306 1556999","13-D,Mohammad Ali Housing Soc.,Tipu Sultan Road, Karachi, Sindh",https://www.businesslist.pk/company/183862/fazal-dinsons-pvt-ltd,businesslist_pk,scrapy,pharmacies,2026-08-29T02:50:11.146414+00:00
Agha Brothers,pharmacies,http://agha-herbs.business.site,04237652970,"H/1418 Akbari Mandi., Lahore, Punjab",https://www.businesslist.pk/company/181369/agha-brothers,businesslist_pk,scrapy,pharmacies,2026-08-29T02:50:12.851424+00:00
Prime Impact International,pharmacies,http://WWW.PRIMEIMPACT.PK,0423-5941033,"SUIT NO. 502, GARDEN TOWER, GARDEN TOWN LAHORE., Lahore, Punjab",https://www.businesslist.pk/company/246751/prime-impact-international,businesslist_pk,scrapy,pharmacies,2026-08-29T02:50:14.295115+00:00
Milkywayresearchchem.com,pharmacies,,7029003952,"‎1252 E 74th St, Chaman, Islamabad Capital Territory",https://www.businesslist.pk/company/248848/milkywayresearchchemcom,businesslist_pk,scrapy,pharmacies,2026-08-29T02:50:15.989824+00:00
IMCO Tech,pharmacies,,021 35050270,"756, Sector 32/D, Korangi Industrial Area, Karachi, Sindh",https://www.businesslist.pk/company/243683/imco-tech,businesslist_pk,scrapy,pharmacies,2026-08-29T02:50:18.036344+00:00
Genetics Pharmaceuticals,pharmacies,https://www.genetics-pharmaceuticals.com,+92 423 5297761 6,"539 A, Sunder Industrial Estate, Off Raiwind Road, Sundar Industrial Estate, Lahore, Punjab 54000, Lahore",https://www.businesslist.pk/company/256865/genetics-pharmaceuticals,businesslist_pk,scrapy,pharmacies,2026-08-29T02:50:19.963564+00:00
Shaigan Pharmaceuticals (pvt) Ltd.,pharmacies,https://shaigan.com,"9251-5571442 / 5573436 / 5571441, +92 -51-5133060-8","14 KM Adyala Road Post Office Dahgal, Punjab, Rawalpini, Punjab",https://www.businesslist.pk/company/116176/shaigan-pharmaceuticals-pvt-ltd,businesslist_pk,scrapy,pharmacies,2026-08-29T02:50:21.248370+00:00
Tayyab lab,pharmacies,,0514499437,"Plot # 13 - A, Street N - 5, RCCI Rawat industrial Estate, Islamabad, Islamabad Capital Territory",https://www.businesslist.pk/company/244628/tayyab-lab,businesslist_pk,scrapy,pharmacies,2026-08-29T02:50:23.549400+00:00
Martin Dow | Best Pharmaceutical Company In Karach,pharmacies,http://martindow.com,021 350 605 51,"Plot No. 37, Sector 19, Korangi Industrial Area, Karachi-74900, Pakistan, Karachi, Sindh",https://www.businesslist.pk/company/250516/martin-dowbest-pharmaceutical-company-in-karach,businesslist_pk,scrapy,pharmacies,2026-08-29T02:50:25.547726+00:00
Executive Clinics &amp; Pharmacy,pharmacies,https://www.facebook.com/executivecp23,+923307777056,"Bunyad Plaza, Paradise Commercial, Bahria Town Way, Islamabad, Islamabad",https://www.businesslist.pk/company/258164/executive-clinicspharmacy,businesslist_pk,scrapy,pharmacies,2026-08-29T02:50:27.334228+00:00
Bodevolution,cosmetic surgery,http://www.bodevolution.com/,0311 1444032,"8, Block C, Lahore, Model Town, Pakistan، Lahore 54000, Lahore, Punjab",https://www.businesslist.pk/company/247322/bodevolution,businesslist_pk,scrapy,cosmetic-surgery,2026-08-29T02:50:28.692271+00:00
Businessmed Instruments,cosmetic surgery,https://www.bmedinst.com/,+92-52-4569243,"Jammu Road, Talwara Mughlan, Sialkot, Punjab",https://www.businesslist.pk/company/248390/businessmed-instruments,businesslist_pk,scrapy,cosmetic-surgery,2026-08-29T02:50:30.907943+00:00
Dr. Abdul Malik Plastic Surgeon In Lahore,cosmetic surgery,https://www.beautifypk.com,03454492128,"Akram Medical Complex Jail Road, Lahore, Pakistan., Lahore, Punjab",https://www.businesslist.pk/company/249681/dr-abdul-malik-plastic-surgeon-in-lahore,businesslist_pk,scrapy,cosmetic-surgery,2026-08-29T02:50:33.012640+00:00
Plastic &amp; Cosmetic Surgery Lahore,cosmetic surgery,http://www.saleemplasticsurgeon.com,+923214271930,"Saira memorial Hospital, model town M block Lahore, Lahore, Punjab",https://www.businesslist.pk/company/240584/plasticcosmetic-surgery-lahore,businesslist_pk,scrapy,cosmetic-surgery,2026-08-29T02:50:34.801379+00:00
Lahore Plastic Surgery,cosmetic surgery,https://www.lahoreps.com,03030666222,"Allah hu Chowk, Johar Town, Lahore, Lahore, Punjab",https://www.businesslist.pk/company/248814/lahore-plastic-surgery,businesslist_pk,scrapy,cosmetic-surgery,2026-08-29T02:50:36.636649+00:00
Advanced Laparoscopic and Obesity Surgery Centre,cosmetic surgery,http://www.facebook.com/aloscentre,03016062612,"Dr. Shahzad Amjad Khan, United Hospital, Off Kashmir Bridge, Eden Garden Road, Faisalabad, Faisalabad, Punjab",https://www.businesslist.pk/company/239908/advanced-laparoscopic-and-obesity-surgery-centre,businesslist_pk,scrapy,cosmetic-surgery,2026-08-29T02:50:38.331689+00:00
Jimed Surgical,cosmetic surgery,http://www.jimedsurgical.com/,+923456801314,"House No. 31/394 Green Wood Street Sialkot Pakistan, Sialkot, Punjab",https://www.businesslist.pk/company/246014/jimed-surgical,businesslist_pk,scrapy,cosmetic-surgery,2026-08-29T02:50:40.643576+00:00
Contours,cosmetic surgery,http://contours.com.pk,04235752080,"16-E/3, Gulberg-III, Lahore Pakistan, Lahore, Punjab",https://www.businesslist.pk/company/250159/contours,businesslist_pk,scrapy,cosmetic-surgery,2026-08-29T02:50:42.771009+00:00
Aestheticshapes,cosmetic surgery,https://cosmeticsurgeon.com.pk/,0345 484 9111,"P-38/A, St # 10, Khayaban-e-Rahat,Phase v1, Karachi, Pakistan., Karachi, Sindh",https://www.businesslist.pk/company/252161/aestheticshapes,businesslist_pk,scrapy,cosmetic-surgery,2026-08-29T02:50:45.025147+00:00
Modern hair transplant,cosmetic surgery,http://www.ilht.com.pk/,111 424 737,"92-B1, M.M.Alam Road, Gulberg III, Lahore, Lahore, Pakistan, Lahore, Punjab",https://www.businesslist.pk/company/240008/ilht-hair-transplant,businesslist_pk,scrapy,cosmetic-surgery,2026-08-29T02:50:46.958095+00:00
Zedicalinstruments,cosmetic surgery,http://www.zedicalinstruments.com,+923090647900,"Addalat garh, sialkot-51310, punjab, Sialkot, Punjab",https://www.businesslist.pk/company/251427/zedicalinstruments,businesslist_pk,scrapy,cosmetic-surgery,2026-08-29T02:50:49.067722+00:00
Cosmeticoplasty,cosmetic surgery,https://cosmeticoplasty.com/,+923124887775,"Integrated Medical Care Hospital, Sector F F Block Phase 5 D.H.A, Lahore, Pakistan, Lahore",https://www.businesslist.pk/company/258755/cosmeticoplasty,businesslist_pk,scrapy,cosmetic-surgery,2026-08-29T02:50:50.532505+00:00
HospitallCare,cosmetic surgery,http://hospitallcare.com,+923222555600,"NETSOL Technologies, Ghazi Road, Lahore, Pakistan., Lahore, Punjab",https://www.businesslist.pk/company/249800/hospitallcare,businesslist_pk,scrapy,cosmetic-surgery,2026-08-29T02:50:52.280456+00:00
Sherwani Dental Associates,cosmetic surgery,http://www.facebook.com/sherwanidental,03454804117,"8 - B Model Town, Lahore, Lahore, Punjab",https://www.businesslist.pk/company/244908/sherwani-dental-associates,businesslist_pk,scrapy,cosmetic-surgery,2026-08-29T02:50:54.418023+00:00
Garana,cosmetic surgery,http://surgicalstoreonline.com/,,"Garana Industries Private Limited Christian Town - Sialkot City Zip Code 51310 PAKISTAN, Sialkot, Punjab",https://www.businesslist.pk/company/242498/garana,businesslist_pk,scrapy,cosmetic-surgery,2026-08-29T02:50:56.278299+00:00
ISAHA Medical,cosmetic surgery,http://www.medical-isaha.com,+92-52-4600291,"Behind Bilal Masjid, Mohallah Amanat Pura, Near Jinnah Stadium، Sialkot, Sialkot, Punjab",https://www.businesslist.pk/company/245208/isaha-medical,businesslist_pk,scrapy,cosmetic-surgery,2026-08-29T02:50:58.416452+00:00
Vision World,opticians,http://www.visionworldpk.com,+923214903895,"14A Opposite Chauifat School Block G Johar Town Lhore , Lahore",https://www.businesslist.pk/company/255073/vision-world,businesslist_pk,scrapy,opticians,2026-08-29T02:51:00.319018+00:00
Opticway,opticians,http://www.facebook.com/opticway,+9221-35868818,"Shop#09, Hashoo Terrace Opp. Agha Khan Jamat Khana, Bolck-05, Clifton Karachi, Karachi, Sindh",https://www.businesslist.pk/company/242559/opticway-clifton,businesslist_pk,scrapy,opticians,2026-08-29T02:51:01.928963+00:00
Eyeglassespk,opticians,,0316 161 1211,"16-C, Lane 9, Seher Commercial, Phase 7, DHA Karachi, Pakistan, Karachi, Sindh",https://www.businesslist.pk/company/254339/eyeglassespk,businesslist_pk,scrapy,opticians,2026-08-29T02:51:03.068754+00:00
Naz Opticals,opticians,,+923004686170,"RAJA CENTER HAIDER ROAD 695 SECTOR A-1 TOWNSHIP LAHORE, Lahore",https://www.businesslist.pk/company/254983/naz-opticals,businesslist_pk,scrapy,opticians,2026-08-29T02:51:04.861748+00:00
Pak Optics,opticians,https://pakoptics.pk,+923223934298,"G-48 , HongKong Shopping Mall Saddar , Karachi., Karachi",https://www.businesslist.pk/company/257566/pak-optics,businesslist_pk,scrapy,opticians,2026-08-29T02:51:06.635099+00:00
Golden Optical House &amp; Khan Hearing Aid Centre,opticians,,(92 21) 32636548,"Dr.Ziauddin Ahmed Road,Opp. Light House Cinema, Karachi",https://www.businesslist.pk/company/192369/golden-optical-housekhan-hearing-aid-centre,businesslist_pk,scrapy,opticians,2026-08-29T02:51:08.091044+00:00
Al-ain Optical &amp; Eye Clinic,opticians,,03002197441,"Shop # 14, Islam Plaza., C-1, Block-13, Nasirabad, F.B.Area Karachi, Karachi, Sindh",https://www.businesslist.pk/company/148059/al-ain-opticaleye-clinic,businesslist_pk,scrapy,opticians,2026-08-29T02:51:09.963015+00:00
Eye Gallery,opticians,http://www.eyegalleryonline.com,021-34993145,"L-18, Block 17, Gulshan-e-Iqbal, Karachi, Sindh",https://www.businesslist.pk/company/241434/eye-gallery,businesslist_pk,scrapy,opticians,2026-08-29T02:51:11.499685+00:00
Eye Gallery Optician DHA,opticians,http://www.eyegalleryonline.com,02138942598,"Shop#2, 27-C, Stadium Lane-1, DHA Phase-5, Karachi , Karachi",https://www.businesslist.pk/company/254870/eye-gallery-optician-dha,businesslist_pk,scrapy,opticians,2026-08-29T02:51:13.219380+00:00
Optical Outlet,opticians,,+923114196668,"Shop#1 Jinnah Market Model Town Link Road Lahore , Lahore",https://www.businesslist.pk/company/258177/optical-outlet,businesslist_pk,scrapy,opticians,2026-08-29T02:51:15.027033+00:00
Jugnu Dar-ul-basarat (opticians),opticians,https://www.jugnu.pk,"(92 42) 36664234, 36670101, +923028230616","11-14, Cantonment Board Market, Near Post Office, R.A. Bazar, Cantt. Lahore, Lahore",https://www.businesslist.pk/company/148118/jugnu-dar-ul-basarat-opticians,businesslist_pk,scrapy,opticians,2026-08-29T02:51:17.295101+00:00
Vision Waves Optics,opticians,,92-992-3308040,"Alam Market near Usmania Restaurant, Mansehra Road, Mandian, Abbottabad-22010, Pakistan, Abbottabad, Khyber Pakhtunkhwa",https://www.businesslist.pk/company/207768/vision-waves-optics,businesslist_pk,scrapy,opticians,2026-08-29T02:51:19.265565+00:00
Vegas Optics,opticians,,03412005237,"DHA F-7  NEAR AISHA MASJID  24 STREET, Karachi, Sindh",https://www.businesslist.pk/company/235231/vegas-optics,businesslist_pk,scrapy,opticians,2026-08-29T02:51:21.245749+00:00
Optic Care,opticians,http://www.opticcarepk.com,+922137245398,"Shop No. 3, 34-C, Lane 1, Bukhari Commercial, Phase 6, DHA, Karachi, Sindh",https://www.businesslist.pk/company/148145/optic-care,businesslist_pk,scrapy,opticians,2026-08-29T02:51:23.429343+00:00
Optilook,opticians,http://www.optilookpk.com,(92 21) 36996664,"Shop # 2, R-96, Sector 11-B, main shahra-2-usman North Karachi, Karachi, Sindh",https://www.businesslist.pk/company/238644/optilook,businesslist_pk,scrapy,opticians,2026-08-29T02:51:25.471490+00:00
AL Aziz Optical,opticians,,92-42-7650395,"Gf-21, Commercial Plaza, Round Market, Y-Block Sector Y DHA Phase 3, Lahore, Punjab 54810, Lahore, Punjab",https://www.businesslist.pk/company/227161/al-aziz-optical-company,businesslist_pk,scrapy,opticians,2026-08-29T02:51:27.293494+00:00
Mideast optical,opticians,https://ideaspak.org/,"04237392699, +92 42 35778 178/9","130 H DHA LAHORE, Lahore, Punjab",https://www.businesslist.pk/company/246358/mideast-optical,businesslist_pk,scrapy,opticians,2026-08-29T02:51:28.885958+00:00
Kareem Optics,opticians,,+92 321 3237914,"Shop No 42, Akhtar Eye Hospital, Gulshan Iqbal, Block # 5 Karachi, Sindh, Pakistan, Karachi, Sindh",https://www.businesslist.pk/company/254066/kareem-optics,businesslist_pk,scrapy,opticians,2026-08-29T02:51:31.146942+00:00
Bristal Enterprises,opticians,,(92 52) 3551347,"P.O.Box: 2560, Haji Pura, Daska Raad Sialkot, Sialkot",https://www.businesslist.pk/company/148075/bristal-enterprises,businesslist_pk,scrapy,opticians,2026-08-29T02:51:32.975676+00:00
Central Optical &amp; Hearing Care Centre,opticians,https://www.centraloptical.pk,(92 21) 32638823,"Mahenti Tower, Ch. Khalique-uz-Zaman Road, Clifton Block 8, Karachi, Sindh",https://www.businesslist.pk/company/148076/central-optical-co,businesslist_pk,scrapy,opticians,2026-08-29T02:51:34.577904+00:00
L&amp;I International,dentists,http://www.land-int.com,+92 3257853,"New Adalat Garh near Anwar Khawaja Industries, Sialkot, Punjab",https://www.businesslist.pk/company/249857/li-international,businesslist_pk,scrapy,dentists,2026-08-29T02:51:36.780635+00:00
PRF BOX Supplier,dentists,http://www.ahafsurgico.com,+92524263409,"Khadim ALi Road Sialkot 51310, Sialkot, Punjab",https://www.businesslist.pk/company/241798/ahaf-surgico,businesslist_pk,scrapy,dentists,2026-08-29T02:51:38.704713+00:00
Concise Surgical,dentists,http://www.concise.com.pk,0092-523574077,"Ahmed Din Estate, Noul More , Sialkot, Punjab",https://www.businesslist.pk/company/245536/concise-enterprises,businesslist_pk,scrapy,dentists,2026-08-29T02:51:40.461373+00:00
Medical Design Sialkot,dentists,http://www.medicaldesignpk.com,+923456768889,"amir street , Ali Ul Haq Road, Sialkot, Punjab",https://www.businesslist.pk/company/241454/medical-design-sialkot,businesslist_pk,scrapy,dentists,2026-08-29T02:51:42.137133+00:00
Dr Haroon Dental Specialist Clinic Hayatabad Pesha,dentists,https://dentistpeshawar.pk/,03337779977,"Malik Saad Market, Phase-1 Hayatabad, Peshawar, Peshawar, Khyber Pakhtunkhwa",https://www.businesslist.pk/company/240757/dr-haroon-dental-specialist-clinic-hayatabad-pesha,businesslist_pk,scrapy,dentists,2026-08-29T02:51:43.601218+00:00
Dental Experts - Best Dentist in Lahore,dentists,https://dentalexperts.pk,042-35302147,"797-J,k,H.Block G4 M.A Johar Town, Lahore,, Lahore, Punjab",https://www.businesslist.pk/company/252230/dental-experts-best-dentist-in-lahore,businesslist_pk,scrapy,dentists,2026-08-29T02:51:45.171313+00:00
Smile Dental Care,dentists,https://m.facebook.com/dentist.aamirnaveed/,03338186685,"Gujranwala cantt Road near ASKRI BANK, Gujranwala, Punjab",https://www.businesslist.pk/company/245744/smile-dental-care,businesslist_pk,scrapy,dentists,2026-08-29T02:51:47.357204+00:00
Kara Instruments,dentists,https://karainstruments.com/,+9203346336699,"Allama iqbal road, small industry Estate, Sialkot, Sialkot",https://www.businesslist.pk/company/258897/kara-instruments,businesslist_pk,scrapy,dentists,2026-08-29T02:51:49.587023+00:00
Specialist Dental Care,dentists,,0092-21-35304274 &amp; 35304178,"45-C, 27th Street, Tauheed Commercial, Phase 5, DHA, Karachi, Sindh",https://www.businesslist.pk/company/239952/specialist-dental-care,businesslist_pk,scrapy,dentists,2026-08-29T02:51:51.332237+00:00
Invent Traders,dentists,http://www.inventtraders.com,,"Afzal timber store opp police station neika pura sialkot, punjab 51310, Sialkot, Punjab",https://www.businesslist.pk/company/235523/invent-traders,businesslist_pk,scrapy,dentists,2026-08-29T02:51:52.851748+00:00
Dr Sohrab Dental Clinic,dentists,http://www.facebook.com/drsohrabdentalclinic,+923136666321,"Unit 311, 3rd floor, Block B, Sami Tower and Medical Complex, PDA Toll Plaza Hayatabad, Ring Road, Peshawar, Peshawar, Khyber Pakhtunkhwa",https://www.businesslist.pk/company/258347/dr-sohrab-dental-clinic,businesslist_pk,scrapy,dentists,2026-08-29T02:51:54.808532+00:00
Dental Surgeons,dentists,https://www.dentalsurgeons.pk,+923004147704,"10Q - Dr. Mateen Fatima road, Gulberg 2, Lahore, Punjab",https://www.businesslist.pk/company/258992/dental-surgeons,businesslist_pk,scrapy,dentists,2026-08-29T02:51:56.664477+00:00
Nazir Dental Surgery,dentists,https://themasterdentist.com/,+923335118005,"Shop No. 1, Sher Ahmed Plaza, Affandi Colony, Sadiqabad, Rawalpindi",https://www.businesslist.pk/company/258616/nazir-dental-surgery,businesslist_pk,scrapy,dentists,2026-08-29T02:51:57.757963+00:00
Ahaf Surgico,dentists,,0092524263409,"Khadim Ali Road Sialkot, Sialkot, Punjab",https://www.businesslist.pk/company/240725/ahaf-surgico,businesslist_pk,scrapy,dentists,2026-08-29T02:51:59.768082+00:00
Smile Line - Dental Clinic Lahore,dentists,http://www.facebook.com/smilelineclinic,0344 4646707,"22 / 2 Main Infantry Road Lahore Cantt, Lahore, Punjab",https://www.businesslist.pk/company/240848/smile-line-dental-clinic-lahore,businesslist_pk,scrapy,dentists,2026-08-29T02:52:01.899090+00:00
Nanjing Al-Heera Inc,dentists,http://nahe786.all.biz/,923328679622,"5-Usman Park, Khadim Ali Road, Sialkot, Punjab",https://www.businesslist.pk/company/240422/nanjing-al-heera-inc,businesslist_pk,scrapy,dentists,2026-08-29T02:52:04.138741+00:00
Oladoc,wellness,https://oladoc.com/,042 32500977,"290 CCA Sector FF, DHA Phase IV, Lahore, Pakistan, Lahore, Punjab",https://www.businesslist.pk/company/249028/oladoc,businesslist_pk,scrapy,wellness,2026-08-29T02:52:06.423000+00:00
Pakistan Kidney and Liver Institute and Research Center,wellness,http://www.pkli.org.pk,+92 42 111 117 554,"PKLI-RC Pakistan Kidney &amp; Liver Institute &amp; Research Center, opposite DHA Phase-6, Sector E Chota Mota Singh, Lahore, Punjab 54000, Lahore",https://www.businesslist.pk/company/256061/pakistan-kidney-and-liver-institute-and-research-center,businesslist_pk,scrapy,wellness,2026-08-29T02:52:07.308510+00:00
HumWell,wellness,https://www.humwell.com,+92 213 717 0000,"1D, 27, Sector 30 Korangi Industrial Area, Karachi, Karachi City, Sindh 74900, Karachi",https://www.businesslist.pk/company/255603/humwell,businesslist_pk,scrapy,wellness,2026-08-29T02:52:08.999113+00:00
Pool &amp; Ponds Systems,wellness,http://www.poolandponds.pk,051-2352551,"# 9-A,  1st Floor,  Adnan Plaza,  Markaz G-10,  Islamabad 44000,  Punjab,  Pakistan, Islamabad, Islamabad Capital Territory",https://www.businesslist.pk/company/117936/poolponds-systems,businesslist_pk,scrapy,wellness,2026-08-29T02:52:11.160962+00:00
Galaxy Pharma (pvt) Ltd,wellness,http://www.galaxypharma.com,"(92 21) 35148111, 35148115, +92 21 35148111 5","D-180, Rojhan Street, Block-5, Clifton, Karachi",https://www.businesslist.pk/company/238734/galaxy-pharma-pvt-ltd,businesslist_pk,scrapy,wellness,2026-08-29T02:52:13.261620+00:00
Mymacom,wellness,http://mymacom.com,+92 300 855 1844,"4th Floor, 6th Building, Jinnah Boulevard - West, Main G.T. Rd, adjacent Gate # 1, Sector A DHA Phase II, Islamabad, Islamabad Capital Territory 45700, Islamabad",https://www.businesslist.pk/company/256737/mymacom,businesslist_pk,scrapy,wellness,2026-08-29T02:52:14.643183+00:00
The Recovery House,wellness,https://therecoveryhouse.org/,+92 21 34546364,"156 Tipu Sultan Rd, Kathiawar Society Block A Kathiawar Society, Karachi, Karachi City, Sindh, Karachi",https://www.businesslist.pk/company/257131/the-recovery-house,businesslist_pk,scrapy,wellness,2026-08-29T02:52:16.387795+00:00
Skn Cosmetics,wellness,https://www.skncosmetics.com/cosmetic-surgery/facelift/,"03401489907, +92 332 5488777","F-7, Islamabad, Islamabad Capital Territory",https://www.businesslist.pk/company/249757/skn-cosmetics,businesslist_pk,scrapy,wellness,2026-08-29T02:52:18.252919+00:00
Qarshi Industries (pvt) Pvt Ltd,wellness,http://www.qarshi.com,"92-42-7589269 / 7552125, +92 42 111 200 300","149 Ferozepur Road, Near Jamia Ashrafia, P.O. Box: 54000, Lahore, Punjab",https://www.businesslist.pk/company/221699/qarshi-industries-pvt-pvt-ltd,businesslist_pk,scrapy,wellness,2026-08-29T02:52:20.143245+00:00
Global Pharmaceuticals,wellness,http://www.globalpharmaceuticalspk.com,"+92 51 4492033, +92 51 4490817, +92 51 449 3022 24","Plot #204-205, Inds&#039;l Area, Kahuta Road, Islamabad, Islamabad Capital Territory",https://www.businesslist.pk/company/192847/global-pharmaceuticals,businesslist_pk,scrapy,wellness,2026-08-29T02:52:22.361384+00:00
Zaryans Consulting,wellness,https://zaryansgroup.com,+92 051 4441081,"St 6, I-10/3 I 10/3 I-10, Islamabad, Islamabad Capital Territory, Islamabad",https://www.businesslist.pk/company/257257/zaryans-consulting,businesslist_pk,scrapy,wellness,2026-08-29T02:52:23.847082+00:00
Nabiqasim Industries (pvt) Ltd.,wellness,http://www.nabiqasim.com,"(92 21) 32214031-32, 32629882, 32633569, UAN : (92 21) 111-742-762","#507-510,5th Floor,Commerce Centre,Hasrat Mohani Road, Karachi, Sindh",https://www.businesslist.pk/company/190225/nabiqasim-industries-pvt-ltd,businesslist_pk,scrapy,wellness,2026-08-29T02:52:25.681710+00:00
Clickkebay.com,wellness,https://clickkebay.com,+923029144499,"f7, Islamabad",https://www.businesslist.pk/company/258024/clickkebaycom,businesslist_pk,scrapy,wellness,2026-08-29T02:52:26.918287+00:00
Herbion Naturals,wellness,https://www.pk.herbion.com/,+92 (21) 111503111,"Plot # 30, Sector 28, Korangi Industrial Area, Karachi- Pakistan, Karachi, Sindh",https://www.businesslist.pk/company/250586/herbion-naturals,businesslist_pk,scrapy,wellness,2026-08-29T02:52:28.592510+00:00
MedznMore,wellness,https://www.medznmore.com/,+92 (304) 111 8633,"Main Shahrah-e-Faisal Rd, Muhammad Ali Chs (Machs), Karachi, Karachi City, Sindh 75350, Karachi",https://www.businesslist.pk/company/255214/medznmore,businesslist_pk,scrapy,wellness,2026-08-29T02:52:29.940168+00:00
Healthwire,wellness,https://healthwire.pk/,+9242-32500989,"57 Mian Mehmood Ali Kasoori Rd, Block B3 Block B 3 Gulberg III, Lahore, Punjab 54000, Lahore",https://www.businesslist.pk/company/255862/healthwire,businesslist_pk,scrapy,wellness,2026-08-29T02:52:31.921505+00:00
Naya Jeevan,wellness,https://naya-jeevan.com/,+92 318 111 0900,"C-4-C Basement, 6th Commercial Lane, Khayaban-e-Ittehad, PhaseVI, DHA, Ittehad Commercial Area Phase 6 Defence Housing Authority, Karachi, Karachi City, Sindh 75500, Karachi",https://www.businesslist.pk/company/256877/naya-jeevan,businesslist_pk,scrapy,wellness,2026-08-29T02:52:34.248254+00:00
Brookes Pharmaceutical Laboratories (pakistan) Ltd.,wellness,http://www.brookespharma.com,9221-5066282 / 5066280 / 5066281 / 5064469," Sector No.15 Korangi Industrial Area, Sindh, Karachi, Sindh",https://www.businesslist.pk/company/114573/brookes-pharmaceutical-laboratories-pakistan-ltd,businesslist_pk,scrapy,wellness,2026-08-29T02:52:35.750004+00:00
Ferozsons Laboratories Ltd.,pharmacies,http://www.ferozsons-labs.com,"9242-7321317, +92-42-36026700"," 8-Bank Square Shahrah-e-Quaid-e-Azam, Punjab, Lahore, Punjab",https://www.businesslist.pk/company/114904/ferozsons-laboratories-ltd,businesslist_pk,scrapy,pharmacies,2026-08-29T02:52:37.987270+00:00
Buy Crystal Meth Online,pharmacies,,2027097339,"123 Fifth Avenue,, Mardan, Gilgit-Baltistan",https://www.businesslist.pk/company/258994/buy-crystal-meth-online,businesslist_pk,scrapy,pharmacies,2026-08-29T02:52:39.322927+00:00
Crocus Scientific Trading,pharmacies,http://www.crocusscientific.com,03334224578,"173/B Raja center Main Market Gulberg II Lahore, Lahore, Punjab",https://www.businesslist.pk/company/246222/crocus-scientific-trading,businesslist_pk,scrapy,pharmacies,2026-08-29T02:52:41.426047+00:00
Care Pharmacy,pharmacies,http://www.finepackages.com,"+92 41 8503533, +92 51 843 2273","MAIN Susan Road, Block Z Madina Town, Faisalabad, Punjab 38000, Faisalabad, Punjab",https://www.businesslist.pk/company/183859/care-pharmacy,businesslist_pk,scrapy,pharmacies,2026-08-29T02:52:43.571347+00:00
Online Pharmacy Store In Pakistan,pharmacies,https://www.pharmacyplus.pk,03002935588,"Al-Shifa Pharmacy Shaheed Road Mian Channu, Khanewal, Punjab",https://www.businesslist.pk/company/250696/online-pharmacy-store-in-pakistan,businesslist_pk,scrapy,pharmacies,2026-08-29T02:52:45.750198+00:00
Bionix Life Sciences,pharmacies,http://bionix.pk/wp/,042-35942130,"M-78, Zainab Tower, Model Town Link Road, Lahore, Lahore, Punjab",https://www.businesslist.pk/company/241860/bionix-life-sciences,businesslist_pk,scrapy,pharmacies,2026-08-29T02:52:47.665471+00:00
Leven Medical Care,pharmacies,http://www.memethol-pk.com,"(042) 35403666, (042) 35403667"," 8-C Shah Jamal Rd, Fazlia Colony, Lahore, Lahore, Punjab",https://www.businesslist.pk/company/250454/leven-medical-care,businesslist_pk,scrapy,pharmacies,2026-08-29T02:52:49.697533+00:00
TIB Pvt Ltd,pharmacies,http://www.tibltd.com.pk,+923013750036,"Amin Medicine Market 5th Floor Office 117, Quetta, Balochistan",https://www.businesslist.pk/company/197434/tib-pvt-ltd,businesslist_pk,scrapy,pharmacies,2026-08-29T02:52:51.597901+00:00
CSH Pharmacy,pharmacies,https://cshpharmacy.com.pk/,03054441162,"Main Market, Gulberg, Lahore, Pakistan, Lahore, Punjab",https://www.businesslist.pk/company/258997/csh-pharmacy,businesslist_pk,scrapy,pharmacies,2026-08-29T02:52:53.394371+00:00
Dr. Hamid&#039;s Baba-e-Homeopathy,pharmacies,http://www.babaehomeopathy.com,36672211,"Main Office: 69, Commercial area, Cavalry Ground, Lahore Cantt., Lahore, Punjab",https://www.businesslist.pk/company/243695/dr-hamids-baba-e-homeopathy,businesslist_pk,scrapy,pharmacies,2026-08-29T02:52:55.283005+00:00
Meri Pharmacy,pharmacies,https://meripharmacy.pk/,03000446767,"B-280, Sector 6F, Mehran Town, Korangi Industrial Area, Karachi 74900, Pakistan, Karachi, Sindh",https://www.businesslist.pk/company/259003/meri-pharmacy,businesslist_pk,scrapy,pharmacies,2026-08-29T02:52:57.439409+00:00
Vega Pharmaceutical (Pvt) Ltd,pharmacies,https://www.facebook.com/Vega-Pharmaceuticals-366631766802630/,"04235911681, 04235911682","85-A BABAR BLOCK, NEW GARDEN TOWN, LAHORE, Lahore, Punjab",https://www.businesslist.pk/company/240257/vega-pharmaceutical-pvt-ltd,businesslist_pk,scrapy,pharmacies,2026-08-29T02:52:59.268711+00:00
Luckystore.pk,pharmacies,,+923092629693,"Nazimabad karachi, Karachi",https://www.businesslist.pk/company/258620/luckystorepk,businesslist_pk,scrapy,pharmacies,2026-08-29T02:53:00.742626+00:00
Sigma Scientific Private Limited,pharmacies,https://www.sigmascientific.com.pk,+923029722220,"Ground Floor, Gulshan Plaza, H-13, Golra Morr, Peshawar Road, Islamabad., Islamabad",https://www.businesslist.pk/company/258591/sigma-scientific-private-limited,businesslist_pk,scrapy,pharmacies,2026-08-29T02:53:01.735300+00:00
Ahsan Medicine Co.,pharmacies,https://www.facebook.com/ahsanmedicinecompany/,"9261-4572527, 9261- 4573060, +92 347 7003077","Nishtar Rd, Justice Hamid Colony, Multan, Punjab",https://www.businesslist.pk/company/114257/ahsan-medicine-co,businesslist_pk,scrapy,pharmacies,2026-08-29T02:53:02.743718+00:00
Cotton Craft Pvt Ltd.,pharmacies,http://www.cottoncraftpvt.com,+923218877665,"Plot No 407, 408 Sundar Industrial Estate Lahore, Lahore, Punjab",https://www.businesslist.pk/company/224533/cotton-craft-pvt-ltd,businesslist_pk,scrapy,pharmacies,2026-08-29T02:53:03.958555+00:00
Barri Tarditional Pharma,pharmacies,http://www.SnoringTreatment.com,+923128206006,"Barri Traditional Pharma 6Main Tariq Abad Road Khokharki GRW, Gujranwala, Punjab",https://www.businesslist.pk/company/243418/barri-tarditional-pharma,businesslist_pk,scrapy,pharmacies,2026-08-29T02:53:06.116791+00:00
Sonowell,pharmacies,http://www.facebook/adnansonowell,+924235922950,"17 KM FEROZEPUR ROAD LAHORE, Lahore, Punjab",https://www.businesslist.pk/company/243564/sonowell,businesslist_pk,scrapy,pharmacies,2026-08-29T02:53:08.143587+00:00
Chemicalssuppliers,pharmacies,http://chemicals-suppliers.com,13303621075,"1390 W. 5th Ave. Columbus. OH 43212, Dera Ghazi Khan, Gilgit-Baltistan",https://www.businesslist.pk/company/248263/chemicalssuppliers,businesslist_pk,scrapy,pharmacies,2026-08-29T02:53:10.297875+00:00
Makki Herbal Laboratories (Private) Limited,pharmacies,http://www.makkiherbals.com,"021-36983054, 36982949","Plot # LS-69-70, Sector 11-I, North Karachi., Karachi, Sindh",https://www.businesslist.pk/company/246429/makki-herbal-laboratories-private-limited,businesslist_pk,scrapy,pharmacies,2026-08-29T02:53:12.476954+00:00
Ras patches,printing,,+92 3134172222,"Shahab pura phatak, Sialkot",https://www.businesslist.pk/company/258921/ras-patches,businesslist_pk,scrapy,printing,2026-08-29T02:53:41.854177+00:00
Printing Professionals,printing,,+92 42 37420328 &amp;amp; 29,"Hall # 3 basement Al-Qartaba Complex , 8 - Jail Road, Lahore - Pakistan, Lahore, Punjab",https://www.businesslist.pk/company/242228/printing-professionals,businesslist_pk,scrapy,printing,2026-08-29T02:53:51.101818+00:00
Burak GlobeMax,lawyers,http://servicesinpakistan.com,+923234213326,"Office No. 15, 2nd floor,, Lahore, Punjab",https://www.businesslist.pk/company/241222/burak-globemax,businesslist_pk,scrapy,lawyers,2026-08-29T02:53:53.244245+00:00
Cbrm,legal services,,Tel: +92 (51) 2150014 Tel: +92 (51) 2150015,"Office # 102, First Floor, 87-East, Azeem Mansion Fazal-e-Haq Road, Blue Area, Islamabad, Islamabad Capital Territory",https://www.businesslist.pk/company/242344/cbrm,businesslist_pk,scrapy,legal-services,2026-08-29T02:53:55.361264+00:00
Mega Book Traders,solicitors,,+92 21 2215477,"G-2 KOH-E-NOOR SQUARE, PAKISTAN CHOWK, Sindh, Karachi, Sindh",https://www.businesslist.pk/company/123237/mega-book-traders,businesslist_pk,scrapy,solicitors,2026-08-29T02:53:57.137369+00:00
Fast Printing Press  Advertisers,printing,https://fastprinters.blogspot.com,03144127679,"Mughalpura, Lahore, Punjab, Pakistab, Lahore, Punjab",https://www.businesslist.pk/company/248533/fast-printing-press-advertisers,businesslist_pk,scrapy,printing,2026-08-29T02:53:59.183916+00:00
Unipak Enterprises,printing,http://www.unipakenterprises.com,+92 21 35881321-4," 21st commercial street, D.H.A phase 2 Ext.. Karachi, Karachi, Sindh",https://www.businesslist.pk/company/244717/unipak-enterprises,businesslist_pk,scrapy,printing,2026-08-29T02:54:01.367082+00:00
Experts Desk,printing,http://expertsdesk.net/contact.html,"+92 (0423) 5771 947, +92 321 4454649","office # 8, ground floor, al-hafeez suites, 69-b-ii, gulberg-iii, lahore, Lahore, Punjab",https://www.businesslist.pk/company/250187/experts-desk,businesslist_pk,scrapy,printing,2026-08-29T02:54:02.994104+00:00
Print Tone Printers,printing,http://www.facebook.com/printtoneprinters,0992413111,"Missile Chowk, Mandian, Opp. Veterniary Hospital, Near BloomHall School, PMA Link Road, Mandian, Abbottabad., Abbottabad, Khyber Pakhtunkhwa",https://www.businesslist.pk/company/252313/print-tone-printers,businesslist_pk,scrapy,printing,2026-08-29T02:54:05.199692+00:00
TNS Digital,printing,http://www.tnsdigital.net,03218478342,"164-P Gulberg III, Lahore, Lahore, Punjab",https://www.businesslist.pk/company/240923/tns-digital,businesslist_pk,scrapy,printing,2026-08-29T02:54:07.082099+00:00
Brand Ambitious,printing,http://www.brandambitious.com,02137224512,"B-9, Block 13 D-2, Gulshan-e-Iqbal, Karachi , Karachi, Sindh",https://www.businesslist.pk/company/252275/brand-ambitious,businesslist_pk,scrapy,printing,2026-08-29T02:54:08.727802+00:00
Printistan,printing,http://www.facebook.com/printistan,03035699587,"Shop No. LG-155, Malikabad Shopping Mall, Murree Road, Rawalpindi 46000, Rawalpindi, Punjab",https://www.businesslist.pk/company/246641/printistan,businesslist_pk,scrapy,printing,2026-08-29T02:54:09.717914+00:00
Print Corner,printing,http://www.printcorner.pk,03218231013,"Shop # 2، R-30 Sec، near Anchor Mart، Sector 15-A/2 Sector 15 A 2 Buffer Zone, Karachi, Sindh, Karachi, Sindh",https://www.businesslist.pk/company/254184/print-corner,businesslist_pk,scrapy,printing,2026-08-29T02:54:11.087150+00:00
Emenac,printing,http://www.emenac.com,042-35293939,"10 Commercial Building, 1st floor Tech Society, Canal Road Lahore, Lahore, Punjab",https://www.businesslist.pk/company/248056/emenac,businesslist_pk,scrapy,printing,2026-08-29T02:54:13.144451+00:00
Print365,printing,https://print365pk.com/,03369365365,"Office No 11, B-Block , 2nd Floor, Ghakkar Plaza, Bank Road, Saddar, Rawalpindi, Punjab",https://www.businesslist.pk/company/252378/print365,businesslist_pk,scrapy,printing,2026-08-29T02:54:15.395093+00:00
Printoscan,printing,http://www.printoscan.com,0423-7171212,"251, Rivaz, garden market, Lahore, Pakistan, 251, Rivaz, garden market, Lahore, Pakistan, Lahore, Punjab",https://www.businesslist.pk/company/244918/printoscan,businesslist_pk,scrapy,printing,2026-08-29T02:54:17.352567+00:00
Websightpro,printing,http://www.websightpro.com,03308529818,"716, 7th floor, Mashriq center, block 14, Gulshan e iqbal, Karachi, Sindh",https://www.businesslist.pk/company/253460/websightpro,businesslist_pk,scrapy,printing,2026-08-29T02:54:19.182086+00:00
Pure Suppliers,printing,http://www.puresupplierateam.com,+92-21-34392204,"A9, 1st Floor, Humera Center, 188/1-A, Block-2. PECHS, Nursary Karachi, Karachi, Sindh",https://www.businesslist.pk/company/245146/pure-suppliers,businesslist_pk,scrapy,printing,2026-08-29T02:54:20.299613+00:00
Smart Office,printing,http://www.smartoffice.com.pk,0812875610,"Shop No.03, Aziz Plaza, Tahir Khan Road , Corner Fatima Jinah Road Quetta, Quetta, Balochistan",https://www.businesslist.pk/company/242970/smart-office,businesslist_pk,scrapy,printing,2026-08-29T02:54:22.549424+00:00
Berthold Print Bhd,printing,http://www.bertholdprinthead.com/,+92 (0)81 288021386,"Suite H-003, supreme castle, block-31, gulistan-e-johar Karachi., Quetta, Balochistan",https://www.businesslist.pk/company/242614/berthold-print-bhd,businesslist_pk,scrapy,printing,2026-08-29T02:54:24.153475+00:00
Beacon Enterprises (Printing Service Provider),printing,http://www.logodesignix.com,051-5773932,"Off. # 101, 1st Floor, Aftab Plaza, Circular Road, Banni Chowk, Rawalpindi, Punjab",https://www.businesslist.pk/company/241371/beacon-enterprises-printing-service-provider,businesslist_pk,scrapy,printing,2026-08-29T02:54:26.357459+00:00
7M Brand International,printing,http://www.7mbrand.com/,+92-42-36813131,"16-B, Shalimar Link Road, Lahore Pakistan, Lahore, Punjab",https://www.businesslist.pk/company/242849/packtech-seal,businesslist_pk,scrapy,printing,2026-08-29T02:54:27.844548+00:00
Fast Solutions,printing,http://www.fastsolutions.com.pk,+ 92 42 3 5771199,"Office # 7, Second Floor, Gulburg Center, Main Boulevard Road, opposite PACE, Gulburg III, Lahore, Punjab",https://www.businesslist.pk/company/241178/fast-solutions,businesslist_pk,scrapy,printing,2026-08-29T02:54:30.065169+00:00
Online Printing Service in Pakistan,printing,http://onlineprintingservice.com.pk/,923008431988,"243 Rivaz Garden Market &amp;  15 Rivaz Garden Lahore, Lahore, Punjab",https://www.businesslist.pk/company/246888/online-printing-service-in-pakistan,businesslist_pk,scrapy,printing,2026-08-29T02:54:32.243441+00:00
Counsel&#039;s Co.,solicitors,,+92-21-4254455,"Unit No10/17, 10th, Floor, M. A. Jinnah Road, Sindh, Karachi, Sindh",https://www.businesslist.pk/company/123222/counsels-co,businesslist_pk,scrapy,solicitors,2026-08-29T02:54:33.584189+00:00
Badami Law Associates,solicitors,,"+92-21-5658857, 5658858, 5658859","210, 2nd Floor, Beaumont Plaza, Beaumont Road, Sindh, Karachi, Sindh",https://www.businesslist.pk/company/103101/badami-law-associates,businesslist_pk,scrapy,solicitors,2026-08-29T02:54:35.816201+00:00
G. H. Syed &amp; Company,solicitors,,+92-21-4386194,"Suite # 101, Madina Terrace 801-C, Central Commercial Area, P. E. C. H. S., Sindh, Karachi, Sindh",https://www.businesslist.pk/company/123223/g-h-syedcompany,businesslist_pk,scrapy,solicitors,2026-08-29T02:54:37.963220+00:00
Khan &amp; Associates (attorneys at Law),solicitors,,9251-2870020 / 2870019,"House #4, F-7/4, Capital, Islamabad",https://www.businesslist.pk/company/123441/khanassociates-attorneys-at-law,businesslist_pk,scrapy,solicitors,2026-08-29T02:54:39.732309+00:00
Kakakhel Law Associates,solicitors,,00923339167424,"36/C 2nd Floor, Cantonment Plaza, Peshawar Cantt, NWFP, Peshawar",https://www.businesslist.pk/company/123231/kakakhel-law-associates,businesslist_pk,scrapy,solicitors,2026-08-29T02:54:40.635545+00:00
Baisoya Associates,solicitors,,"+92 21 35671909, 35210736","First Floor, Modern Motor House, Beaumont Road, Sindh, Karachi, Sindh",https://www.businesslist.pk/company/123218/baisoya-associates,businesslist_pk,scrapy,solicitors,2026-08-29T02:54:42.506731+00:00
Lawyers For Human Rights &amp; Legal Aid (Lhrla),solicitors,,Tel: 021-35219902/0213-5674031   UAN: 111-91-922,"D-1, First Floor, Court View Apartment, Opposite Sindh Assembly Building, Court Road, Karachi, Karachi, Sindh",https://www.businesslist.pk/company/123464/lawyers-for-human-rightslegal-aid-lhrla,businesslist_pk,scrapy,solicitors,2026-08-29T02:54:44.463728+00:00
Aziz A. Shaikh &amp; Co. Advocates &amp; Solicitors,solicitors,,9221-2315661 / 2315663 / 2310479,"A&amp;K Chambers 14-West Wharf Rd., Sindh, Karachi, Sindh",https://www.businesslist.pk/company/123359/aziz-a-shaikhco-advocatessolicitors,businesslist_pk,scrapy,solicitors,2026-08-29T02:54:46.615884+00:00
Ashraf &amp; Ashraf Law Firm,solicitors,,+9204235314606,"553 Q Block Johar Town Lahore, Punjab, Lahore, Punjab",https://www.businesslist.pk/company/123214/ashrafashraf-law-firm,businesslist_pk,scrapy,solicitors,2026-08-29T02:54:48.212890+00:00
Ihsan-ul-haq Bhatti Advocate,solicitors,,9255-4211864," G.T. Road Opp: Railway Station, Punjab, Gujranwala, Punjab",https://www.businesslist.pk/company/98301/ihsan-ul-haq-bhatti-advocate,businesslist_pk,scrapy,solicitors,2026-08-29T02:54:49.839495+00:00
Azam &amp; Rai,solicitors,,9242-7211702 / 7211701," Al-Vakil Building 3/9 Fane Road, Punjab, Lahore, Punjab",https://www.businesslist.pk/company/123353/azamrai,businesslist_pk,scrapy,solicitors,2026-08-29T02:54:51.499579+00:00
Khan &amp; Associates (attorneys at Law),solicitors,,9242-5760108 / 5760107,"5-E/2, Gulberg-II, Punjab, Lahore, Punjab",https://www.businesslist.pk/company/123442/khanassociates-attorneys-at-law,businesslist_pk,scrapy,solicitors,2026-08-29T02:54:53.207884+00:00
M/s.amin &amp; Musani Associates,solicitors,,"356-444-88, 3425-1205","Suite # 106, First Floor, Glass Tower, Adjacent PSO House, 3 Talwaar, Clifton, Karachi., Karachi, Sindh",https://www.businesslist.pk/company/235325/msaminmusani-associates,businesslist_pk,scrapy,solicitors,2026-08-29T02:54:54.746062+00:00
Azim&amp;Azim Law Associates,solicitors,,92-042-37234456," 4-Mozang Road Lahore-PAKISTSN, Punjab, Lahore, Punjab",https://www.businesslist.pk/company/123217/azimazim-law-associates,businesslist_pk,scrapy,solicitors,2026-08-29T02:54:56.996612+00:00
Ghani Law Associates,solicitors,,9221-5214327 / 5218295,"31, Saddar, Sindh, Karachi, Sindh",https://www.businesslist.pk/company/103242/ghani-law-associates,businesslist_pk,scrapy,solicitors,2026-08-29T02:54:59.002246+00:00
Naeem Law Associates,solicitors,,0321-4918563,"Off # 11-12 Al-Majeed Center Link Farid kot Road Lahore, punjab, Lahore, Punjab",https://www.businesslist.pk/company/123239/naeem-law-associates,businesslist_pk,scrapy,solicitors,2026-08-29T02:55:00.307359+00:00
Naeem Law Associates,solicitors,,0321-4918563,"lahore, Punjab, Lahore, Punjab",https://www.businesslist.pk/company/123238/naeem-law-associates,businesslist_pk,scrapy,solicitors,2026-08-29T02:55:02.506831+00:00
Asma Law Associates,solicitors,,00923006622189,"1 DISTRICT COURTS, FAISALABAD, 4 MOZANG ROAD, LAHORE, PAKISTAN, LAHORE, Punjab, Lahore, Punjab",https://www.businesslist.pk/company/123215/asma-law-associates,businesslist_pk,scrapy,solicitors,2026-08-29T02:55:03.806609+00:00
IntegraScreen Pakistan Ltf,solicitors,,92-21-5309933," Clifton Block4, Sindh, Karachi, Sindh",https://www.businesslist.pk/company/123227/integrascreen-pakistan-ltf,businesslist_pk,scrapy,solicitors,2026-08-29T02:55:05.977059+00:00
AMC (Accounts &amp; Management Consultant),legal services,,0321-2890075,"205,Anum Blessing, KCHS shahrah-e-Faisal Khi., Karachi, Sindh",https://www.businesslist.pk/company/246045/amc-accountsmanagement-consultant,businesslist_pk,scrapy,legal-services,2026-08-29T02:55:08.298851+00:00
PAK &amp; UAE Criminal Defense Intervention Advocates,legal services,,"923332244634, 923002176393","Suite # F—6, Mezzanine Floor, Mehran Centre Facing Raabi Centre, Main Tariq Road, Karachi—75400; Pakistan., Karachi, Sindh",https://www.businesslist.pk/company/235520/pakuae-criminal-defense-intervention-advocates,businesslist_pk,scrapy,legal-services,2026-08-29T02:55:10.359334+00:00
Ahsan Shahzad &amp; Associates (ASA),legal services,,,"Office No. 66, Hajvery Complex, 2 Mozang Road, Lahore., Lahore, Punjab",https://www.businesslist.pk/company/241515/the-legal-mentors,businesslist_pk,scrapy,legal-services,2026-08-29T02:55:12.568033+00:00
Professional Consultants Limited,legal services,,2206996-98,"104 Ginza Centre, Jinnah Avenue, Islamabad, Islamabad, Islamabad Capital Territory",https://www.businesslist.pk/company/235343/professional-consultants-limited,businesslist_pk,scrapy,legal-services,2026-08-29T02:55:14.800527+00:00
Aslam Quraishi Law Associates,legal services,,,"Hamza Block, District Courts, Rawalpindi, Rawalpini, Punjab",https://www.businesslist.pk/company/197641/aslam-quraishi-law-associates,businesslist_pk,scrapy,legal-services,2026-08-29T02:55:16.833965+00:00
Sibtain Forensic Laboratory,legal services,,03130233256," Karachi,, Karachi, Sindh",https://www.businesslist.pk/company/241786/sibtain-forensic-laboratory,businesslist_pk,scrapy,legal-services,2026-08-29T02:55:18.642365+00:00
Chaudhry &amp; Co. (Advocates and Legal Consultants),legal services,,04235874478,"117-A, Upper Mall Scheme, Lahore",https://www.businesslist.pk/company/254899/chaudhryco-advocates-and-legal-consultants,businesslist_pk,scrapy,legal-services,2026-08-29T02:55:20.367375+00:00
S. Haider Ali Pirzada &amp; Associates (Advocates &amp; Legal Consultants),legal services,,923332244634,"D.H.A, Karachi, Sindh",https://www.businesslist.pk/company/234917/s-haider-ali-pirzadaassociates-advocateslegal-consultants,businesslist_pk,scrapy,legal-services,2026-08-29T02:55:22.056812+00:00
Forensic Expert Services in Pakistan,legal services,,03363865859,"Karachi,Sukkur,Lahore,Multan, Quetta, Peshawar, Karachi, Sindh",https://www.businesslist.pk/company/243652/forensic-expert-services,businesslist_pk,scrapy,legal-services,2026-08-29T02:55:23.919479+00:00
Cloud servers.pk hosting services,legal services,,0512894601,"ISE Tower Islamabad, Pakistan, Islamabad, Islamabad Capital Territory",https://www.businesslist.pk/company/244556/cloud-serverspk-hosting-services,businesslist_pk,scrapy,legal-services,2026-08-29T02:55:25.619235+00:00
Pakistan Debt Collection,legal services,,+971 50 518 6836,"Islamabad, Islamabad, Islamabad Capital Territory",https://www.businesslist.pk/company/249572/pakistan-debt-collection,businesslist_pk,scrapy,legal-services,2026-08-29T02:55:27.771678+00:00
Arain Law Associates,legal services,,"(92 21) 34389328, 34390480","602,Windsong Place,A-16,Block 7/8,KCHS Union,Shahrah-e-Faisal, Karachi",https://www.businesslist.pk/company/196510/arain-law-associates,businesslist_pk,scrapy,legal-services,2026-08-29T02:55:29.447391+00:00
European Patent Registration and Consulting Services,legal services,,+41 76 709 46 20,"ARI  INTERNATIONAL Law and Trade Anstalt,  c/o. Buerohaus Schreiber , Landtstrasse 140, Postfach 742, 9494 Schaan, Liechtenstein",https://www.businesslist.pk/company/234873/epo-patent-registration-and-consulting-services-gmbh,businesslist_pk,scrapy,legal-services,2026-08-29T02:55:30.979068+00:00
VetsPk.com,legal services,http://www.vetspk.com/,0322 2220253,"1st Floor,shop number 69 Bank square market C block, Model Town, Lahore, 54600, Lahore, Punjab",https://www.businesslist.pk/company/252002/vetspkcom,businesslist_pk,scrapy,legal-services,2026-08-29T02:55:32.938538+00:00
7M Consultant Pvt Ltd,legal services,,`,"Gulshan e Iqbal, Karachi, Sindh",https://www.businesslist.pk/company/243310/7m-consultant-pvt-ltd,businesslist_pk,scrapy,legal-services,2026-08-29T02:55:34.147780+00:00
Aslam Qureshi Law Associates,legal services,,+923215030448,"Hamza Block, Behind Shell Petrol Pump, District Courts, Rawalpindi, Rawalpini, Punjab",https://www.businesslist.pk/company/252049/aslam-qureshi-law-associates,businesslist_pk,scrapy,legal-services,2026-08-29T02:55:35.443338+00:00
The Chamber of Law,lawyers,http://www.chamberoflaw.com.pk,+923007100876,"Office No: 10, Ground Floor, Josh Block District Courts, Rawalpindi., Rawalpindi",https://www.businesslist.pk/company/257920/the-chamber-of-law,businesslist_pk,scrapy,lawyers,2026-08-29T02:55:37.314500+00:00
Law Rehber,lawyers,https://lawrehber.com,+923006896100,"Golden Heights, Nusrat Road, Opp High Court, Multan",https://www.businesslist.pk/company/255120/law-rehber,businesslist_pk,scrapy,lawyers,2026-08-29T02:55:39.495686+00:00
PLD Publishers,lawyers,http://www.pldpublishers.com,042-37356228,"35 NABHA RAOD, Lahore, Punjab",https://www.businesslist.pk/company/242924/pld-publishers,businesslist_pk,scrapy,lawyers,2026-08-29T02:55:41.096112+00:00
Sheheryar Law Associates,lawyers,,0301 8401126,"4-A, Mozang Road, Near Family Hospital, Lahore, Lahore, Punjab",https://www.businesslist.pk/company/243303/sheheryar-law-associates,businesslist_pk,scrapy,lawyers,2026-08-29T02:55:42.719290+00:00
National Environmental Services,lawyers,,"+92 42 37363831, +92 345 8300483","Office #08, 4th floor, SAF center, near high court, Lahore, Pakistan, Lahore, Punjab",https://www.businesslist.pk/company/234812/national-environmental-services,businesslist_pk,scrapy,lawyers,2026-08-29T02:55:44.446448+00:00
Abdul Ghaffar and Sons Overseas Employment,lawyers,http://www.ghaffarsons.com,92514852379,"Suit No 6.A 1st Floor Satellite Shopping Center , Rawalpind, Rawalpindi, Punjab",https://www.businesslist.pk/company/246991/abdul-ghaffar-and-sons-overseas-employment,businesslist_pk,scrapy,lawyers,2026-08-29T02:55:46.655477+00:00
Qureshi Law Associates,lawyers,http://qureshilawassociates.com/,924235740219,"9, Link Farid Kot Road, Lahore, Punjab",https://www.businesslist.pk/company/235450/qureshi-law-associates,businesslist_pk,scrapy,lawyers,2026-08-29T02:55:48.100622+00:00
Hrunp,lawyers,https://hrunpcivilsociety.org,(+92) 3102234223,"C1 own homes block 21, Federal B Industrial Area Karachi,Sindh, Karachi",https://www.businesslist.pk/company/258103/hrunp,businesslist_pk,scrapy,lawyers,2026-08-29T02:55:49.752216+00:00
Tareen Chambers,lawyers,http://www.tareen.com.pk,0300-4184899,"Tareen House, H Block, Architects Society, Lahore, Lahore, Punjab",https://www.businesslist.pk/company/243447/tareen-chambers,businesslist_pk,scrapy,lawyers,2026-08-29T02:55:51.591118+00:00
Printing Speedy,printing,http://www.printingspeedy.com,+92 3204130637,"7 Royal Park Lakshami Chowk, Lahore, Punjab",https://www.businesslist.pk/company/245919/printing-speedy,businesslist_pk,scrapy,printing,2026-08-29T02:55:53.184119+00:00
Ravishing Art,printing,http://ravishingweddinginvitationcards.blogspot.com,+92335 44 51 596,"office no 74, block no 15, near aslam chowk, lahore., Lahore, Punjab",https://www.businesslist.pk/company/241050/ravishing-art,businesslist_pk,scrapy,printing,2026-08-29T02:55:54.936086+00:00
Graphic View,printing,http://www.graphicview.net,042 37361535,"Opp. Karbala Gamay Shah, Mather Street, 3 Lower Mall, Lahore 54000, Lahore, Punjab",https://www.businesslist.pk/company/246488/graphic-view,businesslist_pk,scrapy,printing,2026-08-29T02:55:56.668775+00:00
4 Media Group,printing,https://www.facebook.com/4MediaGroupPrintingServices,0092 412 632131,"Street No.7, Munshi Muhallah Aminpur Bazar, Faisalabad, Punjab",https://www.businesslist.pk/company/243132/4-media-group,businesslist_pk,scrapy,printing,2026-08-29T02:55:58.539371+00:00
Adline Communication,printing,http://www.adlinecommunication.com,03213331933,"Abbot road, basement Elc , Sialkot, Punjab",https://www.businesslist.pk/company/248607/adline-communication,businesslist_pk,scrapy,printing,2026-08-29T02:56:00.184424+00:00
Vision Printers &amp; Graphic Designer,printing,http://www.royalgroupweb.com,(92 21) 32626982,"RAJA &amp; KAUSAR MARKET, SUITE # 30, CAMPBELL ROAD., Karachi, Sindh",https://www.businesslist.pk/company/187607/congo-honorary-consulate,businesslist_pk,scrapy,printing,2026-08-29T02:56:02.050296+00:00
Auraq Publications,printing,https://auraqpublications.com.pk/,+923000571530,"BS-6, Satti Plaza, Near Mubarak Restaurant, Stadium Road, Rawalpindi, Punjab",https://www.businesslist.pk/company/250636/auraq-publications,businesslist_pk,scrapy,printing,2026-08-29T02:56:03.955953+00:00
Sky Vision Print &amp; Design Company,printing,http://wwww.printonline.com.pk,0912567722,"Off# 221 Nadeem Trade Centre, Jangi street, Qissa Khawani Bazar Peshawar, Pakistan, Peshawar, Khyber Pakhtunkhwa",https://www.businesslist.pk/company/242727/sky-vision-print-design-company,businesslist_pk,scrapy,printing,2026-08-29T02:56:05.766978+00:00
Dr. INK | Incite Enterprises,printing,,+923452237551,"Shop # 3, II-B/1, Nazimabad # 2, Karachi, Karachi, Sindh",https://www.businesslist.pk/company/247370/dr-inkincite-enterprises,businesslist_pk,scrapy,printing,2026-08-29T02:56:07.985737+00:00
Art Linx,printing,http://www.artlinx.com.pk,0314 511 3392,"# 191, Malikabad, 6th Road, Murree Road, Rawalpoindi, Islamabad, Islamabad Capital Territory",https://www.businesslist.pk/company/197491/art-linx,businesslist_pk,scrapy,printing,2026-08-29T02:56:09.187319+00:00
A A Printing Company,printing,https://weds.pk/,00923244366376,"MM Alam Road Lahore, Lahore, Punjab",https://www.businesslist.pk/company/197682/a-a-printing-company,businesslist_pk,scrapy,printing,2026-08-29T02:56:10.833143+00:00
SMART Services,printing,https://www.facebook.com/smartpk.services,0945821825,"Saeed Plaza, near Zaraee Tarqiati Bank Limited Balambat Road Timergara Dir Lower , Chakdara, Khyber Pakhtunkhwa",https://www.businesslist.pk/company/245253/smart-services,businesslist_pk,scrapy,printing,2026-08-29T02:56:12.899535+00:00
NewImageGraphicx,printing,http://www.facebook.com/newimagegraphicx,+92-322-5147977,"shop No. 9, Diamand Market, Talwaran Bazar Rawalpindi, Rawalpindi, Punjab",https://www.businesslist.pk/company/235352/newimagegraphicx,businesslist_pk,scrapy,printing,2026-08-29T02:56:14.131852+00:00
Say Cheese Photography,printing,http://www.facebook.com/saycheese.photography,0321-5522081,"I-8/1, Islamabad, Islamabad Capital Territory",https://www.businesslist.pk/company/241517/say-cheese-photography,businesslist_pk,scrapy,printing,2026-08-29T02:56:16.136386+00:00
I Possible,printing,https://www.ipossibles.com,"+92(0)3222202115, +92 4236610202","3rd floor,40-Main Commercial Area,Cavalry ground, Lahore Cantt. Lahore,Punjab,Pakistan, Lahore, Punjab",https://www.businesslist.pk/company/243945/i-possible,businesslist_pk,scrapy,printing,2026-08-29T02:56:17.642342+00:00
Pakistan Wristband Company,printing,https://pwcwristband.com/,03313147000,"26-G Khawaja Arcade aabpara Stop Wahdat Road Lahore, Lahore, Punjab",https://www.businesslist.pk/company/250469/pakistan-wristband-company,businesslist_pk,scrapy,printing,2026-08-29T02:56:19.261809+00:00
Rapid Studio,printing,https://www.facebook.com/paariprint/,03160069027,"​Office No. M-7, Mezzanine Floor, Abdullah Castle, Behind Regional Tax Office, Burns Road, Karachi, Pakistan۔, Karachi, Sindh",https://www.businesslist.pk/company/248125/rapid-studio,businesslist_pk,scrapy,printing,2026-08-29T02:56:20.673241+00:00
The Elegance,printing,http://theelegance.pk,03362268694,"Aman CED Building, IBA Main Campus, Karachi, Sindh",https://www.businesslist.pk/company/250100/the-elegance,businesslist_pk,scrapy,printing,2026-08-29T02:56:22.084774+00:00
First Women Law Firm,solicitors,,03244490209,"61-C Commercial Area,  Cavalry Ground Lahore, Cantt, Lahore, Punjab",https://www.businesslist.pk/company/251307/first-women-law-firm,businesslist_pk,scrapy,solicitors,2026-08-29T02:56:23.567061+00:00
ARK Law Associates,solicitors,,+92 42 5754177,"S-3 Grace Centre, 1-B Canal Park, Lahore, Punjab, Lahore, Punjab",https://www.businesslist.pk/company/123213/ark-law-associates,businesslist_pk,scrapy,solicitors,2026-08-29T02:56:25.254159+00:00
Farhat Nawaz Lodhi,solicitors,,0092514470012,"21, Central Avenue, FAZAIA, 46330, Rawalpndi, Rawalpindi, Islamabad Capital Territory",https://www.businesslist.pk/company/98189/farhat-nawaz-lodhi,businesslist_pk,scrapy,solicitors,2026-08-29T02:56:26.992123+00:00
"Sultan, Qureshi &amp; Kazim - SQK",solicitors,http://www.sqk.com.pk,+92-42 36654018,"128, Tufail Road, Lahore Cantt., Lahore, Punjab",https://www.businesslist.pk/company/197459/sultan-qureshikazim-sqk,businesslist_pk,scrapy,solicitors,2026-08-29T02:56:28.910780+00:00
Faraz Faheem &amp; CO,solicitors,http://www.farazfaheemco.com,03332268632,"FLAT NO 2, 3RD FLOOR KDA BUILDING -B, RAJA GHANZAFAR ROAD SADDAR, Karachi, Sindh",https://www.businesslist.pk/company/253465/faraz-faheemco,businesslist_pk,scrapy,solicitors,2026-08-29T02:56:30.250024+00:00
Alico The Law Firm,solicitors,,+92-42-38719763,"8/3 ANAB CENTRE, ROAD LAHORE, PUNJAB, Lahore, Punjab",https://www.businesslist.pk/company/123212/alico-the-law-firm,businesslist_pk,scrapy,solicitors,2026-08-29T02:56:31.659800+00:00
Mmlaw,solicitors,,02135306047,"3, Mezzanine Floor G1, Himilton Courts, Near Teen Talwar, Block 7 Clifton, Karachi, Karachi, Sindh",https://www.businesslist.pk/company/243388/mmlaw,businesslist_pk,scrapy,solicitors,2026-08-29T02:56:33.676031+00:00
Samrina International,solicitors,,0092-51-2260777,"Office # 14,LONDON PLAZA, GROUND FLOOR, G-9 MARKAZ ISLAMABAD , Islamabad, Islamabad Capital Territory",https://www.businesslist.pk/company/223306/samrina-international,businesslist_pk,scrapy,solicitors,2026-08-29T02:56:34.307878+00:00
Amjad &amp; Co Barristers,solicitors,,00923404920267,"Building No 46, NS2, Naval Anchorage, , Islamabad, Islamabad Capital Territory",https://www.businesslist.pk/company/249212/amjadco-barristers,businesslist_pk,scrapy,solicitors,2026-08-29T02:56:35.705237+00:00
Qazi Law Associates,solicitors,,(92 42) 3 752 3613,"Suite No.22, Taj Arcade, 3rd Floor, 73 Jail Road, Lahore, Lahore, Punjab",https://www.businesslist.pk/company/181354/qazi-law-associates,businesslist_pk,scrapy,solicitors,2026-08-29T02:56:37.387413+00:00
Osmani Law Associates,solicitors,,+92-21-37693551- 34930260,"Suit # 17, 7th Floor, Rimpa Plaza, M. A. Jinnah Road, Pakistan., Sindh, Karachi, Sindh",https://www.businesslist.pk/company/123241/osmani-law-associates,businesslist_pk,scrapy,solicitors,2026-08-29T02:56:39.622640+00:00
Mr. Attorney Anees Advocate High Court,solicitors,http://www.misterattorney.com,03006699012,"21 District Courts, Faisalabad, Faisalabad, Punjab",https://www.businesslist.pk/company/245572/mr-attorney-anees-advocate-high-court,businesslist_pk,scrapy,solicitors,2026-08-29T02:56:41.728756+00:00
SMAR Consultants,solicitors,,92 302 826 7700,"D-24/A, RCHS Phase - II, Sector 34/A, Scheme # 33, KARACHI, Karachi, Sindh",https://www.businesslist.pk/company/241506/smar-consultants,businesslist_pk,scrapy,solicitors,2026-08-29T02:56:43.749934+00:00
Irfan Mir Halepota &amp; Associates,solicitors,http://www.irfanlaw.com,03212057582,"E-26, Glass Tower, Clifton, Karachi, Karachi, Sindh",https://www.businesslist.pk/company/239895/irfan-mir-halepotaassociates,businesslist_pk,scrapy,solicitors,2026-08-29T02:56:45.719314+00:00
Qazi Law Associates,solicitors,,(92 42) 752 3613-4,"Suite 22, Taj Arcade, 73 Jail Road, Punjab, Lahore, Punjab",https://www.businesslist.pk/company/123242/qazi-law-associates,businesslist_pk,scrapy,solicitors,2026-08-29T02:56:47.966850+00:00
Aga Faquir Mohammad,solicitors,,9221-5213375 / 5214801," Uni Shopping Centre Abdullah Haroon Road, Sindh, Karachi, Sindh",https://www.businesslist.pk/company/123310/aga-faquir-mohammad,businesslist_pk,scrapy,solicitors,2026-08-29T02:56:49.603652+00:00
Ali &amp; Associates,solicitors,,9221-4534582 / 4534580 / 4546134 / 4546135,"Suites 6, 7 &amp; 8, Shaheen Towers 23-A, P.E.C.H.S. Shahrah-e-Faisal, Sindh, Karachi, Sindh",https://www.businesslist.pk/company/97938/aliassociates,businesslist_pk,scrapy,solicitors,2026-08-29T02:56:51.163828+00:00
Qasim Bin Sajjad Tangwani Law Associates,solicitors,,03008761995,"226 Metro Plaza Multan, Multan, Punjab",https://www.businesslist.pk/company/253549/qasim-bin-sajjad-tangwani-law-associates,businesslist_pk,scrapy,solicitors,2026-08-29T02:56:52.552708+00:00
Fumigation Experts PK,solicitors,,03353890605,"A30, Block، Block 13D-1 Block 13 D Gulshan-e-Iqbal, Kar1achi, Karachi, Sindh",https://www.businesslist.pk/company/253888/fumigation-experts-pk,businesslist_pk,scrapy,solicitors,2026-08-29T02:56:53.345843+00:00
Tauqeer Tanseer &amp; Company,legal services,http://www.attorney.com.pk,03355127213,"H. No 192, Main Southeast Boulevard, Phase-IV, Bahria town (Pvt) Ltd, Rawalpindi, Punjab",https://www.businesslist.pk/company/196514/tauqeer-tanseercompany,businesslist_pk,scrapy,legal-services,2026-08-29T02:56:54.806093+00:00
Smcyber,legal services,,03201424134,"Ghazi chowk ghazi plaza college road lahore, Lahore, Punjab",https://www.businesslist.pk/company/246395/smcyber,businesslist_pk,scrapy,legal-services,2026-08-29T02:56:56.578103+00:00
Brilliant Management System,legal services,http://bmspk.org/,+92-21-34551799,"Suit No. S-8/9, 2nd Floor, Zain Mall, P.E.C.H.S, Block 02, Main Tariq Road Karachi., Karachi, Sindh",https://www.businesslist.pk/company/241347/brilliant-management-system,businesslist_pk,scrapy,legal-services,2026-08-29T02:56:58.738034+00:00
Anees Advocate High Court,legal services,,+92 300 6699012,"181 Randhawa Law building, District Courts, Faisalabad, Pakistan, Faisalabad, Punjab",https://www.businesslist.pk/company/245449/anees-advocate-high-court,businesslist_pk,scrapy,legal-services,2026-08-29T02:57:00.797969+00:00
Al Tayyab Attestation,legal services,,03344449669,"House# 582 B Block Satellite Town, Rawalpindi, Punjab",https://www.businesslist.pk/company/252900/al-tayyab-attestation,businesslist_pk,scrapy,legal-services,2026-08-29T02:57:03.188603+00:00
Saaz Impex,legal services,,0313-2307429,"FLAT # A-9 3RD FLOOR HAYAT CORNER PHASE 1 SECTOR 10 ANDA MOR NORTH KARACHI, SECTOR 10 ANDA MOR NORTH KARACHI ,KARACHI ,PAKISTAN, Karachi, Sindh",https://www.businesslist.pk/company/252217/saaz-impex,businesslist_pk,scrapy,legal-services,2026-08-29T02:57:04.952988+00:00
Sris Law Group,legal services,,8884377747,"woodstock, Wazirabad, Sindh",https://www.businesslist.pk/company/258982/sris-law-group,businesslist_pk,scrapy,legal-services,2026-08-29T02:57:06.718789+00:00
Nucleus (Pvt) Ltd.,legal services,,021-32001950,"University Road, Karachi, Sindh",https://www.businesslist.pk/company/240228/nucleus-pvt-ltd,businesslist_pk,scrapy,legal-services,2026-08-29T02:57:08.986791+00:00
Marath Law Firm,legal services,,03006680506,"147 District Courts Faisalabad, Faisalabad, Punjab",https://www.businesslist.pk/company/240870/marath-law-firm,businesslist_pk,scrapy,legal-services,2026-08-29T02:57:10.596710+00:00
Abid Nizami Law Associates,legal services,,+92 321 111 4499,"86 plaza Street 2, Y Floor Lahore, 54000, Lahore, Punjab",https://www.businesslist.pk/company/254320/abid-nizami-law-associates,businesslist_pk,scrapy,legal-services,2026-08-29T02:57:12.816922+00:00
Checkers International,legal services,,92 2134327900,"Office # 03, Amber Tower, 22-A, Block 6, P.E.C.H.S, Main Shahrah-e-Faisal, Karachi, , Karachi, Sindh",https://www.businesslist.pk/company/249442/checkers-international,businesslist_pk,scrapy,legal-services,2026-08-29T02:57:14.635375+00:00
The Training Academy,legal services,,03132828290,"G-110 Malir Karachi, Karachi, Sindh",https://www.businesslist.pk/company/245795/the-training-academy,businesslist_pk,scrapy,legal-services,2026-08-29T02:57:16.820976+00:00
Savvy Juris Corporate &amp; IP Attorneys,legal services,http://www.savvyjuris.com,+92-42-36306548,"SAVVY JURIS CORPORATE &amp; IP ATTORNEYS  Head Office Pakistan:  Basement, Munawar Apartments,  Behind Queens Centre, 33/1 Queens Road,  Lahore 54000, Pakistan, Lahore, Punjab",https://www.businesslist.pk/company/240811/savvy-juris-corporateip-attorneys,businesslist_pk,scrapy,legal-services,2026-08-29T02:57:18.842867+00:00
Filer.pk,legal services,,051-2362276,"Office 30 2nd Floor, Alhameed Shopping Mall G-11 Markaz Islamabad , Islamabad, Islamabad Capital Territory",https://www.businesslist.pk/company/252104/filerpk,businesslist_pk,scrapy,legal-services,2026-08-29T02:57:20.495047+00:00
Capital Lawyers,legal services,http://www.capitallaws.com,,"Blue Area islamabad, Islamabad, Islamabad Capital Territory",https://www.businesslist.pk/company/243454/capital-lawyers,businesslist_pk,scrapy,legal-services,2026-08-29T02:57:22.606616+00:00
AL Adl Law Firm,lawyers,,0321-9433854,"211, SECOND FLOOR, ATIF CENTER, 1 TURNER ROAD, LAHORE, Lahore, Punjab",https://www.businesslist.pk/company/243457/al-adl-law-firm,businesslist_pk,scrapy,lawyers,2026-08-29T02:57:24.244282+00:00
Media Express Private Limited,lawyers,http://www.mediaexpress.com.pk,"+92 51 2364432, 2364433","Off # 18; 3rd Floor; Al Hammed Plaza; G-11 Markaz, Islamabad, Islamabad Capital Territory",https://www.businesslist.pk/company/240904/media-circle-private-limited,businesslist_pk,scrapy,lawyers,2026-08-29T02:57:26.253341+00:00
Family Lawyers Karachi,lawyers,https://familylawyerskarachi.com,"3120106843, 03313365257","Karachi, Pakistan, Karachi, Sindh",https://www.businesslist.pk/company/254650/family-lawyers-karachi,businesslist_pk,scrapy,lawyers,2026-08-29T02:57:28.141274+00:00
Mavens,lawyers,,+923057980194,"5th Floor, Building #33-C, Lane # 10, Bukhari Commercial, Phase VI, Defence Housing Authority, Karachi",https://www.businesslist.pk/company/257496/mavens,businesslist_pk,scrapy,lawyers,2026-08-29T02:57:29.900435+00:00
Mahboob Rizvi Law Associates,lawyers,http://www.rizvislaw.com,03003337442,"203 International Auto Parts Market Marston Road Preedy Quarters, 203, Karachi, Sindh",https://www.businesslist.pk/company/253412/mahboob-rizvi-law-associates,businesslist_pk,scrapy,lawyers,2026-08-29T02:57:31.112581+00:00
Internik Estate &amp; Builders,lawyers,http://www.internik.com.pk,03102446050,"Internik Plaza no 124 Spring north phase 7 Bahria Town, Islamabad, Islamabad Capital Territory",https://www.businesslist.pk/company/250309/internik-estatebuilders,businesslist_pk,scrapy,lawyers,2026-08-29T02:57:33.204684+00:00
Spencer West,lawyers,https://www.spencer-west.com/international/pakistan-office,0300 5000 412,"No. 20, Street 29, F-8/1, Islamabad, 44000, Pakistan, Islamabad, Islamabad Capital Territory",https://www.businesslist.pk/company/254592/spencer-west,businesslist_pk,scrapy,lawyers,2026-08-29T02:57:35.556131+00:00
Imaar Associates (Private) Limited,lawyers,http://www.imaarassociates.com,03000839839,"Office No. 38, Floor M-2, Eden Towers, Main Boulevard, Gulberg III, Lahore, Lahore, Punjab",https://www.businesslist.pk/company/248688/imaar-associates-private-limited,businesslist_pk,scrapy,lawyers,2026-08-29T02:57:37.517144+00:00
Farani Taylor &amp; CO,lawyers,https://www.faranitaylor.pk/,04235443300,"Office # 7, 5th Floor, Tele Tower, Model Town Link Road,، Lahore 54000, Lahore, Punjab",https://www.businesslist.pk/company/247022/farani-taylorco,businesslist_pk,scrapy,lawyers,2026-08-29T02:57:38.878487+00:00
"Law Offices of SRIS, P.C.",lawyers,,17036365417,FAIRFAX,https://www.businesslist.pk/company/258980/law-offices-of-sris-pc,businesslist_pk,scrapy,lawyers,2026-08-29T02:57:40.580556+00:00
Umair Panaflex Printing Service,printing,,+923453045670,"Plot 1, Block 2 Nazimabad, Karachi, Karachi",https://www.businesslist.pk/company/258773/umair-panaflex-printing-service,businesslist_pk,scrapy,printing,2026-08-29T02:57:42.521263+00:00
Vital Links,printing,,0322-7273420,"19 LGF, Defence Shopping Mall, D.H.A. Main Blvd,lahore, Lahore, Punjab",https://www.businesslist.pk/company/249828/vital-links,businesslist_pk,scrapy,printing,2026-08-29T02:57:44.615519+00:00
Siyasify,printing,http://www.siyasify.com,+923168087204,"Nowshera, Nowshera, Khyber Pakhtunkhwa",https://www.businesslist.pk/company/247819/siyasify,businesslist_pk,scrapy,printing,2026-08-29T02:57:46.437640+00:00
Print Partner,printing,,,"201, Plot #21-C, Stadium Lane 2, Off. Khayaban e Shamsheer, Phase-V, DHA, Karachi, Sindh",https://www.businesslist.pk/company/258747/print-partner,businesslist_pk,scrapy,printing,2026-08-29T02:57:48.146087+00:00
Minhal International,printing,http://minhalinternational.blogspot.com/,04235831229,"229 Ahmed Block New Garden Town Lahore, Lahore, Punjab",https://www.businesslist.pk/company/245974/minhal-international,businesslist_pk,scrapy,printing,2026-08-29T02:57:50.087736+00:00
Design Media,printing,http://www.designmedia.pk,+92418782999,"OFFICE # 9, MUSLIM TOWN NO.1, SARGODHA ROAD, Faisalabad, Punjab",https://www.businesslist.pk/company/249152/design-media,businesslist_pk,scrapy,printing,2026-08-29T02:57:52.193993+00:00
BrandCo House,printing,https://brandcohouse.com,03332599939,"R-774, Sector 15-A/3, Buffer Zone, Karachi, Karachi, Sindh",https://www.businesslist.pk/company/242382/brandco-house,businesslist_pk,scrapy,printing,2026-08-29T02:57:54.013842+00:00
Book Publishers,printing,,+9299779909,"street 102, auckland, Karachi",https://www.businesslist.pk/company/258779/book-publishers,businesslist_pk,scrapy,printing,2026-08-29T02:57:55.443575+00:00
Stickers.com.pk,printing,https://stickers.com.pk/,03402233455,"University Town Road Peshawar, Peshawar, Khyber Pakhtunkhwa",https://www.businesslist.pk/company/246833/stickerscompk,businesslist_pk,scrapy,printing,2026-08-29T02:57:57.694976+00:00
Design Station,printing,http://www.designstation.pk,04235817061,"PL-12, Siddiq Trade Center, Gulberg II, Lahore., Lahore, Punjab",https://www.businesslist.pk/company/242778/design-station,businesslist_pk,scrapy,printing,2026-08-29T02:57:59.804900+00:00
Qazi Printers,printing,,+92-333-2121938,"Gari Khata, Sindh, Karachi, Sindh",https://www.businesslist.pk/company/128213/qazi-printers,businesslist_pk,scrapy,printing,2026-08-29T02:58:02.019090+00:00
Net IT Matrix,printing,http://www.netitmatrix.com,+92514861278,"Off # 11, 3rd Floor, Executive Center, I-8 Markaz, Islamabad, Islamabad Capital Territory",https://www.businesslist.pk/company/241533/net-it-matrix,businesslist_pk,scrapy,printing,2026-08-29T02:58:03.589246+00:00
Khan Business Products,printing,http://khanbusinessproducts.com,"021-36364027, 021-36364037, 021-36802400-1,","Anwar-ul-uloom, SP-10 Block-10, Gulberg F.B Area, Adjecent Gulberg Police Station, Karachi, Sindh",https://www.businesslist.pk/company/240905/khan-business-products,businesslist_pk,scrapy,printing,2026-08-29T02:58:05.778295+00:00
Makazi International,printing,http://www.makazii.com/,+92 42 35230870,"P-43 Izmir Town, Canal Bank Road, Multan Road, Lahore, Lahore, Punjab",https://www.businesslist.pk/company/242319/bridgetech-international,businesslist_pk,scrapy,printing,2026-08-29T02:58:06.905949+00:00
Tech Vision,printing,http://www.facebook.com/techvisionpk,+923459692481,"The Mall Street, Near GMS, Jehangira Road, Swabi City, KP, Swabi, Khyber Pakhtunkhwa",https://www.businesslist.pk/company/245690/tech-vision,businesslist_pk,scrapy,printing,2026-08-29T02:58:08.869758+00:00
Get instant printing,printing,http://www.getinstantprinting.com,03227702220,"735-E1, Johar Town , Lahore , Pakistan, Lahore, Punjab",https://www.businesslist.pk/company/243387/get-instant-printing,businesslist_pk,scrapy,printing,2026-08-29T02:58:10.614402+00:00
Wristbands Company Asia Pvt Ltd,printing,,+923094121947,"Plot#05, Abubakar Siddique colony, Street#12 Band Rd, Shaheenabad Gulshan-e-Ravi, Lahore, Punjab 51000, Lahore",https://www.businesslist.pk/company/258488/wristbands-company-asia-pvt-ltd,businesslist_pk,scrapy,printing,2026-08-29T02:58:12.423413+00:00
Zuhair Printers,printing,,+923332726371,"Zuhair printers, shop number 17, near Dubai shoes mela, gol building, Hyderabad, Hyderabad",https://www.businesslist.pk/company/258740/zuhair-printers,businesslist_pk,scrapy,printing,2026-08-29T02:58:14.546223+00:00
24Justice.pk,solicitors,,03085510031,"Office 29, Upper Floor, Chauburji Center, Multan Road, Lahore, Lahore, Punjab",https://www.businesslist.pk/company/245206/24justicepk,businesslist_pk,scrapy,solicitors,2026-08-29T02:58:15.826834+00:00
Advocate High Court,solicitors,http://www.misterattorney.com,03006699012,"DISTRICT COURTS, FAISALABAD, Faisalabad, Punjab",https://www.businesslist.pk/company/245962/advocate-high-court,businesslist_pk,scrapy,solicitors,2026-08-29T02:58:18.151648+00:00
GM Associates,solicitors,,03154803230,"70/22 Salamat Pura Road., Lahore, Punjab",https://www.businesslist.pk/company/242979/gm-associates,businesslist_pk,scrapy,solicitors,2026-08-29T02:58:19.898651+00:00
Sk.Bukhari Law Solutions,solicitors,https://skbukharilawsol.com,+923006439340,"325-326 Kiyani Chambers Session Courts Gujranwala, Gujranwala",https://www.businesslist.pk/company/258134/skbukhari-law-solutions,businesslist_pk,scrapy,solicitors,2026-08-29T02:58:21.881045+00:00
Waqas &amp; Waqas Law Associates,solicitors,,Ph: +92-42-37352263,"Lawyers Inc 1st floor Erum building 9 fane road, Lahore., Lahore, Punjab",https://www.businesslist.pk/company/241521/waqaswaqas-law-associates,businesslist_pk,scrapy,solicitors,2026-08-29T02:58:23.560634+00:00
Star Enterprises,solicitors,http://website-255674587534991746392-notarypublic.business.site/,03003216700,"Jam Sahib Near Firdous Masjid old Nawabshah, Nawabshah, Sindh",https://www.businesslist.pk/company/247517/star-enterprises,businesslist_pk,scrapy,solicitors,2026-08-29T02:58:25.415289+00:00
Naeem Law Associates,solicitors,,03121468631,"Mall road, Lahore, Punjab",https://www.businesslist.pk/company/242873/naeem-law-associates,businesslist_pk,scrapy,solicitors,2026-08-29T02:58:27.486277+00:00
Pasha&#039;s Associates &amp; Consultants,solicitors,http://www.legalpasha.com,03335054544,"HOUSE 148, STREET 54, SECTOR G10/3 ISLAMABAD, Islamabad, Islamabad Capital Territory",https://www.businesslist.pk/company/253180/pashas-associatesconsultants,businesslist_pk,scrapy,solicitors,2026-08-29T02:58:29.392519+00:00
Samdani &amp; Qureshi,solicitors,http://www.samdaniqureshi.com,2111595,"32-A, street 38, Main Nazim Ud Din Road, Sector F-10/4, Islamabad, Islamabad Capital Territory",https://www.businesslist.pk/company/253738/samdaniqureshi,businesslist_pk,scrapy,solicitors,2026-08-29T02:58:31.082675+00:00
Call a Lawyer,solicitors,https://callalawyer.pk,+92 313 4964341,"Street no. 7 House no. 4, Prem Nagar, Lahore, 54000, Lahore",https://www.businesslist.pk/company/258120/call-a-lawyer,businesslist_pk,scrapy,solicitors,2026-08-29T02:58:32.974128+00:00
M. Saleem Shaikh &amp; Associates,solicitors,http://www.mssassociates.com.pk,"9221-5680773 / 5689032, +92 300 0043432","409, Behind PIDC House, Sindh, Karachi, Sindh",https://www.businesslist.pk/company/103352/m-saleem-shaikhassociates,businesslist_pk,scrapy,solicitors,2026-08-29T02:58:35.038263+00:00
Bharucha &amp; Co.,solicitors,http://www.bharuchaco.com,"9221-2633801 / 2218405, +92 21 35379544"," Commerce Centre Hasrat Mohani Road, Sindh, Karachi, Sindh",https://www.businesslist.pk/company/98041/bharuchaco,businesslist_pk,scrapy,solicitors,2026-08-29T02:58:36.919542+00:00
Aazad law associates,solicitors,http://www.lawyerinlahore.com,00923464465967,"Mozang, Lahore, Punjab",https://www.businesslist.pk/company/240630/aazad-law-associates,businesslist_pk,scrapy,solicitors,2026-08-29T02:58:39.297453+00:00
Elb World,solicitors,http://www.elbworld.com,+92-321 2770225.,"Suite#17, 7th floor, Rimpa Plaza, M.A Jinnah Road, Karachi, Pakistan., Karachi, Sindh",https://www.businesslist.pk/company/242360/elb-world-education-consultants,businesslist_pk,scrapy,solicitors,2026-08-29T02:58:41.172995+00:00
Frasat &amp; partners,solicitors,http://www.frasatandfrasatlaw.com/family-law/,+923214321202,"2nd Floor  Atif Basharat Hightes  13-Fan Road, Lahore, Punjab",https://www.businesslist.pk/company/245102/frasatpartners,businesslist_pk,scrapy,solicitors,2026-08-29T02:58:43.306807+00:00
Musheer.com,legal services,https://musheer.com,+92340 2321111,"2nd Floor Plot No 859, Block R1 Phase 2, Johar Town, Lahore",https://www.businesslist.pk/company/255154/musheercom,businesslist_pk,scrapy,legal-services,2026-08-29T02:58:44.619103+00:00
Premium Pakistan,legal services,,0513510234,"Islamabad, Islamabad, Islamabad Capital Territory",https://www.businesslist.pk/company/249408/premium-pakistan,businesslist_pk,scrapy,legal-services,2026-08-29T02:58:46.256744+00:00
A. Nawaz Osmani Law Associates.,legal services,http://www.osmanilaw.com,(+92-321) 2770225,"Suite # 17, 7th Floor, Office Towers, Rimpa Plaza, M A Jinnah Road, Karachi, Karachi, Sindh",https://www.businesslist.pk/company/244145/a-nawaz-osmani-law-associates,businesslist_pk,scrapy,legal-services,2026-08-29T02:58:48.093996+00:00
ANR &amp; Co.,legal services,https://anrlegal.com.pk,,"Suite # 103, 2nd floor, 16c Zamzama Commercial Lane 10 Dha Phase V, Karachi, Karachi, Pakistan, Karachi, Sindh",https://www.businesslist.pk/company/257375/anrco,businesslist_pk,scrapy,legal-services,2026-08-29T02:58:50.120978+00:00
SRIS Law Group,legal services,,17036365417,FAIRFAX,https://www.businesslist.pk/company/258981/sris-law-group,businesslist_pk,scrapy,legal-services,2026-08-29T02:58:51.962957+00:00
Migracon Inc.,legal services,http://migracon.com/,051-4938264,"Office no 17, 2nd Floor VIP Plaza, I-8 Markaz , Islamabad, Islamabad Capital Territory",https://www.businesslist.pk/company/247463/migracon-inc,businesslist_pk,scrapy,legal-services,2026-08-29T02:58:53.529157+00:00
Sustainable Environmental &amp; Energy Solutions,legal services,http://www.seesolutionspk.com,+92-42-37363831,"Office # 8, 4th Floor SAF center 08 FAN road near High Court Lahore, Pakistan., Lahore, Punjab",https://www.businesslist.pk/company/251118/sustainable-environmentalenergy-solutions,businesslist_pk,scrapy,legal-services,2026-08-29T02:58:55.921918+00:00
Juris Consultus law firm,legal services,https://jurisconsultuslawfirm.wordpress.com/,,"Abu Dhabi towers, F-11, Islamabad, Islamabad, Islamabad Capital Territory",https://www.businesslist.pk/company/243169/isaac-law-associates,businesslist_pk,scrapy,legal-services,2026-08-29T02:58:57.958551+00:00
"Law Serves (formerly Shabbir &amp; Sial, Advocates)",legal services,http://www.lawserves.com,923335273799,"One, Adjacent Lawyers Hospital, F-8 Markaz, Islamabad 44000, Islamabad, Islamabad Capital Territory",https://www.businesslist.pk/company/244334/law-serves,businesslist_pk,scrapy,legal-services,2026-08-29T02:58:59.792728+00:00
Al Rehman Law Firm,legal services,https://alrehmanlawfirm.business.site/,0333 8130390,"Office 11, Block 14-P, F8 Markaz, near Old Excise Office, Islamabad, 44000, Islamabad, Islamabad Capital Territory",https://www.businesslist.pk/company/254651/al-rehman-law-firm,businesslist_pk,scrapy,legal-services,2026-08-29T02:59:01.183699+00:00
Agha Rafiq Law Associates,legal services,http://www.agharafiqlaw.com,0092-21-34927344,"79 - Muslimabad , 18 th street , Begum Ayesha Aziz Road , Kashmir Road , Karachi, Karachi, Sindh",https://www.businesslist.pk/company/242315/agha-rafiq-law-associates,businesslist_pk,scrapy,legal-services,2026-08-29T02:59:03.185165+00:00
Asia Pacific Lawyers,lawyers,http://www.asiapacificlawyers.net,0092524596356,"Chamber No.233 First Floor Irfan Ellahi Block District Courts, Sialkot, Punjab",https://www.businesslist.pk/company/235311/asia-pacific-lawyers,businesslist_pk,scrapy,lawyers,2026-08-29T02:59:05.554632+00:00
Pakistan Intellectual Property Licensing Attorneys,lawyers,https://www.brandssecurity.com/,(021) 36362202,"R-181, Block-5, SarwarShaheed Road, Shahrah-e-Jahangir, Federal-B-Area, Karachi, Sindh",https://www.businesslist.pk/company/251483/pakistan-intellectual-property-licensing-attorneys,businesslist_pk,scrapy,lawyers,2026-08-29T02:59:07.391254+00:00
Pakistan&#039;s Top Ranking Recruitment Agency,lawyers,http://alahadgroup.co,+923009259090,"Rawalpindi Murree Road, Islamabad Capital Territory",https://www.businesslist.pk/company/251173/pakistans-top-ranking-recruitment-agency,businesslist_pk,scrapy,lawyers,2026-08-29T02:59:09.451375+00:00
Corporate Social Responsibility Forum Pakistan,lawyers,http://www.csrfp.org,+92515159628,"House # 4, Street # 6, Block F, Naval Anchorage, Islamabad Expressway, Islamabad, Islamabad Capital Territory",https://www.businesslist.pk/company/241561/corporate-social-responsibility-forum-pakistan,businesslist_pk,scrapy,lawyers,2026-08-29T02:59:11.633276+00:00
Awan Law Associates,lawyers,,03452711899,"Office No. 14, Lawyer&#039;s compound, City Courts, Karachi, Pakistan, Karachi, Sindh",https://www.businesslist.pk/company/252854/awan-law-associates,businesslist_pk,scrapy,lawyers,2026-08-29T02:59:13.854225+00:00
ISO Consultant Pakistan,lawyers,http://isoconsultant.com.pk/,+924236625718,"Suite No. 2, 2nd Floor Usman Arcade, Main Boulevard, Defence, Lahore, Pakistan., Lahore, Punjab",https://www.businesslist.pk/company/245555/iso-consultant-pakistan,businesslist_pk,scrapy,lawyers,2026-08-29T02:59:15.539899+00:00
Muskan Khan Massage Center In Lahore,massage therapists,,+92 337 6082346,"Near 21, Block F1, Phase 1, Johar Town, Lahore, Punjab",https://www.businesslist.pk/company/252528/muskan-khan-massage-center-in-lahore,businesslist_pk,scrapy,massage-therapists,2026-08-29T02:59:17.637570+00:00
Female massage center,massage therapists,,+92 320 4496312,"Dha cantt, Lahore, Punjab",https://www.businesslist.pk/company/254090/female-massage-center,businesslist_pk,scrapy,massage-therapists,2026-08-29T02:59:18.726009+00:00
JC Buckman,massage therapists,,+92 344 8622935,"Shop #121, Level 1, Ocean Mall, Khayaban-e-Iqbal, Karachi, Sindh",https://www.businesslist.pk/company/249477/jc-buckman,businesslist_pk,scrapy,massage-therapists,2026-08-29T02:59:20.037980+00:00
Evershine International,massage therapists,,+92483767474,"Office No,8 2nd Floor Al-Munir Market Sargodha , Sargodha, Punjab",https://www.businesslist.pk/company/240147/evershine-international,businesslist_pk,scrapy,massage-therapists,2026-08-29T02:59:21.716283+00:00
Su Jok Therapy Centre Pakistan,massage therapists,,,"Defence, Gulshan Iqbal, Gulistan -e- Johr, Karachi, Sindh",https://www.businesslist.pk/company/234830/su-jok-therapy-centre-pakistan,businesslist_pk,scrapy,massage-therapists,2026-08-29T02:59:23.654389+00:00
Grafic Skills,printing,https://www.graficskills.com,+923214614651,"Alghani Industrial Estate، Plot No.28, Alshar Street، 21KM Lahore – Kasur Rd, Lahore, 54000, Pakistan, Lahore, Punjab",https://www.businesslist.pk/company/257677/grafic-skills,businesslist_pk,scrapy,printing,2026-08-29T02:59:25.709449+00:00
Printing Press Islamabad,printing,https://sites.google.com/view/panaflexprintingislamabad/home,+92-3365544466,"Main Rohtas Road G-9/1, Islamabad , Islamabad",https://www.businesslist.pk/company/258351/printing-press-islamabad,businesslist_pk,scrapy,printing,2026-08-29T02:59:27.469278+00:00
Royal Graphics,printing,http://www.royalgraphics.pk,+922132621108,"shop # 2 Amin Mansion More Street Pakistan Chowk, Karachi, Sindh",https://www.businesslist.pk/company/242272/royal-graphics,businesslist_pk,scrapy,printing,2026-08-29T02:59:29.710772+00:00
Print Pack n Promo,printing,http://www.printpacknpromo.com,92 21 326 27 880,"A16, B17, Yousuf Mansion, AM 1, Burns Road, Karachi, Sindh",https://www.businesslist.pk/company/235013/print-pack-n-promo,businesslist_pk,scrapy,printing,2026-08-29T02:59:31.402065+00:00
The Khyber Printing Systems Pvt Ltd.,printing,https://www.facebook.com/khyber-printing-systems-pvt-ltd-413826088778901/,+92-3334554471,"7-A Industrial Estate, Hayatabad, Peshawar, Peshawar, Khyber Pakhtunkhwa",https://www.businesslist.pk/company/247900/the-khyber-printing-systems-pvt-ltd,businesslist_pk,scrapy,printing,2026-08-29T02:59:33.262426+00:00
BSUprints,printing,http://www.bsuprints.com,+92213-2623761,"Shop #5, Akhtar Mansion, Pakistan Chowk, Outram Road Karachi., Karachi, Sindh",https://www.businesslist.pk/company/244951/bsuprints,businesslist_pk,scrapy,printing,2026-08-29T02:59:34.750589+00:00
Irfan Printing Services,printing,http://www.iffyprints.webs.com,+92 341 4165283,"More Wala Chowk, High Street Sahiwal, Sahiwal, Punjab",https://www.businesslist.pk/company/241932/irfan-printing-services,businesslist_pk,scrapy,printing,2026-08-29T02:59:36.393071+00:00
KHB Print,printing,http://www.khbprint.com,02135290118,"Shop 25, Chappal Arcade 1, Opp. Hyperstar, Block 4, Clifton, Karachi., Karachi, Sindh",https://www.businesslist.pk/company/242152/khb-print,businesslist_pk,scrapy,printing,2026-08-29T02:59:38.323926+00:00
Online Printing Speedy,printing,http://www.printingspeedy.com,03204130637,"7 Royal Park Lakshami Chowk Lahore., Lahore, Punjab",https://www.businesslist.pk/company/246120/online-printing-speedy,businesslist_pk,scrapy,printing,2026-08-29T02:59:39.871987+00:00
AM Advertisers,printing,http://www.amadvertisers.com,+92 322 8451838,"tariq center h3 block johar town , Lahore, Punjab",https://www.businesslist.pk/company/240884/am-advertisers,businesslist_pk,scrapy,printing,2026-08-29T02:59:41.225740+00:00
Zee Printers,printing,http://zeeprinters.com/,+923005103648,"Barkat Colony Chung, Near Baraf Khana Chowk, Street No 1, 22-KM Multan Road Lahore - Pakistan, Lahore",https://www.businesslist.pk/company/258836/zee-printers,businesslist_pk,scrapy,printing,2026-08-29T02:59:42.162707+00:00
The Printing Company,printing,https://theprintingcompany.org/,+923268450002,"Office # 104, 1st Floor, Embassy Gardens, Sector C-1, Bahria Enclave, Islamabad, Pakistan., Islamabad, Pakistan, 44000, Islamabad, Islamabad Capital Territory",https://www.businesslist.pk/company/250612/The_Printing_Company,businesslist_pk,scrapy,printing,2026-08-29T02:59:43.329179+00:00
SatPara Fabrics &amp; Digital Textile,printing,https://www.satpara.com.pk/,03210000000,"Plot no 256/A, Street, 34 Maulana Shaukat Ali Rd, Kot Lakhpat, Lahore, Punjab 54000, Lahore, Punjab",https://www.businesslist.pk/company/250036/satpara-fabricsdigital-textile,businesslist_pk,scrapy,printing,2026-08-29T02:59:44.769592+00:00
Seven Smiles,printing,http://7evensmiles.com,0342-4344410,"House # 84, Tipu Block Garden Town, Lahore, Punjab 54000, Lahore, Punjab",https://www.businesslist.pk/company/245111/seven-smiles,businesslist_pk,scrapy,printing,2026-08-29T02:59:46.909091+00:00
Customized Gifts Items,printing,http://www.customizegifts.pk,"03351217817, +92 3018119659","North Nazimabad, Near Inquiry Office, Karachi, Sindh",https://www.businesslist.pk/company/242412/customized-gifts-items,businesslist_pk,scrapy,printing,2026-08-29T02:59:48.905864+00:00
Makazi International,printing,http://www.makazii.com,+924235237684,"Plot: 50, Mamdot Block, Mustafa Town, Wahdat Road, Lahore, Lahore, Punjab",https://www.businesslist.pk/company/244506/makazi-international,businesslist_pk,scrapy,printing,2026-08-29T02:59:50.910535+00:00
Excellent Tissue Paper Company,printing,,0334-8484940,"Ashiana Road, Bank Stop, 17-km Ferozepur Road, Lahore. , Lahore, Punjab",https://www.businesslist.pk/company/235229/excellent-tissue-paper,businesslist_pk,scrapy,printing,2026-08-29T02:59:52.929223+00:00
Rapid Mooverz,printing,https://rapidmooverz.com.pk/,+92 324 0427193,"Plot B-273, Sector 6-F, Mehran Town, Near Korangi License Branch, Karachi, Sindh., Karachi, Sindh",https://www.businesslist.pk/company/258506/rapid-mooverz,businesslist_pk,scrapy,printing,2026-08-29T02:59:55.239585+00:00
E-shipper,printing,http://www.facebook.com/taskeenezauq,04235441852,"Near Bashir Bakhtiar Labor Hall, 28-Nisbat Road, Lahore., Lahore, Punjab",https://www.businesslist.pk/company/244142/e-shipper,businesslist_pk,scrapy,printing,2026-08-29T02:59:56.216204+00:00
Familycaselawyers,solicitors,https://www.familycaselawyer.com/,3217476750,"sadiq trade center, Lahore, Punjab",https://www.businesslist.pk/company/250864/familycaselawyers,businesslist_pk,scrapy,solicitors,2026-08-29T02:59:58.282723+00:00
Hyder Shar Law Associates,solicitors,http://www.hydershar.com/,+923111555197,"Office No. 606, Al Fatima Chamber, Shambo Nath Street Near Passport Office Saddar, Karachi, Sindh",https://www.businesslist.pk/company/250256/hyder-shar-law-associates,businesslist_pk,scrapy,solicitors,2026-08-29T03:00:00.480503+00:00
Frasat and Partners. Lawyer &amp; Attorneys in lahore,solicitors,http://www.frasatandfrasatlaw.com,+923214321202,"13- Fane Road, Lahore, Lahore, Punjab",https://www.businesslist.pk/company/244524/frasat-and-partners-lawyerattorneys-in-lahore,businesslist_pk,scrapy,solicitors,2026-08-29T03:00:02.211331+00:00
ZahidLaw - Online Nikah and Marriage Service,solicitors,http://zahidlaw.com,92 300 2329223,"B/8-9, Third Floor, Student Bazar Center, Opposite Urdu Bazar, Frere Road, Karachi, Sindh",https://www.businesslist.pk/company/240835/zahidlaw-online-nikah-and-marriage-service,businesslist_pk,scrapy,solicitors,2026-08-29T03:00:04.477584+00:00
AsmaLawyersinPakistanLegalHelp,solicitors,http://www.asmalawyersinpakistan.com,00923006622189,"4 mozang road, Lahore. * 1 District Courts, Faisalabad, Imperial Homes, Barki Road, Lahore, Faisalabad, Punjab",https://www.businesslist.pk/company/241321/asmalawyersinpakistanlegalhelp,businesslist_pk,scrapy,solicitors,2026-08-29T03:00:06.259357+00:00
Solution Seekers Pakistan,legal services,http://www.solutionseekerspakistan.com/,+9242111042326,"House# 21-A, Q Block, Gulberg II, Lahore, Lahore, Punjab",https://www.businesslist.pk/company/241603/solution-seekers-pakistan,businesslist_pk,scrapy,legal-services,2026-08-29T03:00:08.372419+00:00
Fauzia Law Associates,legal services,,03114703384,"Mall road, Lahore, Punjab",https://www.businesslist.pk/company/242874/fauzia-law-associates,businesslist_pk,scrapy,legal-services,2026-08-29T03:00:09.577614+00:00
Saddam Khan Studio,legal services,http://seedincubation.com/,0213-5346008,"16-c 1st lane shahbaz commercial -phase 6 DHA Karachi pakistan , Karachi, Sindh",https://www.businesslist.pk/company/245112/seed-incubation-centre,businesslist_pk,scrapy,legal-services,2026-08-29T03:00:11.082221+00:00
Water Seal Expert,legal services,http://www.watersealexpert.com/,021-34990184,"Office G-32, Waqas Height, Block 13D1,  Gulshan-e-Iqbal, Karachi, Pakistan., Karachi, Sindh",https://www.businesslist.pk/company/249042/water-seal-expert,businesslist_pk,scrapy,legal-services,2026-08-29T03:00:12.791872+00:00
Ashraf &amp; Ashraf Law Firm,legal services,http://www.ashraflawfirm.com/family.html,03214581017,"553 Q Block Johar Town Lahore Pakistan., Lahore, Punjab",https://www.businesslist.pk/company/243964/ashrafashraf-law-firm,businesslist_pk,scrapy,legal-services,2026-08-29T03:00:14.662112+00:00
Ahmed Ali Dewan &amp; Co.,legal services,https://aadewan.com.pk,"922135620898, +92515912996","Suite # 9, Fareed Chamber, Abdullah Haroon Road, Saddar, Karachi, Karachi, Sindh",https://www.businesslist.pk/company/251166/ahmed-ali-dewanco,businesslist_pk,scrapy,legal-services,2026-08-29T03:00:15.510181+00:00
Iqbal and Iqbal Law Associates,legal services,http://iqballawassociates.com/,+92-213-4329991,"Suit - 204, 2nd Floor, Khayam Chamber, Above Blue Ribbon Bakery, PECHS Block - 2, Nursery, Main Shahra-e-Faisal, Karachi, Sindh",https://www.businesslist.pk/company/248810/iqbal-and-iqbal-law-associates,businesslist_pk,scrapy,legal-services,2026-08-29T03:00:17.662588+00:00
Lexway Law Firm,lawyers,http://lexway.pk,+923127776666,"141/1, Lane 10, Block B, Sindhi Muslim Cooperative Housing Society Off Shahrah-e-Faisal Karachi, Pakistan, Karachi, Sindh",https://www.businesslist.pk/company/242048/lexway-law-firm,businesslist_pk,scrapy,lawyers,2026-08-29T03:00:20.006764+00:00
City Lawyers Online law Associates,lawyers,https://citylawyersonline.blogspot.com/,"+923400834767, +923152345162","1st Floor ,Mithani Chamber near City Court Karachi, Karachi",https://www.businesslist.pk/company/258342/city-lawyers-online-law-associates,businesslist_pk,scrapy,lawyers,2026-08-29T03:00:22.166721+00:00
Court Marriage Online Nikah,lawyers,https://sites.google.com/site/courtmarriagelahore/,+923228880453,"80 Model Town Courts Lahore, Lahore, Punjab",https://www.businesslist.pk/company/242114/court-marriage-online-nikah,businesslist_pk,scrapy,lawyers,2026-08-29T03:00:23.967750+00:00
DLB Consulting LLC,lawyers,https://dlb.az,+994994909080,"8th November Avenue 15, Abbottabad, Islamabad Capital Territory",https://www.businesslist.pk/company/258988/dlb-consulting-llc,businesslist_pk,scrapy,lawyers,2026-08-29T03:00:25.943218+00:00
A. Nawaz Osmani Law Associates.,lawyers,http://www.osmanilaw.com,+92 21 2762286,"Suite # 17, 7th Floor, Office Towers,  Rimpa Plaza, M.A. Jinnah Road,, Karachi, Sindh",https://www.businesslist.pk/company/245138/a-nawaz-osmani-law-associates,businesslist_pk,scrapy,lawyers,2026-08-29T03:00:28.034157+00:00
Voice of Justice,lawyers,http://voiceofjustice.pk,+923334742460,"Office No. 4 &amp; 5, First Floor, Balaj Tower, 45-A Mozzang Near PSO Pump, Lahore, Lahore",https://www.businesslist.pk/company/258669/voice-of-justice,businesslist_pk,scrapy,lawyers,2026-08-29T03:00:29.498409+00:00
Frasat &amp; Partners The Law Firm,lawyers,http://www.fplawfirminlahore.business.site,+923214321202,"Suit # 107, 2nd Floor, Atif Basharat Heights, 13- Fane road, Lahore, Punjab",https://www.businesslist.pk/company/243933/frasatpartners-the-law-firm,businesslist_pk,scrapy,lawyers,2026-08-29T03:00:30.990432+00:00
Muazzam Law Firm,lawyers,http://www.muazzamlawfirm.com,091-2593172,"6-A, Nasir Mansion, 2-Railway Road, Peshawar Cantt, Peshawar, Peshawar, Khyber Pakhtunkhwa",https://www.businesslist.pk/company/244668/muazzam-law-firm,businesslist_pk,scrapy,lawyers,2026-08-29T03:00:33.066648+00:00
Al-adal Associates,lawyers,http://www.aladalassociates.com,03462485197,"2/C, Khayaban-e-Rahat Opp. (SKBZ), Phase VI, DHA, Karachi, Karachi, Sindh",https://www.businesslist.pk/company/245305/al-adal-associates,businesslist_pk,scrapy,lawyers,2026-08-29T03:00:34.667347+00:00
Iqbal International Law Services,lawyers,http://www.iqballawservices.com,+92-21-32766968,"431, 4th Floor, Odeon Centre, Regal Chowk, Saddar,, Karachi, Sindh",https://www.businesslist.pk/company/234904/iqbal-international-law-services,businesslist_pk,scrapy,lawyers,2026-08-29T03:00:36.538191+00:00
UK Visa Consultants,lawyers,http://ukvisaconsultants.com/,+923094471858,"431/F2, Jeff Heights, Main Boulevard Gulberg III, Lahore, Punjab",https://www.businesslist.pk/company/245651/uk-visa-consultants,businesslist_pk,scrapy,lawyers,2026-08-29T03:00:38.846637+00:00
Mannan Law Associates,lawyers,http://www.mannanlawassociates.com,+923000600340,"407 Ameer Bhatti tower District Courts Sialkot, Sialkot, Sindh",https://www.businesslist.pk/company/258396/mannan-law-associates,businesslist_pk,scrapy,lawyers,2026-08-29T03:00:39.842285+00:00
Chairman Law Associates,lawyers,,,"•	30.04415 •	72.34406,",https://www.businesslist.pk/company/258940/chairman-law-associates,businesslist_pk,scrapy,lawyers,2026-08-29T03:00:41.258992+00:00
Abdullah Qazi and Associates,lawyers,http://abdullah-qazi-and-associates.business.site,03155033071,"Office no 1, 2nd Floor, Block 4A, F 8 Markaz Islamabad, Pakistan, Islamabad, Islamabad Capital Territory",https://www.businesslist.pk/company/246043/abdullah-qazi-and-associates,businesslist_pk,scrapy,lawyers,2026-08-29T03:00:43.334597+00:00
M.A Bhatti Law,lawyers,https://mabhattilaw.com/,+923003352274,"7th floor, Executive Towers Dolmen Mall,Clifton,Karachi, Karachi",https://www.businesslist.pk/company/258786/ma-bhatti-law,businesslist_pk,scrapy,lawyers,2026-08-29T03:00:44.891727+00:00
Qanuni Amdad,lawyers,https://legalhelp1.blogspot.com/2015/02/court-marriage-karne-ka-tareeka.html,00-92-324-4010279,"301 Turner Road Lahore high Court, Faisalabad, Punjab",https://www.businesslist.pk/company/250487/qanuni-amdad,businesslist_pk,scrapy,lawyers,2026-08-29T03:00:46.612433+00:00
Nabi Buksh Law Concern Faisalabad,lawyers,http://www.nblc.tk,+923004218121,"148 Sufi Barkat Building District Courts Faisalabad, Faisalabad, Punjab",https://www.businesslist.pk/company/251272/nabi-buksh-law-concern-faisalabad,businesslist_pk,scrapy,lawyers,2026-08-29T03:00:48.277699+00:00
Otsuka Pakistan Ltd.,massage therapists,http://www.otsuka.pk,"92853-303218 / 303518, +92 2134528651"," H.I.T.E., Balochistan, Karachi, Balochistan",https://www.businesslist.pk/company/115761/otsuka-pakistan-ltd,businesslist_pk,scrapy,massage-therapists,2026-08-29T03:00:50.193242+00:00
Massagelahore.fantasy,massage therapists,,+13606027050,"Dha, Lahore, Punjab",https://www.businesslist.pk/company/252715/massagelahorefantasy,businesslist_pk,scrapy,massage-therapists,2026-08-29T03:00:51.635648+00:00
Daehan LED Lighs,massage therapists,http://www.daehanlights.com,+92 55 4805253,"Jagna stop Sialkot road , Gujranwala, Punjab",https://www.businesslist.pk/company/246513/daehan-led-lighs,businesslist_pk,scrapy,massage-therapists,2026-08-29T03:00:53.221609+00:00
Xiamen Jade Massage Stone,massage therapists,,0086 0592 8894202,"Huli Road , Karachi, Azad Jammu Kashmir",https://www.businesslist.pk/company/181330/xiamen-jade-massage-stone,businesslist_pk,scrapy,massage-therapists,2026-08-29T03:00:55.529208+00:00
Karaki Massage Center,massage therapists,https://www.karachimassagecenter.net,"+92 3042262244, +92 3332261246","DHA PHASE 2, Karachi, Sindh",https://www.businesslist.pk/company/252374/karaki-massage-center-karachi,businesslist_pk,scrapy,massage-therapists,2026-08-29T03:00:56.775787+00:00
AR Massage,massage therapists,,03446122218,"DHA Phase 5, Karachi, Sindh",https://www.businesslist.pk/company/254419/ar-massage,businesslist_pk,scrapy,massage-therapists,2026-08-29T03:00:58.913356+00:00
Barrett Hodgson Pakistan (Pvt) Ltd.,massage therapists,http://www.barrethodgson.com,"9221-2568810 / 2568820 / 2570646 / 2570645, +92 21 32570651"," S.I.T.E., Sindh, Karachi, Sindh",https://www.businesslist.pk/company/114510/barrett-hodgson-pakistan-pvt-ltd,businesslist_pk,scrapy,massage-therapists,2026-08-29T03:00:59.817759+00:00
Massage Services for Ladies in DHA Lahore,massage therapists,http://massageindha.weebly.com/,03008853777,"DHA, Johar Town, Bahria Town, Lahore, Punjab",https://www.businesslist.pk/company/246086/massage-services-for-ladies-in-dha-lahore,businesslist_pk,scrapy,massage-therapists,2026-08-29T03:01:01.937923+00:00
Sana Gull Massage Salon Male Female Karachi,massage therapists,,03022404115,"Zamzma Clifton DHA Karachi, Karachi, Sindh",https://www.businesslist.pk/company/249982/sana-gull-massage-salon-male-female-karachi,businesslist_pk,scrapy,massage-therapists,2026-08-29T03:01:03.836577+00:00
Sanio Spa,massage therapists,https://saniosclub.com,+92 348 1985595,"F-7 Markaz, Jinnah Super Market, Islamabad, Islamabad Capital Territory",https://www.businesslist.pk/company/251903/sanio-spa,businesslist_pk,scrapy,massage-therapists,2026-08-29T03:01:06.126888+00:00
Mahnoor International,massage therapists,,00923333201808,"L-S/10 sector 11/C-1 North Karachi.Karachi, Karachi, Sindh",https://www.businesslist.pk/company/248629/mahnoor-international,businesslist_pk,scrapy,massage-therapists,2026-08-29T03:01:08.133115+00:00
Articulation Essentials,massage therapists,,+922134554485,"Sindh, Karachi",https://www.businesslist.pk/company/256175/articulation-essentials,businesslist_pk,scrapy,massage-therapists,2026-08-29T03:01:10.061713+00:00
Queen Spa,massage therapists,https://queenmassagecenter.com,+92 304 1374000,"Shahrah-e-Quaid-e-Azam, near GPO Chowk Mall Road, Sunehri Mandi, Lahore, Punjab",https://www.businesslist.pk/company/253519/queen-spa,businesslist_pk,scrapy,massage-therapists,2026-08-29T03:01:12.374884+00:00
Massage for Ladies,massage therapists,,03328386828,"Bahria Town, Eiffel Square, Lahore",https://www.businesslist.pk/company/254928/massage-for-ladies,businesslist_pk,scrapy,massage-therapists,2026-08-29T03:01:14.393770+00:00
Dr. Ziauddin Hospital (clifton Campus),massage therapists,,"(92 21) 35862937, 35862939, +92 21 111 942 942","Block-6,Cllifton, Karachi",https://www.businesslist.pk/company/189560/dr-ziauddin-hospital-clifton-campus,businesslist_pk,scrapy,massage-therapists,2026-08-29T03:01:16.471782+00:00
Glow Spa,massage therapists,https://www.glowspa.pk,03305867178,"Flat No. 01, 2nd Floor, Plaza No. 81, opposite Manjoo Restaurant, Civic Center, Bahira Town Phase 4, Islamabad, Islamabad, Islamabad Capital Territory",https://www.businesslist.pk/company/252724/glow-spa,businesslist_pk,scrapy,massage-therapists,2026-08-29T03:01:18.224846+00:00
Mind Scrapper,photography,https://www.mindscrapper.com/,+92 324 4370749,"483-A, Block D 1 Phase 1 Johar Town, Lahore, Punjab 54770, Lahore",https://www.businesslist.pk/company/255628/mind-scrapper,businesslist_pk,scrapy,photography,2026-08-29T03:01:55.670931+00:00
RB Studio Film and Photography,photography,,0321 8491644,"M1-50 Eden Tower Main Boulevard Gulberg,Lahore, Pakistanq, Lahore, Punjab",https://www.businesslist.pk/company/250719/rb-studio-film-and-photography,businesslist_pk,scrapy,photography,2026-08-29T03:01:57.335938+00:00
Sanam Boutique,weddings,http://www.sanamboutique.com,"02134557683, 02135307155","AT MAIN TARIQ ROAD NEAR DOLMEN MALL, ADJECNT TO SINDHLAB &amp; AGHAKHAN LAB KARACHI PAKISTAN, Karachi, Sindh",https://www.businesslist.pk/company/242764/sanam-boutique,businesslist_pk,scrapy,weddings,2026-08-29T03:01:59.550632+00:00
Zongo.io,event services,https://zongo.io/,03133359533,"49-C commercial area Cavalry ground Lahore, Lahore, Punjab",https://www.businesslist.pk/company/248282/zongoio,businesslist_pk,scrapy,event-services,2026-08-29T03:02:01.624140+00:00
Vagus Cosmetics,beauty professionals,https://www.drranairfan.com,051 2287661,"Vagus Hair Transplant, House: 27, main Kaghan Road , F-8/3, Islamabad, Pakistan, Islamabad, Islamabad Capital Territory",https://www.businesslist.pk/company/247933/vagus-cosmetics,businesslist_pk,scrapy,beauty-professionals,2026-08-29T03:02:03.268612+00:00
Umm Qadar Beauty Salon,beauty professionals,https://ummqadar.com,03086951117,"Main Branch Rehman Block Hota Road  Pakpattan, Pakpattan, Punjab",https://www.businesslist.pk/company/253840/umm-qadar-beauty-salon,businesslist_pk,scrapy,beauty-professionals,2026-08-29T03:02:05.562415+00:00
Transpak Industries,beauty professionals,http://www.transpak1.com,3557937,"138/c fatima jinnah road small industries estate , Sialkot, Punjab",https://www.businesslist.pk/company/246840/transpak-industries,businesslist_pk,scrapy,beauty-professionals,2026-08-29T03:02:06.951695+00:00
My Skin Clinic,beauty professionals,http://myskinclinic.pk/,+92 51 844 8344,"House 120, Street 9, F-11/1, Islamabad Pakistan, Islamabad, Islamabad Capital Territory",https://www.businesslist.pk/company/248759/my-skin-clinic,businesslist_pk,scrapy,beauty-professionals,2026-08-29T03:02:07.918136+00:00
Vazii Beauty Salon,beauty professionals,http://www.salon.vaziigroups.com,+923230288776,"Mahmood Rd, Rasool Park, Lahore, Punjab 54000, Pakistan, Lahore, Punjab",https://www.businesslist.pk/company/252726/vazii-beauty-salon,businesslist_pk,scrapy,beauty-professionals,2026-08-29T03:02:10.113324+00:00
Pakistan Sujok Therapy Association (regd.),beauty professionals,http://sujok.pk/,03343683683,"Gulshan e Iqbal / Clifton / Tower, Karachi, Sindh",https://www.businesslist.pk/company/246528/pakistan-sujok-therapy-association-regd,businesslist_pk,scrapy,beauty-professionals,2026-08-29T03:02:11.876173+00:00
Obsession,beauty professionals,https://obsessionoutlet.com/,92322-9276000,"Manzoor Colony Main Furniture Market, Karachi Pakistan, Karachi, Sindh",https://www.businesslist.pk/company/250554/obsession,businesslist_pk,scrapy,beauty-professionals,2026-08-29T03:02:13.250611+00:00
Living Space,beauty professionals,http://www.facebook.com/livingspac,03340498711,"Main GT Road Gujrat, Gujrat, Punjab",https://www.businesslist.pk/company/247561/living-space,businesslist_pk,scrapy,beauty-professionals,2026-08-29T03:02:14.665780+00:00
Bajaj Skin &amp; Antiaging Clinic,beauty professionals,http://www.bajajskincare.pk.net.co,+923002076504,"CMH Road Saddar, Hyderabad, Sindh",https://www.businesslist.pk/company/243981/bajaj-skinantiaging-clinic,businesslist_pk,scrapy,beauty-professionals,2026-08-29T03:02:16.696206+00:00
5 Star Grooming Product - Dog Product Manufacturer,beauty professionals,http://5sgroomingproducts.com/,03096232412,"ugoki road 51310, Sialkot, Punjab",https://www.businesslist.pk/company/251572/5-star-grooming-product-dog-product-manufacturer,businesslist_pk,scrapy,beauty-professionals,2026-08-29T03:02:18.079189+00:00
Dilara&#039;s Salon,beauty professionals,https://dilarasalon.com,0518772564,"2nd Floor, ASK Mall, F-7 Markaz F 7 Markaz F-7, Islamabad, Islamabad Capital Territory 40000, Pakistan, Islamabad, Islamabad Capital Territory",https://www.businesslist.pk/company/253625/dilaras-salon,businesslist_pk,scrapy,beauty-professionals,2026-08-29T03:02:20.114711+00:00
Alluraz,beauty professionals,http://www.alluraz.com/,03211946029,"main double road pwd, islamabad, Islamabad, Islamabad Capital Territory",https://www.businesslist.pk/company/250903/alluraz,businesslist_pk,scrapy,beauty-professionals,2026-08-29T03:02:22.013406+00:00
Rafique Enterprises,beauty professionals,http://www.rafique.com.pk,+92524570602,"27/240 Haji Imam Din Street, , Sialkot, Punjab",https://www.businesslist.pk/company/246922/rafique-enterprises,businesslist_pk,scrapy,beauty-professionals,2026-08-29T03:02:24.160011+00:00
Skinfinity.pk,beauty professionals,http://skinfinity.pk,(021) 35305446,"ST-4/B, Block-6, Scheme 5, Clifton, Karachi, Sindh",https://www.businesslist.pk/company/248167/skinfinitypk,businesslist_pk,scrapy,beauty-professionals,2026-08-29T03:02:26.112764+00:00
Orgocare,beauty professionals,https://orgocare.com/,051-8350295,"Office#25,3rd Floor,Al Anayat Mall,G-11 Markaz Islamabad., Islamabad, Punjab",https://www.businesslist.pk/company/248707/orgocare,businesslist_pk,scrapy,beauty-professionals,2026-08-29T03:02:27.764010+00:00
Somi&#039;s Glamour Beauty Salon &amp; Training Center,beauty professionals,https://somiglamourbeautysalon.com,+922135882313,"Mezzanine Floor, Mehmoodabad 2, near Bank Islamic, Karachi, Sindh",https://www.businesslist.pk/company/254775/somis-glamour-beauty-salon,businesslist_pk,scrapy,beauty-professionals,2026-08-29T03:02:29.848399+00:00
Bookirea,event services,https://bookirea.com/,0518466686,"Abu Dhabi Towers 410-A, F/11 Markez, Islamabad, Punjab",https://www.businesslist.pk/company/249632/bookirea,businesslist_pk,scrapy,event-services,2026-08-29T03:02:32.027963+00:00
Bilqees Sarwar Hospital,event services,https://www.facebook.com/bilqeessarwarhospital,+92 42 34500005,"Service Road 27 km Main Ferozpur Road, Lahore, Punjab",https://www.businesslist.pk/company/246712/bilqees-sarwar-hospital,businesslist_pk,scrapy,event-services,2026-08-29T03:02:33.770936+00:00
Fanatix Corporate Solutions (Pvt.) Ltd.,event services,http://www.fanatixcs.com,"+92 51 8485216, +92 51 8485217","Suite # 11, 3rd Floor, Select Center, F-11 Markaz, Islamabad., Islamabad, Islamabad Capital Territory",https://www.businesslist.pk/company/243701/fanatix-corporate-solutions-pvt-ltd,businesslist_pk,scrapy,event-services,2026-08-29T03:02:35.042411+00:00
Yakjan Security Services,event services,http://www.yakjan.com,04235919704,"2nd Floor, Green Complex, Ferozepur Road, Lahore, Lahore, Punjab",https://www.businesslist.pk/company/251740/yakjan-security-services,businesslist_pk,scrapy,event-services,2026-08-29T03:02:37.231868+00:00
Time and Xcess,event services,https://www.facebook.com/timeandxcess.official/,+923218471945,"Suite # 7-8, Second Floor, 12 Slik Street, Old Muslim Town Lahore, Pakistan, Lahore, Punjab",https://www.businesslist.pk/company/249995/time-and-xcess,businesslist_pk,scrapy,event-services,2026-08-29T03:02:39.178219+00:00
Vision Events,event services,http://www.visionevents.pk,051 2344786,"unit 116, Eagle plaza, blue area , Islamabad, Islamabad Capital Territory",https://www.businesslist.pk/company/249614/vision-events,businesslist_pk,scrapy,event-services,2026-08-29T03:02:40.384577+00:00
Asaaf Hospital,event services,http://asaafhospital.com/,+92-42-35201201-3,"244-E-I, Block E1 Block E 1 Phase 1 Johar Town, Lahore, Punjab, Pakistan, Lahore, Punjab",https://www.businesslist.pk/company/249507/asaaf-hospital,businesslist_pk,scrapy,event-services,2026-08-29T03:02:42.465888+00:00
Vital Security Pvt Ltd,event services,http://www.vitalsecurity.com.pk,04235777061,"#2, 1st Floor, Gulberg heights, Gulberg II, Lahore, Lahore, Punjab",https://www.businesslist.pk/company/244471/vital-security-pvt-ltd,businesslist_pk,scrapy,event-services,2026-08-29T03:02:44.199408+00:00
Triplona Pakistan,event services,http://www.triplona.com,"02136376667, +92-313-8226057","Office No: 04, Plot No, 1793, Block-15, F.B Area, Karachi, Sindh",https://www.businesslist.pk/company/249391/triplona-pakistan,businesslist_pk,scrapy,event-services,2026-08-29T03:02:46.102435+00:00
Asian Events &amp; Catering Company,event services,http://asianevents.pk,03322227426,"528 C Johar Town, Lahore, Punjab",https://www.businesslist.pk/company/241509/asian-eventscatering-company,businesslist_pk,scrapy,event-services,2026-08-29T03:02:48.113957+00:00
Alphamatix | 360 Digital Marketing Agency,event services,https://alphamatix.com/,"+923320560242, +92 313 8976636","Room-03, Second Floor, Business Hub, B-4, Gulberg Greens Gulberg Greens Block B Gulberg Greens, Islamabad, Islamabad Capital Territory 46000, Islamabad",https://www.businesslist.pk/company/254744/alphamatix360-digital-marketing-agency,businesslist_pk,scrapy,event-services,2026-08-29T03:02:50.248461+00:00
Black Diamond Media Services (Pvt) Ltd.,event services,https://www.blackdiamond.pk,+924236626299,"Office # 7, 2nd Floor, Business Arcade Plaza, Deffence Morr, Walton Road, Cantt, Lahore, Punjab",https://www.businesslist.pk/company/248127/black-diamond-media-services-pvt-ltd,businesslist_pk,scrapy,event-services,2026-08-29T03:02:52.165822+00:00
Fervid Productions,event services,https://fervidproductions.com/,03313591711,"Street 2, satellite town, Islamabad, Islamabad Capital Territory",https://www.businesslist.pk/company/254503/fervid-productions,businesslist_pk,scrapy,event-services,2026-08-29T03:02:54.247859+00:00
Eventiments,event services,http://www.eventiments.com,+92 21 35344667,"38C Bukhari Commercial Lane 8, DHA Phase VI, Karachi, Pakistan, Karachi, Sindh",https://www.businesslist.pk/company/240868/eventiments,businesslist_pk,scrapy,event-services,2026-08-29T03:02:56.191075+00:00
ExclusiveInn,weddings,http://www.exclusiveinn.com,+923112975444,"75400 Bahadurabad Karachi, Karachi, Sindh",https://www.businesslist.pk/company/243721/exclusiveinn,businesslist_pk,scrapy,weddings,2026-08-29T03:02:58.072886+00:00
Xperts Web Design,weddings,http://www.xpertswebdesign.com,03332165233,"M 15, Panama Centre, Gulshan-e-Iqbal, Block 13D-3, Karachi, Sindh",https://www.businesslist.pk/company/245914/xperts-web-design,businesslist_pk,scrapy,weddings,2026-08-29T03:03:00.282393+00:00
Hi Volts,weddings,https://www.daraz.pk/shop/hi-volts-islamabad/?spm=a2a0e.pdp.seller.1.42b761f2kbvcav&itemid=2101097&channelsource=pdp,051-2724140,"Civic Center, Bahria Town، Opposite to Phase 4 Bahria Town, Rawalpindi, Rawalpindi, Punjab",https://www.businesslist.pk/company/250366/hi-volts,businesslist_pk,scrapy,weddings,2026-08-29T03:03:02.389981+00:00
Opulin Events,weddings,http://www.opulinevents.com,021-66,"plot 45-c Bukhari commercial lane 10 dha phase 6, Karachi, Sindh",https://www.businesslist.pk/company/245489/opulin-events,businesslist_pk,scrapy,weddings,2026-08-29T03:03:04.504782+00:00
FairmontBanquet,weddings,http://www.fairmontbanquet.com,03007000983,"E-90 Block#4 Gulshan-e-Iqbal near Maskan Chowrangi. Karachi, Pakistan, Karachi, Sindh",https://www.businesslist.pk/company/245469/fairmontbanquet,businesslist_pk,scrapy,weddings,2026-08-29T03:03:06.098285+00:00
Fanatix Corporate Solutions Pvt. Ltd,weddings,http://www.vgrouppk.com,+923335533341,"Office 2, 1st floor, bike bank plaza chandni chowk rawalpindi, Islamabad, Islamabad Capital Territory",https://www.businesslist.pk/company/244543/fanatix-corporate-solutions-pvt-ltd,businesslist_pk,scrapy,weddings,2026-08-29T03:03:08.117528+00:00
Shehnaye by concept events,weddings,http://concepts.com.pk/wp/shehnaye,03005555841,"Office no 2 , 2nd floor Mian plaza , chaklala scheme III Rawalpindi, Rawalpindi, Punjab",https://www.businesslist.pk/company/242379/shehnaye-by-concept-events,businesslist_pk,scrapy,weddings,2026-08-29T03:03:09.921811+00:00
Siddiqsons Industries (pvt) Ltd.,weddings,http://www.siddiqsons.com.pk,"(92 21) 32560069, 32560067, +92 21 35166522","F-284, S.I.T.E. Karachi, Karachi",https://www.businesslist.pk/company/165595/siddiqsons-industries-pvt-ltd,businesslist_pk,scrapy,weddings,2026-08-29T03:03:11.233194+00:00
Hotel ambassador inn,weddings,http://www.ambassadorinn.pk,051-22607361-2,"Ambassador Inn G-6 Aabpara Plot 1-C, Islamabad, Islamabad, Islamabad Capital Territory",https://www.businesslist.pk/company/235600/hotel-ambassador-inn,businesslist_pk,scrapy,weddings,2026-08-29T03:03:12.898038+00:00
Flying speedy carrier,weddings,http://www.flyingspeedycarrier.com,02132331010,"Office No b9 ground flor puri house west wharf road Karachi 74000, Karachi, Sindh",https://www.businesslist.pk/company/247750/flying-speedy-carrier,businesslist_pk,scrapy,weddings,2026-08-29T03:03:15.087023+00:00
SFK designers collection,weddings,http://www.facebook.com/starfashion.sfk,03222656011,"Tariq road  M.A Jinnah Road, Karachi, Sindh",https://www.businesslist.pk/company/239967/sfk-designers-collection,businesslist_pk,scrapy,weddings,2026-08-29T03:03:17.011304+00:00
Iltaf hussain rabab learning academy and studio,weddings,https://iltaf-hussain-khan-rabab.business.site/,03005946369,"mella dag timergara district dir lower, Timergara, Khyber Pakhtunkhwa",https://www.businesslist.pk/company/249898/iltaf-hussain-rabab-learning-academy-and-studio,businesslist_pk,scrapy,weddings,2026-08-29T03:03:18.935443+00:00
Wedding photographer,weddings,https://www.facebook.com/javaidphotography,03335371566,"Free Lancer, Islamabad, Islamabad Capital Territory",https://www.businesslist.pk/company/240433/wedding-photographer,businesslist_pk,scrapy,weddings,2026-08-29T03:03:20.686224+00:00
Proflowers.pk,weddings,,+92-346-4082244,"344 Executive Block - Paragon City - Lahore, Lahore, Punjab",https://www.businesslist.pk/company/245491/proflowerspk,businesslist_pk,scrapy,weddings,2026-08-29T03:03:22.494027+00:00
Food Concepts,weddings,https://foodconcepts.pk/,051 2758214,"Office 101, 1st Floor The Spire 1, Business Square, Block-C, Gulberg Greens, Islamabad, Islamabad, Islamabad Capital Territory",https://www.businesslist.pk/company/253385/food-concepts,businesslist_pk,scrapy,weddings,2026-08-29T03:03:24.139497+00:00
Weddings @ Grand Mongolia,weddings,https://weddings-grand-mongolia.business.site/,0333 5380496,"First Floor, Plot 142, Civic CenterPhase 4, Bahria TownIslamabad, 46000, Islamabad, Islamabad Capital Territory",https://www.businesslist.pk/company/252877/weddingsgrand-mongolia,businesslist_pk,scrapy,weddings,2026-08-29T03:03:26.040568+00:00
Favourite Plus,photography,http://www.favourite-plus.com,"+922135824796, +922135824797","Shop 3, Falcon Centre, Nr. Sasi Arcade, Block 7, Karachi, Karachi, Sindh",https://www.businesslist.pk/company/178109/favourite-plus,businesslist_pk,scrapy,photography,2026-08-29T03:03:27.783804+00:00
Anas Ahmad Photography,photography,,03452100652,"14th Floor, Dilkusha Forum, Main Tariq Road, Karachi., Karachi, Sindh",https://www.businesslist.pk/company/244130/anas-ahmad-photography,businesslist_pk,scrapy,photography,2026-08-29T03:03:29.474501+00:00
BlizinHotels.com,photography,,+924235472969,"paragon city barki road , Lahore, Punjab",https://www.businesslist.pk/company/250216/blizinhotelscom,businesslist_pk,scrapy,photography,2026-08-29T03:03:31.426593+00:00
7Star Graphics And Computer Center,photography,,00923073906616,"Tahir Photo Norani Masjid near Government College Satellite Town (boys) Gujranwala, Gujranwala, Punjab",https://www.businesslist.pk/company/244814/7star-graphics-and-computer-center,businesslist_pk,scrapy,photography,2026-08-29T03:03:33.563019+00:00
Cam Studio,photography,,03237104959,"street #10, house #8, nisbat road lahore, Lahore, Punjab",https://www.businesslist.pk/company/247225/cam-studio,businesslist_pk,scrapy,photography,2026-08-29T03:03:35.458801+00:00
T H S  Films,photography,,03009380262,"Office number S7 2nd Floor Grand Palace Plaza Near Chori Gali Abdul Sattar Road Quetta , Quetta, Balochistan",https://www.businesslist.pk/company/248496/t-h-s-films,businesslist_pk,scrapy,photography,2026-08-29T03:03:37.621505+00:00
Ebooket,photography,https://ebooket.pk/,+92-332-8215249,"E, 38/1-A Jehangir Rd, Jehangir Road Quarters Jamshed Quarters, Karachi, Karachi City, Sindh 74800, Karachi",https://www.businesslist.pk/company/255501/ebooket,businesslist_pk,scrapy,photography,2026-08-29T03:03:39.763172+00:00
FriendCup Photography ®,photography,,+92-3354094904,"5- Dev Samaj Road, Sant Nagar, Lahore, Pk., Lahore, Punjab",https://www.businesslist.pk/company/250115/friendcup-photography-,businesslist_pk,scrapy,photography,2026-08-29T03:03:41.904906+00:00
Esar-E-Madina,photography,,041-2619364,"House#P-270,Street 5/5,Green View Colony, Faisalab, Faisalabad, Punjab",https://www.businesslist.pk/company/248124/esar-e-madina,businesslist_pk,scrapy,photography,2026-08-29T03:03:43.894794+00:00
MZAIDK IT Solutions,photography,http://www.mzaidk.com/,,"Sarwar Plaza, Near Benazir Hospital, Main Murree Road  Rawalpindi, Punjab, Pakistan, Rawalpindi, Punjab",https://www.businesslist.pk/company/239877/mzaidk-it-solutions,businesslist_pk,scrapy,photography,2026-08-29T03:03:46.022805+00:00
Jaffer Business Systems,photography,https://jbs.live/,9251-111527527 / 2276783 / 2276773 / 2276774 / 2276775,"26-D, Kashmir Plaza Jinnah Avenue, Capital, Islamabad",https://www.businesslist.pk/company/101289/jaffer-business-systems,businesslist_pk,scrapy,photography,2026-08-29T03:03:48.199750+00:00
Smartup Digital,photography,https://www.smartupdigital.co,+92 337 9751170,"Office 1201 National Science and Technology Park, H-12, Islamabad, Islamabad Capital Territory 44000, Islamabad",https://www.businesslist.pk/company/256245/smartup-digital,businesslist_pk,scrapy,photography,2026-08-29T03:03:49.398321+00:00
Tehwar.pk,photography,,+92-300-8258166,"42-Sher Shah Block, New Garden Town, Lahore, Punjab",https://www.businesslist.pk/company/245967/tehwarpk,businesslist_pk,scrapy,photography,2026-08-29T03:03:50.862153+00:00
"PlusChange - Multan, Pakistan",photography,http://www.pluschange.com.pk,+92-61-6771607,"PlusChange House, T-42 Commercial, Suit No-02, Ist Floor, Supper Plaza, Near Summit Bank, New Multan, MULTAN., Multan, Punjab",https://www.businesslist.pk/company/243900/pluschange-multan-pakistan,businesslist_pk,scrapy,photography,2026-08-29T03:03:52.774600+00:00
KHB Films,photography,http://www.facebook.com/KHB.Films,,"DHA-5, Karachi , Karachi, Sindh",https://www.businesslist.pk/company/242871/khb-films,businesslist_pk,scrapy,photography,2026-08-29T03:03:54.187543+00:00
Snap Shutter,photography,https://www.snapshutter.pk,+923377601121,"Eidgah Road, Mohallah Bijli Ghar, Sialkot, Sialkot",https://www.businesslist.pk/company/254725/snap-shutter,businesslist_pk,scrapy,photography,2026-08-29T03:03:55.547122+00:00
Five Shades Productions,photography,,0213-4547385,"61/N block 6 P.e.c.h.s , Karachi, Sindh",https://www.businesslist.pk/company/243522/five-shades-productions,businesslist_pk,scrapy,photography,2026-08-29T03:03:57.625050+00:00
ANIMA Film Company,photography,,03325649443,"cavalry ground lahore, Lahore, Punjab",https://www.businesslist.pk/company/244809/anima-film-company,businesslist_pk,scrapy,photography,2026-08-29T03:03:59.097454+00:00
The Vitamin Company,beauty professionals,http://www.thevitamincompany.com,+92-42-35863992,"64 Ahmad Block New Garden Town, Lahore, Punjab",https://www.businesslist.pk/company/244466/the-vitamin-company,businesslist_pk,scrapy,beauty-professionals,2026-08-29T03:04:01.277423+00:00
https://teleshopping.pk/,beauty professionals,https://teleshopping.pk/,03001691119,"Pakistan, Faisalabad, Punjab",https://www.businesslist.pk/company/254669/httpsteleshoppingpk,businesslist_pk,scrapy,beauty-professionals,2026-08-29T03:04:03.202371+00:00
Apex Skin Health International,beauty professionals,http://apexskinhealth.com.pk/,021-35865557,"F- 6/1, Block - 8, Near Teen Talwar, Behind Gulf Mall KDA Scheme No.5, Clifton Karachi, Pakistan., Karachi, Sindh",https://www.businesslist.pk/company/248647/apex-skin-health-international,businesslist_pk,scrapy,beauty-professionals,2026-08-29T03:04:05.442153+00:00
Xstvshop,beauty professionals,http://www.xstvshop.com.pk,0320-3282402,"xstvshop.com.pk, Islamabad Capital Territory",https://www.businesslist.pk/company/240883/xstvshop,businesslist_pk,scrapy,beauty-professionals,2026-08-29T03:04:06.791836+00:00
ShoppingExpress.pk,beauty professionals,http://www.shoppingexpress.pk/,03154006746,"11 main asif block allama iqbal town lahore, Lahore, Punjab",https://www.businesslist.pk/company/242711/shoppingexpress-pk,businesslist_pk,scrapy,beauty-professionals,2026-08-29T03:04:08.718369+00:00
Retail Solutions,beauty professionals,http://retail-sol.com,+924237498126,"149 West wood society , Thokar , Lahore, Punjab",https://www.businesslist.pk/company/245947/retail-solutions,businesslist_pk,scrapy,beauty-professionals,2026-08-29T03:04:10.559734+00:00
S-Amden &amp; Company,beauty professionals,,03232076143,"95 &amp; 96/E, Sector 31-D, P&amp;T Society, Korangi Industrial Area, Karachi, Pakistan, Karachi, Sindh",https://www.businesslist.pk/company/248595/s-amdencompany,businesslist_pk,scrapy,beauty-professionals,2026-08-29T03:04:12.248551+00:00
No. 1 skin whitening cream in pakistan,beauty professionals,http://www.heandshestore.com,03351632257,"walton road lahore, Lahore, Punjab",https://www.businesslist.pk/company/245451/no-1-skin-whitening-cream-in-pakistan,businesslist_pk,scrapy,beauty-professionals,2026-08-29T03:04:13.559484+00:00
Yaspal beauty salon,beauty professionals,https://yaspalbeautysalon.wixsite.com/yaspalbeautysalon-1,+923258572675,"DHA Lahore , Lahore, Punjab",https://www.businesslist.pk/company/254337/yaspal-beauty-salon,businesslist_pk,scrapy,beauty-professionals,2026-08-29T03:04:15.781573+00:00
Verified Glutathione Pills in Pakistan™|,beauty professionals,http://glutathioneteam.blogspot.com,03334838648,"lahore dha, Lahore, Punjab",https://www.businesslist.pk/company/246240/verified-glutathione-pills-in-pakistan,businesslist_pk,scrapy,beauty-professionals,2026-08-29T03:04:17.280168+00:00
Dukandar.com,beauty professionals,http://dukandar.com,"(091) 5611661, 0800 385 26","Office 11-12-13 arbab tower nasir bagh road , Peshawar, Khyber Pakhtunkhwa",https://www.businesslist.pk/company/247190/dukandarcom,businesslist_pk,scrapy,beauty-professionals,2026-08-29T03:04:18.690586+00:00
Hoor Beauty Salon HBS,beauty professionals,http://infoHBS.jimdo.com,03362333728,"shop no.18, 1st floor, Main Market, inside N.O.R.E-1, near Bahria College, M.T Khan Road, Karachi 75200. Pakistan., Karachi, Sindh",https://www.businesslist.pk/company/243996/hoor-beauty-parloursalon-hbs-parlourhbs,businesslist_pk,scrapy,beauty-professionals,2026-08-29T03:04:20.770890+00:00
Forzus industry,beauty professionals,http://www.forzus.co,+923007114490,"adalat ghara ugoki road, Sialkot, Punjab",https://www.businesslist.pk/company/244276/forzus-industry,businesslist_pk,scrapy,beauty-professionals,2026-08-29T03:04:22.824804+00:00
Supermarket Pakistan,beauty professionals,http://supermarket.com,+924236524529,"Gunj Bazar Mughalpura Lahore, Lahore, Punjab",https://www.businesslist.pk/company/246757/supermarket-pakistan,businesslist_pk,scrapy,beauty-professionals,2026-08-29T03:04:23.688878+00:00
Stargo Beauty,beauty professionals,http://www.stargobeauty.com,923216105888,"Street#7,Shahab Pura Road, Sialkot, Punjab",https://www.businesslist.pk/company/240255/stargo-beauty,businesslist_pk,scrapy,beauty-professionals,2026-08-29T03:04:25.408652+00:00
Arfan Brothers,beauty professionals,https://www.facebook.com/arfanbrothers,+923328606787,"Tajokay Cheema, Sialkot Pakistan, Sialkot, Punjab",https://www.businesslist.pk/company/246049/the-taj-trader,businesslist_pk,scrapy,beauty-professionals,2026-08-29T03:04:27.430438+00:00
Gemmy Instruments,beauty professionals,http://www.gemmyinst.com,0092-344-6459522,"New Miana Pura East, Street Mian Aleem Wali, Roras Road,, Sialkot, Punjab",https://www.businesslist.pk/company/123195/gemmy-instruments,businesslist_pk,scrapy,beauty-professionals,2026-08-29T03:04:29.720521+00:00
Regenere3D,beauty professionals,https://rejuvenation3d.com/,0518443894,"CH. Saeed Plaza Barin Road, Kotha Kalan Rawalpindi, 46000, Rawalpini, Punjab",https://www.businesslist.pk/company/251883/regenere3d,businesslist_pk,scrapy,beauty-professionals,2026-08-29T03:04:31.900198+00:00
Global Trade Fairs Organization Pvt. Ltd,event services,http://www.mytradexpo.com,021=35630361-62,"Regent Plaza &amp; Convention Center Shahra-e-Faisal Karachi Pakistan, Karachi, Sindh",https://www.businesslist.pk/company/250778/global-trade-fairs-organization-pvt-ltd,businesslist_pk,scrapy,event-services,2026-08-29T03:04:33.317716+00:00
Brigade Security Services (pvt) Ltd,event services,http://www.brigade_security.com,021-34830427,"Flat # 5A SB 27, 28 Topra Plaza, Block-13-C, Main Universtiy Road, Gulshan-e-Iqbal, Karachi., Karachi, Sindh",https://www.businesslist.pk/company/242438/brigade-security-services-pvt-ltd,businesslist_pk,scrapy,event-services,2026-08-29T03:04:35.629063+00:00
Sound Crush,event services,https://soundcrush.pk/,0518737325,"5th Floor Rauf Plaza 20-22 GT Road Jinnah Boulevard West, near Gate# 1, DHA Phase: 2 Sector E DHA Phase II, Islamabad, Islamabad Capital Territory 46000, Islamabad, Islamabad Capital Territory",https://www.businesslist.pk/company/253227/sound-crush,businesslist_pk,scrapy,event-services,2026-08-29T03:04:37.215350+00:00
Wak International,event services,https://wakinternational.com.pk/,03-111-399-307,"Office # M86 Munir Shoppers Paradise Block 17 Gulistan-e-Johar Karachi Pakistan, Karachi, Sindh",https://www.businesslist.pk/company/253564/wak-international,businesslist_pk,scrapy,event-services,2026-08-29T03:04:38.298315+00:00
Recknors Institute,event services,http://www.recknors.com,03453076375,"2nd Floor JS Bank Cavalry Ground, Lahore, Punjab",https://www.businesslist.pk/company/244578/recknors-institute,businesslist_pk,scrapy,event-services,2026-08-29T03:04:39.692357+00:00
SANEO Tech,event services,http://www.saneotech.com,0334-8533055,"Behind National Bank Aslam Market Wah Cantt, Wah Cantonment, Punjab",https://www.businesslist.pk/company/245303/saneo-tech,businesslist_pk,scrapy,event-services,2026-08-29T03:04:41.635320+00:00
AlphaPro - Media Solutions &amp; Events,event services,http://alphapro.pk,03335591212,"418, 4th Floor, Rania Mall, Bank Road, Saddar, Rawalpindi, Punjab",https://www.businesslist.pk/company/241126/alphapro-studios,businesslist_pk,scrapy,event-services,2026-08-29T03:04:43.783891+00:00
Mina Event Management,event services,https://www.facebook.com/minaeventmanagement/?modal=admin_todo_tour,+923175997755,"blue area, Islamabad, Islamabad Capital Territory",https://www.businesslist.pk/company/250059/mina-event-management,businesslist_pk,scrapy,event-services,2026-08-29T03:04:45.460578+00:00
Empire Marquees,event services,http://www.empiremarquee.com,04235786715,"Office # 1113, 11th Floor, Eden Heights building, Jail Road, Lahore, Lahore, Punjab",https://www.businesslist.pk/company/239960/empire-marquees,businesslist_pk,scrapy,event-services,2026-08-29T03:04:47.162561+00:00
Event Architects,event services,http://eventarc.pk/,(+92) 21 3584 6510,"1st Floor, 32-C, Shahbaz Commercial Lane #4, Phase VI, D.H.A., Karachi, Pakistan, Karachi, Sindh",https://www.businesslist.pk/company/247330/event-architects,businesslist_pk,scrapy,event-services,2026-08-29T03:04:49.028804+00:00
SR The Events Company,event services,http://www.sreventscompany.com,03214000911,"157-P Gulberg-II Extension MM. Alam Road Lahore, Pakistan, Lahore, Punjab",https://www.businesslist.pk/company/251718/sr-the-events-company,businesslist_pk,scrapy,event-services,2026-08-29T03:04:51.222995+00:00
Vital Security Pvt Ltd,event services,http://www.vitalsecurity.com.pk,+922234384440,"47/E-2, St-48, Block 6, P.E.C.H.S, Shahrahe Faisal Karachi , Karachi, Sindh",https://www.businesslist.pk/company/244374/vital-security-pvt-ltd,businesslist_pk,scrapy,event-services,2026-08-29T03:04:53.296604+00:00
Mega Events,weddings,https://megaevents.pk/,03491103330,"Gulberg Trade Center Islamabad , Islamabad, Islamabad Capital Territory",https://www.businesslist.pk/company/254635/mega-events,businesslist_pk,scrapy,weddings,2026-08-29T03:04:54.738071+00:00
Event Planner in Lahore,weddings,https://www.venuehub.pk/,03-111-227-007,"25-P Phase 8 DHA, Lahore, Punjab",https://www.businesslist.pk/company/252622/event-planner-in-lahore,businesslist_pk,scrapy,weddings,2026-08-29T03:04:56.775419+00:00
Aljavahir,weddings,https://aljavahir.com,0614420764,"135 Defense Officers&#039; Colony Sher Shah Road Multan Cantt, Pakistan, Multan, Punjab",https://www.businesslist.pk/company/251686/aljavahir,businesslist_pk,scrapy,weddings,2026-08-29T03:04:58.649564+00:00
Marriage Settlement Marriage Bureau Pakistan,weddings,http://www.facebook.com/marriagesettlement,03425322661,"E20 street 2, Gulshan e Ali Bhatta Chonk, Lahore, Punjab",https://www.businesslist.pk/company/250735/marriage-settlement-marriage-bureau-pakistan,businesslist_pk,scrapy,weddings,2026-08-29T03:05:00.688188+00:00
Mahroze: Online Women&#039;s Jewellery Shopping,weddings,https://mahroze.com/,+92 311 1222670,"15-B, XX Commercial Area, Khayban-e-Iqbal DHA Lahore, Pakistan, Lahore, Punjab",https://www.businesslist.pk/company/250173/mahroze-online-womens-jewellery-shopping,businesslist_pk,scrapy,weddings,2026-08-29T03:05:02.643429+00:00
Haroon Sharif Gold Jewellers,weddings,https://hsjeweller.com,(+92 42) 32592448,"Emporium Mall, 2nd Floor, The Boulevard, Trade Centre، Commercial Area Phase 2 Lahore, Lahore, Punjab",https://www.businesslist.pk/company/250879/haroon-sharif-gold-jewellers,businesslist_pk,scrapy,weddings,2026-08-29T03:05:04.315264+00:00
ShadiBox - Best Wedding planning in Lahore,weddings,https://www.shadibox.com/,+92 42 35777457,"47 C, Main Gulberg, Lahore 54000, Pakistan, Lahore, Punjab",https://www.businesslist.pk/company/246636/shadibox-best-wedding-planning-in-lahore,businesslist_pk,scrapy,weddings,2026-08-29T03:05:05.700746+00:00
Uzma And Afsheen,weddings,http://www.uzmaandafsheen.com,03462020589,"596 - Z Block 16th Street, DHA, Lahore, Punjab",https://www.businesslist.pk/company/247636/uzma-and-afsheen,businesslist_pk,scrapy,weddings,2026-08-29T03:05:07.928972+00:00
Mega Productions,weddings,http://www.megaprofilms.com,03214053329,"166 - Block D, Model Town, Lahore, Punjab",https://www.businesslist.pk/company/246085/mega-productions,businesslist_pk,scrapy,weddings,2026-08-29T03:05:09.652542+00:00
Hamstead International,weddings,http://www.hamsteadintl.com,0092-52-3252555,"Coner Plot, Opp.Muslim Chemicals, Green Town (Bograh) Haji Pura Road., Sialkot, Punjab",https://www.businesslist.pk/company/245622/hamstead-international,businesslist_pk,scrapy,weddings,2026-08-29T03:05:11.428826+00:00
Al-Tuaam,weddings,http://www.altuaam.com,03218017000,"Office # 4, 1st floor, Zafar nadeem palaza, 31-B, Faisal Town, Lahore, Lahore, Punjab",https://www.businesslist.pk/company/250157/al-tuaam,businesslist_pk,scrapy,weddings,2026-08-29T03:05:13.207259+00:00
Speaking Roses,weddings,https://www.speakingroses.com.pk,(042) 111 575 757,"237-C AHMED BLOCK NEW GARDEN TOWN LAHORE,PUNJAB,PAKISTAN, Lahore, Punjab",https://www.businesslist.pk/company/249342/speaking-roses,businesslist_pk,scrapy,weddings,2026-08-29T03:05:14.577257+00:00
Camel Scape Event Planners,weddings,https://www.camelscape.com,03098833888,"DHA Phase 3, Lahore, Punjab",https://www.businesslist.pk/company/251760/camel-scape-event-planners,businesslist_pk,scrapy,weddings,2026-08-29T03:05:16.720902+00:00
Ted event planing company in Pakistan,weddings,https://tedevents.com.pk/,+92-322-4228221,"8b Sikandar Ali Malhi Rd, Gulberg 2, Lahore, Pakistan, Lahore, Punjab",https://www.businesslist.pk/company/248795/ted-event-planing-company-in-pakistan,businesslist_pk,scrapy,weddings,2026-08-29T03:05:18.964030+00:00
Signature Affairs Event Management (Pvt) limited,weddings,,+923325333661,"patail road hn#5-11/50, Quetta, Balochistan",https://www.businesslist.pk/company/246258/signature-affairs,businesslist_pk,scrapy,weddings,2026-08-29T03:05:20.890618+00:00
Zulfiqar Jewellers,weddings,https://zulfiqarjewellers.com,0333 3333456,"Muslim Bazar,Gujrat, Gujrat, Punjab",https://www.businesslist.pk/company/246926/zulfiqar-jewellers,businesslist_pk,scrapy,weddings,2026-08-29T03:05:22.269263+00:00
Shahzaib Studio,weddings,http://www.facebook.com/shahzaibstudio/,041-2400829,"70 RB Bandaala Kalaan, Pakistan, Faisalabad, Punjab",https://www.businesslist.pk/company/244762/shahzaib-studio,businesslist_pk,scrapy,weddings,2026-08-29T03:05:24.352311+00:00
Tour Menia,photography,https://www.tourmenia.com/,03334583999,"279-D N extention model town lahore, Lahore, Punjab",https://www.businesslist.pk/company/251812/tour-menia,businesslist_pk,scrapy,photography,2026-08-29T03:05:26.409991+00:00
Darang,photography,,02135852783,"shop 2  building 32 c lane 2 rahat commerical dha, Karachi, Sindh",https://www.businesslist.pk/company/242074/darang,businesslist_pk,scrapy,photography,2026-08-29T03:05:28.601940+00:00
Video Media Production,photography,http://www.videomediaproduction.net,"02135883385,02135888590 &amp; 02135899585","31/D, Stadium Lane #4، Khayaban-e-Shamsheer,Phase 5, D.H.A، Stadium Commercial Area Phase 5 Defence Housing Authority, Karachi, Karachi City, Sindh 78, Karachi, Sindh",https://www.businesslist.pk/company/126791/video-media-production,businesslist_pk,scrapy,photography,2026-08-29T03:05:29.894473+00:00
Qazi Studio &amp; Color Labs,photography,https://www.facebook.com/QaziStudio/,"9252-4595080, 9252-4586083, +92 300 0341304"," Railway Road, Ganj Mandi Latefa Bad, Sialkot, Punjab",https://www.businesslist.pk/company/126931/qazi-studiocolor-labs,businesslist_pk,scrapy,photography,2026-08-29T03:05:31.327090+00:00
Happy Events,photography,https://happyevents.pk/,021-35888888,"35-C, M-3, Mezzanine Floor, 12th Commercial Street Phase II Ext DHA, Karachi, Pakistan, Karachi, Sindh",https://www.businesslist.pk/company/250109/happy-events,businesslist_pk,scrapy,photography,2026-08-29T03:05:32.384958+00:00
Creative Productions,photography,,35891826,"Lal Shahbaz Qalandar Road, Opposite THE CITY SCHOOL PAF CHAPTER, Karachi, Sindh",https://www.businesslist.pk/company/239880/creative-productions,businesslist_pk,scrapy,photography,2026-08-29T03:05:34.235003+00:00
MYK Studio,photography,https://www.facebook.com/mykstudio/,+923464613181,"30/A Fasial Street National town sanda road Lahore, Lahore, Punjab",https://www.businesslist.pk/company/247587/myk-studio,businesslist_pk,scrapy,photography,2026-08-29T03:05:35.426532+00:00
LakhaniTextile,photography,https://www.lakhanistudio.com,03333428018,"Shop no 58 Do Talwar Clifton karachi , Karachi, Sindh",https://www.businesslist.pk/company/252156/lakhanitextile,businesslist_pk,scrapy,photography,2026-08-29T03:05:37.194089+00:00
Benchmarker Studio,photography,http://www.thebenchmarker.com/,03132343612,"M -2 Mezzanine Floor, Mina Avenue Main Shahrah-e-Faisal Airport, Karachi, Sindh",https://www.businesslist.pk/company/241274/benchmarker-studio,businesslist_pk,scrapy,photography,2026-08-29T03:05:39.304330+00:00
RGB Production,photography,http://facebook.com/rgbpk,+923122211132,"Main Auto Bhan Road, Opposite BarBQ Tonight Hotel., Hyderabad, Sindh",https://www.businesslist.pk/company/244828/rgb-production,businesslist_pk,scrapy,photography,2026-08-29T03:05:40.992861+00:00
FashionTrends.pk,photography,http://www.fashiontrends.pk/,051-560789,"Khanadak Islamabad, Islamabad, Islamabad Capital Territory",https://www.businesslist.pk/company/243840/fashiontrendspk,businesslist_pk,scrapy,photography,2026-08-29T03:05:42.239356+00:00
HD 360,photography,http://www.hd360.pk,,"Lahore, Lahore, Punjab",https://www.businesslist.pk/company/235156/hd-360,businesslist_pk,scrapy,photography,2026-08-29T03:05:43.375164+00:00
Dreams Fusion Weddings,photography,,+923468310339,"#102, Second Floor, Select One Plaza, F-11 Markaz, Islamabad, Islamabad Capital Territory",https://www.businesslist.pk/company/246506/dreams-fusion-weddings,businesslist_pk,scrapy,photography,2026-08-29T03:05:45.361321+00:00
Darkroom Clicks,photography,https://www.darkroomclicks.com/,03104802222,"Gulbarge Lahore, Lahore, Punjab",https://www.businesslist.pk/company/250065/darkroom-clicks,businesslist_pk,scrapy,photography,2026-08-29T03:05:47.480653+00:00
Whizpool,photography,http://www.whizpool.com,+92 51 4901152,"Khumrial Centre, 44000, Street 22, G 8/4 G-8, Islamabad, Islamabad Capital Territory, Islamabad",https://www.businesslist.pk/company/256379/whizpool,businesslist_pk,scrapy,photography,2026-08-29T03:05:49.740073+00:00
Intellect Origin,photography,,03043697974,"Johar Town Lahore, Lahore, Punjab",https://www.businesslist.pk/company/249113/intellect-origin,businesslist_pk,scrapy,photography,2026-08-29T03:05:51.328647+00:00
Fotisto,photography,https://www.fotisto.co/,+92-321-7317173,"90-B, 2 Hali Rd, Block B Gulberg, Lahore, 54660, Lahore",https://www.businesslist.pk/company/255283/fotisto,businesslist_pk,scrapy,photography,2026-08-29T03:05:53.507991+00:00
Sohailgphotography (the wedding Photographer),photography,https://www.facebook.com/pages/Sohail-G-Photography/114598011942530?id=114598011942530&sk=info,,"Ayesha manzil, Karachi, Sindh",https://www.businesslist.pk/company/240037/sohailgphotography-the-wedding-photographer,businesslist_pk,scrapy,photography,2026-08-29T03:05:55.496628+00:00
Studio16pix,photography,http://studio16pix.com,03215245215,"770-G4 Johar Town Lahore, Lahore, Punjab",https://www.businesslist.pk/company/249823/studio16pix,businesslist_pk,scrapy,photography,2026-08-29T03:05:57.230045+00:00
Taiba Marketing &amp; Media Solutions,photography,,05822482699,"Word No.17, Madina Market Muzaffarabad AJK, Azad Jammu Kashmir",https://www.businesslist.pk/company/244547/taiba-marketingmedia-solutions,businesslist_pk,scrapy,photography,2026-08-29T03:05:58.590832+00:00
Canvas Salon &amp; Studio,beauty professionals,,+923286427572,"House 60, B1 MM Alam Rd, Block B 1 Gulberg III, Lahore",https://www.businesslist.pk/company/258901/canvas-salonstudio,businesslist_pk,scrapy,beauty-professionals,2026-08-29T03:06:00.274385+00:00
Aseya Salon,beauty professionals,,+923321430811,"Shop No# 10, Bilal Centre, Chouburji Sham Nagar near Ahmed Burger, Lahore Pakistan, Lahore",https://www.businesslist.pk/company/258834/aseya-salon,businesslist_pk,scrapy,beauty-professionals,2026-08-29T03:06:02.298277+00:00
Herbarium International,beauty professionals,http://www.herbariumintl.com,(92 21) 36361160,"C-302, Block-6, F. B. Area,, Karachi, Sindh",https://www.businesslist.pk/company/182950/herbarium-international-pvt-ltd,businesslist_pk,scrapy,beauty-professionals,2026-08-29T03:06:04.131826+00:00
Arsa Enterprises,beauty professionals,http://WWW.ARSAENTERPRISES.COM,"3540082 , 3540058","SALEEM TOWN, PASRUR ROAD SIALKOT, Sialkot, Punjab",https://www.businesslist.pk/company/243364/arsa-enterprises,businesslist_pk,scrapy,beauty-professionals,2026-08-29T03:06:06.412891+00:00
Eve Beauty Industries,beauty professionals,http://www.evebeautyind.com,+92 52 4293206,"Christian Town, Sialkot, Punjab",https://www.businesslist.pk/company/197616/eve-beauty-industries,businesslist_pk,scrapy,beauty-professionals,2026-08-29T03:06:08.293191+00:00
MartX,beauty professionals,,+923004314628,"PCSIR Phase 2, Lahore, Lahore, Punjab",https://www.businesslist.pk/company/247743/martx,businesslist_pk,scrapy,beauty-professionals,2026-08-29T03:06:10.158534+00:00
Zenith By Sameera,beauty professionals,,+9234 5762831,"Islamabad main road, Islamabad",https://www.businesslist.pk/company/258793/zenith-by-sameera,businesslist_pk,scrapy,beauty-professionals,2026-08-29T03:06:12.507340+00:00
"Glutathione Skin Whitening Pills,Cream in Karachi",beauty professionals,http://glutawhite.pk,03351632257,"Karachi, Karachi, Sindh",https://www.businesslist.pk/company/245210/glutathione-skin-whitening-pillscream-in-karachi,businesslist_pk,scrapy,beauty-professionals,2026-08-29T03:06:14.197616+00:00
USA Beauty Care,beauty professionals,http://www.usabeautycare.com,92 523 254941,"24 B- small industrial estate, Sialkot, Punjab",https://www.businesslist.pk/company/243541/usa-beauty-care,businesslist_pk,scrapy,beauty-professionals,2026-08-29T03:06:16.401022+00:00
My TeleMall,beauty professionals,http://www.mytelemall.com,03218518147,"Faisalabad, Pakistan, Faisalabad, Sindh",https://www.businesslist.pk/company/240434/my-telemall,businesslist_pk,scrapy,beauty-professionals,2026-08-29T03:06:18.200822+00:00
Sams Soap Kitchen,beauty professionals,http://www.samssoapkitchen.pk,0092-42-35707427/28,"38 T , PHASE 2, COMMERCIAL AREA, DHA, LAHORE,PAKISTAN, Lahore, Punjab",https://www.businesslist.pk/company/240897/sams-soap-kitchen,businesslist_pk,scrapy,beauty-professionals,2026-08-29T03:06:20.236198+00:00
Nasim laser Skin Aesthetic,beauty professionals,https://nasimlasercenter.com/,03003332024,"house 4 h block Johar Town, Canal Road،, Block H Phase 2, Johar Town, Lahore, Punjab, Lahore, Punjab",https://www.businesslist.pk/company/252035/nasim-laser-skin-aesthetic,businesslist_pk,scrapy,beauty-professionals,2026-08-29T03:06:21.751460+00:00
MyTelemall.pk,beauty professionals,http://www.mytelemall.pk/,+92554433,"House No 104, Street No 66, Sector I-10/1, Islamabad, Islamabad, Islamabad Capital Territory",https://www.businesslist.pk/company/241270/telemall,businesslist_pk,scrapy,beauty-professionals,2026-08-29T03:06:23.935583+00:00
MerryDerma,beauty professionals,https://merryderma.com.pk,+92-321-3910543,"G-11/3, Islamabad, Islamabad Capital Territory",https://www.businesslist.pk/company/252364/merryderma,businesslist_pk,scrapy,beauty-professionals,2026-08-29T03:06:26.013857+00:00
"Glutathione Skin Whitening Pills,Cream,Soap",beauty professionals,https://glutathioneteam.blogspot.com/,03364685381,"DHA, Lahore, Punjab",https://www.businesslist.pk/company/246911/glutathione-skin-whitening-pillscreamsoap,businesslist_pk,scrapy,beauty-professionals,2026-08-29T03:06:28.272042+00:00
Leaps Traders,event services,http://leapstraders.com,00923224523749,"st 30 mijahiadbad mughalpura lahore, Lahore, Punjab",https://www.businesslist.pk/company/241184/leaps-traders,businesslist_pk,scrapy,event-services,2026-08-29T03:06:29.612338+00:00
Classy Biryani,event services,http://www.classybiryani.com,03111007276,"Block &quot;J&quot; North Nazimabad, Karachi, Sindh",https://www.businesslist.pk/company/245885/classy-biryani,businesslist_pk,scrapy,event-services,2026-08-29T03:06:31.731209+00:00
Easy Autogates,event services,http://www.easyautogates.com,+923318991733,"790/B Mezannine Floor Baloch Center Gizri DHA Phase V, Karachi, Sindh",https://www.businesslist.pk/company/248118/easy-autogates,businesslist_pk,scrapy,event-services,2026-08-29T03:06:33.428654+00:00
Dimensions Communications,event services,http://dcomm.pk,"+922135895702, +92 333 2159093","Office # 301, 16-C, Khyaban-e-Jami, St-1, DHA, Phase VII, Karachi, Sindh",https://www.businesslist.pk/company/252315/dimensions-communications,businesslist_pk,scrapy,event-services,2026-08-29T03:06:35.057811+00:00
Sarimad Security Services Pvt Ltd,event services,http://www.sarimad.com,042-36621328,"11,1st Floor Saad Arcade , Main Boulevard D.H.A.Lahore, Lahore, Punjab",https://www.businesslist.pk/company/197652/sarimad-security-services-pvt-ltd,businesslist_pk,scrapy,event-services,2026-08-29T03:06:36.807087+00:00
Hello Events,event services,http://helloevents.pk/,03088008008,"2nd Floor, Rana Tower, Hockey Stadium, Faisalabad, Faisalabad, Punjab",https://www.businesslist.pk/company/245891/hello-events,businesslist_pk,scrapy,event-services,2026-08-29T03:06:38.834417+00:00
Arghavan,event services,http://www.arghavan.com.pk/,03008477744,"1 C-1, PIA Main Boulevard, Block C1 Phase 1 Johar Town, Lahore, Punjab",https://www.businesslist.pk/company/251447/arghavan,businesslist_pk,scrapy,event-services,2026-08-29T03:06:40.842297+00:00
Exact Management Services (Pvt.) Ltd,event services,http://www.exactmanagements.com/,02134836903,"Suite no. 402 4th floor Al Amin Tower Gulshan e iqbal, Karachi, Sindh",https://www.businesslist.pk/company/244558/exact-management-services-pvt-ltd,businesslist_pk,scrapy,event-services,2026-08-29T03:06:42.738870+00:00
Creators Private Limited,event services,http://www.creators.pk,03137308611," Capital TV Office, 2nd Floor, Khawar Center, Nusrat Road, Multan, Multan, Punjab",https://www.businesslist.pk/company/247248/creators-private-limited,businesslist_pk,scrapy,event-services,2026-08-29T03:06:44.638794+00:00
Valiant Security Services (pvt) Ltd.,event services,,(92 21) 35397027,"Apt # 2 . First Floor , Plot #31-c . 12 commercial street . Phase  I I extension.  DHA. KARACHI, Karachi, Sindh",https://www.businesslist.pk/company/194611/valiant-security-services-pvt-ltd,businesslist_pk,scrapy,event-services,2026-08-29T03:06:46.473357+00:00
Modern Projectors,event services,http://www.modernprojectors.com,0300-8251632,"54, Ground Floor Uni Shopping Center Sadar, Karachi. , Karachi, Sindh",https://www.businesslist.pk/company/243999/modern-projectors,businesslist_pk,scrapy,event-services,2026-08-29T03:06:48.620302+00:00
Nasa International (Event Management Company),event services,http://nasaintl.com,021-34303100,"Suit # B-6, 64/21 Miran Mohammad Shah Road Mohammad Ali Housing Society, 75350, Karachi, Sindh",https://www.businesslist.pk/company/245398/nasa-international-event-management-company,businesslist_pk,scrapy,event-services,2026-08-29T03:06:49.764399+00:00
Indigo Planners,weddings,http://www.indigoplanners.com,03094166466,"Nursery Shahrah e Faisal, Karachi, Sindh",https://www.businesslist.pk/company/251203/indigo-planners,businesslist_pk,scrapy,weddings,2026-08-29T03:06:51.015272+00:00
Haroon Sharif Jewellers,weddings,http://hsjeweller.com,(042) 32592449,"Emporium Mall Branch 2nd  Floor,The Boulevard,  Lahore, Lahore, Punjab",https://www.businesslist.pk/company/247056/haroon-sharif-jewellers,businesslist_pk,scrapy,weddings,2026-08-29T03:06:53.247326+00:00
Khursheed Marquee &amp; Garden,weddings,https://www.facebook.com/khursheedmarriagegarden,923064545654,"Mola Buksh Chowk ,Ibrahim raod , lahore, Lahore, Punjab",https://www.businesslist.pk/company/253764/khursheed-marqueegarden,businesslist_pk,scrapy,weddings,2026-08-29T03:06:54.510417+00:00
Hareem Boutique,weddings,https://goo.gl/maps/4nyx3h6mqrgvejjxa,03214332192,"shop no C/1048-1049 Chatta Bazar Rang mehal, Lahore, Punjab",https://www.businesslist.pk/company/252549/hareem-boutique,businesslist_pk,scrapy,weddings,2026-08-29T03:06:55.936853+00:00
SE Software Technologies,weddings,http://superconeng.com/,+92-61-6770670,"First Floor, Al Noor Plaza, Shah Rukn Alam colony ,Multan Pakistan, , Lahore, Punjab",https://www.businesslist.pk/company/244443/se-software-technologies,businesslist_pk,scrapy,weddings,2026-08-29T03:06:57.092678+00:00
Jalal Salahuddin Events,weddings,http://www.js.com.pk/,"04232560856,04232560857","4 Shannon Road, GOR 1, Lahore, Pakistan, Lahore, Punjab",https://www.businesslist.pk/company/249873/jalal-salahuddin-events,businesslist_pk,scrapy,weddings,2026-08-29T03:06:58.290824+00:00
Elemental Jewelry,weddings,http://www.elemental.com.pk/,+923338962983,"ASTP, Lahore, Lahore, Punjab",https://www.businesslist.pk/company/244113/elemental-jewelry,businesslist_pk,scrapy,weddings,2026-08-29T03:07:00.034456+00:00
Islamabad Wedding Hall,weddings,http://weddinghallislamabad.pk,03105440196,"619/C, Lane 5, Peshawar Road, Islamabad, Federally Administered Tribal Areas",https://www.businesslist.pk/company/240933/islamabad-wedding-hall,businesslist_pk,scrapy,weddings,2026-08-29T03:07:01.314078+00:00
Prince Hall - Wedding Halls In Lahore,weddings,https://princehall.pk,(042) 35885662,"9A Abu Bakar Block, New Garden Town, Lahore, Lahore, Punjab",https://www.businesslist.pk/company/251395/prince-hall-wedding-halls-in-lahore,businesslist_pk,scrapy,weddings,2026-08-29T03:07:03.563520+00:00
ZED EYE Creations,weddings,https://www.zedeyecreations.com/,+92 311 633 2200,"Khayaban-e-Iqbal, Block 9 Clifton, Karachi, Sindh",https://www.businesslist.pk/company/249240/zed-eye-creations,businesslist_pk,scrapy,weddings,2026-08-29T03:07:05.812868+00:00
Chini0tpakwanm,weddings,http://www.chiniotpakwanm.webs.com,0616513444,"shalimar chowk main bosan road multan, Multan, Punjab",https://www.businesslist.pk/company/241518/chini0tpakwanm,businesslist_pk,scrapy,weddings,2026-08-29T03:07:07.857725+00:00
Wedding Card Experts,weddings,http://weddingcardexperts.com,+92 (321) 4615147,"244, Block 12, Sector B-1, Township, Lahore, Pakistan , Lahore, Punjab",https://www.businesslist.pk/company/248608/wedding-card-experts,businesslist_pk,scrapy,weddings,2026-08-29T03:07:09.883722+00:00
Spike systems,weddings,http://spikesystems.net,+923158255489,"A-66 Block 9 , Karachi, Sindh",https://www.businesslist.pk/company/244503/spike-systems,businesslist_pk,scrapy,weddings,2026-08-29T03:07:12.074864+00:00
Wedding photographer - DossaniPlus,weddings,https://www.dossaniplus.com,(021) 35161371,"Shop # 2, Plot # 9-C, 10th Street, Badar Commercial Phase V Extension, DHA, Karachi. Pakistan., Karachi, Sindh",https://www.businesslist.pk/company/245340/dossani-plus,businesslist_pk,scrapy,weddings,2026-08-29T03:07:14.143587+00:00
Floraison Intimates,weddings,https://floraison.store/,0318-122-2300,"35-C, Street 1, 3rd floor, Badar Commercial, Karachi, Sindh",https://www.businesslist.pk/company/253086/floraison-intimates,businesslist_pk,scrapy,weddings,2026-08-29T03:07:16.368681+00:00
Signature Marquees,weddings,http://www.signaturemarquees.com.pk,03211117426,"Phase 5 DHA Lahore, Lahore, Punjab",https://www.businesslist.pk/company/246363/signature-marquees,businesslist_pk,scrapy,weddings,2026-08-29T03:07:18.450353+00:00
Nemoz,weddings,http://www.nemozemc.com/,+92 21 35313712-4,"C-39-C,22nd Commercial Street, Phase II (Ext.), D.H.A.,Karachi-75500, PAKISTAN., Karachi, Sindh",https://www.businesslist.pk/company/242154/nemoz,businesslist_pk,scrapy,weddings,2026-08-29T03:07:20.259526+00:00
PK Domain,photography,https://pkdomain.com.pk/,"(042) 35817077, +92 336 4475528","PL-67 Siddiq Trade Center, Gulberg, Lahore, Block H Gulberg 2, Lahore, 54660, Lahore, Punjab",https://www.businesslist.pk/company/247681/pk-domain,businesslist_pk,scrapy,photography,2026-08-29T03:07:21.981984+00:00
4dee Technologies,photography,http://www.4dee.net,"+92-42-7591440, +92 300 9469190","Suite No6, 5th Floor, Shadman Lahore, Punjab, Lahore, Punjab",https://www.businesslist.pk/company/100039/4dee-technologies,businesslist_pk,scrapy,photography,2026-08-29T03:07:23.561033+00:00
Eastriver,photography,https://eastriver.pk/,"(021) 35305446 , +92 213 5169707","ST-4/B, Block-6, Scheme 5,Clifton, Karachi 75600, Pakistan, Karachi, Sindh",https://www.businesslist.pk/company/247280/eastriver,businesslist_pk,scrapy,photography,2026-08-29T03:07:25.600806+00:00
ArtX Pro,photography,https://artxpro.com/,92-314-2165733,"806, 8th floor, Kawish Crown Plaza,، Shahrah-e-Faisal Service Road South، Karachi 75350, Karachi, Sindh",https://www.businesslist.pk/company/247009/artx-pro,businesslist_pk,scrapy,photography,2026-08-29T03:07:27.708228+00:00
K.Bridals,photography,http://www.kbridals.com/,0320-5274325,"13-C, Sunset Commercial، Street No. 1, Phase IV Defence Housing Authority, Karachi, Sindh",https://www.businesslist.pk/company/244011/kbridals,businesslist_pk,scrapy,photography,2026-08-29T03:07:29.052469+00:00
Nawab Sons,photography,https://www.instagram.com/nawabsonsstudios/,"03280422204, 03000988836","Gulberg 3, K Block, Lahore, Punjab",https://www.businesslist.pk/company/126910/nawab-sons,businesslist_pk,scrapy,photography,2026-08-29T03:07:31.046972+00:00
Digital Marketing Lahore,photography,http://www.digitalmarketinglahore.com,+92-321-111-236-8,"198- A Johar Town, Lahore, Lahore, Punjab",https://www.businesslist.pk/company/250424/digital-marketing-lahore,businesslist_pk,scrapy,photography,2026-08-29T03:07:33.123079+00:00
AkskaarPhotography,photography,http://akskaar.com/,+92-333-2444456,"Gulshan-e-Iqbal, Karachi, Sindh",https://www.businesslist.pk/company/244049/akskaarphotography,businesslist_pk,scrapy,photography,2026-08-29T03:07:35.146876+00:00
Asan Rishta,photography,https://www.asanrishta.com/,042-35404490,"Office M5 First Floor Gold Mine Plaza,Ferozepure Road, Lahore, Lahore, Punjab",https://www.businesslist.pk/company/251407/asan-rishta,businesslist_pk,scrapy,photography,2026-08-29T03:07:36.724099+00:00
Kreative Sparks,photography,http://www.kreativesparks.com,+92 322 2050 150,"Plot# 1C, 2nd Floor, 36th Street, Tauheed Commercial Area, DHA Phase-5, Karachi., Karachi, Sindh",https://www.businesslist.pk/company/246105/kreative-sparks,businesslist_pk,scrapy,photography,2026-08-29T03:07:38.843959+00:00
Yell Design,photography,http://yell-d.com/,+92  21  35303587,"7th Zamzama Commercial Lane Phase 5, D.H.A,Karachi, Karachi, Sindh",https://www.businesslist.pk/company/246180/yell-design,businesslist_pk,scrapy,photography,2026-08-29T03:07:40.398487+00:00
eStudio,photography,http://www.estudiobyabid.com,+923005837001,"23-Shahid Plaza, 2nd Floor, Near NBP University Road, Peshawar, Khyber Pakhtunkhwa",https://www.businesslist.pk/company/241957/estudio,businesslist_pk,scrapy,photography,2026-08-29T03:07:41.280580+00:00
Intra Wings Digital Marketing Agency,photography,http://www.intrawings.com/,0300-4673836,"9-A Davis Road, Ghari Shahu, Lahore, Punjab, Lahore, Punjab",https://www.businesslist.pk/company/251595/intra-wings-digital-marketing-agency,businesslist_pk,scrapy,photography,2026-08-29T03:07:43.045350+00:00
Iffti Photography,photography,http://www.iffti.pk,0333 8350600,"NPO Office, 2nd Floor, Software Technology Park 1, Awami Markaz, F- 5, Islamabad , Islamabad, Punjab",https://www.businesslist.pk/company/242748/iffti-photography,businesslist_pk,scrapy,photography,2026-08-29T03:07:44.407092+00:00
Ahmad Fayyaz Photography &amp; Film,photography,https://ahmadfayyaz.com,03175060999,"Plot no: 115, Mumtaz Market, G.T Road, Gujranwala, Punjab",https://www.businesslist.pk/company/248316/ahmad-fayyaz-photographyfilm,businesslist_pk,scrapy,photography,2026-08-29T03:07:46.189003+00:00
Expert Studio,photography,http://expertstudio.co,0321 6684221,"225-B D Ground Rd, Faisalabad 38000, Faisalabad, Punjab",https://www.businesslist.pk/company/246954/expert-studio,businesslist_pk,scrapy,photography,2026-08-29T03:07:48.410339+00:00
Sohail Asim Photography,photography,http://www.sohail-photography.com,0213456477,"873/C PECHS-2, Karachi, Sindh",https://www.businesslist.pk/company/235630/sohail-asim-photography,businesslist_pk,scrapy,photography,2026-08-29T03:07:50.435959+00:00
Arsalan&#039;s Photography,photography,http://www.facebook.com/alan.clicks,03324199425,"Mukkaram Plaza, Model Town, Gujranwala , Gujranwala, Punjab",https://www.businesslist.pk/company/250121/arsalans-photography,businesslist_pk,scrapy,photography,2026-08-29T03:07:52.102522+00:00
Aimal Production,photography,http://www.aimalproduction.com,+923000424351,"DHA Main Boulevard Defense Shopping Office # 132, Lahore, Punjab",https://www.businesslist.pk/company/244892/aimal-production,businesslist_pk,scrapy,photography,2026-08-29T03:07:54.435006+00:00
FLourish Salon By Aqsa Danish,beauty professionals,https://www.facebook.com/flourishsalon1,021 34833323,"Plot No A-217, In Block 3 At KDA Scheme No 24 Gulshan E Iqbal, Karachi,, Karachi, Sindh",https://www.businesslist.pk/company/251671/flourish-salon-by-aqsa-danish,businesslist_pk,scrapy,beauty-professionals,2026-08-29T03:07:55.582491+00:00
Afzal Surgical Inst,beauty professionals,https://www.afzalsurgicalinst.com,92523257285,"P.O.Box # 2188 New Miana pura East, St # 14, Roras Road, Sialkot, Punjab",https://www.businesslist.pk/company/241073/afzal-surgical-inst,businesslist_pk,scrapy,beauty-professionals,2026-08-29T03:07:57.730823+00:00
Royal Aesthetica,beauty professionals,https://royalaestheticaclinic.com/,+923037633000,"City Emporium 266/8, Chenone Road, Peoples Colony No1, Faisalabad, Pakistan., Faisalabad",https://www.businesslist.pk/company/258744/royal-aesthetica,businesslist_pk,scrapy,beauty-professionals,2026-08-29T03:07:59.516218+00:00
Bigbasket.pk,beauty professionals,https://bigbasket.pk/,+923238325149,"12 MB Floor Zainb Tower Lahore, Lahore, Punjab",https://www.businesslist.pk/company/252648/bigbasketpk,businesslist_pk,scrapy,beauty-professionals,2026-08-29T03:08:01.602707+00:00
Naimlasercenter,beauty professionals,https://nasimlasercenter.com/,0300-3332024,"House # 4, H Block – Phase 2 Johar Town – Lahore, Punjab, Lahore, Punjab",https://www.businesslist.pk/company/251876/naimlasercenter,businesslist_pk,scrapy,beauty-professionals,2026-08-29T03:08:03.691179+00:00
Usaimported.pk | Amazon Shopping in Pakistan,beauty professionals,http://usaimported.pk/,03167822202,"40-M Gold Mine Plaza Ichra Lahore, Lahore, Punjab",https://www.businesslist.pk/company/246141/usaimportedpkamazon-shopping-in-pakistan,businesslist_pk,scrapy,beauty-professionals,2026-08-29T03:08:05.432447+00:00
ILHT –Time to Appear Attractive,beauty professionals,http://www.ilht.com.pk/,111424737,"92-B/1, M. M. Alam Road, Gulberg III Lahore, Punjab, Pakistan, Lahore, Punjab",https://www.businesslist.pk/company/235563/hair-transplant-in-pakistan,businesslist_pk,scrapy,beauty-professionals,2026-08-29T03:08:06.955137+00:00
Sparkle ink tattoos,beauty professionals,https://instagram.com/sparkleinktattoos?igshid=v795ci8voc95,+923338749465,"Usmani house E 153 D street 10 New Iqbal park DHA main Boulevard lahore, Lahore",https://www.businesslist.pk/company/258447/sparkle-ink-tattoos,businesslist_pk,scrapy,beauty-professionals,2026-08-29T03:08:08.249641+00:00
Coral Beauty Emporium,beauty professionals,https://coralbeautyemporium.com/,0315 513 0000,"30-31 Main Boulevard Awais Qarni Block Bahria Town, Lahore, Punjab",https://www.businesslist.pk/company/247023/coral-beauty-emporium,businesslist_pk,scrapy,beauty-professionals,2026-08-29T03:08:09.642646+00:00
Sarimax Traders,beauty professionals,http://www.sarimaxtraders.com,03424776422,"muradpur bankstop marala road gohadpur, Sialkot, Punjab",https://www.businesslist.pk/company/252627/sarimax-traders,businesslist_pk,scrapy,beauty-professionals,2026-08-29T03:08:11.874499+00:00
Jzee beauty salon,beauty professionals,https://jzee-beauty-salon.business.site,+923339268792,"House# 187, Street Number 23, Phase Phase 4A Ghauri Town, Islamabad, Islamabad Capital Territory, Islamabad",https://www.businesslist.pk/company/255002/jzee-beauty-salon,businesslist_pk,scrapy,beauty-professionals,2026-08-29T03:08:13.506351+00:00
My TeleMall,beauty professionals,http://www.mytelemall.com,03009533102,"Lahore, Pakistan, Lahore, Sindh",https://www.businesslist.pk/company/240207/my-telemall,businesslist_pk,scrapy,beauty-professionals,2026-08-29T03:08:15.713512+00:00
HairSense,beauty professionals,https://hairsense.pk/,+923302222786,"Gondal Plaza, Basement HBL, Markaz F-10, Islamabad, Islamabad",https://www.businesslist.pk/company/258852/hairsense,businesslist_pk,scrapy,beauty-professionals,2026-08-29T03:08:17.202133+00:00
Aerona Beauty,beauty professionals,http://www.aeronabeauty.com,+923217106500,"Plot No:1770,Malik Colony, Sialkot, Punjab",https://www.businesslist.pk/company/247118/aerona-beauty,businesslist_pk,scrapy,beauty-professionals,2026-08-29T03:08:18.717418+00:00
Razors &amp; Scissors - Men&#039;s Grooming Lounge,beauty professionals,https://razorsnscissorspk.com,051-6141254,"Block 12-D, Office #6, first floor, F-7 Markaz., Islamabad, Islamabad Capital Territory",https://www.businesslist.pk/company/250729/razorsscissors-mens-grooming-lounge,businesslist_pk,scrapy,beauty-professionals,2026-08-29T03:08:20.615974+00:00
Syinger Tattoos,beauty professionals,https://syingertattoos.com/,+92 316 0141165,"92-A MM Alam Rd, Block B1 Block B 1 Gulberg III, Lahore, Punjab 54660, Lahore, Punjab",https://www.businesslist.pk/company/252195/syinger-tattoos,businesslist_pk,scrapy,beauty-professionals,2026-08-29T03:08:22.773699+00:00
Sunstar Impex,beauty professionals,https://sunstarimp.com/,+923070717487,"Shahabpura Rd Industrial Area , Sialkot",https://www.businesslist.pk/company/258537/sunstar-impex,businesslist_pk,scrapy,beauty-professionals,2026-08-29T03:08:24.397386+00:00
Hum4 Creatives,event services,https://hum4creatives.com,03214847338,"Hassnain abad Lahore Cantt, Lahore, Punjab",https://www.businesslist.pk/company/249044/hum4-creatives,businesslist_pk,scrapy,event-services,2026-08-29T03:08:26.255283+00:00
Veteran Security &amp; Protection (Pvt) Ltd,event services,https://veteransecurity.com.pk/,051-2264991,"Office # 11, 2nd Floor, Shahwez Center, F-8 Markaz, Johar Road، Islamabad, 44000, Pakistan, Islamabad, Islamabad Capital Territory",https://www.businesslist.pk/company/253622/veteran-securityprotection-pvt-ltd,businesslist_pk,scrapy,event-services,2026-08-29T03:08:28.211177+00:00
Telepizza Karachi,event services,http://telepizzakarachi.weebly.com/,32043533,"C9-C 24th Commercial Street DHA II EXT., Karachi, Sindh",https://www.businesslist.pk/company/181429/telepizza-karachi,businesslist_pk,scrapy,event-services,2026-08-29T03:08:29.636597+00:00
Eventoxs Event Management,event services,http://www.eventoxs.com,0518738348,"Street 32, I-8/2, Islamabad, Islamabad, Islamabad Capital Territory",https://www.businesslist.pk/company/240363/eventoxs-event-management,businesslist_pk,scrapy,event-services,2026-08-29T03:08:31.797624+00:00
AL Saadaat Tech,event services,http://www.alsaadaattech.webs.com,03311301550,"15/B BUFFERZONE NAGAN CHOURANGI NORTH NAZIMABAD, Karachi, Sindh",https://www.businesslist.pk/company/247841/al-saadaat-tech,businesslist_pk,scrapy,event-services,2026-08-29T03:08:33.870863+00:00
Bravo Security Services (BSS) Pvt Ltd,event services,https://bravosecurity.com.pk/,042-35750337,"21 Canal Park Gulberg II, Lahore., Lahore, Punjab",https://www.businesslist.pk/company/242928/bravo-security-services-bss-pvt-ltd,businesslist_pk,scrapy,event-services,2026-08-29T03:08:36.053470+00:00
AMS Security Vision,event services,http://www.amssv.com,+9237168008,"FF-7 1st Floor Divine One Plaza, Near Q Block police Check post DHA airport road lahore , Lahore, Punjab",https://www.businesslist.pk/company/243198/ams-security-vision,businesslist_pk,scrapy,event-services,2026-08-29T03:08:37.173019+00:00
Media Sniffers,event services,,+92 321 5141523,"Plot 7-8, Premium Square, Business Square, Media Sniffers HQ, 5th Floor, Gulberg, Greens, Islamabad, 44000, Islamabad",https://www.businesslist.pk/company/258493/media-sniffers,businesslist_pk,scrapy,event-services,2026-08-29T03:08:38.839148+00:00
Pakistan Exhibitions (Pvt) Ltd.,event services,http://pakistanexhibitions.com/,(021)-34820011,"A-9/2, 3rd Floor Islamic Building Gulshan-e-Iqbal, Block 13-B Main  University Road, Karachi, Pakistan., Karachi, Sindh",https://www.businesslist.pk/company/251463/pakistan-exhibitions-pvt-ltd,businesslist_pk,scrapy,event-services,2026-08-29T03:08:40.935740+00:00
Adventure Time Club.ATC,event services,https://www.facebook.com/Adventuretimeclubofficial,0300-7964721 &amp;,"House no 2, Street no.1, gulberg town lethrar road islamabad, Islamabad, Islamabad Capital Territory",https://www.businesslist.pk/company/244540/adventure-time-clubatc,businesslist_pk,scrapy,event-services,2026-08-29T03:08:43.201579+00:00
Blink Security Services,event services,http://www.blinksecurity.com.pk,"042-35941415, 042-35941417","Office No. 9, 5th Floor, Shan Arcade, Barkat Market, New Garden Town, Lahore, Lahore, Punjab",https://www.businesslist.pk/company/241623/blink-security-services,businesslist_pk,scrapy,event-services,2026-08-29T03:08:45.237824+00:00
Happy Holidays PK,event services,http://www.happyholidayspk.com,03335766422," Capital Tower, Office No.12, 1st Floor Jammu &amp; Kashmir Housing Society G 15 Markaz G-15, Islamabad, Islamabad Capital Territory, Pakistan Islamabad, Pakistan, Islamabad, Islamabad Capital Territory",https://www.businesslist.pk/company/248398/happy-holidays-pk,businesslist_pk,scrapy,event-services,2026-08-29T03:08:46.836926+00:00
Jewel Music Event Management Karachi,event services,https://www.singermusiciankarachi.com/,03121028516,"Coverage Area: Clifton,Gulshan,Gulistan e Johar,Islamabad,Defence Housing Authority DHA Karachi,Gulshan e Maymar,KDA Scheme 1/ Muhammad Ali Society,PECHS,Bahadurabad,Lalazar,Sindhi Muslim,North Nazimabad,KDA Scheme 33,Federal B Area/ Gulberg, Karachi, Sindh",https://www.businesslist.pk/company/244465/jewel-music-event-management-karachi,businesslist_pk,scrapy,event-services,2026-08-29T03:08:48.409026+00:00
Reichert Security Services,event services,http://www.reichertsecurity.com,03030909000,"Reichert Security, G 130, DHA Phase 1- Commercial Lahore Pakistan , Lahore, Punjab",https://www.businesslist.pk/company/248029/reichert-security-services,businesslist_pk,scrapy,event-services,2026-08-29T03:08:50.295915+00:00
Al-Burhan Enterprises Lahore,event services,http://www.Alburhanenterprises.com,042-36619600,"Office No.3, 1st Floor, 78 Commercial Area, Near KFC,Cavalry Ground Lahore , Lahore, Punjab",https://www.businesslist.pk/company/245808/al-burhan-enterprises-lahore,businesslist_pk,scrapy,event-services,2026-08-29T03:08:52.499786+00:00
Made For Her,weddings,,+923171280689,"First Floor, Dolmen Mall, F-79 Tariq Rd, Delhi Society Delhi CHS PECHS, Karachi, 74200, Karachi",https://www.businesslist.pk/company/258511/made-for-her,businesslist_pk,scrapy,weddings,2026-08-29T03:08:54.425962+00:00
Blessing banquet Hall,weddings,http://www.fb.com/blessingbnquethall,03324867229,"9 civic center johar town, Lahore, Punjab",https://www.businesslist.pk/company/246168/blessing-banquet-hall,businesslist_pk,scrapy,weddings,2026-08-29T03:08:56.429248+00:00
Systaco,weddings,http://www.systaco.com,02135170712,"Plot 19c Itehad Commercial Lane 7, Phase VI, D.H.A, Karachi., Karachi, Sindh",https://www.businesslist.pk/company/244804/systaco,businesslist_pk,scrapy,weddings,2026-08-29T03:08:58.327497+00:00
The Flower Palace,weddings,https://theflowerpalace.pk/,0345 5441746,"College Rd, F-7 Markaz F 7/3 jinnah super market, Islamabad, 44210, Pakistan, Islamabad, Islamabad Capital Territory",https://www.businesslist.pk/company/259018/the-flower-palace,businesslist_pk,scrapy,weddings,2026-08-29T03:08:59.899593+00:00
Al-Tuaam Catering Company,weddings,https://www.altuaam.com,03218017000,"Office # 5, 1st floor, Zafar Nadeem Plaza, 31-B Faisal Town, Lahore, 54000, Lahore, Punjab",https://www.businesslist.pk/company/251373/al-tuaam-catering-company,businesslist_pk,scrapy,weddings,2026-08-29T03:09:02.264298+00:00
Creation&#039;s Events Solutions,weddings,http://www.saleemrajput.com,+9221-34551365,"39, BLOCK 2 , PECHS, KARACHI, Karachi, Sindh",https://www.businesslist.pk/company/242328/creations-events-solutions,businesslist_pk,scrapy,weddings,2026-08-29T03:09:04.418528+00:00
Memon Jewellers,weddings,,03400217773,"Block #1, Saadi Town, Karachi, Karachi, Sindh",https://www.businesslist.pk/company/259017/memon-jewellers,businesslist_pk,scrapy,weddings,2026-08-29T03:09:05.698787+00:00
Xperts Web Design,weddings,http://xpertswebdesign.com/,021 34836564,"M-15, Panama Centre, Gulshan-e-Iqbal, Block 13-D, Karachi., Karachi, Sindh",https://www.businesslist.pk/company/243835/xperts-web-design,businesslist_pk,scrapy,weddings,2026-08-29T03:09:07.673567+00:00
Queens Beauty Centre,weddings,http://www.queens.com.pk/,"+922134524822 ,+9221 34552371","Tariq Road Main Branch 940/C, Commercial Area P.E.C.H.S Block 2 Near Jheel Park, Karachi, Sindh",https://www.businesslist.pk/company/242697/queens-beauty-centre,businesslist_pk,scrapy,weddings,2026-08-29T03:09:09.748598+00:00
A2z Events Solutions,weddings,http://www.a2zeventssolutionz.com,+923214268177,"M-23 Siddiqe Trade Center Main Boulevard Gulberg, Lahore, Punjab",https://www.businesslist.pk/company/248445/a2z-events-solutions,businesslist_pk,scrapy,weddings,2026-08-29T03:09:11.981228+00:00
Haroon Sharif Jewellers DHA,weddings,http://hsjeweller.com/,"04235741151, 04235741152, 04235741153","81-Y Commercial Area, Sector Y DHA Phase 3, Lahore, Punjab",https://www.businesslist.pk/company/248067/haroon-sharif-jewellers-dha,businesslist_pk,scrapy,weddings,2026-08-29T03:09:13.911913+00:00
Shaheen Maarriage Bureau,weddings,http://www.shaheenmarriage.com,0092-021-34890012,"Defense Phase II - Karachi, Karachi, Sindh",https://www.businesslist.pk/company/163514/shaheen-maarriage-bureau,businesslist_pk,scrapy,weddings,2026-08-29T03:09:16.017068+00:00
SANEO Event Planner,weddings,http://www.saneotech.com,0334-8533055,"Behind National Bank POF WahCantt , Distt Rawalpindi-Pakistan, Wah Cantonment, Punjab",https://www.businesslist.pk/company/240717/saneo-event-planner,businesslist_pk,scrapy,weddings,2026-08-29T03:09:17.984478+00:00
Wedding Photography by 55 Shots Photographer,photography,https://55shots.pk/,03314373715,"Model Town, Lahore, Punjab",https://www.businesslist.pk/company/249230/wedding-photography-by-55-shots-photographer,businesslist_pk,scrapy,photography,2026-08-29T03:09:20.287351+00:00
Dees Creations,photography,http://www.facebook.com/DeesCreations,03232379123,"Gulistan-e-Jauhar, Block-12, Karachi, Pakistan, Karachi, Sindh",https://www.businesslist.pk/company/234994/dees-creations,businesslist_pk,scrapy,photography,2026-08-29T03:09:22.339896+00:00
Biyah Weddinng,photography,,0342 2142524,"Block, 43 H، 1, 6, PECHS, Karachi, 75400, Karachi, Sindh",https://www.businesslist.pk/company/252803/biyah-weddinng,businesslist_pk,scrapy,photography,2026-08-29T03:09:24.665969+00:00
ShadiGrapher.com,photography,http://shadigrapher.com,+923162424417,"1st Floor, Building FL-30, Block B, Gulshan e Jamal, Karachi, Pakistan Like Us On Facebook, Karachi, Sindh",https://www.businesslist.pk/company/249977/shadigraphercom,businesslist_pk,scrapy,photography,2026-08-29T03:09:26.838575+00:00
Smart Aperture Photography,photography,http://www.facebook.com/smartaperturephotography,+923452592084,"KARACHI, Karachi, Sindh",https://www.businesslist.pk/company/250298/smart-aperture-photography,businesslist_pk,scrapy,photography,2026-08-29T03:09:28.847259+00:00
A J Photography,photography,https://www.facebook.com/adijuttphotography,+923285040000,"Eden orchard, lasani pulli, srg rd., Faisalabad",https://www.businesslist.pk/company/258406/a-j-photography,businesslist_pk,scrapy,photography,2026-08-29T03:09:30.972481+00:00
NiftySphere,photography,http://www.niftysphere.com,03335377734,"Office #3, Plaza #21, E11/3, Multi Markaz, Islamabad, Islamabad, Islamabad Capital Territory",https://www.businesslist.pk/company/245659/niftysphere,businesslist_pk,scrapy,photography,2026-08-29T03:09:32.802090+00:00
FotoCrown,photography,,+92 305 5541115,"ffice #1, 2nd Floor, Sunflower Building, near H. Karim Buksh, Liberty Market Gulberg III, Lahore",https://www.businesslist.pk/company/258516/fotocrown,businesslist_pk,scrapy,photography,2026-08-29T03:09:34.662580+00:00
FotoClickStudio,photography,,+923082995955,"Pakistan, Karachi, Tariq Road, Karachi",https://www.businesslist.pk/company/258813/fotoclickstudio,businesslist_pk,scrapy,photography,2026-08-29T03:09:36.168193+00:00
Diran Productions,photography,https://diranproductions.com,+92512825565,"3rd Floor, CIS Technology Park, Shahrah-e-Jamhuriat, G-5/2, Islamabad, Islamabad, Islamabad Capital Territory",https://www.businesslist.pk/company/246567/diran-productions,businesslist_pk,scrapy,photography,2026-08-29T03:09:38.311913+00:00
Waseem Saleem Photography | Wedding Photographer in Lahore,photography,http://(https://www.waseemsaleemphotography.com/),(+923048055553),"Office#5-B, Ahsan Plaza, market, Karim Block Allama Iqbal Town, Lahore, Punjab 54000, Lahore",https://www.businesslist.pk/company/258857/waseem-saleem-photography-in-lahore,businesslist_pk,scrapy,photography,2026-08-29T03:09:40.024335+00:00
Aftab Alam photography,photography,https://aftabalam.pk/,+923218659300,"5-Basement, Al Masoom Plaza, Mian Hameed Chowk, Faisalabad, Punjab",https://www.businesslist.pk/company/241441/aftab-alam-photography,businesslist_pk,scrapy,photography,2026-08-29T03:09:41.589439+00:00
BnW Collections,photography,https://www.bnwcollections.com/,(+92) 03-111-111-269,"Office # 35, 4th Floor, Arkay Square Shahrah-e-Liaquat, Karachi, Sindh",https://www.businesslist.pk/company/245108/bnw-collections,businesslist_pk,scrapy,photography,2026-08-29T03:09:43.119182+00:00
Black Production Films,photography,http://www.blackproductionfilms.com,"+92 300 2325700, +92 -21-34557536","Office Suite # 201, Clifton Galleria, Block-4, Clifton, Karachi, Pakistan, Karachi, Sindh",https://www.businesslist.pk/company/241651/black-production-films,businesslist_pk,scrapy,photography,2026-08-29T03:09:45.257308+00:00
Ebuzztoday,photography,http://www.ebuzztoday.com,(042) 32085233,"Building No. 69 Block B 2 Gulberg III Al-Hafeez Suites 2nd Floor, Suite No 12., Lahore, Punjab",https://www.businesslist.pk/company/240054/ebuzztoday,businesslist_pk,scrapy,photography,2026-08-29T03:09:47.292308+00:00
Play Weddings,photography,,03214700365,"Shop No. 59, First Floor, AL HAFEEZ SHOPPING MALL , Lahore, Lahore, Punjab",https://www.businesslist.pk/company/240085/play-weddings,businesslist_pk,scrapy,photography,2026-08-29T03:09:49.456500+00:00
eStudio By Abid,photography,https://www.estudiobyabid.com/,+923005837001,"23-Shahid Plaza, 2nd Floor University Road, Peshawar, Khyber Pakhtunkhwa",https://www.businesslist.pk/company/249950/estudio-by-abid,businesslist_pk,scrapy,photography,2026-08-29T03:09:51.478909+00:00
Substop,restaurants,https://Substop.com.pk,+923017827867,"(SUB STOP ) Basement 1, Plot No. C1,  Street 11 , Phase 5 Badar Commercial Area Defence Housing Authority, Karachi, Sindh 75500, Karachi",https://www.businesslist.pk/company/258045/substop,businesslist_pk,scrapy,restaurants,2026-08-29T03:10:29.942167+00:00
SalaMs Fish,restaurants,http://www.facebook.com/SalamsFish,,"Gulshan e Iqbal, Karachi, Sindh",https://www.businesslist.pk/company/240942/salams-fish,businesslist_pk,scrapy,restaurants,2026-08-29T03:10:31.318368+00:00
Body Buildo Offical Body Supplement,fitness,https://www.bodybuildo.com.pk/body-buildo/,03217778851,"6th road , Rawalpindi, Punjab",https://www.businesslist.pk/company/247485/body-buildo-offical-body-supplement,businesslist_pk,scrapy,fitness,2026-08-29T03:10:33.157092+00:00
Brandingo Beauty,hairdressers,,"+92,3006178425","Nasir Road, Sialkot",https://www.businesslist.pk/company/257475/brandingo-beauty,businesslist_pk,scrapy,hairdressers,2026-08-29T03:10:35.106259+00:00
Chai Paratha Sargodha,restaurants,http://clickneat.pk,03111222056,"Canal Park Sargodha, Sargodha, Punjab",https://www.businesslist.pk/company/247556/chai-paratha-sargodha,businesslist_pk,scrapy,restaurants,2026-08-29T03:11:02.149725+00:00
KhanJi,restaurants,http://www.khanji.pk,(021) 35290065,"F-44/2, Block-4, Scheme-5, Clifton, Karachi., Karachi, Sindh",https://www.businesslist.pk/company/242082/khan-ji,businesslist_pk,scrapy,restaurants,2026-08-29T03:11:14.650298+00:00
Eastern Products (pvt) Ltd.,restaurants,http://www.vitaltea.com.pk,0632250237,"vital house plot no 50 56 haroonabad, Bahawalnagar, Sindh",https://www.businesslist.pk/company/225310/eastern-products-pvt-ltd,businesslist_pk,scrapy,restaurants,2026-08-29T03:11:49.095057+00:00
Hop Inn Fast Food,restaurants,,041-8817329,"Hafeez Plaza near HBL, Ideal Town, Bawa Chack, Sargodha Road, Faisalabad, Punjab",https://www.businesslist.pk/company/247230/hop-inn-fast-food,businesslist_pk,scrapy,restaurants,2026-08-29T03:12:07.476388+00:00
Pizza Online,restaurants,https://pizzaonline.pk/,+923090023300,"Main Blvd Allama Iqbal Town, near Moon Market Park, Jahanzeb Block Allama Iqbal Town, Lahore, Punjab 54000, Lahore",https://www.businesslist.pk/company/254913/pizza-online,businesslist_pk,scrapy,restaurants,2026-08-29T03:12:12.580339+00:00
Hayat Hotel and Restaurant,restaurants,http://nowebsite,(0945) 823403,"Sabaoon Chowk, ByPass Road, Timergara, Lower Dir, Khyber Pakhtunkhwa, Timergara",https://www.businesslist.pk/company/254895/hayat-hotel-and-restaurant,businesslist_pk,scrapy,restaurants,2026-08-29T03:12:17.155043+00:00
Sahani International Traders,restaurants,,+923037454759,"bosan road, Multan, Multan, Punjab",https://www.businesslist.pk/company/235142/sahani-international-traders,businesslist_pk,scrapy,restaurants,2026-08-29T03:12:19.260375+00:00
Mandi Al Khaleej,restaurants,,+9234328870,"Saima Liberty, Allama Iqbal Rd, P.E.C.H.S. Block 2 PECHS,, Karachi",https://www.businesslist.pk/company/258250/mandi-al-khaleej,businesslist_pk,scrapy,restaurants,2026-08-29T03:12:21.655176+00:00
Texas Chicken Pakistan,restaurants,,(042)32592433,"16M Abdul Haque Rd, Lahore, Lahore, Punjab",https://www.businesslist.pk/company/246013/texas-chicken-pakistan,businesslist_pk,scrapy,restaurants,2026-08-29T03:12:23.368025+00:00
itzza pitzza,restaurants,https://itzzapitzza.pk,03332322580,"Shop 13, Block 5, Boatbasin, Block 5 Clifton, Karachi, Karachi City, Sindh 75600, Karachi, Sindh",https://www.businesslist.pk/company/247473/itzza-pitzza,businesslist_pk,scrapy,restaurants,2026-08-29T03:12:24.668445+00:00
Batata Farata,restaurants,,(021)35242017,"Shop 1, Plot 28/C, Seher Lane 6 Seher Commercial, Phase 7, Karachi, Pakistan, Karachi, Sindh",https://www.businesslist.pk/company/246761/batata-farata,businesslist_pk,scrapy,restaurants,2026-08-29T03:12:26.653730+00:00
Fresh Frozen Foods,restaurants,,0344-8123336,"azizabad main road, Karachi, Sindh",https://www.businesslist.pk/company/247889/fresh-frozen-foods,businesslist_pk,scrapy,restaurants,2026-08-29T03:12:28.759557+00:00
The Poet Restaurant in Lahore,restaurants,http://poetrestaurant.com/,03041112221,"Gate # 3, Greater Iqbal Park, Minar-e-Pakistan, Lahore, Lahore, Punjab",https://www.businesslist.pk/company/250236/the-poet-restaurant-in-lahore,businesslist_pk,scrapy,restaurants,2026-08-29T03:12:31.064269+00:00
YumFoody.com,restaurants,https://www.yumfoody.com/,03455458568,"PWD Islamabad, Islamabad, Islamabad Capital Territory",https://www.businesslist.pk/company/250848/yumfoodycom,businesslist_pk,scrapy,restaurants,2026-08-29T03:12:33.247455+00:00
Burger Inc.,restaurants,https://www.burger-inc.com/,+9221111287437,"Plot No 45/C, Shop No 2, 10th Badar Commercial Street DHA 5, Karachi, Sindh",https://www.businesslist.pk/company/246263/burger-inc,businesslist_pk,scrapy,restaurants,2026-08-29T03:12:35.341962+00:00
Lal Qila Restaurant,restaurants,http://www.lalqila.com,022-111-525-745,"Auto Bhan Road, Hyderabad, Sindh",https://www.businesslist.pk/company/240775/lal-qila-restaurant,businesslist_pk,scrapy,restaurants,2026-08-29T03:12:37.289173+00:00
Bhaati Gate Restaurant,restaurants,,+92 300 8506052,"navy street 3،, Block H Naval Anchorage, Islamabad, Islamabad Capital Territory, Pakistan, Islamabad, Islamabad Capital Territory",https://www.businesslist.pk/company/249531/bhaati-gate-restaurant,businesslist_pk,scrapy,restaurants,2026-08-29T03:12:38.990110+00:00
Al-Kareem Restaurant,restaurants,,0423-5222224,"208-A Block, Main Peco Road, Near Model Town, Link Road Signal, Muhammadpura, Lahore, Punjab",https://www.businesslist.pk/company/250510/al-kareem-restaurant,businesslist_pk,scrapy,restaurants,2026-08-29T03:12:41.028076+00:00
Cosmo Salon,hairdressers,,03204104466,"148-Y Block Commercial, Phase 3 Lahore, Sector Y DHA Phase 3, Lahore, Punjab, Lahore, Punjab",https://www.businesslist.pk/company/248659/cosmo-salon,businesslist_pk,scrapy,hairdressers,2026-08-29T03:12:42.699615+00:00
Royal Edge Enterprises,hairdressers,,+923006141242,"P.O. 2462, Sialkot, Punjab",https://www.businesslist.pk/company/243844/royal-edge-enterprises,businesslist_pk,scrapy,hairdressers,2026-08-29T03:12:43.967156+00:00
Hair Life Clinic &amp; Wigs Supplier,hairdressers,,03002094872,"Bliss Shopping Centre Shop # A-25 Zainb un Nissa Street, Saddar, Karachi., Karachi, Sindh",https://www.businesslist.pk/company/244523/hair-life-clinicwigs-supplier,businesslist_pk,scrapy,hairdressers,2026-08-29T03:12:45.312619+00:00
Hair Skill,hairdressers,,0300 9418717,"11-C, Valancia Town, Lahore., Lahore, Punjab",https://www.businesslist.pk/company/249786/hair-skill,businesslist_pk,scrapy,hairdressers,2026-08-29T03:12:47.026637+00:00
Fue Hair Transplant Clinic Pakistan,hairdressers,http://www.fuehairtransplantpakistan.com/,042-35874529,"31 A- Ali Zeb Road Block C- 3 Gulberg-3, Firdous Market – Opposite Total Pump, Lahore, Punjab",https://www.businesslist.pk/company/246903/fue-hair-transplant-clinic-pakistan,businesslist_pk,scrapy,hairdressers,2026-08-29T03:12:48.004017+00:00
Hyde Out Enterprises,hairdressers,,3550117,"P.O.Box: 1146, Punjab, Sialkot, Punjab",https://www.businesslist.pk/company/130168/hyde-out-enterprises,businesslist_pk,scrapy,hairdressers,2026-08-29T03:12:49.763467+00:00
Hair Beauty™,hairdressers,,3009467878,"305-B Block B street number 10 Sitara Park City, 38000 Faisalabad, PK, Faisalabad, Punjab",https://www.businesslist.pk/company/254093/hair-beauty,businesslist_pk,scrapy,hairdressers,2026-08-29T03:12:51.528039+00:00
Cosmetic Surgery Karachi,hairdressers,,+92 213 5821838-9,"Suit no 409 , 4th floor, The Plaza Mall,  Khyban-e-iqbal Near Clifton  2 Talwar, Karachi, Sindh",https://www.businesslist.pk/company/248884/cosmetic-surgery-karachi,businesslist_pk,scrapy,hairdressers,2026-08-29T03:12:53.384718+00:00
Berg Beauty,hairdressers,http://bergbeauty.com,92523571223,"Wazira Abad Road, Sialkot, Punjab",https://www.businesslist.pk/company/240607/berg-beauty,businesslist_pk,scrapy,hairdressers,2026-08-29T03:12:54.933111+00:00
As Derma,hairdressers,,+92 333 4178047,"Nearby Malir Cantt CheckPost#1, R-138 Jinnah Garden Gate 4, Model Colony, Karachi, Karachi, Sindh",https://www.businesslist.pk/company/248826/as-derma,businesslist_pk,scrapy,hairdressers,2026-08-29T03:12:56.530947+00:00
Cheap Hair Transplant Clinic Pakistan,hairdressers,,+92-42-35874529,"31 A- Ali Zeb Road Block C- 3 Gulberg-3, Firdous Market – opposite Total Pump, Lahore, Punjab",https://www.businesslist.pk/company/246595/cheap-hair-transplant-clinic-pakistan,businesslist_pk,scrapy,hairdressers,2026-08-29T03:12:57.906581+00:00
Black Rose Color Experts,hairdressers,,04237159194,"38/63-Rehman Street, Near Ahmad Din Park IslamPura, Lahore, Pakistan BR Office., Lahore, Punjab",https://www.businesslist.pk/company/252516/black-rose-color-experts,businesslist_pk,scrapy,hairdressers,2026-08-29T03:13:00.265001+00:00
Trend world enterprises,hairdressers,,+923065437866,"Mangla road Dina , Jhelum, Punjab",https://www.businesslist.pk/company/248233/trend-world-enterprises,businesslist_pk,scrapy,hairdressers,2026-08-29T03:13:02.468723+00:00
Sonia Signature Salon,hairdressers,,04235740404,"19-F Phase 1, DHA, Lahore, Punjab",https://www.businesslist.pk/company/250280/sonia-signature-salon,businesslist_pk,scrapy,hairdressers,2026-08-29T03:13:03.892166+00:00
Beauticas®,hairdressers,,+92527-025534,"Abbot Road, Near Regional Tax Office, Sialkot",https://www.businesslist.pk/company/257689/beauticas,businesslist_pk,scrapy,hairdressers,2026-08-29T03:13:05.841551+00:00
Naina&#039;s Beauty Salon,hairdressers,https://nainassalon.business.site,0321 4111185,"Street Number 3 , BegumPura Stop ., Lahore, Khyber Pakhtunkhwa",https://www.businesslist.pk/company/253947/nainas-beauty-salon,businesslist_pk,scrapy,hairdressers,2026-08-29T03:13:07.795337+00:00
Hair Transplant clinic Lahore,hairdressers,,+92-42-35874530,"31 A-Ali Zeb Road Block C-3 Gulberg 3, Firdous Market, Lahore, Punjab",https://www.businesslist.pk/company/241575/hair-transplant-clinic-lahore,businesslist_pk,scrapy,hairdressers,2026-08-29T03:13:09.945712+00:00
Hair Skill,hairdressers,,0300 9418717,"11-C, Valancia Town, Lahore, Lahore, Punjab",https://www.businesslist.pk/company/249715/hair-skill,businesslist_pk,scrapy,hairdressers,2026-08-29T03:13:11.943705+00:00
Ptcare,fitness,,0331 8437279,"Arthritis Care Clinics 1-A, C-1 Block, off MM Alam Rd, next to SUBWAY, Gulberg III, Lahore, 54000, Lahore, Punjab",https://www.businesslist.pk/company/252084/ptcare,businesslist_pk,scrapy,fitness,2026-08-29T03:13:13.739875+00:00
Jsaalh Sports,fitness,,+923086881611,"PO.BOX 51040 Christian town,Sialkot,Pakistan, , Sialkot, Punjab",https://www.businesslist.pk/company/253851/jsaalh-sports,businesslist_pk,scrapy,fitness,2026-08-29T03:13:15.522307+00:00
EtsyTelemart.Com.Pk,fitness,,03006809319,"i 10, Islamabad, Punjab",https://www.businesslist.pk/company/252636/etsytelemartcompk,businesslist_pk,scrapy,fitness,2026-08-29T03:13:17.803845+00:00
Widz Sports,fitness,,+923137960066," Javed Street Near Murray College Road.Sialkot.51310.Pakistan, Sialkot, Punjab",https://www.businesslist.pk/company/250739/widz-sports,businesslist_pk,scrapy,fitness,2026-08-29T03:13:18.791615+00:00
Bespak Trading Company,fitness,http://www.bespaksport.com,"9252-4587852, +92 300 9615512","M.Y.Dodhy Centre Mujahid Road, Punjab, Sialkot, Punjab",https://www.businesslist.pk/company/129995/bespak-trading-company,businesslist_pk,scrapy,fitness,2026-08-29T03:13:21.046230+00:00
Teletopshop,fitness,http://teletopshop.com/,03006079080,"Sector i 10 islamabad, Islamabad, Islamabad Capital Territory",https://www.businesslist.pk/company/241971/teletopshop,businesslist_pk,scrapy,fitness,2026-08-29T03:13:22.519109+00:00
Ebayteleshop,fitness,,03005550166,"Pakistan, Islamabad, Islamabad Capital Territory",https://www.businesslist.pk/company/242132/ebayteleshop,businesslist_pk,scrapy,fitness,2026-08-29T03:13:24.418931+00:00
RijaSpa,fitness,https://rijaspa.com,923361117011,"32nd Street of Saba Avenue, Khayaban-e-Mujahid, Phase V, Karachi",https://www.businesslist.pk/company/254994/rijaspa,businesslist_pk,scrapy,fitness,2026-08-29T03:13:26.566460+00:00
MyEbayZoon Pakistan,fitness,,03008436669,"F-7 Markaz Islamabad Pakistan, Islamabad, Islamabad Capital Territory",https://www.businesslist.pk/company/246955/myebayzoon-pakistan,businesslist_pk,scrapy,fitness,2026-08-29T03:13:28.671632+00:00
Speed Ports Leather Enterprises,fitness,,052-3240468,"Eiman Abad Road,Sialkot Pakistan, Sialkot, Punjab",https://www.businesslist.pk/company/251968/speed-ports-leather-enterprises,businesslist_pk,scrapy,fitness,2026-08-29T03:13:30.317626+00:00
Talessma International,fitness,,0092524364187,"NEAR SHADAB GIRLS COLLEGE NASIR ROAD, Sialkot, Punjab",https://www.businesslist.pk/company/250783/talessma-international,businesslist_pk,scrapy,fitness,2026-08-29T03:13:31.325178+00:00
Sindh Trading Corporation,fitness,,9221-7729416,"219,2nd Floor,Prince Centre,Saddar, Karachi, Sindh",https://www.businesslist.pk/company/116216/sindh-trading-corporation,businesslist_pk,scrapy,fitness,2026-08-29T03:13:32.825710+00:00
Moringa For All,fitness,,+922132600878,"208 Sabrina Center Karachi Sindh, Karachi, Sindh",https://www.businesslist.pk/company/250959/moringa-for-all,businesslist_pk,scrapy,fitness,2026-08-29T03:13:34.829216+00:00
Nutrient Food Facts,fitness,,+923324459521,"Mughalpura, Lahore, Lahore, Punjab",https://www.businesslist.pk/company/246374/nutrient-food-facts,businesslist_pk,scrapy,fitness,2026-08-29T03:13:36.926237+00:00
Noma Industies,fitness,http://www.nomaind.com,+923156131212,"kotli behram muslim main street sialkot , Sialkot, Punjab",https://www.businesslist.pk/company/246803/noma-industies,businesslist_pk,scrapy,fitness,2026-08-29T03:13:38.615192+00:00
Cherry Berry RMS,restaurants,https://cherryberryrms.com/,+924235781943,"Office 314 – Sadeeq Trade Center Main Boulevard Gulberg, Lahore, Pakistan, Lahore",https://www.businesslist.pk/company/255189/cherry-berry-rms,businesslist_pk,scrapy,restaurants,2026-08-29T03:13:40.454856+00:00
Folk Dine,restaurants,http://folkdine.weebly.com,03328254404,"Street 2, Phase 2, A-one City Housing Scheme , Quetta, Balochistan",https://www.businesslist.pk/company/247744/folk-dine,businesslist_pk,scrapy,restaurants,2026-08-29T03:13:42.142946+00:00
Thalii Restaurant,restaurants,https://thaliipk.com/thalii,+923344666046,"84/1H, H block market, DHA pahse 1 , Lahore",https://www.businesslist.pk/company/254986/thalii-restaurant,businesslist_pk,scrapy,restaurants,2026-08-29T03:13:44.086307+00:00
Khan Continental Hotel and Restaurant,restaurants,https://khancontinental.com/,+923410354945,"Shah Nawaz Chowk, Mohalla Saienabad, Mansehra, Khyber Pakhtunkhwa, Abbottabad",https://www.businesslist.pk/company/257732/khan-continental-hotel-and-restaurant,businesslist_pk,scrapy,restaurants,2026-08-29T03:13:46.074387+00:00
Butt Karahi Sargodha,restaurants,http://clickneat.pk,03111222056,"Canal Park sargodha, Lahore, Punjab",https://www.businesslist.pk/company/247531/butt-karahi-sargodha,businesslist_pk,scrapy,restaurants,2026-08-29T03:13:47.721409+00:00
Pakistan Places,restaurants,http://pakistanplaces.com,03150188999,"Office no 7 it park abbottabad, Abbottabad, Khyber Pakhtunkhwa",https://www.businesslist.pk/company/245893/pakistan-places,businesslist_pk,scrapy,restaurants,2026-08-29T03:13:49.651122+00:00
Hotpod,restaurants,https://hotpod.pk/,0345 3033203,"Plot ST, 2/12, Napier Quarter, Karachi, Karachi City, Sindh, Karachi",https://www.businesslist.pk/company/255730/hotpod,businesslist_pk,scrapy,restaurants,2026-08-29T03:13:51.673881+00:00
Ocean Gold Seafood,restaurants,https://oceangoldseafoodpak.com/,+922132331930,"J-4 Fish Harbour Road, West Wharf, Karachi, 74000, Karachi, Sindh",https://www.businesslist.pk/company/109437/ocean-gold-seafood,businesslist_pk,scrapy,restaurants,2026-08-29T03:13:53.410134+00:00
Budget Express,restaurants,http://budgetexpress.pk,03422123455,"Hassan Square, Karachi, Pakistan , Karachi, Sindh",https://www.businesslist.pk/company/244766/budget-express,businesslist_pk,scrapy,restaurants,2026-08-29T03:13:55.709855+00:00
Khaya Piya,restaurants,http://khayapiya.pk,92 47 4569865,"Shop # 11, 12, 13, Naya Shehr, Satellite Town, Jhang, Jhang, Punjab",https://www.businesslist.pk/company/253825/khaya-piya,businesslist_pk,scrapy,restaurants,2026-08-29T03:13:57.365854+00:00
ShannelCorp Pakistan,restaurants,http://shannelcorp.com.pk,+923012221222,"1/1 PECHS Block 6 Karachi, Karachi, Sindh",https://www.businesslist.pk/company/245943/shannelcorp-pakistan,businesslist_pk,scrapy,restaurants,2026-08-29T03:13:58.863302+00:00
Homemade Cuisine,restaurants,https://homemadecuisine.biz/,+923452002645,"272/H2 Mall Gate #1, opposite Emporium, Block H-2 Block H 2 Phase 2 Johar Town, Lahore, Punjab 54000, Lahore",https://www.businesslist.pk/company/256495/homemade-cuisine,businesslist_pk,scrapy,restaurants,2026-08-29T03:14:00.872400+00:00
Nadeem Tikka,restaurants,http://nadeemtikka.com,(042) 35750027-28,"226, A III, Gulberg III, Opposite City School Near 7up Factory Lahore, Lahore, Punjab",https://www.businesslist.pk/company/244323/nadeem-tikka,businesslist_pk,scrapy,restaurants,2026-08-29T03:14:03.165112+00:00
FoodoPlanet,restaurants,https://foodoplanet.com,+923473585412,"C-235, Gulshan-e-Rafi, Malir, Karachi, Sindh",https://www.businesslist.pk/company/251054/foodoplanet,businesslist_pk,scrapy,restaurants,2026-08-29T03:14:04.414114+00:00
UEAT,restaurants,https://www.ueat.pk/,+1 -703-568-3666 +92-308-2174003,"Anum Estate Building, Ueat Office 406 4th floor, Shahrah-e-Faisal Rd, near baloch colony bridge and PSO Pumpmain, Umar Colony, Karachi, Sindh 75350, Karachi",https://www.businesslist.pk/company/255258/ueat,businesslist_pk,scrapy,restaurants,2026-08-29T03:14:06.599046+00:00
Vagus Cosmatics,hairdressers,http://drranairfan.com/,051-2287661-2,"27, Main Kaghan Road, Sector F-8/3 Islamabad Pakistan, Islamabad, Islamabad Capital Territory",https://www.businesslist.pk/company/243841/vagus-cosmatics,businesslist_pk,scrapy,hairdressers,2026-08-29T03:14:08.826992+00:00
Eazicolor,hairdressers,https://eazicolor.com/,03011006401,"harrar, wazirabad road near john and scot school Sialkot, Sialkot, Punjab",https://www.businesslist.pk/company/253608/eazicolor,businesslist_pk,scrapy,hairdressers,2026-08-29T03:14:10.919406+00:00
Innovation Beauty Clinic,hairdressers,http://www.innovationlahore.com,04235217221,"Near Akbar Chowk, 48-A, 17-B-1, opp. Aroosh marriage hall, college road, Township, Lahore, Punjab",https://www.businesslist.pk/company/241962/innovation-beauty-clinic,businesslist_pk,scrapy,hairdressers,2026-08-29T03:14:12.802740+00:00
Zingzon Instruments,hairdressers,http://www.zingzon.com.pk,+923316171657,"Fateh Garh Chownk, Sialkot, Sialkot, Punjab",https://www.businesslist.pk/company/240437/zingzon-instruments,businesslist_pk,scrapy,hairdressers,2026-08-29T03:14:15.040020+00:00
Beautizon Instruments,hairdressers,https://beautizon.biz/,+92 317 570 7777,"Kotli Noonan, Daska Rd, Sialkot, 53010, Punjab",https://www.businesslist.pk/company/253902/beautizon-instruments,businesslist_pk,scrapy,hairdressers,2026-08-29T03:14:16.698402+00:00
Queen Marry Beauty Salon,hairdressers,https://queen-marry-beauty-salon.business.site/,03098102043,"House No 5, Ghousia Park, Zafar St, Ichhra Rehman Pura Colony, Lahore, Punjab 54000, Lahore, Punjab",https://www.businesslist.pk/company/253425/queen-marry-beauty-salon,businesslist_pk,scrapy,hairdressers,2026-08-29T03:14:18.860296+00:00
Buy4u.pk,hairdressers,https://buy4u.pk/,0514950320,"Commercial Area,New City Phase II, Wah Cantt, Wah Cantonment, Punjab",https://www.businesslist.pk/company/247599/buy4upk,businesslist_pk,scrapy,hairdressers,2026-08-29T03:14:20.535324+00:00
Tecto Manicure,hairdressers,http://www.tectomanicure.com/,0523540403,"HAMZA GHOUSE,Pasrur Road, Sialkot, Punjab",https://www.businesslist.pk/company/246721/tecto-manicure,businesslist_pk,scrapy,hairdressers,2026-08-29T03:14:22.499895+00:00
Hairline Hair Transplant and PRP,hairdressers,,03227753275," Latifullah chowk, near Aqsa Clinic, Mumtazabad Colony, Multan, Punjab",https://www.businesslist.pk/company/254072/hairline-hair-transplant-and-prp,businesslist_pk,scrapy,hairdressers,2026-08-29T03:14:24.524477+00:00
Care Fusion Surgicals,hairdressers,http://www.carefusion.pk,+92-523-292617,"Kashmir road pakagara bonkan sialkot,punjab.pakistan-51310, Sialkot, Punjab",https://www.businesslist.pk/company/240075/care-fusion-surgicals,businesslist_pk,scrapy,hairdressers,2026-08-29T03:14:26.616973+00:00
Fue hair transplant clinic Lahore -Pakistan,hairdressers,http://lahorehairclinic.com/,+92-42-35874529,"31 A – Ali Zeb Road Block C-3 Gulberg 3 Opposite Total Pump Firdous Market Lahore 54000, Lahore, Punjab",https://www.businesslist.pk/company/246386/fue-hair-transplant-clinic-lahore-pakistan,businesslist_pk,scrapy,hairdressers,2026-08-29T03:14:28.333230+00:00
xstvshop.com.pk,hairdressers,http://www.xstvshop.com.pk,0333-3348951,"karachi sindh pakistan, Karachi, Sindh",https://www.businesslist.pk/company/240875/xstvshopcompk,businesslist_pk,scrapy,hairdressers,2026-08-29T03:14:30.149029+00:00
Adan Surgical,hairdressers,http://maclurasurgical.com,0526227332,"Adamkay, Sialkot, Punjab",https://www.businesslist.pk/company/234897/adan-surgical,businesslist_pk,scrapy,hairdressers,2026-08-29T03:14:31.743448+00:00
Salim Group Of Industries,hairdressers,http://www.salim-group.com,92-52-4597649,"P. O. BOX 2561 Muhammad Pura, SIALKOT, Pakistan, Sialkot, Punjab",https://www.businesslist.pk/company/239980/sakim-group-of-industries,businesslist_pk,scrapy,hairdressers,2026-08-29T03:14:33.838809+00:00
SAMS (Skin Analysis Medical Spa &amp; Gym),hairdressers,,"+92-42-35714240, +92-42-35707427","40 B1, gulberg 111, off M.M Alam road, Lahore, Lahore, Punjab",https://www.businesslist.pk/company/240279/sams-skin-analysis-medical-spagym,businesslist_pk,scrapy,hairdressers,2026-08-29T03:14:35.937938+00:00
Hillza Beauty Industry,hairdressers,,+923328704796,"Mughal Furniture Street No.05, Rohail Pura Road, Fateh Ghar, Sialkot, Pakistan, Sialkot, Punjab",https://www.businesslist.pk/company/243877/hillza-beauty-industry,businesslist_pk,scrapy,hairdressers,2026-08-29T03:14:37.726008+00:00
Blue Stone Instruments,hairdressers,,+923246133646,"Street#18, Roras Road, New Miana Pura, Sialkot, Sialkot, Punjab",https://www.businesslist.pk/company/246732/blue-stone-instruments,businesslist_pk,scrapy,hairdressers,2026-08-29T03:14:39.973199+00:00
Jacked Nutrition,fitness,https://jackednutrition.pk,+92518441559,"Main Margalla Rd, Golra E-11, Islamabad, Islamabad Capital Territory 44000, Islamabad",https://www.businesslist.pk/company/257412/jacked-nutrition,businesslist_pk,scrapy,fitness,2026-08-29T03:14:42.164002+00:00
Summit Life Style Gym in DHA Lahore,fitness,https://summitlifestylepk.com/,92322-8476565,"SUMMIT Lifestyle Studio 183, Sector Y DHA Phase 3, Lahore, Pakistan, Lahore, Punjab",https://www.businesslist.pk/company/249533/summit-life-style-gym-in-dha-lahore,businesslist_pk,scrapy,fitness,2026-08-29T03:14:44.286769+00:00
Minhas Technical Apparel Factory PK,fitness,https://www.mtaf.pk/?Crunchbase,+923060602440,"Punjab, Sialkot",https://www.businesslist.pk/company/256949/minhas-technical-apparel-factory-pk,businesslist_pk,scrapy,fitness,2026-08-29T03:14:46.355222+00:00
SUMMIT Lifestyle Studio,fitness,https://summitlifestylepk.com/,03228476565,"183, Sector Y DHA Phase 3, Lahore, Pakistan , Lahore, Punjab",https://www.businesslist.pk/company/251474/summit-lifestyle-studio,businesslist_pk,scrapy,fitness,2026-08-29T03:14:47.706357+00:00
Hogwards Enterprises,fitness,https://hogwardsent.com/,+923319612759,"Mohalla Cha Tarkhana, Sialkot, Punjab",https://www.businesslist.pk/company/251309/hogwards-enterprises,businesslist_pk,scrapy,fitness,2026-08-29T03:14:49.102256+00:00
Fitnessclub.com.pk,fitness,https://fitnessclub.com.pk/,+92-323-1495288,"17-Lawrence Road Lahore, Pakistan, Lahore, Punjab",https://www.businesslist.pk/company/253680/fitnessclubcompk,businesslist_pk,scrapy,fitness,2026-08-29T03:14:51.158281+00:00
Goldpunch,fitness,,00923157801036,"HAJI PURA KACHA SHAHAB PURA ROAD NEAR DARBAR SHAHI BADSHAH SIALKOT PAKISTAN, Sialkot, Punjab",https://www.businesslist.pk/company/251512/goldpunch,businesslist_pk,scrapy,fitness,2026-08-29T03:14:53.022437+00:00
Maxima Nutrition,fitness,https://maximanutrition.com/,+92 320 3747471,"17 Lawrence Road, Lahore, Pakistan, Lahore",https://www.businesslist.pk/company/258096/maxima-nutrition,businesslist_pk,scrapy,fitness,2026-08-29T03:14:55.178548+00:00
Kinetix,fitness,https://kinetixgym.com,0317 7000700,"1-A, Shahid Plaza، F-6 Blue Area, Islamabad, 46000, Islamabad, Punjab",https://www.businesslist.pk/company/250663/kinetix,businesslist_pk,scrapy,fitness,2026-08-29T03:14:57.299282+00:00
Weight Loss Program Karachi,fitness,http://ultimatefitnessclinic.com/,(021) 34963207,"Banglow #A 189, Block-3, Gulshan-e-Iqbal, Karachi, Sindh",https://www.businesslist.pk/company/246798/weight-loss-program-karachi,businesslist_pk,scrapy,fitness,2026-08-29T03:14:59.272133+00:00
EtsyTeleShop,fitness,http://etsyteleshop.com/,03009791333,"i-10 Islamabad,Pakistan, Islamabad, Punjab",https://www.businesslist.pk/company/247208/etsyteleshop,businesslist_pk,scrapy,fitness,2026-08-29T03:15:01.544730+00:00
3d lifestyle,fitness,https://3dlifestyle.pk/,04235895081,"200 Y Phase 3 DHA Lahore, Lahore, Punjab",https://www.businesslist.pk/company/245957/3d-lifestyle,businesslist_pk,scrapy,fitness,2026-08-29T03:15:03.265544+00:00
BEMC International Limited,fitness,,(021) 35244252,"35-C, 1st Comm Street, Khyban-e-Badar, Phase 5, DHA Karachi, Pakistan 75500, Karachi, Sindh",https://www.businesslist.pk/company/248602/bemc-international-limited,businesslist_pk,scrapy,fitness,2026-08-29T03:15:04.484123+00:00
Tejar.pk,fitness,https://www.tejar.pk/,+92 21 35837333,"18 Sea View Rd, Block 4 Clifton, Karachi, Karachi City, Sindh 75600, Karachi",https://www.businesslist.pk/company/255918/tejarpk,businesslist_pk,scrapy,fitness,2026-08-29T03:15:06.075432+00:00
Zeesol Store Online Shopping in Pakistan,fitness,http://www.zeesol.net/,03311070490,"Lahore, Pakistan, Lahore, Punjab",https://www.businesslist.pk/company/243480/zeesol-store-online-shopping-in-pakistan,businesslist_pk,scrapy,fitness,2026-08-29T03:15:08.374970+00:00
Javeria Mehmood Nutritionist &amp; Dietitian Pakistan,fitness,http://javeriamehmood.com/,0321 6055557,"PC Lahore, Mall Rd Lahore, Pakistan, Lahore, Punjab",https://www.businesslist.pk/company/246431/javeria-mehmood-nutritionistdietitian-pakistan,businesslist_pk,scrapy,fitness,2026-08-29T03:15:09.641118+00:00
Foodninja,cafes,,0315-4142401,"lahore pakistan, Lahore, Punjab",https://www.businesslist.pk/company/247590/foodninja,businesslist_pk,scrapy,cafes,2026-08-29T03:15:10.977078+00:00
ZyToO Foods,cafes,,03132220776,"Mohammadi house,i.i chundrigar road, Karachi, Sindh",https://www.businesslist.pk/company/235241/zytoo-foods,businesslist_pk,scrapy,cafes,2026-08-29T03:15:12.132904+00:00
The Online Point,cafes,,03006456323,"New Multan, Multan, Punjab",https://www.businesslist.pk/company/246642/the-online-point,businesslist_pk,scrapy,cafes,2026-08-29T03:15:13.818947+00:00
Mahir.online,cafes,,0321-8863668,"Lower Ground, Al Qadir Heights, 1 Babar Block, New Garden Town, Lahore, Punjab",https://www.businesslist.pk/company/244786/mahironline,businesslist_pk,scrapy,cafes,2026-08-29T03:15:16.013867+00:00
Necos Natural Store and Cafe,cafes,,02135844517,"8C, Lane # 1, Bukhari Commercial Area, Phase 6, DH, Karachi, Sindh",https://www.businesslist.pk/company/242079/necos-natural-store-and-cafe,businesslist_pk,scrapy,cafes,2026-08-29T03:15:17.730783+00:00
Andalusia Garden Lounge,cafes,,,"10-KM From AMTex Square East Canal Road Adjacent Raza Garden., Faisalabad, Punjab",https://www.businesslist.pk/company/242499/andalusia-garden-lounge,businesslist_pk,scrapy,cafes,2026-08-29T03:15:19.509854+00:00
Simple Foods For Simple Minds,cafes,,03134301508,"Gulberg Lahore, Punjab, Pakistan, Lahore, Punjab",https://www.businesslist.pk/company/244708/simple-foods-for-simple-minds,businesslist_pk,scrapy,cafes,2026-08-29T03:15:21.368997+00:00
Bonfire.pk,cafes,,111 007 000,"1-College Block Allama Iqbal Town, Lahore, Lahore, Punjab",https://www.businesslist.pk/company/249227/bonfirepk,businesslist_pk,scrapy,cafes,2026-08-29T03:15:23.440007+00:00
TossDown,cafes,http://tossdown.com/,+924235970131,"Suit No,1, 2nd Floor Amna Tower, Peco Road Lahore, Lahore, Punjab",https://www.businesslist.pk/company/240581/tossdown,businesslist_pk,scrapy,cafes,2026-08-29T03:15:25.809525+00:00
Tossdown,cafes,,(042) 35970152,"Suite # 1, 2nd Floor, Amna Tower, Peco Road Lahore, Lahore, Punjab",https://www.businesslist.pk/company/249790/tossdown,businesslist_pk,scrapy,cafes,2026-08-29T03:15:27.041708+00:00
Beepure.pk,cafes,,0333-2337873,"Mian Plaza Chandni Chowk, Murree Road Rawalpindi., Islamabad, Islamabad Capital Territory",https://www.businesslist.pk/company/249567/beepurepk,businesslist_pk,scrapy,cafes,2026-08-29T03:15:28.933881+00:00
Al-Tijarah Trading,cafes,,03000811807,"Gulshan-e-Iqbal, Karachi, Sindh",https://www.businesslist.pk/company/247384/al-tijarah-trading,businesslist_pk,scrapy,cafes,2026-08-29T03:15:30.113778+00:00
Urdu Totke,cafes,,923158469558,"House No. 42, Area Model Colony, Malir, Karachi., Karachi, Sindh",https://www.businesslist.pk/company/245545/urdu-totke,businesslist_pk,scrapy,cafes,2026-08-29T03:15:32.432731+00:00
Khan Shinwari,restaurants,https://www.khanshanwari.com/,03150014807,"N-35 Mansehra Road، Abbottabad, Khyber Pakhtunkhwa, Abbottabad, Khyber Pakhtunkhwa",https://www.businesslist.pk/company/251538/khan-shinwari,businesslist_pk,scrapy,restaurants,2026-08-29T03:15:34.520982+00:00
Hotel Royal Samah,restaurants,http://www.royalsamah.com,+92-997-300909,"New Balakot Bypass, Mansehra., Abbottabad, Khyber Pakhtunkhwa",https://www.businesslist.pk/company/241563/hotel-royal-samah,businesslist_pk,scrapy,restaurants,2026-08-29T03:15:36.699794+00:00
Foodmattersasia,restaurants,http://foodmatters.asia/,03003335070,"suit #104 clifton center karachi, Karachi, Federally Administered Tribal Areas",https://www.businesslist.pk/company/243756/foodmattersasia,businesslist_pk,scrapy,restaurants,2026-08-29T03:15:38.732932+00:00
Fiesta Inn Hotel &amp; Resorts Multan,restaurants,http://www.fiestainn.pk/,+92 61 4575981," Fiesta INN HOTEL &amp; RESORTS opposite RTO Office LMQ road, Nawan sher MULTAN., Multan, Punjab",https://www.businesslist.pk/company/247954/fiesta-inn-hotelresorts-multan,businesslist_pk,scrapy,restaurants,2026-08-29T03:15:40.296762+00:00
Tmn Enterprises,restaurants,http://www.tmnenterprises.com,03343915809,"Port Qasim, Karachi, Sindh",https://www.businesslist.pk/company/240313/tmn-enterprises,businesslist_pk,scrapy,restaurants,2026-08-29T03:15:41.271930+00:00
FoodForGo,restaurants,https://foodforgo.pk/,+92 333 0303471,"Office # 6, 2nd Floor  Anique Arcade I-8 Markaz, Islamabad, Islamabad Capital Territory",https://www.businesslist.pk/company/250310/foodforgo,businesslist_pk,scrapy,restaurants,2026-08-29T03:15:43.651969+00:00
Dunkin&#039; Donuts,restaurants,http://www.dunkindonuts.com.pk,(051) 111 386 546,"Y- Block, DHA, Lahore, Punjab",https://www.businesslist.pk/company/244999/dunkin-donuts,businesslist_pk,scrapy,restaurants,2026-08-29T03:15:44.827827+00:00
"SCAFA - The School of Culinary and Finishing Arts, Lahore",restaurants,http://www.scafa.pk,"+9242 3 578 6777, +92 330 239 8072","Ground Floor, EFU House, Jail Road, Lahore,Pakistan., Lahore, Punjab",https://www.businesslist.pk/company/242936/scafa-the-school-of-culinary-and-finishing-arts-lahore,businesslist_pk,scrapy,restaurants,2026-08-29T03:15:45.850856+00:00
Alwaha Lebanese Cuisine,restaurants,http://www.alwaha.pk,051-2355186,"G-7 Near CDA Head Quarter Islamabad, Islamabad, Islamabad Capital Territory",https://www.businesslist.pk/company/241138/alwaha-lebanese-cuisine,businesslist_pk,scrapy,restaurants,2026-08-29T03:15:48.066315+00:00
ShannelCorp,restaurants,http://www.shannelcorp.com.pk,03012221222,"P1/1 PECHS BLOCK 6 , Karachi, Sindh",https://www.businesslist.pk/company/246124/shannelcorp,businesslist_pk,scrapy,restaurants,2026-08-29T03:15:50.079345+00:00
MealHunters,restaurants,http://www.mealhunters.pk,0515708805,"National Police Foundation, Islamabad, Islamabad Capital Territory",https://www.businesslist.pk/company/243268/mealhunters,businesslist_pk,scrapy,restaurants,2026-08-29T03:15:51.308764+00:00
WOW Take Away,restaurants,https://wowtakeaway.com/,92 51 5465528,"Shop# 10 &amp; 14, Zaman Plaza, Westridge Market, Rawalpindi, Pakistan, Rawalpindi, Punjab",https://www.businesslist.pk/company/253830/wow-take-away,businesslist_pk,scrapy,restaurants,2026-08-29T03:15:53.477978+00:00
Peacock Cutlery,restaurants,http://www.iesons.com,0553846243,"G.T. Road Gujranwala, Gujranwala, Punjab",https://www.businesslist.pk/company/242283/peacock-cutlery,businesslist_pk,scrapy,restaurants,2026-08-29T03:15:55.475990+00:00
Burger County,restaurants,,0332-3644935,"Plot R, 18, Sector 15-A/1 Sector 15 A 1 Buffer Zone, Karachi, Karachi, Sindh",https://www.businesslist.pk/company/251423/burger-county,businesslist_pk,scrapy,restaurants,2026-08-29T03:15:57.445107+00:00
Bonito Hair Oil,hairdressers,http://www.bonito-hairoil.alghanient.com,03334396607,"Office No. 01, Alshafi Building Kharak Naala, Multan Road, Lahore, Punjab",https://www.businesslist.pk/company/244422/bonito-hair-oil,businesslist_pk,scrapy,hairdressers,2026-08-29T03:15:59.490168+00:00
Laser Hair Restoration &amp; Cosmetic Clinic,hairdressers,https://www.facebook.com/laserhair946/,0812828292,"Zonki Ram Road, Opp Tameer-Nou-Collage Masjid, Quetta, Balochistan",https://www.businesslist.pk/company/246237/laser-hair-restorationcosmetic-clinic,businesslist_pk,scrapy,hairdressers,2026-08-29T03:16:01.415412+00:00
Silcana,hairdressers,http://www.silcana.com/,03219250301,"suit no 26 4th floor sasi arcade block 7 clifton karachi, Karachi, Sindh",https://www.businesslist.pk/company/250031/silcana,businesslist_pk,scrapy,hairdressers,2026-08-29T03:16:03.121277+00:00
Dr Asad Toor Hair Transplant Clinic,hairdressers,https://drasadtoor.com/,+92-42-35879702,"42-A, Block B-II, Ghalib Road, Ghalib Market, Gulberg III, Lahore, Pakistan, Lahore, Punjab",https://www.businesslist.pk/company/252349/dr-asad-toor-hair-transplant-clinic,businesslist_pk,scrapy,hairdressers,2026-08-29T03:16:05.307886+00:00
Professional Beauty Care,hairdressers,http://www.professionalbeauty.biz,,"Kashmir Road, Pacca Ghara, Sialkot, Punjab",https://www.businesslist.pk/company/241893/professional-beauty-care,businesslist_pk,scrapy,hairdressers,2026-08-29T03:16:07.121604+00:00
Aromatic Industries - (The Beauty Tools Company),hairdressers,,0092 52 4604882,"4/261-morigate., Sialkot, Punjab",https://www.businesslist.pk/company/181332/aromatic-industries-the-beauty-tools-company,businesslist_pk,scrapy,hairdressers,2026-08-29T03:16:09.015537+00:00
Pk Bazaar,hairdressers,https://www.pkbazaar.pk/ginger-hair-oil-in-pakistan.html,03325296200,"Ichhra Bazaar Lahore, Pakistan, Lahore, Punjab",https://www.businesslist.pk/company/250716/pk-bazaar,businesslist_pk,scrapy,hairdressers,2026-08-29T03:16:10.911574+00:00
Canadian Hair Transplant,hairdressers,http://canadianhairtransplant.com,03313306376,"Suit no 409 , 4th floor The Plaza Mall, Khyban-e-iqbal Near Clifton 2 Talwar, Karachi, Karachi, Sindh",https://www.businesslist.pk/company/249559/canadian-hair-transplant,businesslist_pk,scrapy,hairdressers,2026-08-29T03:16:13.033644+00:00
Hair n Hair,hairdressers,https://hairnhair.org/,0512817170,"2nd Floor Khyal Plaza, F8 Markaz Islamabad 44220, PAKISTAN, 44220, Islamabad, Islamabad Capital Territory",https://www.businesslist.pk/company/250232/hair-n-hair,businesslist_pk,scrapy,hairdressers,2026-08-29T03:16:13.869158+00:00
Rafique Enterprises,hairdressers,,0524570405,"27/240 Moh. Kashmiri, Haji Imam Deen Street, Sialkot, Punjab",https://www.businesslist.pk/company/242561/rafique-enterprises,businesslist_pk,scrapy,hairdressers,2026-08-29T03:16:15.561913+00:00
Dreamia Industry,hairdressers,http://dreamiaindustry.com,00923000148185,"Gondal Road bharth Sialkot, Sialkot, Punjab",https://www.businesslist.pk/company/248853/dreamia-industry,businesslist_pk,scrapy,hairdressers,2026-08-29T03:16:17.155088+00:00
Mubashra Industry,hairdressers,http://www.mubashra.com/,+923006146147,"islam nagar street pacca garha kashmir road, Sialkot, Punjab",https://www.businesslist.pk/company/247718/mubashra-industry,businesslist_pk,scrapy,hairdressers,2026-08-29T03:16:19.456146+00:00
Hair and Hair,hairdressers,http://hairnhair.org/,051 2817170,"2nd Floor Khyal Plaza,F8 Markaz Islamabad 44220, PAKISTAN, Islamabad, Islamabad Capital Territory",https://www.businesslist.pk/company/245710/hair-and-hair,businesslist_pk,scrapy,hairdressers,2026-08-29T03:16:21.525193+00:00
Micropil Hair Transplant and Laser Hair Removal,hairdressers,http://www.micropil.com,03315269599,"Flat No. 6, 2nd Floor Bilal Complex, 1283A PWD, Islamabad, Islamabad, Islamabad Capital Territory",https://www.businesslist.pk/company/249532/micropil-hair-transplant-and-laser-hair-removal,businesslist_pk,scrapy,hairdressers,2026-08-29T03:16:23.176982+00:00
Bravo Instruments,hairdressers,http://www.bravoen.com,0092 300 895 1700,"Ugoki Road, Shahab Pura, Sialkot-51310, Pakistan, Sialkot, Punjab",https://www.businesslist.pk/company/247202/bravo-instruments,businesslist_pk,scrapy,hairdressers,2026-08-29T03:16:24.787917+00:00
Stigma Fitness Gear,fitness,http://stigmaliftan.com/,3204747433,"New Miyana Pura West Street # 6 Capital Road, Sialkot, Punjab",https://www.businesslist.pk/company/248562/stigma-fitness-gear,businesslist_pk,scrapy,fitness,2026-08-29T03:16:26.512206+00:00
NutriAdvise,fitness,https://nutriadvise.com/,+923234244727,"Shop 4-156A Faisal Town Opposite Jinnah Hospital Lahore, Lahore, Punjab",https://www.businesslist.pk/company/248736/nutriadvise,businesslist_pk,scrapy,fitness,2026-08-29T03:16:28.737051+00:00
Fitness-On,fitness,http://fitness-on.com,03249462051,"shop# UM - 85, Zainab tower model town link road, Lahore, Punjab",https://www.businesslist.pk/company/246664/fitness-on,businesslist_pk,scrapy,fitness,2026-08-29T03:16:30.712089+00:00
Raspak International,fitness,,+92 334 4337122,"New Miana Pura, , Sialkot, Punjab",https://www.businesslist.pk/company/251109/raspak-international,businesslist_pk,scrapy,fitness,2026-08-29T03:16:32.076039+00:00
BNSB Sports,fitness,https://bnsbsports.com/,+92 300 0267457,"Gohadpur Main Bazar, Sialkot, Punjab",https://www.businesslist.pk/company/252462/bnsb-sports,businesslist_pk,scrapy,fitness,2026-08-29T03:16:34.093041+00:00
Men&#039;s Care,fitness,https://menscareclinics.com/,02134965050,"Address:Men&#039;s Care, 805, 8th Floor, Al Khaleej Tower, Shaheed e Millat Road, Near Medicare  Hospital Karachi, Karachi, Sindh",https://www.businesslist.pk/company/249250/mens-care,businesslist_pk,scrapy,fitness,2026-08-29T03:16:36.002423+00:00
Mfsports,fitness,,0092-52-4604734,"Bazar Khatikan Sialkot-pakistan, Sialkot, Punjab",https://www.businesslist.pk/company/235219/mfsports,businesslist_pk,scrapy,fitness,2026-08-29T03:16:37.994836+00:00
Telebrand4u.com,fitness,http://telebrand4u.com/index.php,03113147666,"Khayaban-e-Sir Syed,Sector 2, Rawalpindi, Punjab",https://www.businesslist.pk/company/243960/telebrand4ucom,businesslist_pk,scrapy,fitness,2026-08-29T03:16:40.229995+00:00
Shoppakistan,fitness,http://shoppakistan.com.pk/,03007986016,"i-10 Islamabad, Islamabad, Islamabad Capital Territory",https://www.businesslist.pk/company/244183/shoppakistan,businesslist_pk,scrapy,fitness,2026-08-29T03:16:42.356652+00:00
Power Yoga Studio Islamabad - (PYSI) Pakistan,fitness,http://www.yogaislamabad.com,03008566200,"Kuch Khaas, house 01, main margalla rd. F-6/3, Islamabad, Islamabad Capital Territory",https://www.businesslist.pk/company/240909/power-yoga-studio-islamabad-pysi-pakistan,businesslist_pk,scrapy,fitness,2026-08-29T03:16:44.363427+00:00
Well.pk,fitness,http://well.pk,111-329-224,"Shahra-e-Faisal, Karachi, Karachi, Sindh",https://www.businesslist.pk/company/241872/wellpk,businesslist_pk,scrapy,fitness,2026-08-29T03:16:45.110200+00:00
Pool &amp; Ponds System,fitness,http://www.poolandponds.pk,+92512352551,"#-18A, 2nd Floor, Adnan Plaza, G-10 Markaz, Islamabad, Islamabad Capital Territory",https://www.businesslist.pk/company/235508/poolponds-system,businesslist_pk,scrapy,fitness,2026-08-29T03:16:47.355163+00:00
MyTeleshop,fitness,http://www.myteleshop.pk,+9280013331,"House No 104, Street No 66, Sector I-10/1, Islamabad, Pakistan, Islamabad, Islamabad Capital Territory",https://www.businesslist.pk/company/240983/myteleshop,businesslist_pk,scrapy,fitness,2026-08-29T03:16:49.420785+00:00
Arsons International,fitness,http://www.arsonsinternational.com,,"Adalat Garh (old) Ugoki Road, Sialkot, 51310 Pakistan, Sialkot, Punjab",https://www.businesslist.pk/company/244043/arsons-international,businesslist_pk,scrapy,fitness,2026-08-29T03:16:51.175217+00:00
Nangra Sportswear,fitness,http://www.nangrasports.com/,00923499623340," Rehmat Abad P/O Partanwali Sialkot Punjab 51310 Pakistan, Sialkot, Punjab",https://www.businesslist.pk/company/250905/nangra-sportswear,businesslist_pk,scrapy,fitness,2026-08-29T03:16:52.947914+00:00
Fitness Pakistan,fitness,http://fitnesspakistan.cf,03212948477,"3-G-12/23,Nazimabad, Karachi , Karachi, Sindh",https://www.businesslist.pk/company/251907/fitness-pakistan,businesslist_pk,scrapy,fitness,2026-08-29T03:16:55.038442+00:00
Vaporesso,cafes,,,"•	Vapebazaar Outlet, Opp Dacca Sweets, Bahadurabad 4 Minar Chowrangi,",https://www.businesslist.pk/company/252238/vaporesso,businesslist_pk,scrapy,cafes,2026-08-29T03:16:56.939114+00:00
Juice Lover,cafes,,03363587658,"H-19 B-C, Latifabad 6, Hyderabad, Hyderabad, Sindh",https://www.businesslist.pk/company/252460/juice-lover,businesslist_pk,scrapy,cafes,2026-08-29T03:16:59.028074+00:00
Royal Caters® Lahore,cafes,,03224854954,"h-11 ST-15 Canal park Glb Lhr, Lahore, Punjab",https://www.businesslist.pk/company/243442/royal-caters-lahore,businesslist_pk,scrapy,cafes,2026-08-29T03:17:00.564354+00:00
Northlandz Bakery | Cafe | Restaurant,cafes,https://northlandz.pk,+923111222157,"Hafeez Kardar Rd, near Qaddafi Stadium, Block E 2 Gulberg III, Lahore, Punjab 54000, Lahore, Punjab",https://www.businesslist.pk/company/257901/northlandz-bakerycaferestaurant,businesslist_pk,scrapy,cafes,2026-08-29T03:17:02.071105+00:00
Lord of Food,cafes,https://lordoffood.com/,92(309) 488-8111,"17, Block-C, OPF Housing Society, Khayaban-E-Jinnah, Lahore., Lahore, Punjab",https://www.businesslist.pk/company/252117/lord-of-food,businesslist_pk,scrapy,cafes,2026-08-29T03:17:04.275749+00:00
Karachi Foods Service,cafes,,0331-8905267,"Shahra e Faisal, Karachi, Sindh",https://www.businesslist.pk/company/248296/karachi-foods-service,businesslist_pk,scrapy,cafes,2026-08-29T03:17:06.127163+00:00
La Maison,cafes,https://www.facebook.com/LaMaisonCoffee,,"F-11 Time Square Building, Islamabad, Islamabad Capital Territory",https://www.businesslist.pk/company/241674/la-maison,businesslist_pk,scrapy,cafes,2026-08-29T03:17:07.932263+00:00
Mash N Bangers Original,cafes,http:www.facebook.com/mnb.mashnbangers,021-35240131-021-35240132,"Shop No,5 &amp; 6 Plot No, 19 C Nishat Commercial Lane,1  11th Street  off Bukhari Phase,6 D.H.A, Karachi, Sindh",https://www.businesslist.pk/company/241750/mash-n-bangers-original,businesslist_pk,scrapy,cafes,2026-08-29T03:17:09.720198+00:00
The Grand Atrium,cafes,http://thegrandatrium.com/,03454404000,"West Canal Road, Faisalabad, Punjab",https://www.businesslist.pk/company/243079/the-grand-atrium,businesslist_pk,scrapy,cafes,2026-08-29T03:17:11.878354+00:00
Daadijan papad,cafes,https://dadijan.com/,03100016595,"B-18 Shahnawaz huto Colony, Sector 1 North Karachi Twp, Karachi, Karachi City, Sindh 71500, North Karachi, Karachi",https://www.businesslist.pk/company/254885/daadijan-papad,businesslist_pk,scrapy,cafes,2026-08-29T03:17:12.919185+00:00
Lunch delivery in Quetta,cafes,,03328254404,"Brewery Road Quetta, Quetta, Balochistan",https://www.businesslist.pk/company/249829/lunch-delivery-in-quetta,businesslist_pk,scrapy,cafes,2026-08-29T03:17:14.206969+00:00
Snacks Pk,cafes,https://snacks.pk/,03335508040,"House # L582, Street # 10 Qasim Abad, Near Glass Factory Chowk, Rawalpindi, Punjab",https://www.businesslist.pk/company/253024/snacks-pk,businesslist_pk,scrapy,cafes,2026-08-29T03:17:16.034098+00:00
Afabco,cafes,https://www.afabco.biz/frutaz-fruit-drink-2/,+9221349104825,"Plot No: 640, Dr. Tharani Road, Near Ismail Giga Masjid, Amil Colony, Karachi, Karachi",https://www.businesslist.pk/company/257746/afabco,businesslist_pk,scrapy,cafes,2026-08-29T03:17:17.652274+00:00
Ajwa Sweets,cafes,http://www.ajwasweets.com,,"Choak Pathanastan near Makki Masjid, Rahim Yar Khan, Punjab",https://www.businesslist.pk/company/235377/ajwa-sweets,businesslist_pk,scrapy,cafes,2026-08-29T03:17:19.043803+00:00
FjM FOOD,cafes,https://fjmfood.com/,+92 52 6524314,"Gujranwala https://fjmfood.com/, Gujranwala, Punjab",https://www.businesslist.pk/company/249562/fjm-food,businesslist_pk,scrapy,cafes,2026-08-29T03:17:21.020818+00:00
Ranchers Cafe,cafes,https://rancherscafe.com/,+923463612908,"Shop No. 4, Time Square Plaza, I-8 Markaz I 8 Markaz I-8, Islamabad, Islamabad Capital Territory 44000, Islamabad",https://www.businesslist.pk/company/255116/ranchers-cafe,businesslist_pk,scrapy,cafes,2026-08-29T03:17:22.582083+00:00
Telefood,cafes,http://telefood.weebly.com/,35890384     35892372    0333-3606959  35391782     35391783    0333-3656943,"C-9C 24th Commercial Street DHA II Ext,Karachi, Karachi, Sindh",https://www.businesslist.pk/company/181428/telefood,businesslist_pk,scrapy,cafes,2026-08-29T03:17:24.412853+00:00
Mughal electric &amp; machinery store,cafes,http://www.mughalkitchens.com,042-3-6366571,"62 beadon road lahore, Lahore, Punjab",https://www.businesslist.pk/company/251352/mughal-electricmachinery-store,businesslist_pk,scrapy,cafes,2026-08-29T03:17:26.584698+00:00
Khyber Shinwari Restaurant,restaurants,,+920512355728,"Block 87 Street 35, G-10/1 G 10/1 G-10, Islamabad, Islamabad Capital Territory 44000, Islamabad",https://www.businesslist.pk/company/258421/khyber-shinwari-restaurant,businesslist_pk,scrapy,restaurants,2026-08-29T03:17:28.702021+00:00
Stream View Restaurant,restaurants,,+923181888500,"Habibullah, Bridge, near old steel, opposite to Qutab shaheed Mosque, Garhi, Garhi Habullah, Mansehra, Khyber Pakhtunkhwa 00000, Pakistan, Peshawar",https://www.businesslist.pk/company/258446/stream-view-restaurant,businesslist_pk,scrapy,restaurants,2026-08-29T03:17:30.674616+00:00
Pizza Pie,restaurants,http://www.pizzapie.com.pk,+92 (213) 461 1919,"Shop # 31, Rufi Lake Drive Block 18, Gulistan-e-Jauhar, Opposite Balochistan Sajji Karachi, Pakistan, Karachi, Sindh",https://www.businesslist.pk/company/243849/pizza-pie,businesslist_pk,scrapy,restaurants,2026-08-29T03:17:31.949944+00:00
Kababjees,restaurants,,+92 111 666 111,"C9P5+J7, Hyderabad, Sindh, Hyderabad",https://www.businesslist.pk/company/258752/kababjees,businesslist_pk,scrapy,restaurants,2026-08-29T03:17:34.121705+00:00
Moraco Pizza,restaurants,https://moracopizza.com/,+92 3376116777,"Moraco pizza, Abdullah Mall, Main Bypass Rd, Abdullah Sports City Qasimabad, Hyderabad, Hyderabad",https://www.businesslist.pk/company/258522/moraco-pizza,businesslist_pk,scrapy,restaurants,2026-08-29T03:17:35.858463+00:00
Pizza M21,restaurants,https://www.pizzam21.pk,+92 321 6966621,"B-4, Ijaz Center, Main Boulevard Gulberg, Lahore, Punjab",https://www.businesslist.pk/company/258408/pizza-m21,businesslist_pk,scrapy,restaurants,2026-08-29T03:17:37.383859+00:00
Broadway Pizza,restaurants,https://broadwaypizza.com.pk/,(021) 111 339 339,"Plot No, near nursery Bus stop &amp; HBL, Pakistan Employees Co-Operative Housing Society Sector 48 B PECHS, Karachi, Karachi City, Sindh, Pakistan, Karachi, Sindh",https://www.businesslist.pk/company/254564/broadway-pizza,businesslist_pk,scrapy,restaurants,2026-08-29T03:17:39.245157+00:00
Poet Restaurant Lake City,restaurants,https://poetrestaurant.com,+92042111117638,"Poet Boutique Restaurant Lake City Mall , Lahore, Pakistan, Lahore",https://www.businesslist.pk/company/258611/poet-restaurant-lake-city,businesslist_pk,scrapy,restaurants,2026-08-29T03:17:40.551796+00:00
Bell N Tell,restaurants,http://bellntel.5gbfree.com/,061 4570614,"68 Mall Plaza, Mall Road, Multan Cantt, Multan, Multan, Punjab",https://www.businesslist.pk/company/241650/bell-n-tell,businesslist_pk,scrapy,restaurants,2026-08-29T03:17:42.950351+00:00
Qalander kibria resturant,restaurants,http://qalanderkibriaresturantjhang.com,03016995538,"Bakhar road old chungi no 8, Jhang, Punjab",https://www.businesslist.pk/company/246587/qalander-kibria-resturant,businesslist_pk,scrapy,restaurants,2026-08-29T03:17:44.263733+00:00
Hanifia,restaurants,http://www.hanifia.com,+9221 3 4918322,"Shop No. 14,  New Town Jama Masjid, Karachi, Sindh",https://www.businesslist.pk/company/243925/hanifia,businesslist_pk,scrapy,restaurants,2026-08-29T03:17:46.302090+00:00
Taksim Restoran,restaurants,https://taksim.com.pk/,+923309991067,"Shop no 5, Block E, Super Market, Islamabad, Pakistan, Islamabad, Punjab",https://www.businesslist.pk/company/258883/taksim-restoran,businesslist_pk,scrapy,restaurants,2026-08-29T03:17:48.116270+00:00
Popular Industries (group),restaurants,,"(92 52) 3258881, 3258880","Toor Abad,Daska Road, Sialkot",https://www.businesslist.pk/company/184829/popular-industries-group,businesslist_pk,scrapy,restaurants,2026-08-29T03:17:49.713087+00:00
Al-inaab Lebanese Restaurant,restaurants,http://www.al-inaab.pk,051-2355338,"F-7, Islamabad, Islamabad Capital Territory",https://www.businesslist.pk/company/241055/al-inaab-lebanese-restaurant,businesslist_pk,scrapy,restaurants,2026-08-29T03:17:51.860834+00:00
Bombay Biryani,restaurants,https://www.facebook.com/Bombay-Biryani-931861053611781,04237114000,"43 Lower Mall, near Secretariat Lahore, Lahore, Punjab",https://www.businesslist.pk/company/245174/bombay-biryani,businesslist_pk,scrapy,restaurants,2026-08-29T03:17:54.100153+00:00
Ginsoy Extreme Chinese,restaurants,,+92134992170,"3/FL، 6, Block 4 Gulshan-e-Iqbal, Karachi, Karachi City, Sindh, Karachi",https://www.businesslist.pk/company/258843/ginsoy-extreme-chinese,businesslist_pk,scrapy,restaurants,2026-08-29T03:17:56.241093+00:00
FooD Door,restaurants,https://www.facebook.com/FoodDoor,042 333 4493331,"Near w Block, DHA Phase 3 Lahore Cantt, Lahore, Punjab",https://www.businesslist.pk/company/246416/food-door,businesslist_pk,scrapy,restaurants,2026-08-29T03:17:58.204982+00:00
Al-Rehman biryani,restaurants,,,"Hajra Manzil، Gk-7/73 Nakhuda St, Kharadar Ghulam Hussain Kasim Quarters,",https://www.businesslist.pk/company/258976/al-rehman-biryani,businesslist_pk,scrapy,restaurants,2026-08-29T03:18:00.505534+00:00
RB Salon,hairdressers,https://www.rbsalon.pk,03075243539,"INHR Sabir Road, F Block Ārifwāla, Pakpattan, Punjab 57450, Pakpattan, Punjab",https://www.businesslist.pk/company/254208/rb-salon,businesslist_pk,scrapy,hairdressers,2026-08-29T03:18:02.609375+00:00
Wet Metal,hairdressers,http://www.wet-metal.com,92524274849,"Jammu road bun phattak talwaran mughalan, Sialkot, Punjab",https://www.businesslist.pk/company/181319/wet-metal,businesslist_pk,scrapy,hairdressers,2026-08-29T03:18:04.203725+00:00
Colourway.pk,hairdressers,,+923092227579,"Multan, pakistan, Multan",https://www.businesslist.pk/company/258682/colourwaypk,businesslist_pk,scrapy,hairdressers,2026-08-29T03:18:05.614685+00:00
Akas PK Online Shopping Store in Pakistan,hairdressers,https://www.akas.pk,+923365340211,"Akas PK Office No 8 Aun Commercial Market Timber Road Taxila Cantt, Taxila, Punjab",https://www.businesslist.pk/company/248103/akas-pk-online-shopping-store-in-pakistan,businesslist_pk,scrapy,hairdressers,2026-08-29T03:18:07.719294+00:00
Salik Surgical,hairdressers,http://www.saliksurgical.com/,+923456809978,"Chungi No.9, Faisal Town, Daska, Punjab",https://www.businesslist.pk/company/250570/salik-surgical,businesslist_pk,scrapy,hairdressers,2026-08-29T03:18:09.497369+00:00
Khidmat Enterprise,hairdressers,http://www.khidmatent.com,+923338697356,"AIMAN ABAD ROAD, NEAR CHOWK AKBAR ABAD,, Sialkot, Punjab",https://www.businesslist.pk/company/240910/khidmat-enterprise,businesslist_pk,scrapy,hairdressers,2026-08-29T03:18:11.366248+00:00
Ourich.Co,hairdressers,,+92313796170,"Shop # 7 Latif Market Opp : Anarkali Bazar ,Federal B Area Block 16, Karachi",https://www.businesslist.pk/company/258521/ourichco,businesslist_pk,scrapy,hairdressers,2026-08-29T03:18:12.805202+00:00
Ekal Surgical Works,hairdressers,http://www.ekal.pk,+92-52-4265792,"ISMAILABAD Pacca Ghara,P.O. Box 2376, Sialkot, Punjab",https://www.businesslist.pk/company/173512/ekal-surgical-works,businesslist_pk,scrapy,hairdressers,2026-08-29T03:18:14.689263+00:00
Needo Sports,fitness,http://www.needosports.com,+92 52 3240535,"S.I.E, Shahab Pura, Sialkot-Pakistan., Sialkot, Punjab",https://www.businesslist.pk/company/241062/needo-sports,businesslist_pk,scrapy,fitness,2026-08-29T03:18:15.925214+00:00
Epic Industries,fitness,http://www.epicind.com,0524295488,"Christine Town Road, Sialkot, Punjab",https://www.businesslist.pk/company/251987/epic-industries,businesslist_pk,scrapy,fitness,2026-08-29T03:18:17.749703+00:00
Bravo Nutrition,fitness,,03343255369,"Azizabad, Karachi, Pakistan, Karachi, Sindh",https://www.businesslist.pk/company/243514/bravo-nutrition,businesslist_pk,scrapy,fitness,2026-08-29T03:18:19.462621+00:00
Bfitfashion,fitness,,+92-327-7755333,"Building no 2, Pacca Garah Kashmir Road, Sialkot, Pakistan., Sialkot",https://www.businesslist.pk/company/258845/bfitfashion,businesslist_pk,scrapy,fitness,2026-08-29T03:18:21.467389+00:00
Needo Industries Pvt.ltd.,fitness,http://www.needosportswear.com,+92 52 3240535,"S.I.E, Shahab Pura Road, Sialkot-Pakistan, Sialkot, Punjab",https://www.businesslist.pk/company/235327/needo-sports,businesslist_pk,scrapy,fitness,2026-08-29T03:18:23.231192+00:00
Khalid Brothers Scales,fitness,http://www.khalidbrotherss.enic.pk,051-5555542,"Office no 41,42 ,Ghazni Market ,Bagh Sardaran ,Rawalpindi., Rawalpindi, Punjab",https://www.businesslist.pk/company/245991/khalid-brothers-scales,businesslist_pk,scrapy,fitness,2026-08-29T03:18:25.291232+00:00
As Seen On Tv Products In Pakistan AsSeenOnTvComPk,fitness,http://www.asseenontv.com.pk/,03148009622,"rizvia colony, Karachi, Sindh",https://www.businesslist.pk/company/245770/as-seen-on-tv-products-in-pakistan-asseenontvcompk,businesslist_pk,scrapy,fitness,2026-08-29T03:18:27.502162+00:00
Sams Health Club,fitness,http://www.sams.pk,+92-42-35714240/41,"40 b1 gulberg 3, Off M.M Alam road, Lahore, pakistan, Lahore, Punjab",https://www.businesslist.pk/company/239978/sams-health-club,businesslist_pk,scrapy,fitness,2026-08-29T03:18:29.752983+00:00
Teleshopping Pakistan TeleMarkaz Online Shop,fitness,http://www.telemarkaz.com,03335076432,"Huma Block, Lahore, Punjab",https://www.businesslist.pk/company/240763/telemarkazcom,businesslist_pk,scrapy,fitness,2026-08-29T03:18:31.678639+00:00
Synergize.pk,fitness,http://www.synergize.pk,+92 323 7963749,"Main Khayban Bukhari. Phase 6 DHA. Karachi, Karachi, Sindh",https://www.businesslist.pk/company/243157/synergizepk,businesslist_pk,scrapy,fitness,2026-08-29T03:18:33.614797+00:00
Unified Group,fitness,http://www.ug.com.pk,34186040,"B-25 Bilal Town near Shahrah-e-Faisal Karachi, Karachi, Sindh",https://www.businesslist.pk/company/241582/unified-group,businesslist_pk,scrapy,fitness,2026-08-29T03:18:35.759993+00:00
Ginnastic Arena,fitness,https://ginnasticarena.com/,+923331111557,"Interlace Plaza, 1-8 Markaz, Islamabad",https://www.businesslist.pk/company/258794/ginnastic-arena,businesslist_pk,scrapy,fitness,2026-08-29T03:18:37.863887+00:00
www.sandhisudhapluspakistan.com,fitness,http://www.sandhisudhapluspakistan.com,0320-3282402,"www.sandhisudhapluspakistan.com, Islamabad, Islamabad Capital Territory",https://www.businesslist.pk/company/240720/wwwsandhisudhapluspakistancom,businesslist_pk,scrapy,fitness,2026-08-29T03:18:39.984458+00:00
Yahya Sports Equipment Company,fitness,http://www.yahyasports.com,04236298125,"Plot # s-41, R 5/8 lawrance road lahore pakistan, Lahore, Punjab",https://www.businesslist.pk/company/247077/yahya-sports-equipment-company,businesslist_pk,scrapy,fitness,2026-08-29T03:18:41.062509+00:00
Aatim international,catering,,03008379355,"R-15,block H,North Nazimabad, Karachi, Sindh",https://www.businesslist.pk/company/241054/aatim-international,businesslist_pk,scrapy,catering,2026-08-29T03:19:19.184526+00:00
iMusafir.pk,hotels,,"0512364301, +92 345 5889948","office # 14, 3rd Floor, Panorama Plaza, G11 Markaz, Islamabad, Islamabad, Islamabad Capital Territory",https://www.businesslist.pk/company/247247/imusafirpk,businesslist_pk,scrapy,hotels,2026-08-29T03:19:20.925768+00:00
Gulzar Travels and Tours (Pvt) Ltd,travel agents,http://www.gulzartraveldeals.com,+923325441277,"Suit 13, MUhammadi Plaza, First Floor Blue Area, Islamabad, Islamabad Capital Territory",https://www.businesslist.pk/company/244257/gulzar-travels-and-tours-pvt-ltd,businesslist_pk,scrapy,travel-agents,2026-08-29T03:19:22.638701+00:00
Pakistan Tour and Travel,tour operators,http://pakistantourntravel.com/,051-8432-954,"B495 First Floor National plaza, 4th-B road, Commercial Market، Rawalpindi 46000, Rawalpindi, Punjab",https://www.businesslist.pk/company/244983/pakistan-tour-and-travel,businesslist_pk,scrapy,tour-operators,2026-08-29T03:19:24.683339+00:00
ALPHAbet Travel &amp; Tours pvt. LTD.,visa agencies,,0685888282,"Shop No # 1A Opp. United Motors Near Rehman Hospital Bypass Road Rahim Yar Khan, Rahim Yar Khan, Punjab",https://www.businesslist.pk/company/245774/alphabet-traveltours-pvt-ltd,businesslist_pk,scrapy,visa-agencies,2026-08-29T03:19:26.738041+00:00
New Empire Travels,visa agencies,,04235955367 - 04235955368-04238912345,"House # 464 R ,1 Block Joher Town Lahore, Lahore, Punjab",https://www.businesslist.pk/company/242126/new-empire-travels,businesslist_pk,scrapy,visa-agencies,2026-08-29T03:19:28.445440+00:00
Bait ul Mamoor Travel &amp; Tours (Pvt) Ltd,visa agencies,,00924237520404,"Suite:13-14 First Floor Khawaja Arcade 17 Wahdat Road Lahore 54600 Pakistan, Lahore, Punjab",https://www.businesslist.pk/company/235214/bait-ul-mamoor-traveltours-pvt-ltd,businesslist_pk,scrapy,visa-agencies,2026-08-29T03:19:30.522544+00:00
Lalani &amp; Associates - Immigration To USA,visa agencies,http://lalaniassociates.com.pk/,(92-21) 3438 9311-4 (4,"Office # 901, Fortune Centre, Shahrah-e-Faisal, 45-A, P.E.C.H.S., Block # 6 Karachi,, Karachi, Sindh",https://www.businesslist.pk/company/243703/lalaniassociatesimmigration-residency-and-citizenship-solutions,businesslist_pk,scrapy,visa-agencies,2026-08-29T03:19:32.180600+00:00
Rajput Travel &amp; Tourism (Pvt) Ltd,visa agencies,https://rajputtravelpk.com,+923004779967,"2nd Floor, C, 22 - B Main Blvd N, Commercial Commercial Area Sector C Bahria Town, Lahore, Punjab, Lahore",https://www.businesslist.pk/company/254751/rajput-traveltourism-pvt-ltd,businesslist_pk,scrapy,visa-agencies,2026-08-29T03:19:34.500132+00:00
VisaVitals,visa agencies,https://www.visavitals.com/,+92 309 8833888,"Street 24, Sector XX, Lahore, Punjab",https://www.businesslist.pk/company/248966/visavitals,businesslist_pk,scrapy,visa-agencies,2026-08-29T03:19:36.674485+00:00
Karwan-e-Zubaida Yousuf (Pvt.) Ltd.,visa agencies,,"0092-21-34960337, 0092-21-34960338","Shop No. 1, Commercial Plot No. 4, Block 16, KDA Scheme No. 24, Main University Road, Gulshan-e-Iqbal, Karachi (East)., Karachi, Sindh",https://www.businesslist.pk/company/247203/karwan-e-zubaida-yousuf-pvt-ltd,businesslist_pk,scrapy,visa-agencies,2026-08-29T03:19:38.566875+00:00
AL Namas Corporation Manpower Recruitment Agency,visa agencies,,0514852395,"6th road, Rawalpindi, Punjab",https://www.businesslist.pk/company/244742/al-namas-corporation-manpower-recruitment-agency,businesslist_pk,scrapy,visa-agencies,2026-08-29T03:19:39.824319+00:00
A.R. Fatima Travel &amp; Tours,visa agencies,,021-32294590-69,"Shop No S-32 2nd Floor Amma Tower M.A. Jinnah Road Saddar Karachi, Karachi, Sindh",https://www.businesslist.pk/company/244743/ar-fatima-traveltours,businesslist_pk,scrapy,visa-agencies,2026-08-29T03:19:41.501503+00:00
MR International Educational Consultants,visa agencies,,0092-41-8723655,"Office # 108, Ground floor Regent Mall, Chen One Road , D Ground, Faisalabad, Faisalabad, Punjab",https://www.businesslist.pk/company/245817/mr-international-educational-consultants,businesslist_pk,scrapy,visa-agencies,2026-08-29T03:19:42.990516+00:00
Makkah Group of Companies,visa agencies,http://www.makkahgrp.com,021-35385465,"SHOP#02, BUILDING #43-C, 14th COMMERCIAL STREET, NEAR AYAZ MASJID, PHASE-2 EXTENSION, D.H.A, KARACHI, PK 75500, Karachi, Sindh",https://www.businesslist.pk/company/246943/makkah-group-of-companies,businesslist_pk,scrapy,visa-agencies,2026-08-29T03:19:44.822427+00:00
Times Conaultant,visa agencies,https://timesconsultant.pk,+92-21-3481 6010,"4/14, Block-5, Gulshan-e-Iqbal, Karachi–75300, Pakistan, Karachi, Sindh",https://www.businesslist.pk/company/248364/times-conaultant,businesslist_pk,scrapy,visa-agencies,2026-08-29T03:19:46.758109+00:00
Arfa Saeedi Travel &amp; Tours,visa agencies,http://www.Arfasaeedi.com,+92546581337,"Near Sheranwala Railway Gate, Malakwal, Mandi Bahauddin, Mandi Bahauddin, Punjab",https://www.businesslist.pk/company/242053/arfa-saeedi-traveltours,businesslist_pk,scrapy,visa-agencies,2026-08-29T03:19:48.525718+00:00
Raza International Travels,visa agencies,http://www.razagroup.pk/,+923313331417,"155- Katchery Bazar Opp. Ghosia Masjid, Okara",https://www.businesslist.pk/company/255145/raza-international-travels,businesslist_pk,scrapy,visa-agencies,2026-08-29T03:19:50.732268+00:00
Pace Travels,visa agencies,,92533602898-9,"Shop # 75 Zahoor Elahi Stadium Gujrat, Gujrat, Punjab",https://www.businesslist.pk/company/180339/pace-travels,businesslist_pk,scrapy,visa-agencies,2026-08-29T03:19:52.380695+00:00
Aqsa Air Travels,visa agencies,,0533602144,"COURT ROAD CHENAB PLAZA GUJRAT, Gujrat, Punjab",https://www.businesslist.pk/company/246420/aqsa-air-travels,businesslist_pk,scrapy,visa-agencies,2026-08-29T03:19:54.763496+00:00
Good Way Travels,tour operators,https://goodwaytravels.com/,+9242 32170363,"3rd Floor, 26 MB,  DHA Phase 6, Lahore, Lahore",https://www.businesslist.pk/company/257931/good-way-travels,businesslist_pk,scrapy,tour-operators,2026-08-29T03:19:56.460702+00:00
Traveleap,tour operators,https://www.traveleap.pk/,(051) 8350612,"Office No. LG-13, Asian Business Center،, Bahria Expressway،, Phase 7 Bahria Town, Rawalpindi, Islamabad, Punjab, Rawalpindi, Punjab",https://www.businesslist.pk/company/248757/traveleap,businesslist_pk,scrapy,tour-operators,2026-08-29T03:19:58.438609+00:00
Travelo,tour operators,https://www.travelo.pk/,0213-3023069,"Gulshan e Iqbal , Karachi, Sindh",https://www.businesslist.pk/company/247054/travelo,businesslist_pk,scrapy,tour-operators,2026-08-29T03:20:00.304583+00:00
Abasin Tours,tour operators,https://abasintours.com,+923193701009,"2- Zaman Plaza, Food Street, Balambat Rd,, Timergara",https://www.businesslist.pk/company/257952/abasin-tours,businesslist_pk,scrapy,tour-operators,2026-08-29T03:20:02.193902+00:00
Orange Travels &amp; Tours,tour operators,https://rentacarinlahore.pk,+92301 6605555,"Colors Main Hussain chowk, 18th Avenue, MM Alam Rd,, Block B 3 Gulberg III, Lahore - 54000, Punjab, Pakistan, Lahore",https://www.businesslist.pk/company/257478/orange-travelstours,businesslist_pk,scrapy,tour-operators,2026-08-29T03:20:03.501931+00:00
Ghom Lo Pakistan,tour operators,https://ghomlo.pk/,+923183031500,"Office 02, Civic Center Faisal Town, Lahore, Lahore",https://www.businesslist.pk/company/257385/ghom-lo-pakistan,businesslist_pk,scrapy,tour-operators,2026-08-29T03:20:04.968938+00:00
Arabian Royal Travel &amp; Tour,tour operators,https://arabianroyal.pk,+923131599569,"Motor Agency, Cart Rd, Cantt, Rawalpindi",https://www.businesslist.pk/company/257667/arabian-royal-traveltour,businesslist_pk,scrapy,tour-operators,2026-08-29T03:20:06.962716+00:00
Northgateways,tour operators,https://northgateways.com/,+923145577857,"Office #05, 2nd Floor, Huzaifa Center, I8 Markaz, Islamabad, Islamabad",https://www.businesslist.pk/company/258275/northgateways,businesslist_pk,scrapy,tour-operators,2026-08-29T03:20:08.116997+00:00
Zanjani Travel &amp; Tourism,tour operators,,042-37286507,"Office No. 02 Zafar Ullah Khan Road Muslim Ghanj kachupura, Near Tariq Hospital, Lahore , Lahore, Punjab",https://www.businesslist.pk/company/242582/zanjani-travel-tourism,businesslist_pk,scrapy,tour-operators,2026-08-29T03:20:09.337296+00:00
Dé Travellers,tour operators,https://de-travellers.business.site/,+923104130028,"37, M Floor, Siddique Trade Center, Lahore",https://www.businesslist.pk/company/255195/de-travellers,businesslist_pk,scrapy,tour-operators,2026-08-29T03:20:11.556567+00:00
Hejaz-e-moqaddus,travel agents,http://hejazemoqaddus.com,02135293234-5-6-7,"suit #104 clifton center karachi, Karachi, Sindh",https://www.businesslist.pk/company/242321/hejaz-e-moqaddus,businesslist_pk,scrapy,travel-agents,2026-08-29T03:20:13.480577+00:00
Al-Khizra Travel &amp; Tours,travel agents,http://www.alkhizratravels.com,+922136431276,"Suit No. A-576 Sector 11-B Disco,More North Karachi-75850,Karachi,Sindh,Pakistan, Karachi, Sindh",https://www.businesslist.pk/company/246520/al-khizra-traveltours,businesslist_pk,scrapy,travel-agents,2026-08-29T03:20:15.692153+00:00
TravelbagsClub,travel agents,,+923044552442,"Askari 4, street no 30, Block no 128, Flat no G, Karachi",https://www.businesslist.pk/company/258619/travelbagsclub,businesslist_pk,scrapy,travel-agents,2026-08-29T03:20:17.986029+00:00
Ucac international,travel agents,https://ucacinternational.business.site/,03104377713,"UCAC INTERNATIONAL Office-TF3, 3rd Floor Meridian Software Technology Park, Muree Road Rawalpindi. NADRA &amp; Passport Building., Rawalpindi, Islamabad Capital Territory",https://www.businesslist.pk/company/249916/ucac-international,businesslist_pk,scrapy,travel-agents,2026-08-29T03:20:19.794928+00:00
Adventure Tourist Club - ATC,travel agents,http://www.adventuretouristclub.com,0312-5075177 &amp; 0315-5443137,"Office 123, Street 8, Ghori Garden Islamabad., Islamabad, Islamabad Capital Territory",https://www.businesslist.pk/company/243171/adventure-time-club,businesslist_pk,scrapy,travel-agents,2026-08-29T03:20:21.896842+00:00
Kurram Express Travel &amp; Tours,travel agents,,091-5253141/5253142,"    UG-122 deans trade centre Islamia road peshawar saddar., Peshawar, Khyber Pakhtunkhwa",https://www.businesslist.pk/company/235638/kurram-express-traveltours,businesslist_pk,scrapy,travel-agents,2026-08-29T03:20:23.911972+00:00
Pakistan Holiday Tours,travel agents,,+92 3335934879,"Office No 07 Second Floor London Plaza G 9 Markaz Islamabad, Islamabad",https://www.businesslist.pk/company/258361/pakistan-holiday-tours,businesslist_pk,scrapy,travel-agents,2026-08-29T03:20:26.119620+00:00
ROYAL OCEAN TRAVEL &amp; TOURISIM (PVT) Ltd,travel agents,http://www.royaloceantravel.com,02134327735,"shop #TF-21 Third Floor Lavish Mall Main Tariq Road Opposite Rabi center Karachi pakistan, Karachi, Sindh",https://www.businesslist.pk/company/245979/royal-ocean-traveltourisim-pvt-ltd,businesslist_pk,scrapy,travel-agents,2026-08-29T03:20:27.276246+00:00
Travetrip (Pvt) Ltd,travel agents,http://www.travetrip.com,021-111-111-854,"Suite # 2, Ground Floor, Beaumont Plaza, Beaumont Road, Civil Lines PIDC, Karachi, Sindh",https://www.businesslist.pk/company/243602/travetrip-pvt-ltd,businesslist_pk,scrapy,travel-agents,2026-08-29T03:20:28.506774+00:00
Ktown Rooms,hotels,,(021) 34688335-37,"FL- 36, 3rd Floor, Image tower, Block B, Gulshan-e-Jamal, Karachi, Sindh",https://www.businesslist.pk/company/249718/ktown-rooms,businesslist_pk,scrapy,hotels,2026-08-29T03:20:29.552538+00:00
Tripsia,hotels,,+923492766113,"Islamabad, Islamabad, Islamabad Capital Territory",https://www.businesslist.pk/company/253043/tripsia,businesslist_pk,scrapy,hotels,2026-08-29T03:20:31.552261+00:00
Al- Samad Travels &amp; Tours,hotels,,052-6614646,"Near Meezan Bank, Bnak Road Daska, Daska, Punjab",https://www.businesslist.pk/company/243569/al-samad-travelstours,businesslist_pk,scrapy,hotels,2026-08-29T03:20:33.440135+00:00
Inter Park Inn,hotels,,071-5612051,"Lab-e-Mehran, Sindh, Sukkur, Sindh",https://www.businesslist.pk/company/120424/inter-park-inn,businesslist_pk,scrapy,hotels,2026-08-29T03:20:35.244577+00:00
Fly Travel (Decorous Group),hotels,,0092-51-5120444,"Office No 342, 3rd Floor, Rania Mall, Bank Road, Saddar Rawalpindi, Rawalpindi, Punjab",https://www.businesslist.pk/company/250988/fly-travel-decorous-group,businesslist_pk,scrapy,hotels,2026-08-29T03:20:37.518717+00:00
Greeting Travel and Tours,hotels,,0423-5782881-2,"Address: 78/D-1, 94-G, Aashiana Shopping center, Main boulevard Road, Gulberg 3, Lahore, Lahore, Punjab",https://www.businesslist.pk/company/249206/greeting-travel-and-tours,businesslist_pk,scrapy,hotels,2026-08-29T03:20:39.257839+00:00
Gulmit continental hotel,hotels,https://www.gulmitcontinentalhotel.com/,92 3435451298,"Village Gulmit Gojal, Upper Hunza Valley, Gilgit-Baltistan, Pakistan, Abbottabad, Gilgit-Baltistan",https://www.businesslist.pk/company/254020/gulmit-continental-hotel,businesslist_pk,scrapy,hotels,2026-08-29T03:20:41.501481+00:00
Star Family Guest House Lahore,hotels,https://starguesthouses.com/,03364410535,"18D-E-2 Gulberg-3 Lahore, Lahore, Punjab",https://www.businesslist.pk/company/247173/star-family-guest-house-lahore,businesslist_pk,scrapy,hotels,2026-08-29T03:20:43.514289+00:00
Marina Motel,hotels,,(92 51) 2271309,"Street-30, Sector F-6/1, Islamabad, Islamabad, Islamabad Capital Territory",https://www.businesslist.pk/company/237895/marina-motel,businesslist_pk,scrapy,hotels,2026-08-29T03:20:45.116183+00:00
Jan Travels and Tours,hotels,,0533724001,"Jinnah Road Gujrat, Pakistan, Gujrat, Punjab",https://www.businesslist.pk/company/249331/jan-travels-and-tours,businesslist_pk,scrapy,hotels,2026-08-29T03:20:47.473199+00:00
Holidays Masters,hotels,,0915603096,"TF263 Deans Trade Center Islamia Road Sadder,Peshawar, Peshawar, Khyber Pakhtunkhwa",https://www.businesslist.pk/company/250743/holidays-masters,businesslist_pk,scrapy,hotels,2026-08-29T03:20:49.552130+00:00
Broad Bean,hotels,,0484 412 0089,"Panvel - Kochi - Kanyakumari Hwy, Vyttila, Ernakulam, Kerala 682019, Gojra, Sindh",https://www.businesslist.pk/company/245896/broad-bean,businesslist_pk,scrapy,hotels,2026-08-29T03:20:50.882875+00:00
Aero Ways Travels &amp; Tours,hotels,http://www.aerowaystravel.com,051-2806361,"16-B Ittehad Center, Fazal-e-Haq Road Blue Area, Islamabad, Islamabad Capital Territory",https://www.businesslist.pk/company/241522/aero-ways-travelstours,businesslist_pk,scrapy,hotels,2026-08-29T03:20:52.734324+00:00
Cosyknock,hotels,http://cosyknock.com,0334-5195275,"48 Bank Road, Murree, Rawalpindi, Khyber Pakhtunkhwa, Pakistan, Rawalpindi, Khyber Pakhtunkhwa",https://www.businesslist.pk/company/248012/cosyknock,businesslist_pk,scrapy,hotels,2026-08-29T03:20:54.981121+00:00
Dream Kerala packages,hotels,,8086590404,"Thottumugam,  Edayappuram Road, Aluva, Cochin,, http://dreamkeralapackages.com/, Gujrat, Punjab",https://www.businesslist.pk/company/245880/dream-kerala-packages,businesslist_pk,scrapy,hotels,2026-08-29T03:20:56.831442+00:00
Azziafah (pvt.) Ltd.,hotels,http://www.azziafah.com,(92 41) 8459011,"Office # MZ-11, Pearl City Plaza, Sargodha Road., Faisalabad, Punjab",https://www.businesslist.pk/company/189156/azziafah-pvt-ltd,businesslist_pk,scrapy,hotels,2026-08-29T03:20:59.034631+00:00
J&amp;K Guest House &amp; Resort Leepa,hotels,https://www.facebook.com/AtifMaqboolJk/,,"8V37+XVR, main road, Leepa, Azad Jammu and Kashmir 13146",https://www.businesslist.pk/company/255773/jk-guest-houseresort-leepa,businesslist_pk,scrapy,hotels,2026-08-29T03:21:01.153828+00:00
Bawarchi.com,catering,,03343256754,"R-10 Sector 15 B Bufferzone, Norht Karachi, Karachi, Sindh",https://www.businesslist.pk/company/245230/bawarchicom,businesslist_pk,scrapy,catering,2026-08-29T03:21:03.047517+00:00
S. Zia-Ul-Haq &amp; Sons,catering,,9221-5866841 / 5837942,"D-51, Block-9, Clifton, Sindh, Karachi, Sindh",https://www.businesslist.pk/company/120741/s-zia-ul-haqsons,businesslist_pk,scrapy,catering,2026-08-29T03:21:04.838598+00:00
AL Shaheer Corporation,catering,,"00923490630558, (0092) (21) 38781100","House No.242 Street No.10 I-10/2 Islamabad, Pakistan, Islamabad, Islamabad Capital Territory",https://www.businesslist.pk/company/191674/al-shaheer-corporation,businesslist_pk,scrapy,catering,2026-08-29T03:21:06.572883+00:00
Zia Royal Caterers,catering,,923208209000,"C-127, Block-9, Opposite Aziz Bhatti Park, Nipa, Gulshan-e-Iqbal, Karachi, Sindh",https://www.businesslist.pk/company/246576/zia-royal-caterers,businesslist_pk,scrapy,catering,2026-08-29T03:21:08.692719+00:00
LA Rosh Caterers,catering,,"(92 21) 36687228, 36687229","IV-D,15/1,Nazimabad, Karachi",https://www.businesslist.pk/company/183702/la-rosh-caterers,businesslist_pk,scrapy,catering,2026-08-29T03:21:10.765808+00:00
"Platinum Events, PR &amp; Marketing",catering,,03335546918,"21, 2nd Floor, Zaki Center, I-8 Markaz, Islamabad, Islamabad Capital Territory",https://www.businesslist.pk/company/242003/platinum-events-prmarketing,businesslist_pk,scrapy,catering,2026-08-29T03:21:12.707088+00:00
Premier Service Company (psc),catering,,(92 21) 34685784,"LG-6,Mezz. Flr.Falak Naz Plaza,Opp: Shell Petrol Pump,Main Shahra-e-Faisal, Karachi",https://www.businesslist.pk/company/183718/premier-service-company-psc,businesslist_pk,scrapy,catering,2026-08-29T03:21:14.849986+00:00
Zowa Caterers &amp; Decorators,catering,,"(92 51) 4850494, 5513878","2nd Floor,Hong Kong Plaza,5th Road,Commercial Centre, Rawalpindi",https://www.businesslist.pk/company/183733/zowa-caterersdecorators,businesslist_pk,scrapy,catering,2026-08-29T03:21:16.486771+00:00
"YOWS Food Rating, Order &amp; Delivery",catering,,00923321509440,"Islamabad, Islamabad",https://www.businesslist.pk/company/256319/yows-food-rating-orderdelivery,businesslist_pk,scrapy,catering,2026-08-29T03:21:17.821542+00:00
Pakistan Catering &amp; Party Decorators,catering,,051-2355577,"SHOP # 7.AL-FAROOQ PLAZA,MAIN SAWAN ROAD G-10 MARKAZ ISLAMABAD PAKISTAN. , Islamabad, Islamabad Capital Territory",https://www.businesslist.pk/company/241552/pakistan-cateringparty-decorators,businesslist_pk,scrapy,catering,2026-08-29T03:21:19.319110+00:00
The Caterers,catering,,9221-5873470 / 5873462 / 5874255,"2, Adam Centre, Clifton, Sindh, Karachi, Sindh",https://www.businesslist.pk/company/120749/the-caterers,businesslist_pk,scrapy,catering,2026-08-29T03:21:20.582120+00:00
Muhammadi Pakwan Centre,catering,,"(92 21) 34918522, 34918543","Shop #312,&#039;B&#039; Road,Sindhi Hotel,Liaquatabad, Karachi",https://www.businesslist.pk/company/183709/muhammadi-pakwan-centre,businesslist_pk,scrapy,catering,2026-08-29T03:21:22.622834+00:00
Manzoor Sons,catering,,9221-2636715 / 2211094 / 2214214 / 5371356,"Burns Road, Sindh, Karachi, Sindh",https://www.businesslist.pk/company/111485/manzoor-sons,businesslist_pk,scrapy,catering,2026-08-29T03:21:24.842729+00:00
Awan Catering Services,catering,http://www.awancateringservice.com/,03005163193,"Awan Catering Services, Gosht Market near Chaklala Base, Rawalpindi., Rawalpindi, Punjab",https://www.businesslist.pk/company/251622/awan-catering-services,businesslist_pk,scrapy,catering,2026-08-29T03:21:26.273396+00:00
Gray Mackenzie Restaurants International Ltd. (kfc),catering,https://www.kfcpakistan.com/,"(92 21) 35877976, (92 21)  35877996, 0425884570/+92 21 111 532 532","Level-5,Park Towers,Shahrah-e-Firdousi,Block-4,Clifton, Karachi, Sindh",https://www.businesslist.pk/company/194237/gray-mackenzie-restaurants-international-ltd-kfc,businesslist_pk,scrapy,catering,2026-08-29T03:21:28.096587+00:00
Hanif Rajput Caterers &amp; Decorators,catering,,9221-4555405 / 4555402 / 4555403 / 4555404,"Society Appartments Kashmir Road, Sindh, Karachi, Sindh",https://www.businesslist.pk/company/111450/hanif-rajput-caterersdecorators,businesslist_pk,scrapy,catering,2026-08-29T03:21:29.468777+00:00
Floral Design,catering,,9221-4537126 / 4535324,"6-B, P.E.C.H.S. Shahrah-e-Faisal, Sindh, Karachi, Sindh",https://www.businesslist.pk/company/120120/floral-design,businesslist_pk,scrapy,catering,2026-08-29T03:21:31.552824+00:00
AL Ghani Kitchen House,catering,,"(92 21) 36678893, 36678894","SB-1,Block-F,North Nazimabad,Shahra-e-Humayoon, Karachi",https://www.businesslist.pk/company/183676/al-ghani-kitchen-house,businesslist_pk,scrapy,catering,2026-08-29T03:21:33.511702+00:00
Ittefaq Visa Solution Consultant PVT.LTD,visa agencies,https://ivscp.com/,"+92 330 4027772, +92 305 8555028","Office 311, 3rd Floor Century Tower, Kalma Chowk Flyover, Gulberg 3, Lahore",https://www.businesslist.pk/company/258076/ittefaq-visa-solution-consultant-pvtltd,businesslist_pk,scrapy,visa-agencies,2026-08-29T03:21:34.991101+00:00
Karwan E Makkah Madinah (pvt) Ltd,visa agencies,http://www.kmakkahmadina.com,+92 3222288164," B-2952 Mezzanine Floor Sarafa Bazar, Sukkur , Sindh, Pakistan، سکھر 65200, Sukkur, Sindh",https://www.businesslist.pk/company/249706/karwan-e-makkah-madinah-pvt-ltd,businesslist_pk,scrapy,visa-agencies,2026-08-29T03:21:37.159730+00:00
Gohar e Azam Travel &amp; Tours,visa agencies,https://ticketbazar.pk/,+923496770177,"Opp City Tech Colleg, Mandi Bahauddin",https://www.businesslist.pk/company/257945/gohar-e-azam-traveltours,businesslist_pk,scrapy,visa-agencies,2026-08-29T03:21:39.052944+00:00
Dubaivisa.pk,visa agencies,https://dubaivisa.pk/,+923337000941,"Office # 16, mall plaza mall road Saddar Rawalpindi, Rawalpini",https://www.businesslist.pk/company/257577/dubaivisapk,businesslist_pk,scrapy,visa-agencies,2026-08-29T03:21:40.998900+00:00
Times Consultant,visa agencies,https://timesconsultant.pk,+92-42-3661 0003,"32-A Commercial, Cavalry Ground, Lahore Cantt 54000, Pakistan, Lahore, Punjab",https://www.businesslist.pk/company/249101/times-consultant,businesslist_pk,scrapy,visa-agencies,2026-08-29T03:21:42.112695+00:00
Smart Leading Consultancy,visa agencies,https://smartedu.com.pk/,04235300058,"58 R-1, Main Boulevard,  Johar Town, Lahore, Lahore, Punjab",https://www.businesslist.pk/company/249386/smart-leading-consultancy,businesslist_pk,scrapy,visa-agencies,2026-08-29T03:21:43.685502+00:00
KF Consultancy,visa agencies,http://mrakftech.wix.com/kfivc,,"15-A-1, Main Peco Road, Township, Lahore, Pakistan, Lahore, Punjab",https://www.businesslist.pk/company/235384/champian-electronics,businesslist_pk,scrapy,visa-agencies,2026-08-29T03:21:45.380245+00:00
Al-Khair,visa agencies,http://www.al-khair.org,+922135363331,"107 Clifton Centre, Block-5, Clifton., Karachi, Sindh",https://www.businesslist.pk/company/241516/al-khair,businesslist_pk,scrapy,visa-agencies,2026-08-29T03:21:47.431215+00:00
Visa Consultants,visa agencies,http://visaconsultants.pk,03333256086,"H # 1, Block-1, Gulistan-e-Jauhar, Karachi, Pakistan, Karachi, Sindh",https://www.businesslist.pk/company/247396/visa-consultants,businesslist_pk,scrapy,visa-agencies,2026-08-29T03:21:49.544656+00:00
Vision Professionals,visa agencies,http://visionforeign.webs.com,+92-322-4505042,"54-A-2 Gulberg III, Near Ghalib Market &amp; Hotel One, Lahore., Lahore, Punjab",https://www.businesslist.pk/company/241085/vision-professionals,businesslist_pk,scrapy,visa-agencies,2026-08-29T03:21:51.158700+00:00
A1 Umrah Islamabad,visa agencies,http://umrahislamabad.pk,+923007175258,"619/C, Lane 5, Peshawar Road, Islamabad, Punjab",https://www.businesslist.pk/company/241207/a1-umrah-islamabad,businesslist_pk,scrapy,visa-agencies,2026-08-29T03:21:53.185936+00:00
Norlenda Trip Travel &amp; Tours Pvt Ltd.,visa agencies,https://norlenda.com/,+923028499779,"Office 12, 3rd Floor, Al-Latif Centre, Main Boulevard, Gulberg-III, Lahore, Pakistan, Lahore",https://www.businesslist.pk/company/254985/norlenda-trip-traveltours-pvt-ltd,businesslist_pk,scrapy,visa-agencies,2026-08-29T03:21:55.138189+00:00
WSl Consultants,visa agencies,https://www.wslconsultants.com/,+92 42 37832240,"38-M, First Floor، Rakhshanda Heights,Near Kharak Stop، Multan Road، Lahore, Lahore, Punjab",https://www.businesslist.pk/company/250579/wsl-consultants,businesslist_pk,scrapy,visa-agencies,2026-08-29T03:21:57.207219+00:00
Beyondbluetravels and Tour,visa agencies,https://beyondbluetravels.com+9,+92 316-0622230,"Office No. 1, 3rd floor, Al Hafeez Tower, M.M Alam Road, Gulberg III, Lahore, Pakistan, Lahore",https://www.businesslist.pk/company/257366/beyondbluetravels-and-tour,businesslist_pk,scrapy,visa-agencies,2026-08-29T03:21:58.401554+00:00
SAM Associates Abbottabad,visa agencies,,+92 315 8570057,"SAM Associates PMA Link Road Mandian, Abbottabad, Khyber Pakhtunkhwa",https://www.businesslist.pk/company/251462/sam-associates-abbottabad,businesslist_pk,scrapy,visa-agencies,2026-08-29T03:22:00.406718+00:00
Bestways Travels,tour operators,http://www.bestways.pk,051-5565306,"Office 1, Block 4, Pindi Club Building, Mall Road, Rawalpindi, Punjab",https://www.businesslist.pk/company/246106/bestways-travels,businesslist_pk,scrapy,tour-operators,2026-08-29T03:22:01.385279+00:00
Bestways Travels,tour operators,http://www.bestways.pk/,92-51-5565306,"Office 1, Block 4, Pindi Club Building, Mall Road, Rawalpindi, Punjab",https://www.businesslist.pk/company/228579/bestways-travels,businesslist_pk,scrapy,tour-operators,2026-08-29T03:22:02.578195+00:00
Divers Club,tour operators,http://diversclub.pk,03353850292,"Suit # 133, 134 First Floor, Glass Tower Clifton Near Teen Talwar Karachi., Karachi, Sindh",https://www.businesslist.pk/company/246962/divers-club,businesslist_pk,scrapy,tour-operators,2026-08-29T03:22:03.823684+00:00
Travel &amp; Culture Services,tour operators,,"5218098, 00923212424778","702 panorama center karachi, sindh, Karachi, Sindh",https://www.businesslist.pk/company/136750/travelculture-services,businesslist_pk,scrapy,tour-operators,2026-08-29T03:22:06.036369+00:00
Concordia Trackers,tour operators,https://www.concordiatrackers.com,03084222999,"36 Abu Bakar Block, Lahore, Punjab",https://www.businesslist.pk/company/252226/concordia-trackers,businesslist_pk,scrapy,tour-operators,2026-08-29T03:22:08.218232+00:00
BookMyUmrah,tour operators,http://www.bookmyumrah.pk/,+923211111268,"BookMyUmrah Level 2 PlanX Arfa Software Technology Park Ferozpur Road Lahore, Lahore, Punjab",https://www.businesslist.pk/company/243573/bookmyumrah,businesslist_pk,scrapy,tour-operators,2026-08-29T03:22:10.272857+00:00
Hiddenture,tour operators,http://hiddenture.com/tour/sapat-beach/,+923452821056,"Shop # 62 Al Burhan Arcade Block E North Nazimabad Haidery, Karachi, Sindh",https://www.businesslist.pk/company/248770/hiddenture,businesslist_pk,scrapy,tour-operators,2026-08-29T03:22:12.467311+00:00
Skardu Tour,tour operators,http://www.skardutour.com,05815455345,"Radio Pakistan Chowk Skardu, Islamabad, Gilgit-Baltistan",https://www.businesslist.pk/company/245501/skardu-tour,businesslist_pk,scrapy,tour-operators,2026-08-29T03:22:14.305767+00:00
Tour Guru,tour operators,http://www.tourguru.net,03336325132,"ARFA Tower, Hall CC2 5th Floor، Lahore, 54100, Lahore, Punjab",https://www.businesslist.pk/company/250291/tour-guru,businesslist_pk,scrapy,tour-operators,2026-08-29T03:22:15.749259+00:00
Air Asia International Travel and Tours,tour operators,https://www.airasiaint.com/,+92 213 690 1230,"Suite No. 30, Sector 11-K, Haroon Heights Near Saleem Center, Karachi, Sindh",https://www.businesslist.pk/company/246066/air-asia-international-travel-and-tours,businesslist_pk,scrapy,tour-operators,2026-08-29T03:22:17.864779+00:00
Yugo.pk,travel agents,https://yugo.pk/,"+924237338290, (+92) 3-111-123-359","78 CCA, Phase 6, DHA, Lahore, Lahore, Punjab",https://www.businesslist.pk/company/249060/yugopk,businesslist_pk,scrapy,travel-agents,2026-08-29T03:22:19.512197+00:00
GlocalTravels.pk,travel agents,http://glocaltravels.pk,+92642430157,"Shop #02, Saeed Commercial Centre, Ghazi Road  Pir Qat’tal, Dera Ghazi Khan, Punjab",https://www.businesslist.pk/company/247366/glocaltravelspk,businesslist_pk,scrapy,travel-agents,2026-08-29T03:22:21.305103+00:00
"Faremakers | Flights, Hotels, Packages, Cars",travel agents,http://www.faremakers.com,111 147 111,"Travel Channel, 3-UGF, Century Tower, Kalma Chowk, Main Boulevard Gulberg-III, Lahore 54900, Pakistan, Lahore, Punjab",https://www.businesslist.pk/company/245617/faremakersflights-hotels-packages-cars,businesslist_pk,scrapy,travel-agents,2026-08-29T03:22:23.474036+00:00
Olympia Travels and Tours,travel agents,,03017939711,"48 h club road , Vehari, Punjab",https://www.businesslist.pk/company/241172/olympia-travels-and-tours,businesslist_pk,scrapy,travel-agents,2026-08-29T03:22:25.318838+00:00
Ziarat-e-habib Travels (pvt) Ltd,travel agents,,042-35924330-1,"17-B, COMMERCIAL AREA PAK ARAB HOUSING SCHEME FEROZEPUR ROAD, LAHORE., Lahore, Punjab",https://www.businesslist.pk/company/245120/ziarat-e-habib-travels-pvt-ltd,businesslist_pk,scrapy,travel-agents,2026-08-29T03:22:26.990477+00:00
Exodus Travels Tour Pvt Ltd,travel agents,,+923210243243,"Jalal center moon market allama iqbal town , Lahore",https://www.businesslist.pk/company/258500/exodus-travels-tour-pvt-ltd,businesslist_pk,scrapy,travel-agents,2026-08-29T03:22:29.402607+00:00
Saifulmuluk tour and travel company,travel agents,http://www.saifulmuluk.com/,03435853835,"i-10/3, Islamabad, Islamabad Capital Territory",https://www.businesslist.pk/company/245079/saifulmuluk-tour-and-travel-company,businesslist_pk,scrapy,travel-agents,2026-08-29T03:22:31.204187+00:00
Streamline Consultants,travel agents,http://www.streamlinevisa.com/,00922135631610,"SUITE 205,2ND FLOOR, AL-SEHAT CENTRE  NEXT TO REGENT PLAZA SHAHRA-E-FAISLAL KARACHI, Karachi, Sindh",https://www.businesslist.pk/company/242671/streamline-consultants,businesslist_pk,scrapy,travel-agents,2026-08-29T03:22:33.022962+00:00
AEL Consultants,travel agents,https://aelconsultants.com/,+60136395898,"14th &amp; 15th floor, BRR Tower, I.I Chandigarh Road, Karachi, 74000, Pakistan, Karachi, Sindh",https://www.businesslist.pk/company/257647/ael-consultants,businesslist_pk,scrapy,travel-agents,2026-08-29T03:22:34.176867+00:00
Makkah Travels &amp; Tourism,travel agents,http://www.makkahtravelskhi.com,00922135385465,"SHOP#2, Basement, Building#43-C, 14th Commercial Street, Near Ayaz Masjid, Phase-2 Extension, D.H.A, Karachi, Sindh",https://www.businesslist.pk/company/180615/makkah-travelstourism-group,businesslist_pk,scrapy,travel-agents,2026-08-29T03:22:36.239509+00:00
Rana Resort &amp; Safari Park,travel agents,https://khansays.com/post/rana-resort-safari-park-lahore,+92 32 1417 2577,"Bhai Pheru, Punjab, Pakistan, Lahore, Punjab",https://www.businesslist.pk/company/244900/rana-resortsafari-park,businesslist_pk,scrapy,travel-agents,2026-08-29T03:22:38.430133+00:00
Air Asia International Travel &amp; Tours,travel agents,http://www.airasiaint.com,"+922136901230,+922136961230","Suite No. 30, Haroon Heights Sector 11-K, Karachi, Sindh",https://www.businesslist.pk/company/242762/air-asia-international-travel-tours,businesslist_pk,scrapy,travel-agents,2026-08-29T03:22:40.579269+00:00
Falcon Express Pvt. Ltd,travel agents,http://www.falconexpress.com.pk/,+92 51 2805560-65,"Off # 1, First Floor, Mushtaq Mension, Fazal-e-Haq Road Blue Area, Islamabad-Pakistan., Islamabad, Islamabad Capital Territory",https://www.businesslist.pk/company/242847/falcon-express-pvt-ltd,businesslist_pk,scrapy,travel-agents,2026-08-29T03:22:42.874999+00:00
Hotel One,hotels,https://www.hotelone.com.pk/,"+92 41 8543255, +92 41 8543261","99-C Near D-Ground, People&#039;s Colony No 1, Faisalabad, Punjab",https://www.businesslist.pk/company/237891/hotel-one,businesslist_pk,scrapy,hotels,2026-08-29T03:22:44.897068+00:00
Anuzee Lounge,hotels,https://www.facebook.com/anuzeelounge,+923445888883,"Street 41 Bahria Phase 3 Bahria Town Rawalpindi, Rawalpindi",https://www.businesslist.pk/company/254981/anuzee-lounge,businesslist_pk,scrapy,hotels,2026-08-29T03:22:46.910909+00:00
Hodophile Adventures,hotels,https://hodophile.pk/,0337 7777460," 6C, Sunset Lane, DHA Phase-2, Extension, Karachi, Sindh, Pakistan-75500, Karachi, Sindh",https://www.businesslist.pk/company/253621/hodophile-adventures,businesslist_pk,scrapy,hotels,2026-08-29T03:22:48.583811+00:00
Nafam Services (pvt) Ltd,hotels,http://nafamservices.com,061-6561685,"Chowk Qazafi Masoom Shah Road, Multan, Punjab",https://www.businesslist.pk/company/250820/nafam-services-pvt-ltd,businesslist_pk,scrapy,hotels,2026-08-29T03:22:50.519642+00:00
Hotel Marcopolo Lahore,hotels,http://www.hotelmarcopolo.com.pk,"924236366225,924236366226,924236283807","13-Abbot Road Lahore,Pakistan., Lahore, Punjab",https://www.businesslist.pk/company/180646/hotel-the-taj-mahal,businesslist_pk,scrapy,hotels,2026-08-29T03:22:51.819497+00:00
Smart Travels,hotels,,042-37396751,"Office# 03 ,Commercial Area, Khuda Buksh Society, New Airport Road, Lahore-Cantt, Lahore, Punjab",https://www.businesslist.pk/company/242362/smart-travels,businesslist_pk,scrapy,hotels,2026-08-29T03:22:53.284271+00:00
Khyber guest house and restaurant,hotels,https://www.airbnb.com/users/show/481481883,+92-3416624444,"Aqba Road opposite Iqra  girls Academy Saidu Sharif Swat, Mingora",https://www.businesslist.pk/company/258172/khyber-guest-house-and-restaurant,businesslist_pk,scrapy,hotels,2026-08-29T03:22:55.469690+00:00
Fiorentina Travel &amp; Tourism,hotels,http://www.fiorentinatourism.co,0966850704,"Near Misbah Hospital, Abdullah Medical Cantre Shop No 4, Dera Ismail Khan, Khyber Pakhtunkhwa",https://www.businesslist.pk/company/253363/fiorentina-traveltourism,businesslist_pk,scrapy,hotels,2026-08-29T03:22:57.567298+00:00
Tripkar,hotels,http://tripkar.com,0322-8747527,"LG Floor Leeds Center, Main Boulevard Road, Gulberg III, Lahore, Punjab",https://www.businesslist.pk/company/243282/tripkar,businesslist_pk,scrapy,hotels,2026-08-29T03:22:58.737499+00:00
Le Royal Guest House Islamabad,hotels,,"03028936767,0512287815","House  02, Street  57, F-8/4 Islamabad, Pakistan, Islamabad, Islamabad Capital Territory",https://www.businesslist.pk/company/241096/le-royal-guest-house-islamabad,businesslist_pk,scrapy,hotels,2026-08-29T03:23:00.831051+00:00
Red Roof Hotel,hotels,,0404510020,"Aslam and Sons Mall College Chowk Farid Town Road, Sahiwal, Punjab",https://www.businesslist.pk/company/251888/red-roof-hotel,businesslist_pk,scrapy,hotels,2026-08-29T03:23:02.619330+00:00
Pearl Tours &amp; Travel (Pvt.)Ltd.,hotels,http://www.pearltours.com.pk,0092-51-2806330-31,"106/E, 4th Floor, Asif Plaza, Fazal-e-Haq Road, Blue Area, Islamabad, Pakistan, Islamabad, Islamabad Capital Territory",https://www.businesslist.pk/company/243831/pearl-tourstravel-pvtltd,businesslist_pk,scrapy,hotels,2026-08-29T03:23:04.685860+00:00
Lepari Hotel,hotels,https://www.lepari.com.pk,"+92 55 4235701, +92 55 4235704","Grand Trunk Rd, Sheranwala Bagh Old Town, Gujranwala, Punjab",https://www.businesslist.pk/company/120448/lepari-hotel,businesslist_pk,scrapy,hotels,2026-08-29T03:23:06.623572+00:00
The Resodency Hotel,hotels,https://rh.com.pk/,+92-42-111-395-395,"39-A Zafar Ali Rd, Gulberg V, Lahore, Punjab, Lahore, Punjab",https://www.businesslist.pk/company/253440/the-resodency-hotel,businesslist_pk,scrapy,hotels,2026-08-29T03:23:08.627579+00:00
Lawrence view hotel,hotels,https://lawrenceviewhotel.com/,03206361916,"54-A Lawrence Road, Jubilee Town, Lahore, Punjab 54000, Lahore, Punjab",https://www.businesslist.pk/company/252021/lawrence-view-hotel,businesslist_pk,scrapy,hotels,2026-08-29T03:23:10.345842+00:00
"Herfa Inn Hotel,Lahore",hotels,,03214151920,"23/3 Race cource road , Lahore, Punjab",https://www.businesslist.pk/company/243826/herfa-inn-hotellahore,businesslist_pk,scrapy,hotels,2026-08-29T03:23:11.170581+00:00
Tourbays Travel and Tourism Pvt Limited,hotels,http://www.tourbays.com,"+92 4237872846, +92 3144604226","FF 10 Javed Center Allama Iqbal Town Lahore , Lahore",https://www.businesslist.pk/company/257551/tourbays-travel-and-tourism-pvt-limited,businesslist_pk,scrapy,hotels,2026-08-29T03:23:13.394018+00:00
Accommodation RooMs Islamabad,hotels,http://www.roomsislamabad.com,+92-364-4912278,"Rohtas Road, G-9/1, Islamabad, Islamabad Capital Territory",https://www.businesslist.pk/company/163509/aaa-accommodation-rooms-islamabad,businesslist_pk,scrapy,hotels,2026-08-29T03:23:15.392256+00:00
Dreamworld Resort,hotels,,"+92 21 38692000, +92 340 1111501","Adjacent Block R, Gulshan-e-Maymar, Super Highway, Karachi, Sindh",https://www.businesslist.pk/company/240190/dreamworld-resort,businesslist_pk,scrapy,hotels,2026-08-29T03:23:17.592999+00:00
Artisanvapor.pk,catering,,0312-4880936,"Artisan Vapor DHA Lahore Artisan Vapor Company - Phase 5 DHA, Lahore, Pakistan 0312-4880936, Lahore, Punjab",https://www.businesslist.pk/company/247103/artisanvaporpk,businesslist_pk,scrapy,catering,2026-08-29T03:23:19.641198+00:00
Western Global Services (pvt) Ltd,catering,,"(92 51) 2264960, (92 51) 2264293","Unit # 2, Plot # 7, Haq Arcade, Street 33, Sector F-8/1, Allahwali Market, Islamabad, Islamabad Capital Territory",https://www.businesslist.pk/company/236246/western-global-services-pvt-ltd,businesslist_pk,scrapy,catering,2026-08-29T03:23:21.367535+00:00
OnTrack,catering,https://www.ontrack.pk/,03315492778,"Plot 349, I9/3, Islamabad, Islamabad, Islamabad Capital Territory",https://www.businesslist.pk/company/234359/ontrack,businesslist_pk,scrapy,catering,2026-08-29T03:23:22.809450+00:00
Maya Ladies Waiters,catering,,03412687950,"Karachi, Karachi, Sindh",https://www.businesslist.pk/company/244497/maya-ladies-waiters,businesslist_pk,scrapy,catering,2026-08-29T03:23:25.142215+00:00
Fauji Foods,catering,http://www.faujifoods.com,+92 42 37136315-17,"7VCJ+WJ2, Sargodha Rd, Qaisarabad, Bhalwal, Sargodha, Punjab, Lahore",https://www.businesslist.pk/company/255994/fauji-foods,businesslist_pk,scrapy,catering,2026-08-29T03:23:26.777113+00:00
Fjm Food,catering,,+92 331 4002211,"serwat markeet, Sialkot, Punjab",https://www.businesslist.pk/company/249695/fjm-food,businesslist_pk,scrapy,catering,2026-08-29T03:23:28.832326+00:00
Fresh Catch,catering,,+92 92 332 373 7422,"Sindh, Karachi",https://www.businesslist.pk/company/255589/fresh-catch,businesslist_pk,scrapy,catering,2026-08-29T03:23:30.231504+00:00
Imperial Caterers,catering,,021-35803533,"Office No. 3, Anum Arcade, Plot No. 26-C, Sunset Lane # 5, Phase - 2 - Ext, DHA, Karachi, Karachi, Sindh",https://www.businesslist.pk/company/246625/imperial-caterers,businesslist_pk,scrapy,catering,2026-08-29T03:23:32.344803+00:00
Whitepearlgroup,catering,,+92 42 36604722 - 33 - 44,"White Pearl House, 29 Bridge Colony, Lahore Cantt - Pakistan., Lahore, Punjab",https://www.businesslist.pk/company/249605/whitepearlgroup,businesslist_pk,scrapy,catering,2026-08-29T03:23:34.515876+00:00
Keto For Keto`ers,catering,,+923347959442,"Paradise Center, Walton Road? Lahore Cantt?, Cavalry Ground, Lahore, Punjab",https://www.businesslist.pk/company/250085/keto-for-ketoers,businesslist_pk,scrapy,catering,2026-08-29T03:23:36.498588+00:00
Gum Corp,catering,,92-21-4310900,"Shara-e-faisal, Karachi",https://www.businesslist.pk/company/209178/gum-corp,businesslist_pk,scrapy,catering,2026-08-29T03:23:38.359452+00:00
Kausar,catering,,"92-41-4361627, +92 42 3584 7325","1 Km Jarran Wala Raod, Khurianwala, P.O. Box: 38000, Faisalabad, Punjab",https://www.businesslist.pk/company/211675/kausar,businesslist_pk,scrapy,catering,2026-08-29T03:23:39.893397+00:00
Araam.pk,catering,,,"Plaza # 285, FF Block, Phase IV, DHA. , Lahore, Punjab",https://www.businesslist.pk/company/243661/araampk,businesslist_pk,scrapy,catering,2026-08-29T03:23:42.030059+00:00
SB Food Industry,catering,,+923343538606,"North Nazimabad.Karachi, Karachi, Sindh",https://www.businesslist.pk/company/244635/sb-food-industry,businesslist_pk,scrapy,catering,2026-08-29T03:23:44.019522+00:00
2030 Kitchen,catering,,+92 -321-2205333,"Sindh, Karachi",https://www.businesslist.pk/company/255253/2030-kitchen,businesslist_pk,scrapy,catering,2026-08-29T03:23:45.906382+00:00
foodpanda,catering,,,"Sindh, Karachi",https://www.businesslist.pk/company/256344/foodpanda,businesslist_pk,scrapy,catering,2026-08-29T03:23:48.080799+00:00
Handheld Catering,catering,,(408) 692-4782,"1725 De La Cruz Blvd #1, Bahawalpur, Balochistan",https://www.businesslist.pk/company/242386/handheld-catering,businesslist_pk,scrapy,catering,2026-08-29T03:23:50.217127+00:00
Innovative Events Expert,catering,http://www.ieventexpert.com/,+92-335-4666-654,"91-H Block DHA Phase 1, Lahore, Lahore, Punjab",https://www.businesslist.pk/company/245825/innovative-events-expert,businesslist_pk,scrapy,catering,2026-08-29T03:23:51.409132+00:00
Dalda Foods (pvt) Ltd.,catering,,"9221-2576355 / 2576356, +92 2138636933"," S.I.T.E., Sindh, Karachi, Sindh",https://www.businesslist.pk/company/109008/dalda-foods-pvt-ltd,businesslist_pk,scrapy,catering,2026-08-29T03:23:53.374906+00:00
Reliance Immigration,visa agencies,http://www.relianceimmigration.com,"021-3432 66 99, 3432 66 98","Suite 303, Business Center, Main Shahrah-e-Faisal Karachi, Karachi, Sindh",https://www.businesslist.pk/company/244650/reliance-immigration,businesslist_pk,scrapy,visa-agencies,2026-08-29T03:23:55.323308+00:00
Jasmine Tours,visa agencies,http://www.jasminetours.com/,+92512617535,"Porik Cottage, Sadpara Road, Hameed Ghar, Skardu, Gilgit Baltistan, Pakistan, Islamabad, Islamabad Capital Territory",https://www.businesslist.pk/company/249548/jasmine-tours,businesslist_pk,scrapy,visa-agencies,2026-08-29T03:23:57.314856+00:00
SEA &amp; Consultant,visa agencies,https://www.facebook.com/SEA-Consultant-1758140411126729/,03361810623,"Office # A-146, 1st Floor, Bhayani Shopping Center, Block-M, North Nazimabad, Karachi, Pakistan., Karachi, Sindh",https://www.businesslist.pk/company/244629/seaconsultant,businesslist_pk,scrapy,visa-agencies,2026-08-29T03:23:59.127581+00:00
Travelport Pvt Ltd,visa agencies,http://www.travelport.net.pk,+924235842281,"LGF 47 CENTURY TOWER GULBERG III KALMA CHOWK, Lahore, Punjab",https://www.businesslist.pk/company/242060/travelport-pvt-ltd,businesslist_pk,scrapy,visa-agencies,2026-08-29T03:24:01.264976+00:00
Azg Consultants,visa agencies,http://www.azgconsultants.com,"(92 41) 8730068, 8730069","Office #2,1st Floor,Vega Towers,Small D-Ground, Faisalabad, Punjab",https://www.businesslist.pk/company/185373/azg-consultants,businesslist_pk,scrapy,visa-agencies,2026-08-29T03:24:03.452109+00:00
Hilal-E-Aarab Travels &amp; Tours Pvt Ltd,visa agencies,http://www.hilalearab.com,0614023478,"shershah Road Opp Ubl Bank Multan, Multan, Punjab",https://www.businesslist.pk/company/241154/hilal-e-aarab-travelstours-pvt-ltd,businesslist_pk,scrapy,visa-agencies,2026-08-29T03:24:05.689585+00:00
Russia Consultings,visa agencies,http://russiaconsultings.com/,"04235782229, +92 (333) 660 5821","Suite # 20 floor no 3, Harmain Tower, Main Band Road, Lahore, Punjab",https://www.businesslist.pk/company/244851/russia-consultings,businesslist_pk,scrapy,visa-agencies,2026-08-29T03:24:07.992644+00:00
Times Consultant Lahore,visa agencies,http://timesconsultant.pk/,(042) 36610003,"32-A Commercial Area Cavalry Ground Lahore, 54000, Lahore, Punjab",https://www.businesslist.pk/company/249996/times-consultant-lahore,businesslist_pk,scrapy,visa-agencies,2026-08-29T03:24:09.544703+00:00
SILK Consultants,visa agencies,https://silkconsultants.com/,03354618787,"22, G1 Johar Town, Lahore Near Doctor Hospital، Block G1 Block G 1 Phase 1 Johar Town, Lahore, Punjab, Pakistan, Lahore, Punjab",https://www.businesslist.pk/company/250934/silk-consultants,businesslist_pk,scrapy,visa-agencies,2026-08-29T03:24:11.903315+00:00
Times Consultant,visa agencies,http://timesconsultant.pk/,0300 8217506,"Bungalow # 03, Block B, 1st floor, Autobhan Road Unit#3 latifabad Hyderabad, Hyderabad, Sindh",https://www.businesslist.pk/company/245590/times-consultant,businesslist_pk,scrapy,visa-agencies,2026-08-29T03:24:14.062857+00:00
Global Visa Consultants,visa agencies,https://globalvisaconsultant.com/,03111762324,"638 Umar Block Allama Iqbal Town Lahore 54000 Pakistan, Lahore, Punjab",https://www.businesslist.pk/company/251075/global-visa-consultants,businesslist_pk,scrapy,visa-agencies,2026-08-29T03:24:15.984804+00:00
Zed International,visa agencies,https:/www.zedint.com,0518466646,"Office No. 406, 4th Floor, Makkah Tower, Adamjee Road, Saddar, Rawalpindi, Punjab",https://www.businesslist.pk/company/248989/zed-international,businesslist_pk,scrapy,visa-agencies,2026-08-29T03:24:17.706706+00:00
Times Consultant,visa agencies,http://timesconsultant.pk/,+92-21-3481 6010,"4/14, Block-5, Gulshan-e-Iqbal, Karachi–75300, Pakistan, Karachi, Sindh",https://www.businesslist.pk/company/245658/times-consultant,businesslist_pk,scrapy,visa-agencies,2026-08-29T03:24:20.019344+00:00
World Aviation Travels &amp; Tours,visa agencies,https://worldaviation.com.pk/,03000504836,"Al Hafeez Shopping Mall, 3-MZ-1, 82-D/1 Main Boulevard, Gulberg III, Lahore, 54660, Lahore, Punjab",https://www.businesslist.pk/company/252265/world-aviation-travelstours,businesslist_pk,scrapy,visa-agencies,2026-08-29T03:24:21.682996+00:00
Hunza Adventure Tours,tour operators,http://www.hunzaadventuretours.com.pk,+923425962638,"Hunza Valley Gilgit Baltistan Pakistan., Gilgit-Baltistan",https://www.businesslist.pk/company/240989/hunza-adventure-tours,businesslist_pk,scrapy,tour-operators,2026-08-29T03:24:23.551615+00:00
Magellan Travels | Explore the Beauty of Pakistan,tour operators,http://www.magellan.pk/,0313 8728357,"Suite #103, IBA Main Campus, KU Circular Rd, University Of Karachi, Karachi, Karachi City, Sindh, Karachi, Sindh",https://www.businesslist.pk/company/253301/magellan-travelsexplore-the-beauty-of-pakistan,businesslist_pk,scrapy,tour-operators,2026-08-29T03:24:25.704961+00:00
Faremakers,tour operators,https://www.faremakers.com/flights/cheap-flights-from-lahore-to-melbourne,042111147111,"3-UGF, Century Tower, Kalma Chowk Main Boulevard, Gulberg-III, Lahore, Punjab",https://www.businesslist.pk/company/248755/faremakers,businesslist_pk,scrapy,tour-operators,2026-08-29T03:24:27.729386+00:00
Active Tours Pakistan,tour operators,http://www.activetourspakistan.com,+92-5811-440331,"House # 2208 Street # 33, Phas-II Farash Town Alipur, Islamabad, Islamabad, Gilgit-Baltistan",https://www.businesslist.pk/company/240149/active-tours-pakistan,businesslist_pk,scrapy,tour-operators,2026-08-29T03:24:29.508863+00:00
N.F Travel &amp; Tour pvt LTD.,tour operators,http://www.nftravel.org,+92-021-35389184,"c 932 central commercial area main tariq road, Karachi, Sindh",https://www.businesslist.pk/company/242454/n-f-travel-tour-pvt-ltd,businesslist_pk,scrapy,tour-operators,2026-08-29T03:24:30.741314+00:00
Jasmine Tours Trekking and Expeditions,tour operators,https://shipton-trekking.de,+92-300-4541167,"Karasmathang Near Raja Petrol Pump, Skardu, Gilgit-Baltistan., Islamabad, Gilgit-Baltistan",https://www.businesslist.pk/company/249496/jasmine-tours-trekking-and-expeditions,businesslist_pk,scrapy,tour-operators,2026-08-29T03:24:32.182638+00:00
Fatima Travels &amp; Tours (PVT) LTD,tour operators,https://www.fatimatravels.com/,0518433347,"OFFICE NO # 10, FIRST FLOOR, SHAH NAWAZ PLAZA, G-11 MARKAZ, ISLAMABAD, Islamabad, Islamabad Capital Territory",https://www.businesslist.pk/company/250788/fatima-travelstours-pvt-ltd,businesslist_pk,scrapy,tour-operators,2026-08-29T03:24:33.995238+00:00
SK Movers &amp; Packers,tour operators,http://skmovers.com.pk,051-4443698,"Plot 336-A, I-11/4 Sabzi Mandi Islamabad , Islamabad, Islamabad Capital Territory",https://www.businesslist.pk/company/244521/sk-moverspackers,businesslist_pk,scrapy,tour-operators,2026-08-29T03:24:36.172839+00:00
Paracha Travels,tour operators,http://www.facebook.com/parachatravels,0915254156,"1st floor Hassan building Saddar Arbab Road Peshawar Cantt., Peshawar, Khyber Pakhtunkhwa",https://www.businesslist.pk/company/241917/paracha-travels,businesslist_pk,scrapy,tour-operators,2026-08-29T03:24:38.278275+00:00
My Kerala Trip,tour operators,http://www.mykeralatrip.com,09061104888,"3rd Floor, Electronic Street, M.G Road, Pallimukku, Hyderabad, Punjab",https://www.businesslist.pk/company/246198/my-kerala-trip,businesslist_pk,scrapy,tour-operators,2026-08-29T03:24:39.421886+00:00
Faremakers,tour operators,https://www.faremakers.com/,+92-311-1147111,"53 A-1, Block E 1 Gulberg III, Lahore, Punjab 54000, Pakistan, Lahore, Punjab",https://www.businesslist.pk/company/250449/faremakers,businesslist_pk,scrapy,tour-operators,2026-08-29T03:24:41.242478+00:00
Soon Valley Tour Services,tour operators,http://www.SoonValleyTourism.com,,"Office 4B, Sector i9/3 Islamabad, Pakistan, Islamabad, Punjab",https://www.businesslist.pk/company/242672/soon-valley-tour-services,businesslist_pk,scrapy,tour-operators,2026-08-29T03:24:43.474933+00:00
Airizo,tour operators,https://www.airizo.com/,+92 42 35883423,"3-A abubakar block  New garden town  Lahore, Lahore, Punjab",https://www.businesslist.pk/company/250775/airizo,businesslist_pk,scrapy,tour-operators,2026-08-29T03:24:45.000033+00:00
PK Air Travels,travel agents,,0546500001,"Al Sadiq Plaza, Railway Road opposite Railway Ground Mandi Bahauddin , Mandi Bahauddin, Punjab",https://www.businesslist.pk/company/253475/pk-air-travels,businesslist_pk,scrapy,travel-agents,2026-08-29T03:24:47.381191+00:00
I-Logistics Pvt Ltd,travel agents,http://www.ilogistics.com.pk,04237861471,"2nd Floor 32-A  Commercial Area Sector C  Bahria Town Lahore , Lahore, Punjab",https://www.businesslist.pk/company/247251/i-logistics-pvt-ltd,businesslist_pk,scrapy,travel-agents,2026-08-29T03:24:48.834427+00:00
Trip Finders Pvt Ltd,travel agents,http://tripfinders.pk,+923111381777,"Plaza 43 Cavalry Ground Beside Cavalry Hospital Cantt, Lahore, Pakistan, 54000, Lahore, Punjab",https://www.businesslist.pk/company/258904/trip-finders-pvt-ltd,businesslist_pk,scrapy,travel-agents,2026-08-29T03:24:51.038526+00:00
Babaaz Travels &amp; Tours International,travel agents,http://www.babaaztravels.com/,+92 42111786414,"49-LG Gohar Centre, Near Mor Muslim town, Wahdat road Lahore., Lahore, Punjab",https://www.businesslist.pk/company/248847/babaaz-travelstours-international,businesslist_pk,scrapy,travel-agents,2026-08-29T03:24:53.028236+00:00
Top Travel and Tours Sialkot,travel agents,http://www.toptravels.com.pk,0524-260146-7-8,"ABBOT ROAD SIALKOT CITY, Sialkot, Punjab",https://www.businesslist.pk/company/244394/top-travel-and-tours-sialkot,businesslist_pk,scrapy,travel-agents,2026-08-29T03:24:55.142502+00:00
GA Travel &amp; Visa,travel agents,http://www.gatravelandvisa.com,+923233439314,"Office No 1, First Floor, Tijarat Plaza, Near Crown Palace Marriage Hall, Khushab Road, Sargodha",https://www.businesslist.pk/company/258873/ga-travelvisa,businesslist_pk,scrapy,travel-agents,2026-08-29T03:24:57.161184+00:00
Hejaz e Moqaddus Travels Group,travel agents,https://hejazemoqaddus.com/,+923008218582,"Sindh, Karachi",https://www.businesslist.pk/company/258808/hejaz-e-moqaddus-travels-group,businesslist_pk,scrapy,travel-agents,2026-08-29T03:24:58.836532+00:00
ASASA Travel &amp; Tourism,travel agents,http://asasa.net.pk/,+9203010522720,"Block J2, Plot 20, Wapda Town, Lahore",https://www.businesslist.pk/company/258419/asasa-traveltourism,businesslist_pk,scrapy,travel-agents,2026-08-29T03:25:00.834100+00:00
Yamama Travel And Tours Pvt Ltd,travel agents,https://www.yamamatravel.net,+92 304 111 3328,"Hira Clinic Street Near Jawa Jump Stop Railway Road Raiwind, Lahore, Punjab",https://www.businesslist.pk/company/251360/yamama-travel-and-tours-pvt-ltd,businesslist_pk,scrapy,travel-agents,2026-08-29T03:25:03.099621+00:00
Profine Travels &amp; Tours International (PVT) Ltd.,travel agents,https://www.profinetravels.com,+923 111 786 776,"Office No.1,Plaza No.19, H Block, DHA, Phase 1C, (Near Shell Petrol Pump), Lahore, Punjab",https://www.businesslist.pk/company/258329/profine-travelstours-international-pvt-ltd,businesslist_pk,scrapy,travel-agents,2026-08-29T03:25:04.472033+00:00
Hospitality Inn Lahore,hotels,http://www.hospitalityinnlahore.com/,0092-42-3631 0077,"25 Egerton Road, Lahore - 54000, Pakistan., Lahore, Punjab",https://www.businesslist.pk/company/246433/hospitality-inn-lahore,businesslist_pk,scrapy,hotels,2026-08-29T03:25:05.809119+00:00
Blizin Hotels,hotels,https://www.blizinhotels.com/,+92(42)35472969,"268 Imperial garden ParagonCity, Lahore, Pakistan., Lahore, Punjab",https://www.businesslist.pk/company/250245/blizin-hotels,businesslist_pk,scrapy,hotels,2026-08-29T03:25:07.670650+00:00
Pakistan Youth Hostels Association,hotels,http://pyhahostels.com,"051-2824628,","Shell Petrol Pump، Shaheed-i-Millat Road, G 6/4, Near، G-6/4 G 6/4 G-6, Islamabad, Islamabad Capital Territory, Islamabad, Islamabad Capital Territory",https://www.businesslist.pk/company/251393/pakistan-youth-hostels-association,businesslist_pk,scrapy,hotels,2026-08-29T03:25:09.424702+00:00
Goghoom,hotels,http://www.goghoom.com/,0302.4644666,"4 Sher Shah road , Garden Town، Lahore 54000, Pakistan, Lahore, Punjab",https://www.businesslist.pk/company/245648/goghoom,businesslist_pk,scrapy,hotels,2026-08-29T03:25:11.674414+00:00
Ibn-e-adam Travel &amp; Tours (pvt) Ltd.,hotels,https://www.facebook.com/ibneadamtravels/,+92-41-2600776,"OFFICE # 6-A, 40/8, GROUND FLOOR, NEW CIVIL LINES,BEHIND STATE BANK, REGENCY ROAD, FAISALABAD., Faisalabad, Punjab",https://www.businesslist.pk/company/252119/ibn-e-adam-traveltours-pvt-ltd,businesslist_pk,scrapy,hotels,2026-08-29T03:25:13.633944+00:00
Destination hill,hotels,https://destination-hill.com/,+924235782858,"G,84 AASHIANA SHOPPING CENTER MAIN BOULEVARD GULBERG III, LAHORE PAKISTAN, Lahore, Punjab",https://www.businesslist.pk/company/251675/destination-hill,businesslist_pk,scrapy,hotels,2026-08-29T03:25:15.227910+00:00
Swat View Hotel,hotels,,92946-885166,"kalam road fizagat sangota swat, Mingora, Khyber Pakhtunkhwa",https://www.businesslist.pk/company/120575/swat-view-hotel,businesslist_pk,scrapy,hotels,2026-08-29T03:25:17.380881+00:00
ALI &amp; KHALID KARWAN-E-IBRAHEEM (Pvt) Ltd,hotels,http://www.akki.com.pk,042-37502963,"Office # 26, Ist Floor Abrar Center Wahdat Road Lahore, Lahore, Punjab",https://www.businesslist.pk/company/240384/alikhalid-karwan-e-ibraheem-pvt-ltd,businesslist_pk,scrapy,hotels,2026-08-29T03:25:19.011577+00:00
Gaza Travels Pvt.Ltd,hotels,http://www.gazatravels.com,061 6210045,"Gaza Travels Pvt Ltd. Office # 31... Business city plaza Bosan road Multan., Multan, Punjab",https://www.businesslist.pk/company/246508/gaza-travels-pvtltd,businesslist_pk,scrapy,hotels,2026-08-29T03:25:20.839000+00:00
Tourbee,hotels,https://tourbee.pk,03441188212,"Mingora Swat, Mingora, Khyber Pakhtunkhwa",https://www.businesslist.pk/company/250611/tourbee,businesslist_pk,scrapy,hotels,2026-08-29T03:25:22.323048+00:00
Tour to Kaghan Naran,hotels,http://www.saifulmuluk.com/,03318583393,"I-10 Markaz Islamabad, Islamabad, Islamabad Capital Territory",https://www.businesslist.pk/company/244680/tour-to-kaghan-naran,businesslist_pk,scrapy,hotels,2026-08-29T03:25:24.582978+00:00
Elegant Palace Guest House Karachi,hotels,https://elegantguesthousekarachi.business.site/?utm_source=gmb&utm_medium=referral,03111977718,"E-122 Street 2 Block D Rashid Minhas Rd,Gulshan e Jamal karachi, Karachi, Sindh",https://www.businesslist.pk/company/245259/elegant-palace-guest-house-karachi,businesslist_pk,scrapy,hotels,2026-08-29T03:25:26.612976+00:00
GVO Rooms Hotels,hotels,https://www.gvorooms.com/,03216931369," 60 K Architect Society Lahore, Lahore, Punjab",https://www.businesslist.pk/company/249058/gvo-rooms-hotels,businesslist_pk,scrapy,hotels,2026-08-29T03:25:28.586928+00:00
Al-Ghaaz Travel &amp; Toursim (Pvt) Ltd.,hotels,,0300-9478679,"Office:# 3, 1st Floor, Sadat Plaza, 695 UMER Block, Oppt Bata Store Karim Block Market, Allama Iqbal Town, Lahore, Lahore, Punjab",https://www.businesslist.pk/company/244333/al-ghaaz-traveltoursim-pvt-ltd,businesslist_pk,scrapy,hotels,2026-08-29T03:25:30.474751+00:00
Mashwani Guest House,hotels,https://mashwaniguesthouse.com,03155737237,"Street No 12، Khayaban-e-Mujahid, Phase V Phase 5 Defence Housing Authority, Karachi,, Karachi, Sindh",https://www.businesslist.pk/company/249366/mashwani-guest-house,businesslist_pk,scrapy,hotels,2026-08-29T03:25:32.054726+00:00
Exact Management Services,catering,,+922134836903,"SUIT NO.402, 4TH FLOOR, AL-AMIN TOWER, BLOCK 10-A, GULSHAN-E-IQBAL, KARACHI., Karachi, Sindh",https://www.businesslist.pk/company/242787/exact-management-services,businesslist_pk,scrapy,catering,2026-08-29T03:25:34.095618+00:00
Haji Caterers,catering,http://www.hajicaterers.com,03213773911,"M-99, Mezzanine Floor, Glass Tower, Main Cilfton Road, Karachi Pakistan, Karachi, Sindh",https://www.businesslist.pk/company/245550/haji-caterers,businesslist_pk,scrapy,catering,2026-08-29T03:25:36.200058+00:00
Virsa Pickles,catering,https://virsapickles.com/,+923477458206,"Lakhi gate, Shikarpur, Sindh 78100, Shikarpur",https://www.businesslist.pk/company/255676/virsa-pickles,businesslist_pk,scrapy,catering,2026-08-29T03:25:38.554485+00:00
Al-fakhar Traders,catering,http://www.al-fakharsalt.com,,"Block 130/9,Sector 11-F New Karachi Industrial Area Karachi, Karachi, Sindh",https://www.businesslist.pk/company/243557/al-fakhar-traders,businesslist_pk,scrapy,catering,2026-08-29T03:25:40.693336+00:00
Darewro,catering,http://darewro.com/,+92 91 7241724,"Khalil Lane، 59-C University Rd, University Town, Peshawar, 25000, Peshawar",https://www.businesslist.pk/company/256704/darewro,businesslist_pk,scrapy,catering,2026-08-29T03:25:42.594582+00:00
Hometown,catering,http://www.hometown.com.pk,03212500488,"Mohammad Bin Qasim Road, Saddar Town, Burns Road, Karachi, Karachi, Sindh",https://www.businesslist.pk/company/249456/hometown,businesslist_pk,scrapy,catering,2026-08-29T03:25:44.718937+00:00
The Galaxy Events,catering,http://www.thegalaxyevents.com,00,"Gulberg Centre Main Boulevard Gulberg, Lahore Pakistan, Lahore, Punjab",https://www.businesslist.pk/company/242642/the-galaxy-events,businesslist_pk,scrapy,catering,2026-08-29T03:25:47.011111+00:00
Multi Food Industries,catering,http://www.multifoodindustries.com/,+92-21-35085187,"Plot # 3, Sector a/3, Karachi Export Processing Zone, Landhi, Karachi 75150, Karachi, Sindh",https://www.businesslist.pk/company/243807/multifoodindustries,businesslist_pk,scrapy,catering,2026-08-29T03:25:48.748037+00:00
Riwaaj  Events Management Services,catering,,0321-9141771,"UG-433 ,Deans Trade Center ,Peshawar Cantt, Peshawar, Khyber Pakhtunkhwa",https://www.businesslist.pk/company/235205/riwaaj-events-management-services,businesslist_pk,scrapy,catering,2026-08-29T03:25:50.794347+00:00
Lettus Kitchens,catering,https://www.lettuskitchens.com,00923331520218,"Street 54, G-9/4 G 9/4 G-9, Islamabad, Islamabad Capital Territory 44000, Islamabad",https://www.businesslist.pk/company/255355/lettus-kitchens,businesslist_pk,scrapy,catering,2026-08-29T03:25:52.944753+00:00
Mano Food Productions,catering,,+923325333661,"jinnah road , Quetta, Balochistan",https://www.businesslist.pk/company/249903/mano-food-productions,businesslist_pk,scrapy,catering,2026-08-29T03:25:54.603929+00:00
Reliance Services Co. (Pvt.) Limited,catering,http://www.relianceservices.com.pk,92-21-34854896,"M-6 Mezzanine Floor Crystal Home BMCH Sharfabad, Karachi",https://www.businesslist.pk/company/240564/reliance-services-co,businesslist_pk,scrapy,catering,2026-08-29T03:25:56.831987+00:00
Quality Catering Services,catering,http://www.qualitycateringservices.com,021-35802352,"Mezzanine, Floor Anum Arcade , Plot No 33-C, 22nd Street, DHA, Phase 1, Karachi, Karachi, Sindh",https://www.businesslist.pk/company/244369/quality-catering-services,businesslist_pk,scrapy,catering,2026-08-29T03:25:59.048256+00:00
Rice Wise Corporation,catering,http://www.ricewise.com,922134130101,"232/3, BMCHS, Street No. 17, Karachi, Sindh",https://www.businesslist.pk/company/235617/rice-wise-corporation,businesslist_pk,scrapy,catering,2026-08-29T03:26:00.886219+00:00
M-Foodz Pakistan,catering,https://m-foodz.com/pk/,+92-21-35291137,"Clifton Diamond, Plot Number BC, 10, Block 4 Clifton, Karachi, Sindh, Karachi",https://www.businesslist.pk/company/258166/m-foodz-pakistan,businesslist_pk,scrapy,catering,2026-08-29T03:26:02.341563+00:00
Nashonuma,catering,https://nashonuma.com/,0423-2303892,"3rd floor Regus Center, The Enterprise Building, Lahore, 54000, Lahore",https://www.businesslist.pk/company/255542/nashonuma,businesslist_pk,scrapy,catering,2026-08-29T03:26:03.553304+00:00
AIRCS Group – Immigration &amp; Visa Experts Rawalpindi,visa agencies,,(051) 8442721,"Office No 109,110 1st Floor, Kohistan Tower, Saddar, Rawalpindi, 46000, Rawalpindi, Punjab",https://www.businesslist.pk/company/258633/aircs-consulting-pvt-ltd,businesslist_pk,scrapy,visa-agencies,2026-08-29T03:26:05.824347+00:00
Bari &amp; Co Ltd,visa agencies,,0044 7587900542,"Link Farid Kot Road, Lahore, Punjab",https://www.businesslist.pk/company/235275/barico-ltd,businesslist_pk,scrapy,visa-agencies,2026-08-29T03:26:07.509067+00:00
Fahad,visa agencies,https://canadaprimeimmigration.com/,+923015026695,"Unit # F, 2nd Floor, Box Park Commercial, Plot # 68-D, Theme Park Avenue, Bahria Springs, Phase 7, Bahria Town., Rawalpindi",https://www.businesslist.pk/company/258570/fahad,businesslist_pk,scrapy,visa-agencies,2026-08-29T03:26:09.226539+00:00
AMC Globle,visa agencies,https://amcgloble.com.au/,+923092525652,"10, Block R2 Johar Town, Lahore, 54782, Lahore",https://www.businesslist.pk/company/258932/amc-globle,businesslist_pk,scrapy,visa-agencies,2026-08-29T03:26:11.278593+00:00
Friends Immigration Consultants,visa agencies,,+92 3218471100,"45-LDA,Shakir Ali Lane,Tipu Block,New Garden Town., Lahore, Pakistan, Lahore",https://www.businesslist.pk/company/258910/friends-immigration-consultants,businesslist_pk,scrapy,visa-agencies,2026-08-29T03:26:13.412322+00:00
Abdul Ghafoor International Travels &amp; Tour Pvt Ltd,visa agencies,https://www.facebook.com/abdulghafoortravels/,00924237166103,"OFFICE NO. 7 FIRST FLOOR ZAFAR ARCADE MAIN G T ROAD, Muridke, Punjab",https://www.businesslist.pk/company/245963/abdul-ghafoor-int-l-travelstourism-pvt-ltd,businesslist_pk,scrapy,visa-agencies,2026-08-29T03:26:15.401468+00:00
Adamjee Global Solutions,visa agencies,https://adamjeeglobalsolutions.com,+922135840121,"Office 301, 3rd Floor, 41-C, Lane 9, Bukhari Commercial, D.H.A Phase VI, Karachi., Karachi",https://www.businesslist.pk/company/258432/adamjee-global-solutions,businesslist_pk,scrapy,visa-agencies,2026-08-29T03:26:17.385213+00:00
Wanderer Travel &amp; Tours,visa agencies,https://www.wanderer.com.pk,051-5177186,"Office No. 408, 4th Floor, Rawal Trade Center, Haider Road, Saddar, Rawalpindi, Punjab",https://www.businesslist.pk/company/250681/wanderer-traveltours,businesslist_pk,scrapy,visa-agencies,2026-08-29T03:26:19.559594+00:00
Travel Spot,visa agencies,http://www.travelspot.com.pk,042-35942323,"G-69, Zainab Tower, Model Town Link Road, Lahore",https://www.businesslist.pk/company/245104/travel-spot,businesslist_pk,scrapy,visa-agencies,2026-08-29T03:26:21.354653+00:00
Wide Era Travels &amp; Tourism Services,visa agencies,http://www.facebook.com/wideera,0092-61-6222984-5,"office#:34,Lower Ground Floor Business City Plaza Bosan Road, Multan, Punjab",https://www.businesslist.pk/company/241622/wide-era-travelstourism-services,businesslist_pk,scrapy,visa-agencies,2026-08-29T03:26:23.178268+00:00
Asia Travels,visa agencies,http://www.asiatravels.com.pk,+92 304 111 44 77,"Level 1, FL 4/20, Block 5, Guslhan e Iqbal, Karachi, Karachi, Sindh",https://www.businesslist.pk/company/242741/asia-travels,businesslist_pk,scrapy,visa-agencies,2026-08-29T03:26:25.333790+00:00
Baba Jani Travels Pvt Ltd,tour operators,http://www.babajanitours.com,+923001412960,"Taseer Center, Kutchery Road Sialkot, Sialkot",https://www.businesslist.pk/company/258941/baba-jani-travels-pvt-ltd,businesslist_pk,scrapy,tour-operators,2026-08-29T03:26:27.396797+00:00
AL Musa Travel &amp; Tours (pvt) Ltd.,tour operators,,"0092-51-5564280 , 0092-51-5564281 , 0092-51-5564282","OFFICE 112, First Floor , Muhammadia Plaza , Opposite G.P.O , Saddar Rawalpindi, Rawalpindi, Punjab",https://www.businesslist.pk/company/239925/al-musa-traveltours-pvt-ltd,businesslist_pk,scrapy,tour-operators,2026-08-29T03:26:29.510740+00:00
Adnan Hajj &amp; Umrah Tourism Services Pvt Ltd,tour operators,http://www.adnantours.com/,0945824030,"1st Floor Last Block Zeb City Centre District Lower Dir, Timurgara, Khyber Pakhtunkhwa, Pakistan-18300, Timergara, Khyber Pakhtunkhwa",https://www.businesslist.pk/company/243886/adnan-hajjumrah-tourism-services-pvt-ltd,businesslist_pk,scrapy,tour-operators,2026-08-29T03:26:31.601277+00:00
Snowland Treks and Tours,tour operators,,+923335105022,"House# 17, Street # 38, G-6/2, Islamabad, 44000, Pakistan, Islamabad",https://www.businesslist.pk/company/258677/snowland-treks-and-tours,businesslist_pk,scrapy,tour-operators,2026-08-29T03:26:33.651220+00:00
Al Yasin Travels,tour operators,http://www.alyasinhajj.com/,+923468301002,"Office No#7, Regal Plaza, Jinnah Road, Quetta, Quetta, Balochistan",https://www.businesslist.pk/company/243728/al-yasin-travels,businesslist_pk,scrapy,tour-operators,2026-08-29T03:26:35.758055+00:00
Exploria,tour operators,,+923410200472,"Address: Office# 598, Main Kurram Road, G9/1, Isla, Islamabad",https://www.businesslist.pk/company/258617/exploria,businesslist_pk,scrapy,tour-operators,2026-08-29T03:26:37.641028+00:00
Sultan-e-madina travel &amp; tours,tour operators,https://sultanemadina.com/,"+92 333 5433874, +92 340 5247030, +92 331 5500251","Office No. 11, 1st Floor, White Centre, Bostan Khan Road, Chaklala Scheme 3, Rawalpindi, Punjab",https://www.businesslist.pk/company/245381/sultan-e-madina-traveltours,businesslist_pk,scrapy,tour-operators,2026-08-29T03:26:39.689400+00:00
"Active Tours, treks &amp; expeditions Pakistan",tour operators,http://www.visitatp.com,"+92-51-2329044, +928865904421","Village Rahimabad, District Gilgit, Gilgit-Baltistan, Pakistan, Islamabad, Islamabad Capital Territory",https://www.businesslist.pk/company/240150/active-tours-treksexpeditions-pakistan,businesslist_pk,scrapy,tour-operators,2026-08-29T03:26:41.396129+00:00
Bait ul Mamoor Travel,tour operators,http://www.bmttours.com,042 37428467,"13-14 First Floor Khawaja Arcade 17 Wahdat Road Lahore , Lahore, Punjab",https://www.businesslist.pk/company/242054/bait-ul-mamoor-travel,businesslist_pk,scrapy,tour-operators,2026-08-29T03:26:43.570407+00:00
Hunza Guides Pakistan,tour operators,https://hunzaguidespakistan.com/,"+92 51 222 4253, 00923008504627","Office #3, Floor #3, Fazal Arcade, F11 Markaz, Islamabad, Pakistan, Islamabad, Islamabad Capital Territory",https://www.businesslist.pk/company/249498/hunza-guides-pakistan,businesslist_pk,scrapy,tour-operators,2026-08-29T03:26:45.695525+00:00
Adventurertreks,tour operators,https://adventurertreks.pk/,+92321-1428168,"Gulberg III, Lahore",https://www.businesslist.pk/company/258799/adventurertreks,businesslist_pk,scrapy,tour-operators,2026-08-29T03:26:47.478508+00:00
Travel House,travel agents,http://www.travelhouse.com.pk,051 2805201,"Shop No 5, Feroze Centre , Blue Area , Islamabad, Islamabad, Islamabad Capital Territory",https://www.businesslist.pk/company/242088/travel-house,businesslist_pk,scrapy,travel-agents,2026-08-29T03:26:49.738488+00:00
Globex Travel &amp; Tours,travel agents,http://www.globextravelntours.com,042-35462564,"Office No 07 First Floor 25 Abrar Business Center Wahdat Road Lahore , Lahore, Punjab",https://www.businesslist.pk/company/242220/globex-traveltours,businesslist_pk,scrapy,travel-agents,2026-08-29T03:26:51.862698+00:00
Safar Al-sahil International Travels &amp; Tourism,travel agents,http://www.safaralsahil.com,"+92-52-6523834, +92-51 2260636","OPP HONDA SHOW ROOM, WAZIRABAD ROAAD WADDA BAGH , SAMBRIAL , Sialkot, Punjab",https://www.businesslist.pk/company/242024/safar-al-sahil-international-travelstourism,businesslist_pk,scrapy,travel-agents,2026-08-29T03:26:53.724174+00:00
Travel Sphere Sercives,travel agents,https://www.facebook.com/travelsphereservices,+92483720773,"FF: 83 Al Rehman Trade Centre University Road Sargodha, Sargodha",https://www.businesslist.pk/company/258298/travel-sphere-sercives,businesslist_pk,scrapy,travel-agents,2026-08-29T03:26:55.381250+00:00
Global Access Travel &amp; Tourism,travel agents,https://globalaccesstravel.com.pk,+923300119800,"Office# 114, 1ST Floor Century Tower, Kalma Chowk, Gulberg-III, Lahore, Punjab",https://www.businesslist.pk/company/258986/global-access-traveltourism,businesslist_pk,scrapy,travel-agents,2026-08-29T03:26:57.368934+00:00
Rocket Tourism,travel agents,https://rocketourism.com/,0321-376 4029,"Office No 203, Nabi Center, Opp PIA Planetarium, Block 13-A,University Road,Gulshan-e-Iqbal Karachi,, Karachi, Sindh",https://www.businesslist.pk/company/254379/rocket-tourism,businesslist_pk,scrapy,travel-agents,2026-08-29T03:26:59.101714+00:00
JOORiE Travel Tours Private Limited,travel agents,http://jooretravel.pk,0092544277026,"Plaza Landmark Office # 3 Near Imam Bargah Civil Lines , Jhelum, Punjab",https://www.businesslist.pk/company/244138/joorie-travel-tours-private-limited,businesslist_pk,scrapy,travel-agents,2026-08-29T03:27:01.002870+00:00
Signature One Consultants Pvt Ltd,travel agents,http://www.signatureonepvt.com,04237895151,"MZ-1 Off No 31 Al Hafeez Shopping Mall Gulberg Lahore, Lahore, Punjab",https://www.businesslist.pk/company/252115/signature-one-consultants-pvt-ltd,businesslist_pk,scrapy,travel-agents,2026-08-29T03:27:03.022958+00:00
KAIROS TRAVEL SERVICE (Pvt) Ltd.,travel agents,http://www.kairostrv.com,"042-36292911,","LG-20 Hill View Arcade Davis Road Lahore, Lahore, Punjab",https://www.businesslist.pk/company/241794/globex-travel-and-tours,businesslist_pk,scrapy,travel-agents,2026-08-29T03:27:05.127131+00:00
Plan My Trip.pk  Powered By Team Travel &amp; Tours,travel agents,http://planmytrip.pk,04235690971,"141 G Block Phase 1 Dha Lahore, Lahore, Punjab",https://www.businesslist.pk/company/245391/plan-my-trippk-powered-by-team-traveltours,businesslist_pk,scrapy,travel-agents,2026-08-29T03:27:07.147926+00:00
Alfa Travels Tourism Services (PVT) Ltd,travel agents,http://www.alfatravels.com.pk,+9203003567550,"Office No 01 first Floor Tabia Center Dr Bano Road Quetta, Quetta",https://www.businesslist.pk/company/258542/alfa-travels-tourism-services-pvt-ltd,businesslist_pk,scrapy,travel-agents,2026-08-29T03:27:08.928634+00:00
Abeer Travel &amp; Tours - Best Travel Agency,travel agents,https://www.abeertravel.com,03003504499,"Sector-C Chambelli Block, 1st Floor, 212-A,Opposite Grand Jamia Masjid, Bahria Town, Lahore, Punjab",https://www.businesslist.pk/company/252746/abeer-traveltours-best-travel-agency,businesslist_pk,scrapy,travel-agents,2026-08-29T03:27:10.994995+00:00
Flight Catcher Travels &amp; Tours,travel agents,http://www.flightcatcher.com.pk,"+92 42 35944699, +92 42 111 FLIGHT","6-F First Floor , Saman Arcade Firdous Market Gulber III Lahore, Lahore, Punjab",https://www.businesslist.pk/company/242664/flight-catcher,businesslist_pk,scrapy,travel-agents,2026-08-29T03:27:12.358200+00:00
SKY Travel Tours Islamabad.,travel agents,http://www.skytravel.com.pk,0515194556.7,"Faizan Arcade, Block C, NPF &quot;O 9&quot; Main PWD Road, Islamabad, Pakistan, Islamabad, Islamabad Capital Territory",https://www.businesslist.pk/company/242221/sky-travel-tours-islamabad,businesslist_pk,scrapy,travel-agents,2026-08-29T03:27:14.658329+00:00
Antalya Travel Services,travel agents,http://antalyatravelservices.com,+923005992221,"Office FF-97 Deans Trade Center Peshawar Cant , Peshawar",https://www.businesslist.pk/company/258778/antalya-travel-services,businesslist_pk,scrapy,travel-agents,2026-08-29T03:27:16.655909+00:00
Al Baraka Holidays International Travel &amp; Tours,travel agents,https://albarakaholidays.com/,+92 337 6325555,"Fazl-ul-Haq, Service Rd, Block D G 6/2 Blue Area, Islamabad, Islamabad Capital Territory 44000, Islamabad",https://www.businesslist.pk/company/258499/al-baraka-holidays-international-traveltours,businesslist_pk,scrapy,travel-agents,2026-08-29T03:27:18.797203+00:00
Grace View Hotel,hotels,http://www.facebook.com/graceviewhotel2,03444110968,"404 E, johar town near by Allah ho chok lahore, Lahore, Punjab",https://www.businesslist.pk/company/244022/grace-view-hotel,businesslist_pk,scrapy,hotels,2026-08-29T03:27:20.879114+00:00
Khak-e-harmain Travels &amp; Tourism (pvt) Limited,hotels,https://www.khakeharmain.com,+92,"1-J-5/6, Al Madina Quarter, Block 1, Nazimabad, Karachi",https://www.businesslist.pk/company/258684/khak-e-harmain-travelstourism-pvt-limited,businesslist_pk,scrapy,hotels,2026-08-29T03:27:22.267177+00:00
Hamdan Touristik Services,hotels,http://www.hamdantouristik.com,+924235504848,"135-F, First Floor, Raja Center, Gulberg Main Boulevard, Gulberg - II, Lahore, Punjab",https://www.businesslist.pk/company/242155/hamdan-touristik-services,businesslist_pk,scrapy,hotels,2026-08-29T03:27:24.346842+00:00
NewCapeGrace Guest House,hotels,http://www.newcapegrace.com,+92-300-5252232,"H 8, Justice Abdul Rasheed Road, F-6/1, Islamabad, Islamabad Capital Territory",https://www.businesslist.pk/company/123194/aaa-best-place-newcapegrace-guest-house,businesslist_pk,scrapy,hotels,2026-08-29T03:27:26.249991+00:00
Leroyal Guest House,hotels,http://www.leroyal.com.pk,0512287815,"HOUSE 2 STREET 57 F-8/4 Islamabad, Islamabad, Islamabad Capital Territory",https://www.businesslist.pk/company/246411/leroyal-guest-house,businesslist_pk,scrapy,hotels,2026-08-29T03:27:28.427129+00:00
Chalay ao Travels (Pvt Ltd),hotels,https://chalayao.com/,0335 6442987,"Gate # 1, opposite Dha 2, near Shan Marbles, Islamabad, Islamabad Capital Territory 44000, Islamabad, Islamabad Capital Territory",https://www.businesslist.pk/company/253817/chalay-ao-travels-pvt-ltd,businesslist_pk,scrapy,hotels,2026-08-29T03:27:30.445697+00:00
"Landmark Guest House, Hotel in Islamabad",hotels,http://landmarkislamabad.com,(92) 51 2287823,"62-A, Nazim-u-Din Road, F-8/4, Islamabad, Islamabad Capital Territory",https://www.businesslist.pk/company/239898/landmark-guest-house-hotel-in-islamabad,businesslist_pk,scrapy,hotels,2026-08-29T03:27:32.078751+00:00
The Travel Globe,hotels,https://www.travelglobe.pk,0515172342,"Bahria Town, Islamabad, Islamabad, Islamabad Capital Territory",https://www.businesslist.pk/company/252245/the-travel-globe,businesslist_pk,scrapy,hotels,2026-08-29T03:27:33.886203+00:00
New Premier Hotel,hotels,http://www.newpremierhotel.com,0092622283153,"One Unit Chowk, Hasil Pur Road, Bahawalpur, Punjab",https://www.businesslist.pk/company/246104/new-premier-hotel,businesslist_pk,scrapy,hotels,2026-08-29T03:27:35.575883+00:00
The Real Time Travels &amp; Tourism Services,hotels,http://www.therealtimetravels.com,+92 21 34551673-75,"Suite - 207 2nd Floor Portway Trade Centre, SMCHS, Shahrah-e-Faisal, Karachi 75350, Karachi, Sindh",https://www.businesslist.pk/company/243174/the-real-time-travelstourism-services,businesslist_pk,scrapy,hotels,2026-08-29T03:27:37.691267+00:00
Galaxy Inn Guest House Karachi,hotels,http://www.facebook.com/galaxyinnkarachi,03097666333,"A,46 Block C Gulshan E Jamal Rashid Minhas Road karachi, Karachi, Sindh",https://www.businesslist.pk/company/248651/galaxy-inn-guest-house-karachi,businesslist_pk,scrapy,hotels,2026-08-29T03:27:39.404881+00:00
Countryside Chalet Resort,hotels,http://www.clubeeasylife.com,(021)34682662,"Main Damloti Road, Jinnah International Airport, Malir-Cantt., Karachi, Karachi, Sindh",https://www.businesslist.pk/company/248034/countryside-chalet-resort,businesslist_pk,scrapy,hotels,2026-08-29T03:27:41.257229+00:00
The Excursia Travels,hotels,https://www.theexcursia.com/,92515958381,"Off # 107, 1st Floor, Paris Shopping Mall, Main Road PWD Islamabad, Islamabad, Federally Administered Tribal Areas",https://www.businesslist.pk/company/250833/the-excursia-travels,businesslist_pk,scrapy,hotels,2026-08-29T03:27:43.405262+00:00
Excellous travels &amp; tours,hotels,http://www.excellous.pk,00922134944476,"office no 404 iconic trade centre next to KBC resturent BMCHS socity sharfabad karachi, Karachi, Sindh",https://www.businesslist.pk/company/249062/excellous-travelstours,businesslist_pk,scrapy,hotels,2026-08-29T03:27:45.348194+00:00
Lahore Hostel Johar Town,hotels,http://www.lahorehostel.com,03136843886,"House 158, Block-D, Architect Engineers Housing Society, Johar Town, Lahore, Punjab",https://www.businesslist.pk/company/250930/lahore-hostel-johar-town,businesslist_pk,scrapy,hotels,2026-08-29T03:27:46.741844+00:00
KARWAN-E-IZHAR-UL-ISLAM Hajj &amp; Umrah Services,hotels,http://www.kiitravels.com,"+92-51-4907119,4907786","Street#1, Model Colony, Farooq-e-Azam Road, Shamsabad, Rwp, Rawalpindi, Punjab",https://www.businesslist.pk/company/246391/karwan-e-izhar-ul-islam-hajjumrah-services,businesslist_pk,scrapy,hotels,2026-08-29T03:27:47.890270+00:00
Infiniti International Travel and Tours,hotels,http://www.infinitiinternational.webs.com,36944625,"G-26, Alliance Shopping Paradise, Nagan Chowrangi, Karachi, Sindh",https://www.businesslist.pk/company/240960/infiniti-international-travel-and-tours,businesslist_pk,scrapy,hotels,2026-08-29T03:27:49.888713+00:00
Pure Ice Cube,catering,https://www.facebook.com/pureicecube,"02135053891, 02135051248","Euro Food Industries Plot 11 Sector 27 korangi Industrial Area, Karachi, Sindh",https://www.businesslist.pk/company/241958/pure-ice,businesslist_pk,scrapy,catering,2026-08-29T03:27:51.824705+00:00
Fifty5bytes (SMC-Private) Limited,catering,http://www.fifty5bytes.com,+92514911143,"SH-319. Iqbal Hotel Street Tench Bhata, Rawalpindi, Punjab",https://www.businesslist.pk/company/242814/fifty5bytes-smc-private-limited,businesslist_pk,scrapy,catering,2026-08-29T03:27:53.456094+00:00
Foodnerd.pk,catering,https://www.foodnerd.pk/#!/,0514858394,"Plot 2-M, Chaudhary Market, I-9/4,, Islamabad, Islamabad Capital Territory",https://www.businesslist.pk/company/246097/foodnerdpk,businesslist_pk,scrapy,catering,2026-08-29T03:27:55.242960+00:00
Haleem Ghar Restaurant,catering,https://www.haleemghar.com.pk,+92 51 111425336,"Haleem Ghar Ground Floor، Ginza Center، Jinnah Avenue، Islamabad, 44000, Islamabad, Islamabad Capital Territory",https://www.businesslist.pk/company/258545/haleem-ghar-restaurant,businesslist_pk,scrapy,catering,2026-08-29T03:27:56.710941+00:00
Chiniot catering,catering,http://www.chinioticonna.com,0616212076,"businessharp@gmail.com, Multan, Punjab",https://www.businesslist.pk/company/247219/chiniot-catering,businesslist_pk,scrapy,catering,2026-08-29T03:27:58.582301+00:00
Biseasterntrade Sarl,catering,http://www.biseasterntrade.webs.com,,45 justino Street Guine Bissau,https://www.businesslist.pk/company/197556/biseasterntrade-sarl,businesslist_pk,scrapy,catering,2026-08-29T03:28:00.575117+00:00
Imgc Global (pvt) Ltd.,catering,http://www.imgc-global.com,"(92 21) 35662098, 35662054, +92-021-3430-52718","1106-10,11th Floor,Kashif Centre,Shahrah-e-Faisal, Karachi",https://www.businesslist.pk/company/194092/imgc-global-pvt-ltd,businesslist_pk,scrapy,catering,2026-08-29T03:28:01.800344+00:00
Flavorous,catering,https://flavorous.pk,0315 0573344,"House #135, Near Home Economics College, Supply, Jhangi Syedan Abbottabad, Khyber Pakhtunkhwa, Abbottabad, Khyber Pakhtunkhwa",https://www.businesslist.pk/company/249345/flavorous,businesslist_pk,scrapy,catering,2026-08-29T03:28:03.315310+00:00
Kashmiri Pakwan,catering,http://www.facebook.com/consultkhizer,03321144362," Gulberg Lahore, Lahore, Punjab",https://www.businesslist.pk/company/245004/kashmiri-pakwan,businesslist_pk,scrapy,catering,2026-08-29T03:28:04.832947+00:00
The Islamia University of Bahawalpur,universities,,"(92 62) 9250042, 9250238","14-A,Satellite Town, Bahawalpur",https://www.businesslist.pk/company/196885/the-islamia-university-of-bahawalpur,businesslist_pk,scrapy,universities,2026-08-29T03:28:27.668605+00:00
Hamdard University City Campus II,universities,,"(92 21) 34387096, 34559779","164-G,Block-III PECHS, Karachi",https://www.businesslist.pk/company/185537/hamdard-university-city-campus-ii,businesslist_pk,scrapy,universities,2026-08-29T03:28:36.403782+00:00
Kiddies Corner Montessori School,schools,,(92 21) 35376941,"Behind Boat Basin,Block-5,Clifton, Karachi",https://www.businesslist.pk/company/191974/kiddies-corner-montessori-school,businesslist_pk,scrapy,schools,2026-08-29T03:28:41.844136+00:00
Corner Stones,schools,,"(92 21) 35378778, 35378779","F-64/1,Clifton Block-4,Shahrah-e-Attar, Karachi",https://www.businesslist.pk/company/191970/corner-stones,businesslist_pk,scrapy,schools,2026-08-29T03:28:44.041561+00:00
Buturab Public School,schools,,(92 21) 36331174,"Azizabad No.8,F.B.Area,Near Khursheed Memorial Hall,Near Mukka Chowk, Karachi",https://www.businesslist.pk/company/185495/buturab-public-school,businesslist_pk,scrapy,schools,2026-08-29T03:28:45.629037+00:00
KTE (Pvt) Ltd./ Kobs Towel Enterprises (Pvt.) LTd.,child daycare services,,92-21-2411142,"Room 303, Haji Adam Chambers. Altaf Hussain Road. New Challi, P.O. Box: 74000, Karachi, Sindh",https://www.businesslist.pk/company/212143/kte-pvt-ltd-kobs-towel-enterprises-pvt-ltd,businesslist_pk,scrapy,child-daycare-services,2026-08-29T03:28:47.583491+00:00
Webified Hub,security,https://webifiedhub.com,+923487340765,"Chak No. 40 SB, Sargodha, Punjab 40100, Sargodha",https://www.businesslist.pk/company/255417/webified-hub,businesslist_pk,scrapy,security,2026-08-29T03:28:49.219961+00:00
X-Vision Security Services (Pvt) Ltd.,security,https://www.xvisionsecurity.com.pk,"+92 3218102070, +92512607394, +923294788080","plot 36, 1st floor, I&amp;T center, G-6/1, Aabpara, Islamabad, Islamabad",https://www.businesslist.pk/company/255155/x-vision-security-services-pvt-ltd,businesslist_pk,scrapy,security,2026-08-29T03:28:51.350768+00:00
Solution House,security,http://www.solutionhousepk.com,02136376767,"ls-72 blk 15 f.b.area gulshan-e-mustufa, Karachi, Sindh",https://www.businesslist.pk/company/240453/solution-house,businesslist_pk,scrapy,security,2026-08-29T03:28:52.871028+00:00
Vital Security Pvt Ltd,security,http://www.vitalsecurity.com.pk,+92937872566,"Gujjar Gharhi - Baghdada Road, Adjacent T.B Hospital, Mardan, Mardan, Khyber Pakhtunkhwa",https://www.businesslist.pk/company/244472/vital-security-pvt-ltd,businesslist_pk,scrapy,security,2026-08-29T03:28:53.946946+00:00
Slmktng,security,https://www.lmkt.com/,"92-21-4393346, +92 51 111 115 658","R858 Buffer Zone, P.O. Box: 75400, Karachi",https://www.businesslist.pk/company/221426/slmktng,businesslist_pk,scrapy,security,2026-08-29T03:28:56.023589+00:00
Vital Security Pvt Ltd,security,http://www.vitalsecurity.com.pk,+92812863363,"61, 1st Floor, Phase 3, Shahbaz Town, Quetta , Quetta, Balochistan",https://www.businesslist.pk/company/244473/vital-security-pvt-ltd,businesslist_pk,scrapy,security,2026-08-29T03:28:57.424067+00:00
Shari Autos,security,http://www.sharimotors.com,+903002778595,"Showroom no 7 Secretariat view akber road sadder karachi, Karachi, Sindh",https://www.businesslist.pk/company/128918/shari-autos,businesslist_pk,scrapy,security,2026-08-29T03:28:59.348378+00:00
Fivecore (Pvt) Ltd,security,http://www.fivecore.com.pk,0092514433562,"Plot no 195, Industrial Area I-10,street No1  I-10/3 Islamabad , Islamabad Capital Territory",https://www.businesslist.pk/company/241437/fivecore-pvt-ltd,businesslist_pk,scrapy,security,2026-08-29T03:29:00.734797+00:00
Veiliux,security,http://www.veiliux.com,+923366968800,"GFJ3+JHW, Paragon City, Lahore, Punjab, Lahore",https://www.businesslist.pk/company/256154/veiliux,businesslist_pk,scrapy,security,2026-08-29T03:29:02.796708+00:00
Zafar Securities Pvt Ltd,security,http://zafarstocks.com/,+92 42 35176953-6,"278 A Rana Rashid Rd, Lahore, Lahore, Punjab",https://www.businesslist.pk/company/241704/zafar-securities-pvt-ltd,businesslist_pk,scrapy,security,2026-08-29T03:29:04.864968+00:00
Adams Fire Tech,security,,"(92 51) 4351122, 4856487","Office 1st Floor, New Niralah Market, Opp. I-8 Sector, Islamabad",https://www.businesslist.pk/company/239835/adams-fire-tech,businesslist_pk,scrapy,security,2026-08-29T03:29:06.824197+00:00
Digicom Technologies (pvt) Ltd.,security,http://www.digicom-technologies.com,"(92 21) 34327531, 34327532","E-2,Mez.Floor,Anum Classic,Shahrah-e-Faisal, Karachi",https://www.businesslist.pk/company/196864/digicom-technologies-pvt-ltd,businesslist_pk,scrapy,security,2026-08-29T03:29:09.036148+00:00
Trillium Information Security Systems,security,http://www.infosecurity.com.pk,"(92 21) 32277224, 32277226, +92 51 5524181-2","Suite #B703,Saima Trade Tower,Dr.Ziauddin Ahmed Road, Karachi",https://www.businesslist.pk/company/194632/trillium-information-security-systems,businesslist_pk,scrapy,security,2026-08-29T03:29:10.524974+00:00
Vital Security Pvt Ltd,security,http://www.vitalsecurity.com.pk,+92512212920,"Suite 1 &amp; 3 City Plaza, F-10 Markaz, Islamabad, Islamabad, Islamabad Capital Territory",https://www.businesslist.pk/company/244474/vital-security-pvt-ltd,businesslist_pk,scrapy,security,2026-08-29T03:29:12.471573+00:00
Security 2000 (pvt) Ltd.,security,http://www.security2000.com,"(92 21) 34520074, (92 21)  34520076, UAN : (92 21) 111-002-000","1 Anjum Plaza,P.E.C.H.S.,Block-2,Shahrah-e-Quaideen, Karachi, Sindh",https://www.businesslist.pk/company/194739/security-2000-pvt-ltd,businesslist_pk,scrapy,security,2026-08-29T03:29:13.658460+00:00
Beep Guards (pvt) Ltd,security,,"021-34520907,021-34524518","D-46, K.D.A. SCHEME-1, MIRAN MUHHAMMAD SHAH ROAD. KARACHI., Karachi, Sindh",https://www.businesslist.pk/company/244166/beep-guards-pvt-ltd,businesslist_pk,scrapy,security,2026-08-29T03:29:15.431054+00:00
Intercommunication Security System (Pvt) Ltd,security,,051-4100720,"Suite No.2, Plot No.20-A, Warraich Plaza, I-9 Markaz, Islamabad, Islamabad, Islamabad Capital Territory",https://www.businesslist.pk/company/244475/intercommunication-security-system-pvt-ltd,businesslist_pk,scrapy,security,2026-08-29T03:29:16.973852+00:00
Creative Home Automation,security,http://www.chapakistan.com,(92 51) 4575575,"Office #22, Ground Floor, Aries Tower, Shamsabad, Murree Road, Rawalpindi",https://www.businesslist.pk/company/239807/creative-home-automation,businesslist_pk,scrapy,security,2026-08-29T03:29:19.008023+00:00
Ses (surveillance and Electrical Solutions),security,,0312-2430569,"17-C,2nd FLOOR ,D.H.A - PHASE - 2,COMMERCIAL MARKET AREA &#039;A&#039; NEAR EATON FOODS, Karachi, Sindh",https://www.businesslist.pk/company/247229/ses-surveillance-and-electrical-solutions,businesslist_pk,scrapy,security,2026-08-29T03:29:20.871540+00:00
Securelinxpk,security,,0321 6101129,"GF-70, Devine Mega II, New Airport Road, Lahore, Lahore, Punjab",https://www.businesslist.pk/company/253003/securelinxpk,businesslist_pk,scrapy,security,2026-08-29T03:29:22.131026+00:00
Almec Engineering Enterprises,child daycare services,,0092-021-6934270,"Sector 16/B, Ca- 342, Godrah Gabol Town, North Karachi Industrial Area, P.O. Box: 75850, Karachi, Sindh",https://www.businesslist.pk/company/219713/almec-engineering-enterprises,businesslist_pk,scrapy,child-daycare-services,2026-08-29T03:29:23.868721+00:00
Soni Trading Corp.,child daycare services,,92-52-3555024,"90-B, S-I-Estate Sialkot-4 (Pakistan), P.O. Box: 51340, Sialkot",https://www.businesslist.pk/company/223039/soni-trading-corp,businesslist_pk,scrapy,child-daycare-services,2026-08-29T03:29:25.925708+00:00
Acumen Surgical Pvt Ltd,child daycare services,,92-52-3554705/4292877/ 4292878,"Capital Road Jinnah Town / Po Box 1459, P.O. Box: 51310, Sialkot, Punjab",https://www.businesslist.pk/company/218491/acumen-surgical-pvt-ltd,businesslist_pk,scrapy,child-daycare-services,2026-08-29T03:29:27.875233+00:00
Total Solutions,child daycare services,,"92-42-6665333,6686357, +92 315 4256205","9/10-A, Tufail, Plaza, Opp.Cantt Courts Tufail Road, Lahore, Punjab",https://www.businesslist.pk/company/215811/total-solutions,businesslist_pk,scrapy,child-daycare-services,2026-08-29T03:29:29.716581+00:00
Pro-technologies,child daycare services,,92-333-5112491,"71-d Street 39, I-8/2, P.O. Box: 44000, Islamabad",https://www.businesslist.pk/company/221605/pro-technologies,businesslist_pk,scrapy,child-daycare-services,2026-08-29T03:29:30.479448+00:00
L. D. Industries,child daycare services,,92-52-3553123,"L. D Building Model Town, P.O. Box: 51310, Sialkot, Punjab",https://www.businesslist.pk/company/212169/l-d-industries,businesslist_pk,scrapy,child-daycare-services,2026-08-29T03:29:32.511893+00:00
Super Salt Lamps,child daycare services,,92-300-6424 877,"Aftab Market, G. T. Road, Gujranwala, Punjab",https://www.businesslist.pk/company/210304/super-salt-lamps,businesslist_pk,scrapy,child-daycare-services,2026-08-29T03:29:33.607758+00:00
Tamsal Garments,child daycare services,,92-300-6699351,"C / O Al-Masum Garments, Rafi Centre, Diglous Pura, P.O. Box: 4545, Faisalabad",https://www.businesslist.pk/company/213712/tamsal-garments,businesslist_pk,scrapy,child-daycare-services,2026-08-29T03:29:35.621447+00:00
Syle International,child daycare services,,92-526-902142,"Burj, Toorabad, P.O. Box: 51311, Sialkot, Punjab",https://www.businesslist.pk/company/211949/syle-international,businesslist_pk,scrapy,child-daycare-services,2026-08-29T03:29:36.971321+00:00
Qureshi Textile Industries,child daycare services,,92-52-4264458,"788 Murad Pur, New Marala Road P. O. Box: 639, P.O. Box: 51310, Sialkot",https://www.businesslist.pk/company/221819/qureshi-textile-industries,businesslist_pk,scrapy,child-daycare-services,2026-08-29T03:29:38.925240+00:00
Sarico Traders,child daycare services,,92-52-3553971,"Shah Saydan, P.O. Box: 51310, Sialkot",https://www.businesslist.pk/company/223449/sarico-traders,businesslist_pk,scrapy,child-daycare-services,2026-08-29T03:29:40.453681+00:00
Solutions Impex,child daycare services,,92-300-8486070,"38-L/1, Gulberg II, P.O. Box: 54660, Lahore, Punjab",https://www.businesslist.pk/company/223023/solutions-impex,businesslist_pk,scrapy,child-daycare-services,2026-08-29T03:29:42.636619+00:00
Barbarian Fight Gear,child daycare services,,92-52-3257369,"Block, 16/638, Mughal Street, Shahab Pura SIE, Sialkot, Punjab",https://www.businesslist.pk/company/223496/barbarian-fight-gear,businesslist_pk,scrapy,child-daycare-services,2026-08-29T03:29:44.725570+00:00
Baryar Enterprises,child daycare services,,0092-344-4446250,"Near Khiali Over Bridge,Main khaili by-pass. Gujranwala, Gujranwala, Punjab",https://www.businesslist.pk/company/223815/baryar-enterprises,businesslist_pk,scrapy,child-daycare-services,2026-08-29T03:29:46.044579+00:00
Ilmesters School,schools,,(92 21) 34524423,"32-C,Block-6,P.E.C.H.S.,Near Dunkin Donuts, Karachi",https://www.businesslist.pk/company/191973/ilmesters-school,businesslist_pk,scrapy,schools,2026-08-29T03:29:47.084763+00:00
The Right School,schools,,0423583001,"2 L/A Gulberg III, Kalma Chowk, Lahore, Punjab",https://www.businesslist.pk/company/250461/the-right-school,businesslist_pk,scrapy,schools,2026-08-29T03:29:49.201150+00:00
Gulf Schooling System,schools,,(92 21) 36720883,"B-46,Block-T,North Nazimabad,Near Qalandria Chowk, Karachi",https://www.businesslist.pk/company/185531/gulf-schooling-system,businesslist_pk,scrapy,schools,2026-08-29T03:29:51.109527+00:00
British Toddler Town,schools,,(042) 38914808,"199-B, Ahmed Block New Garden Town, Lahore, Punjab",https://www.businesslist.pk/company/247205/british-toddler-town,businesslist_pk,scrapy,schools,2026-08-29T03:29:52.549697+00:00
Merit &#039;n&#039; Merit,schools,,"(92 21) 37772224, 34640192","Abul Hasan Isphani Road,Gulshan-e-Iqbal, Karachi",https://www.businesslist.pk/company/185566/merit-n-merit,businesslist_pk,scrapy,schools,2026-08-29T03:29:54.830958+00:00
Iqra Rozatul Atfal,schools,,"92-51-5951194,  +92 321 5626313","Amerpura St. 56, Nr. Naz Cinema Muree Rd. Rawalpindi, Rawalpindi, Punjab",https://www.businesslist.pk/company/232090/iqra-rozatul-atfal,businesslist_pk,scrapy,schools,2026-08-29T03:29:56.855415+00:00
M.e.b. Memon Montessori School,schools,,"(92 21) 36812712, 39246068","Block-3,Aliabad,F.B.Area,Behind Noori Masjid, Karachi",https://www.businesslist.pk/company/191975/meb-memon-montessori-school,businesslist_pk,scrapy,schools,2026-08-29T03:29:59.155513+00:00
Hikmat Academy,schools,,"(92 21) 34800990, 34973357","E-122,Block-7,Abul Hasan Isphani Road,Gulshan-e-Iqbal, Karachi",https://www.businesslist.pk/company/191972/hikmat-academy,businesslist_pk,scrapy,schools,2026-08-29T03:30:01.264972+00:00
Clifton Public School,schools,,(92 21) 35371854,"CPS,D-30,Block-2,Clifton, Karachi",https://www.businesslist.pk/company/191969/clifton-public-school,businesslist_pk,scrapy,schools,2026-08-29T03:30:02.944772+00:00
Scholar&#039;s School System,schools,,(92 21) 36324889,"A-131,Block-8,Azizabad,F.B.Area, Karachi",https://www.businesslist.pk/company/185607/scholars-school-system,businesslist_pk,scrapy,schools,2026-08-29T03:30:04.945416+00:00
Pakistan Military Academy,schools,,+92 992 313500,"Kakul Road, Abbottabad, Punjab",https://www.businesslist.pk/company/104779/pakistan-military-academy,businesslist_pk,scrapy,schools,2026-08-29T03:30:06.248222+00:00
Bright Heaven Secondary School (regd.),schools,,(92 21) 34914141,"10/30,B-1 Area,Liaquatabad, Karachi",https://www.businesslist.pk/company/185494/bright-heaven-secondary-school-regd,businesslist_pk,scrapy,schools,2026-08-29T03:30:08.136930+00:00
I.h. Grammer Secondary School,schools,,(92 21) 36803780,"C-20,Block-4,F.B.Area,Near Karimabad Bridge,Shahrah-e-Pakistan, Karachi",https://www.businesslist.pk/company/185540/ih-grammer-secondary-school,businesslist_pk,scrapy,schools,2026-08-29T03:30:10.233510+00:00
Alam Academy,schools,,"(92 21) 36323114, 36310667","682-683,Block-2,Azizabad,F.B.Area, Karachi",https://www.businesslist.pk/company/185477/alam-academy,businesslist_pk,scrapy,schools,2026-08-29T03:30:12.341615+00:00
Academia,schools,,"(92 21) 35836324, 35836325","C-54,Block-2,Kahkashan,Clifton, Karachi",https://www.businesslist.pk/company/191968/academia,businesslist_pk,scrapy,schools,2026-08-29T03:30:14.589772+00:00
Education Base,schools,,(92 21) 36323258,"995,BLock-8,Azizabad,F.B.Area, Karachi",https://www.businesslist.pk/company/185514/education-base,businesslist_pk,scrapy,schools,2026-08-29T03:30:16.242858+00:00
Technozone | Security &amp; Surveillance Solutions,security,https://technozone.pk,0343-2588488,"Office Suit No.27, Mezanine Floor, Park Avenue, Karachi, Karachi, Sindh",https://www.businesslist.pk/company/249969/technozonesecuritysurveillance-solutions,businesslist_pk,scrapy,security,2026-08-29T03:30:18.474824+00:00
Go Wireless Pakistan,security,http://www.ugowireless.biz,"92-997-303206, +92 336 8089615","Office, 2, Opp. Education Office, Pakhwal Chowk, P.O. Box: 21300, Islamabad",https://www.businesslist.pk/company/208923/go-wireless-pakistan,businesslist_pk,scrapy,security,2026-08-29T03:30:20.011467+00:00
Technician.pk,security,http://Technician.pk/,+923249994555,"LCE, SDSB, LUMS, DHA, Lahore, Punjab",https://www.businesslist.pk/company/242185/technicianpk,businesslist_pk,scrapy,security,2026-08-29T03:30:21.590287+00:00
Security System,security,http://www.gextonsecurity.com,(021) 34555242,"Office # A21, 3rd Floor, Opp: Mehmood Garden, Auto Bahn Road, Hyderabad., Hyderabad, Sindh",https://www.businesslist.pk/company/248466/security-system,businesslist_pk,scrapy,security,2026-08-29T03:30:23.662047+00:00
United Track System - GPS Tracker for Car,security,https://unitedtracker.com/,+92-42-111-000-320,"UIG House 6-D Upper Mall Lahore, Pakistan, Lahore, Punjab",https://www.businesslist.pk/company/252209/united-track-system-gps-tracker-for-car,businesslist_pk,scrapy,security,2026-08-29T03:30:25.809317+00:00
24 Quick Services Private Limited,security,http://247quickservices.com,00923068909552,"Gorali, Gujrat, Punjab",https://www.businesslist.pk/company/247539/24-quick-services-private-limited,businesslist_pk,scrapy,security,2026-08-29T03:30:27.950096+00:00
Ezzi Engineering,security,http://www.ezziengineering.com,9221-5832540-41,"80 B Sasi Arcade Block 7 Clifton Karachi, Sindh, Karachi, Sindh",https://www.businesslist.pk/company/106465/ezzi-engineering,businesslist_pk,scrapy,security,2026-08-29T03:30:29.306147+00:00
Sergent Major Pakistan,security,http://serg.imsciences.edu.pk,03458511643,"2nd Floor ,Centaurus Mall, Islamabad, Islamabad Capital Territory",https://www.businesslist.pk/company/245027/sergent-major-pakistan,businesslist_pk,scrapy,security,2026-08-29T03:30:30.717765+00:00
Network Solutions,security,http://www.ns.com.pk,00922135621923-24,"Officee #13, Khizra Arcade, Sarmad Road, Near Pasport Office, Saddar, Karachi, Sindh",https://www.businesslist.pk/company/241148/network-solutions,businesslist_pk,scrapy,security,2026-08-29T03:30:32.822383+00:00
The Security,security,http://www.thesecuritypk.com,0924237503722,"3rd Floor Shadman Mall, Shadman Mrkt,, Lahore, Punjab",https://www.businesslist.pk/company/241168/the-security,businesslist_pk,scrapy,security,2026-08-29T03:30:34.714458+00:00
Mechatronix Solutions,security,http://www.mechatronix.com.pk,"051 4430 369, 0300 5555400","Plot No 169, Street # 9, Industrial Area I-10/3, Islamabad, Islamabad Capital Territory",https://www.businesslist.pk/company/181470/mechatronix,businesslist_pk,scrapy,security,2026-08-29T03:30:36.605820+00:00
Akz syndicate,security,http://www.akzsyndicate.com,+92-51-4853698,"Office No.94/95/96, Second Floor, Malikabad Plaza,6th Road, Rawalpindi, Islamabad, Islamabad Capital Territory",https://www.businesslist.pk/company/245686/akz-syndicate,businesslist_pk,scrapy,security,2026-08-29T03:30:37.812778+00:00
VigiSec Solutions (Pvt) Ltd.,security,http://www.vigisec.com.pk,+92-21-34327111,"#704, 7th Floor Park Avenue, Block 6 P.E.C.H.S, Sharah-e-Faisal, Karachi., Karachi, Sindh",https://www.businesslist.pk/company/240838/vigisec-solutions-pvt-ltd,businesslist_pk,scrapy,security,2026-08-29T03:30:39.779469+00:00
Cooper Industries Canvas Pvt Ltd,child daycare services,,92-21-5062652,"319, Qamar House, M. A. Jinnah Road, P.O. Box: 74900, Karachi, Sindh",https://www.businesslist.pk/company/224459/cooper-industries-canvas-pvt-ltd,businesslist_pk,scrapy,child-daycare-services,2026-08-29T03:30:40.720788+00:00
FIDA International Madical Company,child daycare services,,92-3456-774411,"Ali-UL-Haq Road, Model Town, P.O. Box: 51310, Sialkot",https://www.businesslist.pk/company/226416/fida-international-madical-company,businesslist_pk,scrapy,child-daycare-services,2026-08-29T03:30:42.291771+00:00
Linenhome Corp,child daycare services,,92-41-8782858,"40-G-Gulistan Colony, P.O. Box: 38000, Faisalabad, Punjab",https://www.businesslist.pk/company/212402/linenhome-corp,businesslist_pk,scrapy,child-daycare-services,2026-08-29T03:30:44.550812+00:00
Billoo Trading Corp.,child daycare services,,92-52-4593756,"Dipo Wali Gali No. 2, P.O. Box: 51310, Sialkot, Punjab",https://www.businesslist.pk/company/226030/billoo-trading-corp,businesslist_pk,scrapy,child-daycare-services,2026-08-29T03:30:46.400184+00:00
Murtaza Group,child daycare services,,92-52-4591072,"9/264 Islam Pura. 51310-Sialkot, Sialkot, Punjab",https://www.businesslist.pk/company/214806/murtaza-group,businesslist_pk,scrapy,child-daycare-services,2026-08-29T03:30:48.354942+00:00
Khashar Trading Co.,child daycare services,,92-55-4004089,"A-1/225, Wapda Town, Gujranwala, Punjab",https://www.businesslist.pk/company/211836/khashar-trading-co,businesslist_pk,scrapy,child-daycare-services,2026-08-29T03:30:50.480599+00:00
Forest Sweaters Pvt. Ltd.,child daycare services,,"92-42-5391150, 539104","2. 5 Km, Raiwind Manga Road, Raiwind, P.O. Box: 54000, Punjab",https://www.businesslist.pk/company/208126/forest-sweaters-pvt-ltd,businesslist_pk,scrapy,child-daycare-services,2026-08-29T03:30:52.131499+00:00
Chemi Chloride Industries Ltd,child daycare services,,92-42-6306586,"Chemi Chloride Industries Limited, P.O. Box: 54000, Lahore, Punjab",https://www.businesslist.pk/company/224161/chemi-chloride-industries-ltd,businesslist_pk,scrapy,child-daycare-services,2026-08-29T03:30:53.913942+00:00
Continental Textile (pvt) Ltd,child daycare services,,92-21-5062881/ 5062882 / 50628,"Plot 21, Sector 23, Korangi Industrial Area, P.O. Box: 74900, Karachi, Sindh",https://www.businesslist.pk/company/224452/continental-textile-pvt-ltd,businesslist_pk,scrapy,child-daycare-services,2026-08-29T03:30:56.190950+00:00
Datcom Sports,child daycare services,,92-333-8604608,"Str. Hafiz Noor Muhammad, Ragpura, P.O. Box: 51310, Sialkot, Punjab",https://www.businesslist.pk/company/224872/datcom-sports,businesslist_pk,scrapy,child-daycare-services,2026-08-29T03:30:58.436053+00:00
Euroaasia Ind,child daycare services,,92-52-3256989,"S. I. E Defance Road Sialkot, P.O. Box: 51310, Sialkot, Punjab",https://www.businesslist.pk/company/225715/euroaasia-ind,businesslist_pk,scrapy,child-daycare-services,2026-08-29T03:30:59.386980+00:00
Powergloves. COM,child daycare services,,92-52-400-3607,"P. O. Box, 1845, Shan House, Behind Session Court, Prem Nagar, P.O. Box: 51310, Sialkot, Punjab",https://www.businesslist.pk/company/221350/powergloves-com,businesslist_pk,scrapy,child-daycare-services,2026-08-29T03:31:01.319875+00:00
ishida leather ware,child daycare services,,92-52-3612676,"Zafar Wall Road Near Sialkot Model School, P.O. Box: 51310, Sialkot, Punjab",https://www.businesslist.pk/company/210813/ishida-leather-ware,businesslist_pk,scrapy,child-daycare-services,2026-08-29T03:31:03.257564+00:00
Brumby Enterprises,child daycare services,,0092-52-3250718,"Moumi Palace, Islamabad Mohalla, P.O. Box: 51310, Sialkot, Punjab",https://www.businesslist.pk/company/223692/brumby-enterprises,businesslist_pk,scrapy,child-daycare-services,2026-08-29T03:31:05.409394+00:00
Nwfp University of Engineering &amp; Technology,universities,,"(92 91) 9216796, 9216798","Department Of Mining, Engineering, Peshawar",https://www.businesslist.pk/company/239645/nwfp-university-of-engineeringtechnology,businesslist_pk,scrapy,universities,2026-08-29T03:31:06.613333+00:00
University of Business &amp; Finance Switzerland,universities,,(92 91) 5700804,"Hurmuz Plaza,University Road,Opp.Airport Runway, Peshawar",https://www.businesslist.pk/company/196887/university-of-businessfinance-switzerland,businesslist_pk,scrapy,universities,2026-08-29T03:31:07.877109+00:00
University of Wah,universities,,(92 51) 9314101,"Wah Cantt., Wah Cantonment",https://www.businesslist.pk/company/196914/university-of-wah,businesslist_pk,scrapy,universities,2026-08-29T03:31:09.704162+00:00
Karachi University - Dept. of Genetics,universities,,"(92 21) 99261300, 99261306","University Road, Karachi",https://www.businesslist.pk/company/239643/karachi-university-dept-of-genetics,businesslist_pk,scrapy,universities,2026-08-29T03:31:10.845132+00:00
GC University,universities,,"(92 42) 39213340, UAN : (92 42) 111-000-010","Katchery Road, Lahore",https://www.businesslist.pk/company/196879/gc-university,businesslist_pk,scrapy,universities,2026-08-29T03:31:12.963343+00:00
Government College University,universities,https://sites.google.com/gcslahore.edu.pk,"(92 41) 9201227, +42-99260039","Dhobi Ghat,Near Chenab Chowk, Faisalabad",https://www.businesslist.pk/company/196880/government-college-university,businesslist_pk,scrapy,universities,2026-08-29T03:31:14.958623+00:00
Karachi University - Centre of Excellence in Marine Biology,universities,,"(92 21) 99261397, 99261551","Centre Of Excellence In Marine, Biology, University Of Karachi, Karachi",https://www.businesslist.pk/company/239642/karachi-university-centre-of-excellence-in-marine-biology,businesslist_pk,scrapy,universities,2026-08-29T03:31:16.382479+00:00
University of Science &amp; Technology,universities,,(92 928) 624088,"Near Cantt. Police Station,Miranshah Road, Bannu",https://www.businesslist.pk/company/196911/university-of-sciencetechnology,businesslist_pk,scrapy,universities,2026-08-29T03:31:18.330561+00:00
Karachi University - Dept. of Food Science &amp; Technology,universities,,"(92 21) 99261300, 99261306","University Road, Karachi",https://www.businesslist.pk/company/196882/karachi-university-dept-of-food-sciencetechnology,businesslist_pk,scrapy,universities,2026-08-29T03:31:20.202140+00:00
Ceose University,universities,,"(92 91) 5816292, 5816291","H-3,Phase-II,Hayatabad, Peshawar",https://www.businesslist.pk/company/193710/ceose-university,businesslist_pk,scrapy,universities,2026-08-29T03:31:21.256146+00:00
University of Textile Management,universities,,(92 42) 35161006,"17-L,Model Town Ext, Lahore",https://www.businesslist.pk/company/196912/university-of-textile-management,businesslist_pk,scrapy,universities,2026-08-29T03:31:22.651931+00:00
Forman Christian College,universities,,"(92 42) 39231581, 39231588","Ferozepur Road, Lahore",https://www.businesslist.pk/company/196878/forman-christian-college,businesslist_pk,scrapy,universities,2026-08-29T03:31:24.609301+00:00
Karachi University - Dept. of Sociology,universities,,"(92 21) 99261300, 99261306","University Road, Karachi",https://www.businesslist.pk/company/239644/karachi-university-dept-of-sociology,businesslist_pk,scrapy,universities,2026-08-29T03:31:26.555342+00:00
University of Health Sciences,universities,,"(92 42) 39231304, 39231309","Khayabnan-e-Jamia Punjab, Lahore",https://www.businesslist.pk/company/196889/university-of-health-sciences,businesslist_pk,scrapy,universities,2026-08-29T03:31:28.426392+00:00
University of Veterinary &amp; Animal Sciences,universities,,"(92 42) 99211449, 99212866","Out Fall Road, Lahore",https://www.businesslist.pk/company/196913/university-of-veterinaryanimal-sciences,businesslist_pk,scrapy,universities,2026-08-29T03:31:29.713009+00:00
Fast NU Cfd,universities,,+92 411-111-28128,"Punjab, Faisalabad",https://www.businesslist.pk/company/256473/fast-nu-cfd,businesslist_pk,scrapy,universities,2026-08-29T03:31:31.491173+00:00
Karachi University,universities,,"+92 21 9243131,+92 21 9243150, +92 21 9243198","University Road, Karachi, Sindh",https://www.businesslist.pk/company/104614/karachi-university,businesslist_pk,scrapy,universities,2026-08-29T03:31:33.614653+00:00
Indus University,universities,,"(92 21) 30023509, UAN : (92 21) 111-400-300","St-2d, Block 17, Gulshan-e-iqbal, Karachi",https://www.businesslist.pk/company/239641/indus-university,businesslist_pk,scrapy,universities,2026-08-29T03:31:35.252290+00:00
University of Gujrat,universities,,"(92 53) 3643121, 3643331","Hafiz Hayat Campus,Jalal Pur Jattan Road, Gujrat",https://www.businesslist.pk/company/196888/university-of-gujrat,businesslist_pk,scrapy,universities,2026-08-29T03:31:37.580870+00:00
Priamx O&amp;A Levels Academy,schools,http://primaxacademy.com,Call (051) 8430621,"House 338-E, Lane 4, Peshawar Road, Rawalpindi, Punjab",https://www.businesslist.pk/company/251128/priamx-oa-levels-academy,businesslist_pk,scrapy,schools,2026-08-29T03:31:39.271684+00:00
Zainab&#039;s Montessori,schools,,34988066,"b 299, Block 6, Gulshan e Iqbal, Karachi, Sindh",https://www.businesslist.pk/company/235357/zainabs-montessori,businesslist_pk,scrapy,schools,2026-08-29T03:31:40.933091+00:00
Education Bay,schools,,"(92 21) 35250068, 35250069","SL-5,12th St.,Phase-VIII,DHA, Karachi",https://www.businesslist.pk/company/191971/education-bay,businesslist_pk,scrapy,schools,2026-08-29T03:31:43.270803+00:00
Allama Peer  Shafaat Rasool,schools,,+92 42-36525903,"Aziz Garden Khera Pul Stop, B.R.B Cannal Road Jallo Lahore . , Lahore, Punjab",https://www.businesslist.pk/company/252149/allama-peer-shafaat-rasool,businesslist_pk,scrapy,schools,2026-08-29T03:31:45.176381+00:00
Akseer Kymacare care,schools,,0092,"Kacha eimnabad road , pop so hail sanitary , Gujranwala, Punjab",https://www.businesslist.pk/company/242905/akseer-kymacare-care,businesslist_pk,scrapy,schools,2026-08-29T03:31:46.633178+00:00
Idris Book Bank,schools,,0311 5567305,"Idris Book Bank Bank Road Saddar , Rawalpindi, Rawalpindi, Punjab",https://www.businesslist.pk/company/248940/idris-book-bank,businesslist_pk,scrapy,schools,2026-08-29T03:31:48.566408+00:00
The Punjab School,schools,https://thepunjabschool.com/,03238485086,"Plot 2, Defence Road, Near Jubilee Town, Lahore, Lahore, Punjab",https://www.businesslist.pk/company/248816/the-punjab-school,businesslist_pk,scrapy,schools,2026-08-29T03:31:49.970755+00:00
Interior Master,schools,,00923309895538,"10-A, 2nd Floor, Alley Plaza, Blue Area, Islamabad, Islamabad Capital Territory",https://www.businesslist.pk/company/253135/interior-master,businesslist_pk,scrapy,schools,2026-08-29T03:31:51.985744+00:00
Jamia Darul Uloom,schools,https://darululoomkarachi.edu.pk,+92 21 35049774,"Sector 28, Korangi Industrial Area, Karachi, Sindh",https://www.businesslist.pk/company/195016/jamia-darul-uloom,businesslist_pk,scrapy,schools,2026-08-29T03:31:54.163050+00:00
Ilmicity,schools,,03014600966,"IT Tower, Gulberg 3 Lahore, Punjab, Pakistan, Lahore, Punjab",https://www.businesslist.pk/company/252680/ilmicity,businesslist_pk,scrapy,schools,2026-08-29T03:31:56.234894+00:00
Hafiz Online Quranic Academy,schools,,03008811963,"Lake Road, Lahore, Punjab",https://www.businesslist.pk/company/247194/hafiz-online-quranic-academy,businesslist_pk,scrapy,schools,2026-08-29T03:31:58.033713+00:00
Shan Public School Muridke,schools,https://shanpublicschool.business.site/,03444429408,"Street #12 Ghousia Colony Haddoke Muridke, Muridke, Punjab",https://www.businesslist.pk/company/248100/shan-public-school-muridke,businesslist_pk,scrapy,schools,2026-08-29T03:31:59.774231+00:00
Shajar School,schools,,+92(42)35752838,"68 C 1 Gulberg III off M.M.Alam Lahore Pakistan, Lahore, Punjab",https://www.businesslist.pk/company/242366/shajar-school,businesslist_pk,scrapy,schools,2026-08-29T03:32:00.530438+00:00
Green Edtech,schools,,+923018421456,"Sindhi Muslim Cooperative Housing Society Block B Sindhi Muslim CHS (SMCHS), Karachi, Karachi City, Sindh, Karachi",https://www.businesslist.pk/company/254770/green-edtech,businesslist_pk,scrapy,schools,2026-08-29T03:32:01.983678+00:00
Al-Burhan OQT,schools,,+923422324068,"Karachi, Karachi, Sindh",https://www.businesslist.pk/company/249936/al-burhan-oqt,businesslist_pk,scrapy,schools,2026-08-29T03:32:04.320624+00:00
The Metropolitan Academy,schools,,0300-2395588,"ST-18,Block No.15,Gulistan-e-Johar, Karachi, Sindh",https://www.businesslist.pk/company/241486/the-metropolitan-academy,businesslist_pk,scrapy,schools,2026-08-29T03:32:05.933242+00:00
Security Devices Pakistan,security,http://securitydevices.pk,03333134496,"Jadoon Plaza Phase II, Abbottabad, Khyber Pakhtunkhwa",https://www.businesslist.pk/company/240878/security-devices-pakistan,businesslist_pk,scrapy,security,2026-08-29T03:32:07.893333+00:00
JLOGIC Pakistan,security,http://www.jlogic.biz,92614548992,"# 2578B/10, HUSSAIN AGAHI ROAD, NEAR HABIB BANK, Multan, Punjab",https://www.businesslist.pk/company/245054/jlogic-pakistan,businesslist_pk,scrapy,security,2026-08-29T03:32:09.958046+00:00
Tayabally Technology,security,http://www.tayabally.com,35674333 /  03219258192,"1 malik manzil saddar, Karachi, Sindh",https://www.businesslist.pk/company/240972/tayabally-technology,businesslist_pk,scrapy,security,2026-08-29T03:32:11.424015+00:00
Glisten Technology,security,http://www.glisten.com.pk,042-35443103,"Pakistan, Lahore, Punjab",https://www.businesslist.pk/company/241546/glisten,businesslist_pk,scrapy,security,2026-08-29T03:32:13.530796+00:00
786 surveillance solution (PVT) LTD,security,http://www.786securitysol.com,03021151122,"19 GF ZAM ZAM TOWER H3 JOHAR TOWN LAHORE, Lahore, Punjab",https://www.businesslist.pk/company/252327/786-surveillance-solution-pvt-ltd,businesslist_pk,scrapy,security,2026-08-29T03:32:15.821462+00:00
Success I.T Solutions,security,http://www.successitsolutions.com,03043444549,"Ferozepur Road, Lahore, Punjab",https://www.businesslist.pk/company/248714/success-it-solutions,businesslist_pk,scrapy,security,2026-08-29T03:32:17.795761+00:00
Sarimad Security Services Pvt Ltd,security,http://www.sarimadsecurity.com,042-36621328,"Saad Arcade 1st Floor Office No 11,Main Boulevard D.H.A.Lahore, Lahore, Punjab",https://www.businesslist.pk/company/197657/sarimad-security-services-pvt-ltd,businesslist_pk,scrapy,security,2026-08-29T03:32:19.860923+00:00
BiG Eye Security Solution,security,http://www.bigeyesecurity.net,051-5145075,"75 Chaklala Scheme III, Rawalpindi, Punjab",https://www.businesslist.pk/company/250999/big-eye-security-solution,businesslist_pk,scrapy,security,2026-08-29T03:32:21.772916+00:00
Nemtek Electric Fence System,security,http://www.amssv.com,0340-1111267,"DF-04, 2nd Floor Divine One Plaza Lahore, Lahore, Punjab",https://www.businesslist.pk/company/254045/nemtek-electric-fence-system,businesslist_pk,scrapy,security,2026-08-29T03:32:22.810476+00:00
Aman Technologies - Electronic Security Systems,security,http://www.amantechnologies.com.pk,+924238640075,"BOR, Johar Town, Lahore, Pakistan, Lahore, Punjab",https://www.businesslist.pk/company/247119/aman-technologies-electronic-security-systems,businesslist_pk,scrapy,security,2026-08-29T03:32:25.053801+00:00
UK Security Solutions,security,http://www.ukssolution.com,042-35788010,"Office No. 8, 4th floor Zohra Hieghts, Gulberg Main Market, Lahore, Lahore, Punjab",https://www.businesslist.pk/company/242078/uk-security-solutions,businesslist_pk,scrapy,security,2026-08-29T03:32:26.967440+00:00
786 surveillance solution (PVT) LTD,security,http://www.786securitysol.com,"03021151122, +92302115122","19 GF ZAM ZAM TOWER H3 JOHAR TOWN LAHORE, Lahore, Punjab",https://www.businesslist.pk/company/252283/786-surveillance-solution-pvt-ltd,businesslist_pk,scrapy,security,2026-08-29T03:32:29.065490+00:00
Kamal Solars And IT Solutions Burewala,security,http://kamalsolars.com/,0301-3786142,"KAMAL SOLARS STREET CHICHAWATNI ROAD NEAR CHUHDARY PETROLIUM, Burewala, Punjab",https://www.businesslist.pk/company/244366/kamal-solars-and-it-solutions-burewala,businesslist_pk,scrapy,security,2026-08-29T03:32:30.903706+00:00
X Vision Security Services(Pvt) Limited,security,http://www.burki.com.pk,0514575370,"4th Floor, Office #08, Aries Tower, Maryam Hall,  Murree Road, Shamsabad Rawalpindi, Rawalpindi, Punjab",https://www.businesslist.pk/company/253304/x-vision-security-servicespvt-limited,businesslist_pk,scrapy,security,2026-08-29T03:32:32.089580+00:00
Khurshid hardware,security,http://www.khurshidhardware.com,03219009315,"shop 2225 Raiti bazar peshawar, Peshawar, Khyber Pakhtunkhwa",https://www.businesslist.pk/company/251948/khurshid-hardware,businesslist_pk,scrapy,security,2026-08-29T03:32:33.999883+00:00
Alisons Technology,security,http://www.alisonstech.com,021-36631285,"A-3/9, Al-Hamra Square, Khayban e Faizan, Block E, North Nazimabad, Karachi, Sindh",https://www.businesslist.pk/company/243320/alisons-technology,businesslist_pk,scrapy,security,2026-08-29T03:32:36.230103+00:00
Saeed and Sons International,child daycare services,http://www.saeedandsons.com,92-41-8849090,"P-4228, Yakta Market, Faisalabad, Punjab",https://www.businesslist.pk/company/222978/saeed-and-sons-international,businesslist_pk,scrapy,child-daycare-services,2026-08-29T03:32:37.521870+00:00
Variety Scissors,child daycare services,,+92-52-4302263,"( New) Adalat Garh, Ugoki Road, Sialkot, P.O. Box: 51310, Sialkot, Punjab",https://www.businesslist.pk/company/216560/variety-scissors,businesslist_pk,scrapy,child-daycare-services,2026-08-29T03:32:39.468261+00:00
Air &amp; Sea Logistics,child daycare services,,92-42-37551412 / 37551413,"Sutie No: 10, Street No: 26, Lahori Muhallan, Chah Miran, Lahore-Pakistan, P.O. Box: 54000, Lahore, Punjab",https://www.businesslist.pk/company/218931/airsea-logistics,businesslist_pk,scrapy,child-daycare-services,2026-08-29T03:32:41.725992+00:00
Zoofishan Daycare&amp; Learning Center,child daycare services,,02134983961,"A-295 Block-1 Gulshan-e-Iqbal Karachi, Karachi, Sindh",https://www.businesslist.pk/company/250641/zoofishan-daycare-learning-center,businesslist_pk,scrapy,child-daycare-services,2026-08-29T03:32:43.371867+00:00
Allana Sons Pvt Ltd,child daycare services,,03458255262,"Defence Housing Authority Karachi, Karachi, Sindh",https://www.businesslist.pk/company/219628/allanansons,businesslist_pk,scrapy,child-daycare-services,2026-08-29T03:32:45.527726+00:00
Wire Drawing Compound Suppliers,child daycare services,http://www.karachichemical.8m.com,+923333367607,"R-33 / 17, Gulberg, F. B. Area, Karachi-75950, Karachi, Sindh",https://www.businesslist.pk/company/217114/wire-drawing-compound-suppliers,businesslist_pk,scrapy,child-daycare-services,2026-08-29T03:32:47.433297+00:00
Rising Apparel Buying sourcing,child daycare services,http://www.risingapparel_buyingsourcing.com,+92-412-679059,"P-744 Ghaulam Muhammad Chowk Kusar Abad, P.O. Box: 38000, Faisalabad",https://www.businesslist.pk/company/222462/rising-apparel-buying-sourcing,businesslist_pk,scrapy,child-daycare-services,2026-08-29T03:32:49.619878+00:00
Auto 2000 Sport&#039;s,child daycare services,,+923222352000,"Auto 2000 Sports, 6 Montgomery Road, Lahore, Lahore, Pakistan, Lahore",https://www.businesslist.pk/company/257339/auto-2000-sports,businesslist_pk,scrapy,child-daycare-services,2026-08-29T03:32:51.044696+00:00
King Chemicals Corporation,child daycare services,https://king.net.pk/,"92-21-2580937, +92 21 34553405","Estate Ave, Sindh Industrial Trading Estate, Karachi, Sindh",https://www.businesslist.pk/company/211919/king-chemicals-corporation,businesslist_pk,scrapy,child-daycare-services,2026-08-29T03:32:53.039291+00:00
Nova International (pvt) Ltd.,child daycare services,http://www.nova.cc,+92 21 38095104-4 and +92 321 2425773,"Plot # 81 Sector 7/A Korangi Industrial Area Karachi, Karachi, Sindh",https://www.businesslist.pk/company/234297/nova-international-pvt-ltd,businesslist_pk,scrapy,child-daycare-services,2026-08-29T03:32:55.170831+00:00
General Textile Corporation,child daycare services,http://www.gtc.com.pk,92-41-8740830,"10-KM 209 R.B Jaranwala Road Faisalabad, Faisalabad, Punjab",https://www.businesslist.pk/company/208483/general-textile-corporation,businesslist_pk,scrapy,child-daycare-services,2026-08-29T03:32:57.071037+00:00
Azhar Associates (pvt) Ltd.,child daycare services,,"4533377N/A,  +92 308 5110101","11-J, Block-6, P.E.C.H.S, Karachi, Sindh",https://www.businesslist.pk/company/228282/azhar-associates-pvt-ltd,businesslist_pk,scrapy,child-daycare-services,2026-08-29T03:32:58.454123+00:00
Champion Audio &amp; Alarm,child daycare services,https://www.ion.com.pk,"92-42-7223493, +92 -2132413048","3rd Floor Awami Market, Hall Road, P.O. Box: 54000, Lahore",https://www.businesslist.pk/company/224097/champion-audioalarm,businesslist_pk,scrapy,child-daycare-services,2026-08-29T03:33:00.423612+00:00
MedMolds,child daycare services,https://medmolds.com/,"92-21-5078778, +92 21 38893884","232-24, Korangi Industrial Area, P.O. Box: 74900, Karachi",https://www.businesslist.pk/company/213768/medmolds,businesslist_pk,scrapy,child-daycare-services,2026-08-29T03:33:02.275127+00:00
Alpha 6 Distributions LLC,child daycare services,,+1-866-8126938,"25 W, 36th Street, 6th floor, New York 10018, New York",https://www.businesslist.pk/company/227653/alpha-6-distributions-llc,businesslist_pk,scrapy,child-daycare-services,2026-08-29T03:33:03.634618+00:00
Pak Forging Co.,child daycare services,,0092-42-36520999,"311 / 2 G. T. Road Shalimar Town Lahore. Pakistan, Lahore, Punjab",https://www.businesslist.pk/company/218829/pak-forging-co,businesslist_pk,scrapy,child-daycare-services,2026-08-29T03:33:05.707030+00:00
Bahria University Karachi Campus,universities,,"(92 21) 99240002, 99240006","13,National Stadium Road, Karachi",https://www.businesslist.pk/company/193702/bahria-university-karachi-campus,businesslist_pk,scrapy,universities,2026-08-29T03:33:07.069398+00:00
Pmas-arid Agriculture University,universities,,"(92 51) 9290151, 9290152","Shamsabad,Murree Road, Rawalpindi",https://www.businesslist.pk/company/193752/pmas-arid-agriculture-university,businesslist_pk,scrapy,universities,2026-08-29T03:33:09.304928+00:00
Careerinfo,universities,,0346 5500664,"Office # 03 Yaseen Plaza G10 Markaz 44000 Islamabad, Islamabad, Islamabad Capital Territory",https://www.businesslist.pk/company/244388/careerinfo,businesslist_pk,scrapy,universities,2026-08-29T03:33:11.587913+00:00
Habib University Foundation,universities,http://www.huf.org.pk,"(92 21) 34301051, 34301055, (021) 111 042 242","147, Block 7 &amp; 8, Banglore Co-op Housing Society, Tipu Sultan Road, Karachi",https://www.businesslist.pk/company/239639/habib-university-foundation,businesslist_pk,scrapy,universities,2026-08-29T03:33:13.730745+00:00
University of Balochistan,universities,,"(92 81) 9211292, 9211008","Main Sariab Road, Quetta",https://www.businesslist.pk/company/193770/university-of-balochistan,businesslist_pk,scrapy,universities,2026-08-29T03:33:15.402646+00:00
University College Lahore,universities,,"(92 42) 35417440, 35417442","1-1/2 km from Thokar Niaz Baig,Raiwind Road, Lahore",https://www.businesslist.pk/company/196886/university-college-lahore,businesslist_pk,scrapy,universities,2026-08-29T03:33:17.449094+00:00
Quest Nawabshah,universities,,(92 244) 9370362,"Quaid-e-Awam Univ. of Engg.,Science &amp; Technology, Nawabshah",https://www.businesslist.pk/company/193755/quest-nawabshah,businesslist_pk,scrapy,universities,2026-08-29T03:33:19.381444+00:00
Hamdard University - Information Technology Services,universities,,"(92 21) 34390424, 34390426","#214,Anum Estate,Plot #49,Block 7/8,D.C.H.S.,Shahrah-e-Faisal, Karachi",https://www.businesslist.pk/company/185536/hamdard-university-information-technology-services,businesslist_pk,scrapy,universities,2026-08-29T03:33:21.615942+00:00
Nust Technology Incubation Centre,universities,,"(92 51) 9267241, 9267242","112-B,Street 37,F-10/1, Islamabad",https://www.businesslist.pk/company/193744/nust-technology-incubation-centre,businesslist_pk,scrapy,universities,2026-08-29T03:33:22.859528+00:00
Personal Statement Writing Pakistan,universities,,,"Gulshan-e-iqbal, Karachi, Pakistan, Karachi, Sindh",https://www.businesslist.pk/company/243989/personal-statement-writing-pakistan,businesslist_pk,scrapy,universities,2026-08-29T03:33:24.475183+00:00
Roots Millennium College,universities,,0512375201,"No. 80, Street 1, E-11/4, Islamabad, Islamabad, Islamabad Capital Territory",https://www.businesslist.pk/company/251303/roots-millennium-college,businesslist_pk,scrapy,universities,2026-08-29T03:33:26.737643+00:00
Greenwhich University,universities,,"(92 21) 35840397, 37752354","DK-10,38th Street,Darakshan,Phase-VI,D.H.A, Karachi",https://www.businesslist.pk/company/196881/greenwhich-university,businesslist_pk,scrapy,universities,2026-08-29T03:33:28.487151+00:00
Ziauddin University - Medical and Dental College,universities,,+92 21 35862937-9,"4/B, Shahrah-e-Ghalib, Block 6, Clifton Karachi., Karachi, Sindh",https://www.businesslist.pk/company/252333/ziauddin-university-medical-and-dental-college,businesslist_pk,scrapy,universities,2026-08-29T03:33:30.068062+00:00
Writers Pakistan,universities,,+92 313 6363 496,"Block-5 Near Rub Medical, Gulshan-e-Iqbal, Allama Shabbir Ahmed Usmani Rd, Karachi - Pakistan, Karachi, Sindh",https://www.businesslist.pk/company/250040/writers-pakistan,businesslist_pk,scrapy,universities,2026-08-29T03:33:31.574716+00:00
Habib University Planning Office,universities,,"(92 21) 34301051, 34301055","D-145, K.d.a. Scheme-1, Karsaz Road, Karachi",https://www.businesslist.pk/company/239640/habib-university-planning-office,businesslist_pk,scrapy,universities,2026-08-29T03:33:33.199651+00:00
Pak Girls Hostel,universities,https://pak-girls-hostel.business.site/,+923366435191,"I-14/3 near to Riphah University &amp; Gulberg near to Riphah University, Islamabad, Islamabad Capital Territory",https://www.businesslist.pk/company/252927/pak-girls-hostel,businesslist_pk,scrapy,universities,2026-08-29T03:33:35.207339+00:00
Hamdard University Islamabad,universities,,"(92 51) 2287312, 2287314","F-8,Markaz, Islamabad",https://www.businesslist.pk/company/185538/hamdard-university-islamabad,businesslist_pk,scrapy,universities,2026-08-29T03:33:36.516232+00:00
Assignment Help UAE,universities,,0545098085,"Dubai, Karachi, Sindh",https://www.businesslist.pk/company/253889/assignment-help-uae,businesslist_pk,scrapy,universities,2026-08-29T03:33:38.326891+00:00
National University of Computer &amp; Emerging Science,universities,,"(92 21) 34390941, 34390945, UAN : (92 21) 111-128-128","City Campus:22-G,Block-6,P.E.C.H.S, Karachi",https://www.businesslist.pk/company/196884/national-university-of-computeremerging-science,businesslist_pk,scrapy,universities,2026-08-29T03:33:40.571732+00:00
My Quran Network: Learn Quran Online,schools,https://myqurannetwork.com/,+92-333 4064815,"Plot No 12, B Block, Sajid Garden Near Lahore Medical housing scheme Phase 02 Lahore, Lahore",https://www.businesslist.pk/company/257428/my-quran-network-learn-quran-online,businesslist_pk,scrapy,schools,2026-08-29T03:33:42.783958+00:00
Al Quran,schools,https://www.dawateislami.net/quran,021-34921388,"Faizane Madina, Near PTCL Telephone Exchange, Askari Park, Old Sabzi Mandi Karachi, Karachi, Sindh",https://www.businesslist.pk/company/250029/al-quran,businesslist_pk,scrapy,schools,2026-08-29T03:33:44.890540+00:00
Music court gala,schools,,03337195336,"1st floor, behind ideal bakers, TP 2 KDA, Mehmoodabad no 2, Karachi, Sindh, Karachi, Sindh",https://www.businesslist.pk/company/250667/music-court-gala,businesslist_pk,scrapy,schools,2026-08-29T03:33:47.026891+00:00
The Creatorz Public School,schools,https://www.facebook.com/thecreatorzpublicschool,03333800406,"Opposite Sindh Bank,Mehmoodabad no 3,street 32/c ,Karachi, Karachi, Sindh",https://www.businesslist.pk/company/246856/the-creatorz-public-school,businesslist_pk,scrapy,schools,2026-08-29T03:33:49.053652+00:00
Skoolify,schools,https://skoolify.app/,+923175665439,"2D Sultan, off Tipu, Mohammad Ali Society Toad, Karachi, Karachi City, Sindh 75300, Karachi",https://www.businesslist.pk/company/255153/skoolify,businesslist_pk,scrapy,schools,2026-08-29T03:33:50.638084+00:00
Epic Studies - Islamic School,schools,http://www.epicislamicschool.edu.pk,+923004908888,"13 F Model Town link road , Lahore",https://www.businesslist.pk/company/255138/epic-studies-islamic-school,businesslist_pk,scrapy,schools,2026-08-29T03:33:52.091376+00:00
Al-Yaqeen,schools,https://alyaqeen.com.pk,021366764034,"D-29, Block # H North Nazimabad Karachi, Karachi, Sindh",https://www.businesslist.pk/company/253582/al-yaqeen,businesslist_pk,scrapy,schools,2026-08-29T03:33:53.883381+00:00
Higher Education Commission,schools,https://www.hec.gov.pk,"+92 21 99231076, +92 21 99231079","National Stadium Road, Gulshan Town, Karachi, Sindh",https://www.businesslist.pk/company/193724/higher-education-commission,businesslist_pk,scrapy,schools,2026-08-29T03:33:55.247949+00:00
Alit Studios,schools,http://alitstudios.com,+923067378198,"Z-Town, Piran Ghaib road, near Chok Kumhara, Multan, Punjab",https://www.businesslist.pk/company/252604/alit-studios,businesslist_pk,scrapy,schools,2026-08-29T03:33:57.365755+00:00
Iqra Tutoring,schools,http://www.islamicnet.com,2098908329,"Rawalpindi, Rawalpindi, Punjab",https://www.businesslist.pk/company/250756/iqra-tutoring,businesslist_pk,scrapy,schools,2026-08-29T03:33:58.603838+00:00
NGS Preschool,schools,https://ngspreschool.com,0300 8471021,"260 Opposite Gymkhana Club, Mall Road? Khizer Road, Wapda Officers Colony Upper Mall Scheme, Lahore, Punjab 54000, Lahore, Punjab",https://www.businesslist.pk/company/248338/ngs-preschool,businesslist_pk,scrapy,schools,2026-08-29T03:34:00.440028+00:00
Learn DAE,schools,http://www.learndae.org,0316807206,"Swedish College, Main GT Road, Lala Rukh, Wah Cantt, Wah Cantonment, Punjab",https://www.businesslist.pk/company/245373/learn-dae,businesslist_pk,scrapy,schools,2026-08-29T03:34:02.778217+00:00
Schole International Academy,schools,http://scholeacademy.pk/,021-35093330,"273/1/1A, Adjacent Ilma University, Near Suzuki Showroom Korangi Creek, Karachi, Sindh",https://www.businesslist.pk/company/247656/schole-international-academy,businesslist_pk,scrapy,schools,2026-08-29T03:34:04.589216+00:00
National institute of technical training centre,schools,https://www.facebook.com/NationalInstituteofTechnicalTrainingCentre2025/,+92 311 5191387,"Rehmanabad murree road, Malikabad shoping mall, Islamabad, Islamabad Capital Territory",https://www.businesslist.pk/company/241803/national-institute,businesslist_pk,scrapy,schools,2026-08-29T03:34:06.683032+00:00
Modern Public School,schools,http://www.modrenpublicschool.com,+920992501015,"Jinnahbad Abbottabad, Abbottabad, Khyber Pakhtunkhwa",https://www.businesslist.pk/company/245164/modern-public-school,businesslist_pk,scrapy,schools,2026-08-29T03:34:07.938476+00:00
Global Technologies,security,http://www.glotechno.com,+92 21 3437 3254,"37 J, Block 6, P.E.C.H.S, Karachi, Sindh",https://www.businesslist.pk/company/240094/global-technologies,businesslist_pk,scrapy,security,2026-08-29T03:34:09.554057+00:00
OTEC,security,http://www.otec.pk,(92 42) 3 5301010,"122, Block L, Johar Town, Lahore, Lahore",https://www.businesslist.pk/company/183367/otec,businesslist_pk,scrapy,security,2026-08-29T03:34:11.670118+00:00
U.S Energy Systems,security,http://www.us-nrg.com,051-5156198,"Office No:04, Ground Floor, Fajar Arcade, Block-D, PWD Housing Society, Islamabad, Islamabad, Islamabad Capital Territory",https://www.businesslist.pk/company/246985/us-energy-systems,businesslist_pk,scrapy,security,2026-08-29T03:34:14.007768+00:00
HostBreak – Web Hosting In Pakistan,security,http://www.hostbreak.com/,+923348560160,"Software Technology Park I-9/3, Islamabad, Islamabad Capital Territory",https://www.businesslist.pk/company/242080/hostbreakweb-hosting-in-pakistan,businesslist_pk,scrapy,security,2026-08-29T03:34:16.017232+00:00
Aman Technologies - Electronic Security Systems,security,https://www.amantechnologies.com.pk/,042 3864 0075,"BOR, Johar Town, Lahore, Punjab",https://www.businesslist.pk/company/248335/aman-technologies-electronic-security-systems,businesslist_pk,scrapy,security,2026-08-29T03:34:17.222971+00:00
AMW Associates Lahore,security,http://amwassociates.com.pk,042-37428283,"suite;7/F Al Abaad Chambers,9 Feroze Pur Road,Mozang Chungi Lahore, Lahore, Punjab",https://www.businesslist.pk/company/245389/amw-associates-lahore,businesslist_pk,scrapy,security,2026-08-29T03:34:19.324734+00:00
Arcane Security Services (pvt) Ltd.,security,https://www.facebook.com/people/Arcane-Security-Services/100094609290132,0322-8000014,"8-K, Central Commercial Area Dha Phase 1, Lahore, Punjab",https://www.businesslist.pk/company/194656/arcane-security-services-pvt-ltd,businesslist_pk,scrapy,security,2026-08-29T03:34:21.206711+00:00
Composite Security Services (Pvt) Ltd,security,http://www.csspl.pk,+92 42 35164608,"594 - A, 2nd Floor, Shoukat Ali Road, Faisal Town Lahore, Lahore, Punjab",https://www.businesslist.pk/company/241425/composite-security-services-pvt-ltd,businesslist_pk,scrapy,security,2026-08-29T03:34:23.288747+00:00
Al-rehman Security Services (pvt) Ltd.,security,http://www.alrehmansecurity.com,(92 21) 111-111-277,"Office # 5, 2nd Floor, Rukhsana Building, Plot E/2 Block 7 &amp; 8, KCHS Union Ltd Commercial Area, Shaheed Millat Road Karachi, Karachi, Sindh",https://www.businesslist.pk/company/194649/al-rehman-security-services-pvt-ltd,businesslist_pk,scrapy,security,2026-08-29T03:34:25.422682+00:00
Virtual World Communications,security,http://www.virtualworldcommunications.com,02135631545,"Shop#. 19, Al-Meezan Market, Near Passport Office, Regal Chowk, Saddar, Karachi, Sindh",https://www.businesslist.pk/company/242770/virtual-security-system,businesslist_pk,scrapy,security,2026-08-29T03:34:27.035613+00:00
"Shenzhen New Vision Technology Co.,Ltd",security,http://www.xsb-dvr.com,"86-755-33168371, +92 51 515 3415","4F,1Block, PengTengDa Industrial Area, Dalang, Longhua Town, Baoan District, Shenzhen,China, Abbottabad, Azad Jammu Kashmir",https://www.businesslist.pk/company/148238/shenzhen-new-vision-technology-coltd,businesslist_pk,scrapy,security,2026-08-29T03:34:29.024067+00:00
High Digital Surveillance,security,https://highdigital.pk/,+923009244234,"QM House, Elander Road Opposite I.I Chundrigar Rd, Karachi",https://www.businesslist.pk/company/258837/high-digital-surveillance,businesslist_pk,scrapy,security,2026-08-29T03:34:30.931326+00:00
AMS Security Vision,security,https://amsefence.com,03009474053,"UG-35, Groud Floor, Defence Mall DHA phase 1 Karachi, Karachi, Sindh",https://www.businesslist.pk/company/253407/ams-security-vision,businesslist_pk,scrapy,security,2026-08-29T03:34:32.776000+00:00
ZMS Pakistan,security,http://www.zmspak.com,,"Small State, Sargodha Road, Faisalabad, Faisalabad, Punjab",https://www.businesslist.pk/company/243189/zms-pakistan,businesslist_pk,scrapy,security,2026-08-29T03:34:34.116510+00:00
Mainstay Solutionz,security,,+922132086664,"A-4 2nd Floor,SB-11, Gulshan-e-Iqbal, Sindh, Karachi, Sindh",https://www.businesslist.pk/company/128840/mainstay-solutionz,businesslist_pk,scrapy,security,2026-08-29T03:34:35.484339+00:00
Ghuman Star International,child daycare services,,92-52-3003409,"Mandair Khurd, P, O. Box Mandair Syedan, P.O. Box: 51310, Sialkot",https://www.businesslist.pk/company/208753/ghuman-star-international,businesslist_pk,scrapy,child-daycare-services,2026-08-29T03:34:36.644015+00:00
Montgomery Biscuits Sweets,child daycare services,https://www.facebook.com/montgomerybiscuitsandsweets/,00920404502828,"Montgomery Biscuits And Sweets Factory, P.O. Box: 57000, Sahiwal, Punjab",https://www.businesslist.pk/company/214387/montgomery-biscuits-sweets,businesslist_pk,scrapy,child-daycare-services,2026-08-29T03:34:38.664549+00:00
First Emerates Trading Co.,child daycare services,http://www.globalseafoodmarketing.com,"92-300-9297866, (0213) 531 175 356","20 / C Khayaban E Jami Phase Vii, P.O. Box: 75400, Karachi, Sindh",https://www.businesslist.pk/company/226486/first-emerates-trading-co,businesslist_pk,scrapy,child-daycare-services,2026-08-29T03:34:40.844281+00:00
Alia Textile Manufacture and Exporter,child daycare services,http://www.textilesexporterpakistan.com,0092-62 428661,"Masoom Shah Near Gulistan Chowk Opp Perol Pum New Multan Pakistan , Multan, Punjab",https://www.businesslist.pk/company/219542/alia-textile-manufacture-and-exporter,businesslist_pk,scrapy,child-daycare-services,2026-08-29T03:34:42.263369+00:00
Caring Kids Montessori Preparation &amp; DayCare,child daycare services,https://www.facebook.com/caringkids.montessoripreparationdaycare/,03151018913,"D-3 Ruqaiyya Square Federal B Area Karachi , Karachi, Sindh",https://www.businesslist.pk/company/252986/caring-kids-montessori-preparationdaycare,businesslist_pk,scrapy,child-daycare-services,2026-08-29T03:34:44.259924+00:00
Kenwood Communication Linkers,child daycare services,http://www.kclpk.com,042-36298050,"5-A Queens Road, Lahore, Punjab",https://www.businesslist.pk/company/211730/kenwood-communication-linkers,businesslist_pk,scrapy,child-daycare-services,2026-08-29T03:34:46.096298+00:00
Beauty Teck International,child daycare services,http://www.beauty-teck.com,,"Head Marala Road, Machi Khokhar, Sialkot, Sialkot, Punjab",https://www.businesslist.pk/company/224478/beauty-teck-international,businesslist_pk,scrapy,child-daycare-services,2026-08-29T03:34:48.002736+00:00
Faamax International,child daycare services,https://aamax.co/,"92-52-3553131, +92-308-4281241","P. O. Box, 453, Model Town, Sialkot",https://www.businesslist.pk/company/225888/faamax-international,businesslist_pk,scrapy,child-daycare-services,2026-08-29T03:34:50.209715+00:00
Denim Masters,child daycare services,http://denim-masters.com/,92-42-5732916," Rohi Nala Rd, Dullu Kalan, Lahore, Punjab",https://www.businesslist.pk/company/224995/denim-masters,businesslist_pk,scrapy,child-daycare-services,2026-08-29T03:34:52.037234+00:00
Crystal Foods n Juices,child daycare services,http://www.crystalfoodsnjuices.com,92-21-3480644,"Gulshan e Jamal-Rashid Minhas Road., Karachi, Sindh",https://www.businesslist.pk/company/224722/crystal-foods-n-juices,businesslist_pk,scrapy,child-daycare-services,2026-08-29T03:34:54.346008+00:00
KOH-I-NOOR HI-TECH (Pvt) LTD.,child daycare services,http://www.bosshome.com,92-55-3845991-6,"83-A, S. I. E No. 1, P.O. Box: 52250, Gujranwala, Punjab",https://www.businesslist.pk/company/212084/koh-i-noor-hi-tech-pvt-ltd,businesslist_pk,scrapy,child-daycare-services,2026-08-29T03:34:56.295810+00:00
The Red Signal - A Web Design Web Development Company,child daycare services,http://www.redsignal.biz,"92-42-5015237, +923212423100","214 E Johar Town, P.O. Box: 54000, Lahore, Punjab",https://www.businesslist.pk/company/215627/the-red-signal-a-web-design-web-development-company,businesslist_pk,scrapy,child-daycare-services,2026-08-29T03:34:57.844279+00:00
Aeco Export Company,child daycare services,http://www.aecotractorparts.com,"92-42-5181813, +92-333-4305779","681 E 2 Wapda Town, P.O. Box: 54700, Lahore, Punjab",https://www.businesslist.pk/company/218658/aeco-export-company,businesslist_pk,scrapy,child-daycare-services,2026-08-29T03:35:00.217784+00:00
Mixt Home Tutors,tutoring,https://www.mixthometutors.com,03490014517,"1st Floor Umer Plaza Umer Block Allama iqbal Town Lahore, Lahore, Punjab",https://www.businesslist.pk/company/252458/mixt-home-tutors,businesslist_pk,scrapy,tutoring,2026-08-29T03:35:02.022071+00:00
Online Quran Classes,tutoring,,13155154022,"Usmania Arcade 2nd Floor F8 Markaz Islamabad, Islamabad, Islamabad Capital Territory",https://www.businesslist.pk/company/253968/online-quran-classes,businesslist_pk,scrapy,tutoring,2026-08-29T03:35:04.091594+00:00
Cambridge Academy,tutoring,,03335011313,"Capital Trade Center, F-10/2, Islamabad, Islamabad, Islamabad Capital Territory",https://www.businesslist.pk/company/250785/cambridge-academy,businesslist_pk,scrapy,tutoring,2026-08-29T03:35:05.783087+00:00
Experttutor.pk,tutoring,http://www.experttutor.pk,+923007494687,"207 C Commercial Broadway DHA phase 8 Lahore , Lahore",https://www.businesslist.pk/company/258221/experttutorpk,businesslist_pk,scrapy,tutoring,2026-08-29T03:35:07.865907+00:00
eTutors Academy,tutoring,https://www.etutors.pk/,+92 336 1016020,"Office 109, Capital Technology Park, Park Rd, near COMSATS University Islamabad,, Islamabad, Islamabad Capital Territory",https://www.businesslist.pk/company/254061/etutors-academy,businesslist_pk,scrapy,tutoring,2026-08-29T03:35:10.048455+00:00
Zoha Home Tutors,tutoring,https://zohahometutors.com,+923454629440,"Rawalpindi City Pakistan, Rawalpindi",https://www.businesslist.pk/company/258489/zoha-home-tutors,businesslist_pk,scrapy,tutoring,2026-08-29T03:35:11.003190+00:00
Leo Home Tutors &amp; Academy in Rawalpindi,tutoring,,+923214025977,"Rawalpindi City Pakistan, Rawalpindi",https://www.businesslist.pk/company/257298/leo-home-tutorsacademy-in-rawalpindi,businesslist_pk,scrapy,tutoring,2026-08-29T03:35:13.027550+00:00
cambridge home tutors,tutoring,https://www.cambridgehometutors.com/,+923137016801,"750-R1,R1-block, phase 2,johar town lahore, Lahore, Punjab",https://www.businesslist.pk/company/252376/cambridge-home-tutors,businesslist_pk,scrapy,tutoring,2026-08-29T03:35:15.030055+00:00
Yawadoud SEO Agency,tutoring,https://yawadoud.com,03029610324,"P-394, Street # 3, Jhanda pir, WarisPura, Faisalabad, Punjab",https://www.businesslist.pk/company/254148/yawadoud-seo-agency,businesslist_pk,scrapy,tutoring,2026-08-29T03:35:16.954917+00:00
"Peshawar Home Tutor Portal, Hayatabad",tutoring,,03318552630,"Lalazar Market phase-1 Hayatabad Peshawer KPK, Peshawar, Khyber Pakhtunkhwa",https://www.businesslist.pk/company/253862/peshawar-home-tutor-portal-hayatabad,businesslist_pk,scrapy,tutoring,2026-08-29T03:35:19.034243+00:00
LGS Home Tutors Academy,tutoring,https://lgshometutorsacademy.com/,03314-562848,"DHA sector Y phase 3 Lahore Pakistan 54810, Lahore, Punjab",https://www.businesslist.pk/company/250352/lgs-home-tutors-academy,businesslist_pk,scrapy,tutoring,2026-08-29T03:35:20.999463+00:00
Out-Class,tutoring,https://www.out-class.org,+92 307 6882527,"Alam, First Floor, Daftarkhwan Vogue MM, Road, Lahore, 54000, Lahore",https://www.businesslist.pk/company/255690/out-class,businesslist_pk,scrapy,tutoring,2026-08-29T03:35:22.966005+00:00
Senior Tutors,tutoring,,+92 336 772 9991,"Islamabad, Islamabad",https://www.businesslist.pk/company/257020/senior-tutors,businesslist_pk,scrapy,tutoring,2026-08-29T03:35:24.459205+00:00
Ustaad Academy,tutoring,https://ustaadacademy.com,+92 3333 791476,"12C, Tauheed Commercial, Street 32, Phase-V, Defence Housing Authority, Karachi, Sindh 75500, Karachi",https://www.businesslist.pk/company/255026/ustaad-academy,businesslist_pk,scrapy,tutoring,2026-08-29T03:35:26.780869+00:00
Excellian International,tutoring,,+923331462169,"LDA # 51 Block-E Johar Town,near graveyard, Lahore, Lahore",https://www.businesslist.pk/company/257620/excellian-international,businesslist_pk,scrapy,tutoring,2026-08-29T03:35:28.782623+00:00
Best Home Tutors Home Tuition Center Faisalabad,tutoring,https://best-home-tutor-home-tuition-center-faisalabad.business.site,+923000684849,"near Sitara Mall ,D Ground Faisalabad, Faisalabad, Punjab",https://www.businesslist.pk/company/250399/best-home-tutors-home-tuition-center-faisalabad,businesslist_pk,scrapy,tutoring,2026-08-29T03:35:30.786614+00:00
Karakoram International University,universities,https://www.kiu.edu.pk/,"(92 5811) 56115, 50440, +925811960010-13","Northern Areas, Gilgit",https://www.businesslist.pk/company/196883/karakoram-international-university,businesslist_pk,scrapy,universities,2026-08-29T03:35:32.841196+00:00
Balochistan University Of Information Technology,universities,,"9281-9202463 / 9201051 / 9201851, +92 (81) 111-717-111"," Samungli Road, Balochistan, Quetta, Balochistan",https://www.businesslist.pk/company/100714/balochistan-university-of-information-technology,businesslist_pk,scrapy,universities,2026-08-29T03:35:35.016900+00:00
Fatima Jinnah Women University,universities,http://www.fjwu.edu.pk,"9251-9271166 / 9271167, +92 -51-9292-900"," The Mall, Punjab, Rawalpini, Punjab",https://www.businesslist.pk/company/104442/fatima-jinnah-women-university,businesslist_pk,scrapy,universities,2026-08-29T03:35:36.919623+00:00
EVS Professional Training Institute,universities,http://www.evslearning.com,"+92 42 111 685 822, +92 42 35831325","349 Ferozepur Road, Lahore, Punjab",https://www.businesslist.pk/company/242947/evs-professional-training-institute,businesslist_pk,scrapy,universities,2026-08-29T03:35:39.060385+00:00
Namal University,universities,https://namal.edu.pk/,+92300 9236995,"30 Km Mianwali - Talagang Rd, Mianwali, Punjab 42250",https://www.businesslist.pk/company/257064/namal-university,businesslist_pk,scrapy,universities,2026-08-29T03:35:40.488049+00:00
EduServ,universities,http://www.eduserv.com.pk/,+92 51 831 3550,"Office No.3, 2nd Floor 96 West Khyber Plaza, Fazal e Haq Road, Blue Area, Islamabad, Pakistan, Islamabad, Islamabad Capital Territory",https://www.businesslist.pk/company/244343/eduserv,businesslist_pk,scrapy,universities,2026-08-29T03:35:42.328960+00:00
APiT Islamabad,universities,https://apit.edu.au/pakistan/,+92 (51) 4859086,"Plot No.359 Street No. 05  I-9/3 Islamabad , Islamabad, Islamabad Capital Territory",https://www.businesslist.pk/company/250530/apit-islamabad,businesslist_pk,scrapy,universities,2026-08-29T03:35:44.436005+00:00
Essay Writing Services,universities,http://essaywriting.com.pk/,,"Gulshan-e-Iqbal Block 13-B, Karachi, Sindh",https://www.businesslist.pk/company/242578/essay-writing-services,businesslist_pk,scrapy,universities,2026-08-29T03:35:45.805507+00:00
Pakistan First Online Essay Writing Service,universities,https://essaywriting.com.pk/,0313-1184440,"Gulshan Iqbal, Karachi, Sindh",https://www.businesslist.pk/company/248432/pakistan-first-online-essay-writing-service,businesslist_pk,scrapy,universities,2026-08-29T03:35:47.913713+00:00
Sami Graphix,universities,,0938-221855,"Abdur Rahman Plaza Jehangira Road Swabi , Swabi, Khyber Pakhtunkhwa",https://www.businesslist.pk/company/245982/sami-graphix,businesslist_pk,scrapy,universities,2026-08-29T03:35:49.487550+00:00
365 Screeing Services,universities,,+923332261766,"Gulshan Iqbal, Karachi, Sindh",https://www.businesslist.pk/company/243805/365-screeing-services,businesslist_pk,scrapy,universities,2026-08-29T03:35:51.556708+00:00
Sys Visas,universities,,922134533111,"501, Balad Trade Centre, Near Tooso Restaurant, Bahadurabad, Karachi, Pakistan., Karachi, Sindh",https://www.businesslist.pk/company/240007/sys-visas,businesslist_pk,scrapy,universities,2026-08-29T03:35:53.717261+00:00
Lets Go Abroad,universities,http://www.studentsconsultant.com/,+92-423-544-3271,"2nd Floor China Centre (Opp: PACE) Link Road Model Town, Lahore, Punjab",https://www.businesslist.pk/company/245909/lets-go-abroad,businesslist_pk,scrapy,universities,2026-08-29T03:35:55.102371+00:00
Hitech Home Tuition,universities,http://myhitech.weebly.com,,"ISLAMABAD-RAWALPINDI, Islamabad, Islamabad Capital Territory",https://www.businesslist.pk/company/240818/hitech-home-tuition,businesslist_pk,scrapy,universities,2026-08-29T03:35:56.924016+00:00
PIPS School System,schools,http://pipsschoolsystem.edu.pk/,051-5147096/7,"Head Office, 2nd Floor, Al-Ain Plaza, Iqbal Boulevard, DHA-2, Islamabad, Islamabad Capital Territory",https://www.businesslist.pk/company/245989/pips-school-system,businesslist_pk,scrapy,schools,2026-08-29T03:35:59.230384+00:00
Al-Raheem Academy Pakistan,schools,https://arraheemacademy.weebly.com/,+92-331-2225060,"Flat#453,Shadman Town, Karachi, Sindh",https://www.businesslist.pk/company/249830/al-raheem-academy-pakistan,businesslist_pk,scrapy,schools,2026-08-29T03:36:01.390473+00:00
KnowHow.pk,schools,https://www.knowhow.pk/,+923227722333,"Siddique Trade Center Main Boulevard Gulberg Lahore, Pakistan, Lahore, Punjab",https://www.businesslist.pk/company/248074/knowhowpk,businesslist_pk,scrapy,schools,2026-08-29T03:36:03.050396+00:00
Global Learning and Languages consultancy Pvt. Ltd,schools,https://gllclearning.com,03335363073,"Office # 12, 2nd Floor, Sardar Arcade 2, G-11 Markaz, Islamabad, Islamabad, Islamabad Capital Territory",https://www.businesslist.pk/company/252121/global-learning-and-languages-consultancy-pvt-ltd,businesslist_pk,scrapy,schools,2026-08-29T03:36:05.276607+00:00
Ali Fumigation Pest Control &amp;Termite,schools,http://www.alifumigation.com,"35881762, 35881775","C- 40 Phases 11 Commercial 11 Defence Karachi, Karachi, Sindh",https://www.businesslist.pk/company/244571/ali-fumigation-pest-control-termite,businesslist_pk,scrapy,schools,2026-08-29T03:36:07.063888+00:00
Brain Groomers Education System Peshawar,schools,https://www.facebook.com/bhaigulofficial,+923475244302,"Galaxy Town Meendawah near Pishtakhara Chowk Ring Road Peshawar, Peshawar, Khyber Pakhtunkhwa",https://www.businesslist.pk/company/248273/brain-groomers-education-system-peshawar,businesslist_pk,scrapy,schools,2026-08-29T03:36:08.219142+00:00
Punjab Group of Colleges Jhelum,schools,https://www.facebook.com/PGCJHELUMOFFICIAL,"+92 544 611352, +92 544 611354","N-5 G.T Road Campus, Near Deewan-e-Saeed, Jhelum, Punjab",https://www.businesslist.pk/company/245119/punjab-group-of-colleges-jhelum,businesslist_pk,scrapy,schools,2026-08-29T03:36:10.240421+00:00
Saima Tutors Academy,schools,http://www.saimatutors.com,03121140169,"Office no S-52, 2nd Floor, Zain Mobile Mall, Main Tariq Rd, opposite Rehmania Masjid, near Bahria Town Tower, P.E.C.H.S Block 2 Karachi, 75400, Karachi, Sindh",https://www.businesslist.pk/company/252401/saima-tutors-academy,businesslist_pk,scrapy,schools,2026-08-29T03:36:12.283871+00:00
Adam Welfare Organization,schools,http://www.adamwelfare.org,,"Iqra city phase 1 Abul hasan isphani road Gulshan e iqbal Karachi, Karachi, Sindh",https://www.businesslist.pk/company/243646/adam-welfare-organization,businesslist_pk,scrapy,schools,2026-08-29T03:36:14.642420+00:00
The Lavender School System,schools,http://lss.com.pk/,04235442372,"72-G, Gulberg III,Near D-Ground,Firdous Market, Lahore, Punjab",https://www.businesslist.pk/company/246899/the-lavender-school-system,businesslist_pk,scrapy,schools,2026-08-29T03:36:16.163098+00:00
Grand Charter School,schools,http://www.grandcharterschool.edu.pk,+92 42 35916632,"90 K Model Town Link Road, Lahore, Punjab",https://www.businesslist.pk/company/250704/grand-charter-school,businesslist_pk,scrapy,schools,2026-08-29T03:36:17.833795+00:00
Brain Groomers Home Tuitors (BG),schools,https://www.facebook.com/bgtuitors/,+92-347-5244302,"Hayatabad Peshawar, Peshawar, Khyber Pakhtunkhwa",https://www.businesslist.pk/company/247689/brain-groomers-home-tuitors-bg,businesslist_pk,scrapy,schools,2026-08-29T03:36:19.952823+00:00
Kumon Studies,schools,http://www.kumonstudies.com,03174306926,"Surahi Chowke Bahria Town Lahore, Lahore, Punjab",https://www.businesslist.pk/company/249473/kumon-studies,businesslist_pk,scrapy,schools,2026-08-29T03:36:21.904458+00:00
The Indus School,schools,http://theindusschool.com.pk/,+92 21 34304666,"48-G/1, Block# 6 P.E.C.H.S, Karachi, Karachi, Sindh",https://www.businesslist.pk/company/250258/the-indus-school,businesslist_pk,scrapy,schools,2026-08-29T03:36:23.554971+00:00
Apex Home Tutors,schools,http://apexhometutors.com/,+923234045477,"Iqbal Town Lahore, Lahore, Punjab",https://www.businesslist.pk/company/250401/apex-home-tutors,businesslist_pk,scrapy,schools,2026-08-29T03:36:25.912781+00:00
Ilmipoint,schools,http://ilmipoint.com,03334450549,"Lahore, Pakistan, Punjab, Lahore, Punjab",https://www.businesslist.pk/company/243965/ilmipoint,businesslist_pk,scrapy,schools,2026-08-29T03:36:28.042478+00:00
Education Hub Collegiate (Coaching Centre),schools,https://educationhubcollegiate.business.site,021-34657070," Education Hub Collegiate Metroville 3 (III) , Block 1 , Gulzar-e-Hijri Opposite Asma Garden, Adjacent yasir arcade and Gulshan View , Near Sohni View Apartment, Abul Hassan Isphani Road, Block 3/2 Metrovil Colony, Karachi, Karachi City, Sindh 75330, Karachi, Sindh",https://www.businesslist.pk/company/248921/education-hub-collegiate-coaching-centre,businesslist_pk,scrapy,schools,2026-08-29T03:36:29.554267+00:00
The Royal City School,schools,http://www.facebook.com/theroyalcityschool,02134941641,"12C/1, KDA SCHEME-7 , CHANDNI CHOWK , ALHILAL SOCIETY , OPP-ASKARI PARK , KHI, Karachi, Sindh",https://www.businesslist.pk/company/239930/the-royal-city-school,businesslist_pk,scrapy,schools,2026-08-29T03:36:31.392472+00:00
Interior Concept,decorators,,9221-5650800 / 5650900,"601-A Madina City Mall Abdullah Haroon Road, Sindh, Karachi, Sindh",https://www.businesslist.pk/company/103939/interior-concept,businesslist_pk,scrapy,decorators,2026-08-29T03:37:08.342586+00:00
Haadi&#039;s,decorators,http://www.haadibuilders.com,051-5172230,"F3-A2 Malik Arcade, Mini Commercial Avenue, Phase 7 Bahria Town Islamabad, Rawalpini, Islamabad Capital Territory",https://www.businesslist.pk/company/242064/haadis,businesslist_pk,scrapy,decorators,2026-08-29T03:37:10.216706+00:00
Millat Consultants,architectural services,http://www.millatconsultants.com/,03366100044,"VIP Plaza, Ghouri Town VIP, Service Road East, Khannapul, Islamabad., Islamabad, Islamabad Capital Territory",https://www.businesslist.pk/company/245682/millat-consultants,businesslist_pk,scrapy,architectural-services,2026-08-29T03:37:11.724308+00:00
Ikan Engineering Services,construction,http://www.ikan.com.pk,"(92 42) 35310273, 35310271, +92 423 5380462 5","82-B, Judicial Colony, Phase-I, Raiwind RoadLahore, Lahore",https://www.businesslist.pk/company/143213/ikan-engineering-services,businesslist_pk,scrapy,construction,2026-08-29T03:37:13.410218+00:00
Designcorp Int,decorators,,,"275 Y Block Commercial DHA , Lahore, Punjab",https://www.businesslist.pk/company/242145/designcorp-int,businesslist_pk,scrapy,decorators,2026-08-29T03:37:15.222422+00:00
Elegant Interior and Construction,decorators,,,"FS/Shop#10,Yakoob Market, Block &#039;E&#039; Near Dolmen Mall Hyderi,Karachi., Karachi, Sindh",https://www.businesslist.pk/company/240175/elegant-interior-and-construction,businesslist_pk,scrapy,decorators,2026-08-29T03:37:17.119400+00:00
Mukhtar Son&#039;s Pvt Ltd.,decorators,,04235134877,"47-N Commercial area, Lahore, Valencia Town,  Lahore, Lahore, Punjab",https://www.businesslist.pk/company/249788/mukhtar-sons-pvt-ltd,businesslist_pk,scrapy,decorators,2026-08-29T03:37:18.825320+00:00
Khalil Marble,decorators,,021-32580766,"bismillah hotel pak colony baraboard, Karachi, Sindh",https://www.businesslist.pk/company/241156/khalil-marble,businesslist_pk,scrapy,decorators,2026-08-29T03:37:20.746749+00:00
Studio Seven,decorators,,+92 21 35373427,"F-42/1, E-Street, Block 4, Clifton, Karachi, Pakistan., Karachi, Sindh",https://www.businesslist.pk/company/248653/studio-seven,businesslist_pk,scrapy,decorators,2026-08-29T03:37:22.663684+00:00
Rehman Engineers &amp; Builders,decorators,,03006882280,"VALENCIA TOWN, Lahore, Punjab",https://www.businesslist.pk/company/243279/rehman-engineersbuilders,businesslist_pk,scrapy,decorators,2026-08-29T03:37:24.132306+00:00
AKS Creatives,decorators,,+92-51-2809549,"Office #213, 2nd floor, Capital Business Center, Islamabad, Capitan, Islamabad",https://www.businesslist.pk/company/103783/aks-creatives,businesslist_pk,scrapy,decorators,2026-08-29T03:37:26.398142+00:00
Roots International,decorators,,923217451111," Court Road, Punjab, Sialkot, Punjab",https://www.businesslist.pk/company/104007/roots-international,businesslist_pk,scrapy,decorators,2026-08-29T03:37:27.852223+00:00
Shalimar TImber Corporation,decorators,,,"Kaka Street off Siddiq wahab Road Old Hajji Camp,Karachi, Karachi, Sindh",https://www.businesslist.pk/company/243668/shalimar-timber-corporation,businesslist_pk,scrapy,decorators,2026-08-29T03:37:29.964625+00:00
AH Electrical Assesiries,decorators,,03070401390,"Gulistan colony, Faisalabad, Punjab",https://www.businesslist.pk/company/244640/ah-electrical-assesiries,businesslist_pk,scrapy,decorators,2026-08-29T03:37:31.631522+00:00
Bhatti Interior,decorators,,9241-8711695,"Office # 12, Madina Town, Punjab, Faisalabad, Punjab",https://www.businesslist.pk/company/103875/bhatti-interior,businesslist_pk,scrapy,decorators,2026-08-29T03:37:32.947962+00:00
ALWASAY-UL-BADI (Pvt) Ltd.,decorators,,+92-51-4863581-2," Islamabad. Pakistan, Capital, Islamabad",https://www.businesslist.pk/company/103784/alwasay-ul-badi-pvt-ltd,businesslist_pk,scrapy,decorators,2026-08-29T03:37:34.671726+00:00
Khalid &amp; Brothers Construction Empire,decorators,,+923447892520,"Wapda town Lahore , Lahore, Punjab",https://www.businesslist.pk/company/254548/khalidbrothers-construction-empire,businesslist_pk,scrapy,decorators,2026-08-29T03:37:36.870558+00:00
YM International Material TechnologyPvt Ltd,decorators,,,"Sector J, DHA Phase-2, Islamabad, Islamabad, Islamabad Capital Territory",https://www.businesslist.pk/company/243635/ym-international-material-technologypvt-ltd,businesslist_pk,scrapy,decorators,2026-08-29T03:37:38.763111+00:00
Dzine Essentials,decorators,,"042-35774979,0300-4019499,0312-5090909","suite # 61, 1st floor, Al Hafeez Shopping Mall, Main Boulevard, Gulberg III, Lahore, Punjab",https://www.businesslist.pk/company/240018/dzine-essentials,businesslist_pk,scrapy,decorators,2026-08-29T03:37:40.366567+00:00
Design Plus Decorators,decorators,https://www.designplus.com.pk,"9221-2785185, +92-52-6949863"," City Shopping Mall Saddar, Sindh, Karachi, Sindh",https://www.businesslist.pk/company/103901/design-plus-decorators,businesslist_pk,scrapy,decorators,2026-08-29T03:37:41.558369+00:00
Areva Worldwide (Pvt) Ltd,decorators,,+92-300-9569288,"Office No 3, 1st Floor, Markaz G-7, Federal Capital Islamabad, Islamabad, Islamabad Capital Territory",https://www.businesslist.pk/company/85059/areva-worldwide-pvt-ltd,businesslist_pk,scrapy,decorators,2026-08-29T03:37:43.431951+00:00
Stosa cucine,decorators,http://stosacucine.pk/,111-826-111,"55-C/1, Street 6, Jami Commercial, Phase VII, DHA, Karachi, Sindh",https://www.businesslist.pk/company/244885/stosa-cucine,businesslist_pk,scrapy,decorators,2026-08-29T03:37:45.234710+00:00
Saltish International | Himalayan salt,decorators,,,"885, St No 09, Sector 4-C II,	Ghori Town,",https://www.businesslist.pk/company/249943/saltish-internationalhimalayan-salt,businesslist_pk,scrapy,decorators,2026-08-29T03:37:46.575684+00:00
Goddas International,construction,http://www.goddasintl.com,0306-5313134," Lane # 18 Lala Rukh, Punjab, Wah Cantonment, Punjab",https://www.businesslist.pk/company/101136/goddas-international,businesslist_pk,scrapy,construction,2026-08-29T03:37:48.553805+00:00
National Pipe Industry,construction,http://www.nationalpipe.net/,"(92 21) 36610405, (92 21) 36603331, +92 331 2804052","Shop#15 AdnanCenter Nicol Road, Jeswani St, Seari Quarters, Karachi, Sindh",https://www.businesslist.pk/company/165270/national-pipe-industry,businesslist_pk,scrapy,construction,2026-08-29T03:37:50.538132+00:00
Fahim Nanji &amp; Desouza - Fnd,construction,http://www.fnd.com.pk,"(92 21) 35211542, 35211535, + 92 21 3563 7878 82","10, Ilaco House, Abdullah Haroon Road, Saddar Karachi, Karachi",https://www.businesslist.pk/company/160683/fahim-nanjidesouza-fnd,businesslist_pk,scrapy,construction,2026-08-29T03:37:52.519743+00:00
Mughal Steel,construction,http://www.mughalsteel.com,"9242-111000007 / 7970326, +92 42-3596-0841"," Badami Bagh, Punjab, Lahore, Punjab",https://www.businesslist.pk/company/124249/mughal-steel,businesslist_pk,scrapy,construction,2026-08-29T03:37:54.327822+00:00
A. Khubbaib &amp; Hassan Associates,construction,http://www.alkahafassociates.com,03346576773,"A - 510 Street - 6 Block - F Latifabad Hyderabad Sindh, Hyderabad, Sindh",https://www.businesslist.pk/company/143551/a-khubbaibhassan-associates,businesslist_pk,scrapy,construction,2026-08-29T03:37:56.558928+00:00
Flying Cement Ltd,construction,http://www.flyingcement.com,"92-42-6666781, +92 42 3667 43 01-5","103 Fazil Road, Saint John, P.O. Box: 54000, Punjab",https://www.businesslist.pk/company/226563/flying-cement-ltd,businesslist_pk,scrapy,construction,2026-08-29T03:37:57.835080+00:00
Geo-Studies Drilling Company,construction,http://www.geo-studies.com,021-34834137,"B-77, 1st Floor, Block IV-A , Gulshan-e-Iqbal, Karachi -75300, Pakistan., Karachi, Sindh",https://www.businesslist.pk/company/235289/geo-studies-drilling-company,businesslist_pk,scrapy,construction,2026-08-29T03:37:59.874892+00:00
Al-rehman Technologies,construction,http://www.al-rehman.com,"(92 21) 32780009, 32782272, +92 213-2782272-3","Suite 103,1st Floor,Sea Breeze Plaza,Shahrah-e-Faisal, Karachi",https://www.businesslist.pk/company/190180/al-rehman-technologies,businesslist_pk,scrapy,construction,2026-08-29T03:38:01.919719+00:00
Recency an Interior Designing Company,architectural services,http://recency.com.pk/,(+92) 051-5172108,"Lower Ground, 40, Sufyan Plaza, Mini Commercial, Express Way, Behind Summit Bank, Phase 7, Bahria Town, Islamabad., Islamabad, Islamabad Capital Territory",https://www.businesslist.pk/company/248120/recency-an-interior-designing-company,businesslist_pk,scrapy,architectural-services,2026-08-29T03:38:03.921926+00:00
Nusk Associates,architectural services,http://www.nusk.pk,+92 300 8432338,"98, Block K Model Town, Lahore, Punjab 54700, Pakistan, Lahore, Punjab",https://www.businesslist.pk/company/252328/nusk-associates,businesslist_pk,scrapy,architectural-services,2026-08-29T03:38:05.767435+00:00
Urban Arts Studio,architectural services,http://www.urbanartsstudioofficial.com,03330302689," KB-44 Gulshan-e-Amin Plaza, Federal B Area Block 21 Gulberg Town, Karachi, Sindh., Karachi, Sindh",https://www.businesslist.pk/company/252309/urban-arts-studio,businesslist_pk,scrapy,architectural-services,2026-08-29T03:38:07.646066+00:00
Mindtree facility management,architectural services,http://www.mindtreepk.com,021-32272267,"Suit # B-710 Saima Trade Towers i.i chundrigar road, Karachi., Karachi, Sindh",https://www.businesslist.pk/company/250606/mindtree-facility-management,businesslist_pk,scrapy,architectural-services,2026-08-29T03:38:08.959731+00:00
BRIXX International,decorators,http://www.brixxintl.com,+92 51 5411 039,"Mezzanine Floor, Saleem Plaza, Jinnad Avenue, Blue Area Pakistan, Islamabad, Punjab",https://www.businesslist.pk/company/241929/brixx-international,businesslist_pk,scrapy,decorators,2026-08-29T03:38:10.794410+00:00
Aventen Builders,decorators,http://www.aventenbuilders.com,+923070217771,"Office# 101, Building 45-C, Zulfiqar Comm St. No.1, DHA Phase 8, Karachi., Karachi",https://www.businesslist.pk/company/258139/aventen-builders,businesslist_pk,scrapy,decorators,2026-08-29T03:38:13.099652+00:00
Ideal Home,decorators,http://www.idealhome.com.pk,9251-2827176 / 2826141,"5-C/2, Super Market, Capital, Islamabad",https://www.businesslist.pk/company/102430/ideal-home,businesslist_pk,scrapy,decorators,2026-08-29T03:38:15.056478+00:00
Channel Interiors,decorators,,+92-51-2213521,"B-2,Rose Centre(Nawaz Plaza),Street 3.49,Raja Market,F-11/3,Islamabad, Islamabad, Islamabad Capital Territory",https://www.businesslist.pk/company/245873/channel-interiors,businesslist_pk,scrapy,decorators,2026-08-29T03:38:16.182838+00:00
Karachi construction works,decorators,,03449559999,"Azizabad FB area , Karachi, Sindh",https://www.businesslist.pk/company/245326/karachi-construction-works,businesslist_pk,scrapy,decorators,2026-08-29T03:38:18.328249+00:00
Zaki Paints,decorators,https://zakipaints.com/,+923302974408,"shop 12 block 14,Dastagir FB Area, Karachi",https://www.businesslist.pk/company/257672/zaki-paints,businesslist_pk,scrapy,decorators,2026-08-29T03:38:19.871940+00:00
Vertex Web Solutions,decorators,http://www.vertex.net.pk/,"+92 - 21 - 32210597, +92 32623021","Office # 40, 4th Floor, Hassan Mansion, Altaf Hussain Road, Pakistan., sindh, Karachi, Sindh",https://www.businesslist.pk/company/103827/vertex-web-solutions,businesslist_pk,scrapy,decorators,2026-08-29T03:38:22.089251+00:00
Hanjra Constructions,decorators,http://hanjra.com.pk/,+923007400340,"st floor garden tower barket market lahore, Lahore",https://www.businesslist.pk/company/258194/hanjra-constructions,businesslist_pk,scrapy,decorators,2026-08-29T03:38:24.296535+00:00
Marked Angels,decorators,http://markedangels.pk/,02134160025,"Gulistan e Johar, Block 1, Karachi, Sindh",https://www.businesslist.pk/company/245095/marked-angels,businesslist_pk,scrapy,decorators,2026-08-29T03:38:26.475504+00:00
Aeternum (Pvt.) Ltd,decorators,,+924235716401/02,"3R MM Alam Road, Gulberg II, Lahore, Punjab",https://www.businesslist.pk/company/246040/aeternum-pvt-ltd,businesslist_pk,scrapy,decorators,2026-08-29T03:38:28.271582+00:00
Textilo,decorators,http://www.facebook.com/textilo,+92-423-7809200,"3/10, Huma Block Flats Main Baulevards, Opposit Al Fateh Stores, Allama Iqbal Town,, Lahore, Punjab",https://www.businesslist.pk/company/235188/textilo,businesslist_pk,scrapy,decorators,2026-08-29T03:38:30.061079+00:00
Qamar Associates,decorators,,+92-321-6452930,"22 Ali Block New Garden Town Lahore, Lahore, Punjab",https://www.businesslist.pk/company/242628/qamar-associates,businesslist_pk,scrapy,decorators,2026-08-29T03:38:32.089963+00:00
Dream Designs  &amp; Construction ltd.,decorators,,+923214217015,"lahore,paksitan, Lahore, Punjab",https://www.businesslist.pk/company/240231/dream-designsconstruction-ltd,businesslist_pk,scrapy,decorators,2026-08-29T03:38:34.319981+00:00
NGM&amp;B Constructions,construction,http://www.ngmandbrothers.com/,+923463691117,"House No: B-499,Gushan Hadeed Phase-II,Bin Qasim Town,Karachi, Karachi, Sindh",https://www.businesslist.pk/company/242793/ngm-b-constructions,businesslist_pk,scrapy,construction,2026-08-29T03:38:36.304093+00:00
Flowtronix (Pvt) Ltd.,construction,http://www.flowtronix.com.pk,+9235215611,"101/S, Quaid-e-Azam Industrial Estate, Kot Lakhpat, Lahore, Lahore, Punjab",https://www.businesslist.pk/company/244976/flowtronix-pvt-ltd,businesslist_pk,scrapy,construction,2026-08-29T03:38:38.158011+00:00
Rockrete,construction,http://www.rockrete.com.pk,35308341-3 Ext 27,"The Plaza,3rd floor,office #306.Clifton, Karachi, Sindh",https://www.businesslist.pk/company/244199/rockrete,businesslist_pk,scrapy,construction,2026-08-29T03:38:39.603096+00:00
Glorious Builders,construction,https://www.gloriousbuilders.com/,+923239999450,"263 J - block Valencia Town - Lahore, Lahore, Punjab",https://www.businesslist.pk/company/251955/glorious-builders,businesslist_pk,scrapy,construction,2026-08-29T03:38:41.807210+00:00
Lucky Engineering &amp; Scientific Company,construction,http;//www.luckyengineeringpk.com,02135312096,"S-1, 24-C, Sunset Lane No. 1, Phase II (ext) Near A-1 Snacks Resturant, DHA, Karachi, Karachi, Sindh",https://www.businesslist.pk/company/246444/lucky-engineeringscientific-company,businesslist_pk,scrapy,construction,2026-08-29T03:38:43.351103+00:00
Pakistan Elevator Engineers,construction,http://www.paklifts.com,(92 42) 35718071,"Office No.219, 2nd Floor Landmark Plaza, 5/6 Jail Road,, Lahore, Punjab",https://www.businesslist.pk/company/158919/pakistan-elevator-engineers,businesslist_pk,scrapy,construction,2026-08-29T03:38:45.343224+00:00
Hadeed Brothers,construction,http://www.hadeedbrothers.com,03325420786,"A-1311 Gulshan-e-Hadeed Phase-1 Bin Qasim Karachi 75010, Karachi, Sindh",https://www.businesslist.pk/company/244448/hadeed-brothers,businesslist_pk,scrapy,construction,2026-08-29T03:38:47.312530+00:00
Allied Materials,construction,http://alliedmaterials.com.pk,+92 3 111 444 545,"21/3, Sector 22. Korangi Industrial Area, Karachi., Karachi, Sindh",https://www.businesslist.pk/company/249987/allied-materials,businesslist_pk,scrapy,construction,2026-08-29T03:38:49.157641+00:00
Industrial Enterprises (Pvt) Ltd,construction,http://www.thermopore.com,042 35712229,"6-N gulberg 2 lahore, Lahore, Punjab",https://www.businesslist.pk/company/249399/industrial-enterprises-pvt-ltd,businesslist_pk,scrapy,construction,2026-08-29T03:38:50.510926+00:00
Alfawin,construction,http://www.alfawin.com.pk,02134330509,"7,Muslim Town,Main Shaheed-e-Millat Road ,Near City School Karachi - Pakistan, Karachi, Sindh",https://www.businesslist.pk/company/241943/alfawin,businesslist_pk,scrapy,construction,2026-08-29T03:38:52.483422+00:00
MWP Business and Presentation Pvt.Ltd.,construction,http://www.mwpbnp.com,+92-51-448-5888,"Near Sihala Steel Corporation, Sihala Bagh, Sihala, Islamabad., Islamabad, Islamabad Capital Territory",https://www.businesslist.pk/company/235389/mwp-business-and-presentation-pvtltd,businesslist_pk,scrapy,construction,2026-08-29T03:38:54.797092+00:00
Transmark International (Pvt) Ltd,construction,http://www.transmark.com.pk,"924235773830, +92 42 35773830-31","TRANSMARK INTERNATIONAL (Pvt) Ltd. Big City Plaza, 4th Floor, Office #21  Liberty Square, Main Boulevard Gulberg-Lahore, PAKISTAN, Lahore, Punjab",https://www.businesslist.pk/company/106631/transmark-international-pvt-ltd,businesslist_pk,scrapy,construction,2026-08-29T03:38:56.553712+00:00
High Logistic Trades,construction,http://www.hl-trades.com,(92 21) 35341233,"Suite # 302, Building 37-C, Bukhari Commercial Lane 8, (facing) Khayaban-e-Muslim, Phase VI, DHA., Karachi, Sindh",https://www.businesslist.pk/company/159045/high-logistic-trades,businesslist_pk,scrapy,construction,2026-08-29T03:38:58.658696+00:00
Construction company in Lahore,architectural services,https://constructioncompanyinlahore.blogspot.com/,03165063840,"office s9 2nd floor masco plaza blue area near ISE tower Islamabad, Lahore, Punjab",https://www.businesslist.pk/company/249485/construction-company-in-lahore,businesslist_pk,scrapy,architectural-services,2026-08-29T03:39:00.736652+00:00
Great Pool - Swimming Pool Construction Company,landscaping,,+92 03011313133,"1 km, Raiwind Road, Opposite Dental College, Lahore",https://www.businesslist.pk/company/258293/great-pool-swimming-pool-construction-company,businesslist_pk,scrapy,landscaping,2026-08-29T03:39:03.031091+00:00
Tekno Fiberglass,gardeners,,+92 3404777501,"Karachi, Pakistan, Karachi, Sindh",https://www.businesslist.pk/company/249721/tekno-fiberglass,businesslist_pk,scrapy,gardeners,2026-08-29T03:39:04.612293+00:00
Glorious Builders,gardeners,,+92 (323) 9999 450,"234, Tulip Block, Sector C Jinnah Avenue, Bahria Town,, Lahore, Punjab",https://www.businesslist.pk/company/251436/glorious-builders,businesslist_pk,scrapy,gardeners,2026-08-29T03:39:06.570147+00:00
S.S.Builders &amp; Contractors,gardeners,,04235749891,"23 Block V, Phase 2. DHA, Lahore, Punjab",https://www.businesslist.pk/company/241847/ssbuilderscontractors,businesslist_pk,scrapy,gardeners,2026-08-29T03:39:07.673948+00:00
Multi Solutions,decorators,http://multisolutionspakistan.com,+923366096600,"Shop #12, Savana city, Gulshan e iqbal 13D-3, Karachi, Sindh",https://www.businesslist.pk/company/249832/multi-solutions,businesslist_pk,scrapy,decorators,2026-08-29T03:39:09.623381+00:00
S.M.Engineering,decorators,http://www.smeng.pk,+92-21-34325331,"Sute # 423, 4th Floor, Anum Blassing, Main Shahrah-e-Faisal,, Karachi, Sindh",https://www.businesslist.pk/company/197458/smengineering,businesslist_pk,scrapy,decorators,2026-08-29T03:39:11.780711+00:00
Z-Stones,decorators,http://www.zstones.com.pk,03323356360,"3, Al Haj Plaza, (Opp Lignum Tower), Main GT Road, DHA II, Islamabad., Islamabad, Punjab",https://www.businesslist.pk/company/241316/z-stones,businesslist_pk,scrapy,decorators,2026-08-29T03:39:13.899823+00:00
Eliteware Trading,decorators,http://eliteware.pk,+92-51-8431693,"Shop B-4, First Floor, Ahmed Plaza (Near Farid Hospital), Range Road, Rawalpindi, Pakistan, Rawalpindi, Punjab",https://www.businesslist.pk/company/246569/eliteware-trading,businesslist_pk,scrapy,decorators,2026-08-29T03:39:15.744694+00:00
Catch Interior,decorators,http://www.catchinterior.com.pk,+92-21-34816633,"Shop A - 81, Rabia Palace Main Rashid Minhas Road Gulshan-e-Iqbal Block 10/A Karachi., Karachi, Sindh",https://www.businesslist.pk/company/239979/catch-interior,businesslist_pk,scrapy,decorators,2026-08-29T03:39:17.832321+00:00
Gentech,construction,http://gentech.co,+92423770788,"office no 1 ist floor ikram auto market badami bagh lahore, Lahore, Punjab",https://www.businesslist.pk/company/248634/gentech,businesslist_pk,scrapy,construction,2026-08-29T03:39:19.761156+00:00
Al naafay construction company lahore,construction,https://www.constructioncompanylahore.com,03004192356,"434 j3 block johar town lahore, Lahore, Punjab",https://www.businesslist.pk/company/251549/al-naafay-construction-company-lahore,businesslist_pk,scrapy,construction,2026-08-29T03:39:21.476416+00:00
BNFS,construction,,923172095819,"97F, PECHS, Shahrah-e-Quideen, , Karachi, Sindh",https://www.businesslist.pk/company/258978/bnfs,businesslist_pk,scrapy,construction,2026-08-29T03:39:23.321817+00:00
BLT,construction,http://www.decon.com.pk/wp2/,+92 42 3521 3356-7,"38-Block-1, Sector B-1, Township,, Lahore, Punjab",https://www.businesslist.pk/company/247530/blt,businesslist_pk,scrapy,construction,2026-08-29T03:39:25.526371+00:00
Alliance Cables,construction,http://www.alliancecables.com,"042-37666137 , 37664479","F-6 Grace Tower Bull Road ( Link Brandeth Road ) Lahore., Lahore, Punjab",https://www.businesslist.pk/company/250527/alliance-cables,businesslist_pk,scrapy,construction,2026-08-29T03:39:27.864628+00:00
CGL Technologies,construction,http://www.cgl.com.pk,+92-333-0276717,"cgltech.info@gamil.com, Karachi, Sindh",https://www.businesslist.pk/company/248058/cgl-technologies,businesslist_pk,scrapy,construction,2026-08-29T03:39:29.372778+00:00
Zaheeruddin Consultants (pvt) Ltd.,architectural services,https://zaheeruddinconsultantspvtltd.enic.pk,"+92 21 34550324, +92 21 34550321, +92 423 586 9560","5-A, Sindhi Muslim Society, Shahrah-e-Faisal Karachi, Karachi, Sindh",https://www.businesslist.pk/company/143544/zaheeruddin-consultants-pvt-ltd,businesslist_pk,scrapy,architectural-services,2026-08-29T03:39:31.507061+00:00
Next Architecture,architectural services,http://www.saadbintariqdesigns.simplesite.com,03486837033,"Design Center Opp Shell Pump Sargodha Road Near Lasani Pulli Faisalabad, Faisalabad, Punjab",https://www.businesslist.pk/company/248061/next-architecture,businesslist_pk,scrapy,architectural-services,2026-08-29T03:39:33.647087+00:00
FWD Consulting Architects,architectural services,https://www.facebook.com/fwdconsulting/,091-7085084,"Flat 27 to 30 3rd floor old spinzer Plaza Jahangirabad Stop University Road, Peshawar, Khyber Pakhtunkhwa",https://www.businesslist.pk/company/245513/fwd-consulting-pvtltd,businesslist_pk,scrapy,architectural-services,2026-08-29T03:39:35.374770+00:00
A&amp;A Design Studio,architectural services,https://www.facebook.com/AAdesignstudio,+923125522719,"House Number 08 Street Number 128 G-13/4 Islamabad, Islamabad, Islamabad Capital Territory",https://www.businesslist.pk/company/241553/aa-design-studio,businesslist_pk,scrapy,architectural-services,2026-08-29T03:39:37.730406+00:00
Pixarch,architectural services,http://www.pixarch.net,+92-21-35856275,"Unit no. 5, 3rd Floor, Building 16-C, 14th Stadium Commercial Street,، Phase 5 D.H.A., Khayaban-e-Shamsheer، Phase V Phase 5 Defence Housing Authority, Karachi, Karachi City, Sindh 75500, Karachi, Sindh",https://www.businesslist.pk/company/243927/pixarch,businesslist_pk,scrapy,architectural-services,2026-08-29T03:39:39.732013+00:00
Horti Club,landscaping,,+923000114282,"chock, Bilal Road near Commissioner Office opposite Jinnah Bagh, Faisalabad, 38000, Pakistan Commissioner, Faisalabad, 38000, Faisalabad",https://www.businesslist.pk/company/258306/horti-club,businesslist_pk,scrapy,landscaping,2026-08-29T03:39:42.003065+00:00
Mohas Consultants,landscaping,https://mohasconsultants.com/,+923129065209,"Arbab complex ,2nd floor Office No 106,Ring Road, Interchange, Warsak Rd, Peshawar, Peshawar, Khyber Pakhtunkhwa",https://www.businesslist.pk/company/255081/mohas-consultants,businesslist_pk,scrapy,landscaping,2026-08-29T03:39:43.976010+00:00
GEMCON Engineering Pvt. Ltd,landscaping,http://www.gemconengineering.com,0515750474,"Office#56, Ismail Jee Market, Jinnah Road Rawalpindi, Rawalpindi, Punjab",https://www.businesslist.pk/company/251408/gemcon-engineering-pvt-ltd,businesslist_pk,scrapy,landscaping,2026-08-29T03:39:45.868634+00:00
Mukhlis Fertigo,landscaping,https://mukhlisfertigo.com,+92 335 6854547,"Karachi , Karachi, Sindh",https://www.businesslist.pk/company/251163/mukhlis-fertigo,businesslist_pk,scrapy,landscaping,2026-08-29T03:39:48.001480+00:00
Komalparvez,landscaping,,+92-21-35880091,"M2, 94-C, Jami Commercial Street #11 , Phase V11, D.H.A. Karachi-75500., Karachi, Sindh",https://www.businesslist.pk/company/250343/komalparvez,businesslist_pk,scrapy,landscaping,2026-08-29T03:39:49.510921+00:00
Arch Design Studio,landscaping,,03364277424,"Khokhar Market Q,Block Model Town,Lahore, Lahore, Punjab",https://www.businesslist.pk/company/249728/arch-design-studio,businesslist_pk,scrapy,landscaping,2026-08-29T03:39:51.314313+00:00
S.a Landscape Associates,landscaping,,+923333598984,"Park road near rawal under pass Islamabad , Islamabad",https://www.businesslist.pk/company/257397/sa-landscape-associates,businesslist_pk,scrapy,landscaping,2026-08-29T03:39:52.590627+00:00
Precise Survey Engineering,landscaping,http://www.precise.ae,051 5196422,"Office No. 1 Plot No. 8 old Airport Road, Islamabad, Islamabad Capital Territory",https://www.businesslist.pk/company/253720/precise-survey-engineering,businesslist_pk,scrapy,landscaping,2026-08-29T03:39:53.785270+00:00
Dreamscape (Pvt.) Ltd.,landscaping,https://dreamscape.com.pk/,03476550848,"Office # G-35 Ground Floor Golden Heights, Business Square Gulberg Greens, Islamabad, Islamabad, Islamabad Capital Territory",https://www.businesslist.pk/company/252409/dreamscape-pvt-ltd,businesslist_pk,scrapy,landscaping,2026-08-29T03:39:55.467231+00:00
Pearl Pest Control Pvt Ltd.,landscaping,http://www.pearlpestcontrol.com,03000846540,"Pearl Corporate Building: Canal Bank Road, Aabpara, Lahore., Lahore, Punjab",https://www.businesslist.pk/company/250986/pearl-pest-control-pvt-ltd,businesslist_pk,scrapy,landscaping,2026-08-29T03:39:57.532535+00:00
Etree (Private) Limited,landscaping,https://etree.pk,"03223338733,03324900309","Multan Road, Near Yousaf Weaving Mills, Kasur, Punjab",https://www.businesslist.pk/company/251345/etree-private-limited,businesslist_pk,scrapy,landscaping,2026-08-29T03:39:59.914349+00:00
Indus Architectural Products,gardeners,,03333738842,"C2 Westland Tade Center, Shaheed-e-Millat road , Karachi, Sindh",https://www.businesslist.pk/company/243548/indus-architectural-products,businesslist_pk,scrapy,gardeners,2026-08-29T03:40:01.542947+00:00
Unique pools and maintenance co.,gardeners,http://www.uniquepools.com,03082882852,"Unnamed Road, D.H.A Phase II Extension Phase 2 Commercial Area Defence Housing Authority, Karachi, Karachi City, Sindh 75500, Karachi, Sindh",https://www.businesslist.pk/company/247996/unique-pools-and-maintenance-co,businesslist_pk,scrapy,gardeners,2026-08-29T03:40:03.667556+00:00
Lahore Landscapes,gardeners,https://lahorelandscapes.pk/,+92 323 4619512,"47-Infantry Road Lahore, Lahore",https://www.businesslist.pk/company/257752/lahore-landscapes,businesslist_pk,scrapy,gardeners,2026-08-29T03:40:05.783232+00:00
Olympic Pool,gardeners,,"+92-42-35707427, 042-35707428","38 T , PHASE 2, COMMERCIAL AREA, DHA, LAHORE, Lahore, Punjab",https://www.businesslist.pk/company/240269/olympic-pool,businesslist_pk,scrapy,gardeners,2026-08-29T03:40:07.678183+00:00
Al-Awwal engineering,gardeners,,+923043459007,"thokar naiz baig lahore, Lahore, Punjab",https://www.businesslist.pk/company/242983/al-awwal-engineering,businesslist_pk,scrapy,gardeners,2026-08-29T03:40:09.465451+00:00
AHM Constructions,gardeners,,02134010736,"C-12/1, Block 7, Gulistan-e-Johar, Karachi, Sindh",https://www.businesslist.pk/company/245401/ahm-constructions,businesslist_pk,scrapy,gardeners,2026-08-29T03:40:10.711473+00:00
"Ace Group Co, Ltd",gardeners,,810916185322,"Rm 2509, Hongmian Building, Hualei Road, Liwan, Gujrat, Islamabad Capital Territory",https://www.businesslist.pk/company/251936/ace-group-co-ltd,businesslist_pk,scrapy,gardeners,2026-08-29T03:40:12.381570+00:00
Pakistan marble and onyx PMO,gardeners,http://www.pakonyx.com,+923370385644,"Mango pir industrial area , Karachi, Sindh",https://www.businesslist.pk/company/253006/pakistan-marble-and-onyx-pmo,businesslist_pk,scrapy,gardeners,2026-08-29T03:40:14.621910+00:00
Liberal Lawn Mowers,gardeners,http://www.liberallawnmowers.com.pk,+92-42-36362453,"22-Queens Road,Punjmahal Lahore, Lahore, Punjab",https://www.businesslist.pk/company/234883/liberal-lawn-mowers,businesslist_pk,scrapy,gardeners,2026-08-29T03:40:16.633336+00:00
Atlantic Engineering Services,gardeners,https://www.atlanticgroup.com.pk,+923001116713,"Malik Manazar Street Lahore, Lahore",https://www.businesslist.pk/company/258690/atlantic-engineering-services,businesslist_pk,scrapy,gardeners,2026-08-29T03:40:18.005365+00:00
Mimar Sinan Architect &amp; Contractor Company,gardeners,http://www.msabcco.weebly.com,"0512229714, (+92) 300 511 2990","G-01, Fatima Shopping Plaza, D-17 Markaz, D-17, Islamabad, Islamabad Capital Territory",https://www.businesslist.pk/company/242647/mimar-sinan-architect-contractor-company,businesslist_pk,scrapy,gardeners,2026-08-29T03:40:19.737821+00:00
Green Enterprises,gardeners,http://www.greenenterprises.pk,0300-5274433,"Gouse Azam Road, Pul Wasal, Multan, Multan, Punjab",https://www.businesslist.pk/company/244943/green-enterprises,businesslist_pk,scrapy,gardeners,2026-08-29T03:40:22.102558+00:00
Maalibaba,gardeners,http://www.maalibaba.pk/,0308-4444316,"Suite # 09, 2nd Floor, Commercial Center, PCSIR Phase ll, Lahore-Pakistan, Lahore, Punjab",https://www.businesslist.pk/company/249270/maalibaba,businesslist_pk,scrapy,gardeners,2026-08-29T03:40:24.248461+00:00
Yardmen Supply Company Limited,gardeners,,91-6397445,"Bingal Road, Chaman, Islamabad Capital Territory",https://www.businesslist.pk/company/247893/yardmen-supply-company-limited,businesslist_pk,scrapy,gardeners,2026-08-29T03:40:26.180708+00:00
Garden Decore,gardeners,,03018267451,"Main Super Highway Dumba Goath Karachi, Sindh, Pakistan-74500, Karachi, Sindh",https://www.businesslist.pk/company/254491/garden-decore,businesslist_pk,scrapy,gardeners,2026-08-29T03:40:28.123678+00:00
Garden Wise,gardeners,,9242-35164001 / 35187001,"Haloki Village near Khayabaan-a-Amin, Lahore, Lahore, Punjab",https://www.businesslist.pk/company/103920/garden-wise,businesslist_pk,scrapy,gardeners,2026-08-29T03:40:29.775819+00:00
Pakistan Marble And Onyx pmo,decorators,http:/www.pakonyx.com,+923370385644,"A100 Flat Babe Ghazi Anarkali Complex Face 1 Naghan Chowrangi, Karachi",https://www.businesslist.pk/company/258449/pakistan-marble-and-onyx-pmo,businesslist_pk,scrapy,decorators,2026-08-29T03:40:31.815196+00:00
H-Verse Group Of Companies,decorators,,+92 333 111555333,"DHA Phase 6, Lahore",https://www.businesslist.pk/company/258761/h-verse-group-of-companies,businesslist_pk,scrapy,decorators,2026-08-29T03:40:32.778880+00:00
International Paint House,decorators,http://internationalpainthouse.com,+923112140393,"Bohrapir, Opposite Siddiqui Masjid, Karachi, Karachi, Sindh",https://www.businesslist.pk/company/171636/international-paint-house,businesslist_pk,scrapy,decorators,2026-08-29T03:40:34.283952+00:00
Eman Architects,construction,http://www.emanarch.blogspot.com,03005026337,"i10/4 Islamabad  &amp; Office: AZA Basement Liberty Market Liaqat Road Rawalpindi &amp; Branch Near Waris Khan, Islamabad, Punjab",https://www.businesslist.pk/company/245295/eman-architects,businesslist_pk,scrapy,construction,2026-08-29T03:40:36.238089+00:00
American Doors,construction,https://americandoors.pk,"+923002141233, +923074190022","Shop No 2, Aisha Arcade, Jamaluddin Afghani Road, CP &amp; Berar Society, Sharfabad, (Near TV station Karachi), Karachi, Sindh",https://www.businesslist.pk/company/236854/american-doors,businesslist_pk,scrapy,construction,2026-08-29T03:40:37.523971+00:00
Virgin Wood Enterprises,construction,http://virginwood.com,+92311149789 +923088008327,"23 Km Ferozpure Road, Lahore, Pakistan, Lahore",https://www.businesslist.pk/company/258370/virgin-wood-enterprises,businesslist_pk,scrapy,construction,2026-08-29T03:40:39.153799+00:00
Water Solutions,construction,https://www.watersolutions.pk/,"35866603, +92 213 4812219","shop 1, plot 23-C, 27th street Tauheed commercial area phase 5 dha, Karachi, Sindh",https://www.businesslist.pk/company/247312/water-solutions,businesslist_pk,scrapy,construction,2026-08-29T03:40:41.081773+00:00
Bunyaad Builders &amp; Architecture,architectural services,,03000030099,"Sialkot Punjab Pakistan, Sialkot, Punjab",https://www.businesslist.pk/company/252947/bunyaad-buildersarchitecture,businesslist_pk,scrapy,architectural-services,2026-08-29T03:40:42.207468+00:00
Studio3,architectural services,,,"L.M.Q. ROAD ZAKIRA ARCADE FIRST FLOOR, Multan, Punjab",https://www.businesslist.pk/company/123187/studio3,businesslist_pk,scrapy,architectural-services,2026-08-29T03:40:43.988654+00:00
Modern Architect &amp; Associates,architectural services,,03339485559,"office # 121, 2nd floor, China Town Plaza, Liaqat road, Rawalpindi., Rawalpindi, Punjab",https://www.businesslist.pk/company/251033/modern-architectassociates,businesslist_pk,scrapy,architectural-services,2026-08-29T03:40:45.103327+00:00
Ahmed Construction Company,architectural services,http://www.acco.com.pk,03000439416,"Office 24, 2nd Floor Big City Plaza, Gulberg-III, Lahore, Lahore, Punjab",https://www.businesslist.pk/company/240894/ahmed-construction-company-in-pakistan-top-construction-company,businesslist_pk,scrapy,architectural-services,2026-08-29T03:40:46.707735+00:00
HiCon International,architectural services,https://hiconinternational.com.pk/,+923274389329,"G-569, johar town, lahore., Lahore",https://www.businesslist.pk/company/258530/hicon-international,businesslist_pk,scrapy,architectural-services,2026-08-29T03:40:48.771872+00:00
Cretesol,architectural services,https://cretesol.com,+923455575894,"Plot # 399 Sector I-9/3, Industrial Area, Islamabad, Islamabad",https://www.businesslist.pk/company/258830/cretesol,businesslist_pk,scrapy,architectural-services,2026-08-29T03:40:49.892280+00:00
Mohammad Bismel,plumbers,,+923321564572,"Gulshan-e-Iqbal, Karachi",https://www.businesslist.pk/company/257660/mohammad-bismel,businesslist_pk,scrapy,plumbers,2026-08-29T03:40:56.183940+00:00
Helloplumberpk,plumbers,,03008485272,"Shoukat town ghazi road lahore, Lahore, Punjab",https://www.businesslist.pk/company/253500/helloplumberpk,businesslist_pk,scrapy,plumbers,2026-08-29T03:40:58.026278+00:00
Bulao.pk,plumbers,,03 111 333 318,"Office 15, 4th Floor, Usman Plaza, Main University Road, Block 13B, Gulshan e Iqbal, Karachi Karachi, Sindh, Pakistan-75300, Karachi, Sindh",https://www.businesslist.pk/company/252859/bulaopk,businesslist_pk,scrapy,plumbers,2026-08-29T03:40:59.809304+00:00
"Professional Handyman Services,Cleaning Services",handyman,https://plumbars.com/,03134648598,"Jaranwala Rd, Kohinoor City Faisalabad, Punjab ,Pakistan, Faisalabad, Punjab",https://www.businesslist.pk/company/252040/professional-handyman-servicescleaning-services,businesslist_pk,scrapy,handyman,2026-08-29T03:41:02.561035+00:00
Handy Hand Renovation Services Lahore,handyman,http://www.handyhand.pk,00923314579193,"Building 20 xx first floor DHA Phase III, Lahore. , Lahore, Punjab",https://www.businesslist.pk/company/246103/handy-hand-renovation-services-lahore,businesslist_pk,scrapy,handyman,2026-08-29T03:41:04.304873+00:00
Serviz.pk,handyman,,+923000323808,"Kohinoor City, Faisalabad",https://www.businesslist.pk/company/258186/servizpk,businesslist_pk,scrapy,handyman,2026-08-29T03:41:06.458691+00:00
Brothers and Brothers Enterprises,handyman,,+923218983962,"Plot No. K-210, Korangi Industrial Area, Near Darul-Uloom Karachi., Karachi, Sindh",https://www.businesslist.pk/company/250263/brothers-and-brothers-enterprises,businesslist_pk,scrapy,handyman,2026-08-29T03:41:08.789786+00:00
Skillerz,handyman,https://www.skillerz.pk/,+92 311-11-22-332,"ST-8/B Block-13, Opp. Federal Urdu University, Gulshan-e-Iqbal, Karachi, 75300-Sindh, Pakistan., Karachi, Sindh",https://www.businesslist.pk/company/252345/skillerz,businesslist_pk,scrapy,handyman,2026-08-29T03:41:10.711170+00:00
Totale Mep Services &amp; Trading Co.,plumbers,,+923316068986,"Lane 8, Jami Commercial Street, DHA Phase V11, Karachi, Sindh",https://www.businesslist.pk/company/247756/totale-mep-servicestrading-co,businesslist_pk,scrapy,plumbers,2026-08-29T03:41:12.152374+00:00
Master Seal Chemicals,plumbers,http://www.masterseal.pk,"0331-2552653, 0308-7980316","Main Defence Road, Muhafiz Town Phase II,Near Valencia Town, Lahore, Lahore, Punjab",https://www.businesslist.pk/company/243328/master-seal-chemical-services,businesslist_pk,scrapy,plumbers,2026-08-29T03:41:13.284950+00:00
Deen Electric and  Sanitary Store Sialkot,plumbers,,03091545795,"Marala Road Marad Pur Near PSO Petrol Pump or Mecca Tenary Sialkot, Sialkot, Punjab",https://www.businesslist.pk/company/253993/deen-electric-and-sanitary-store-sialkot,businesslist_pk,scrapy,plumbers,2026-08-29T03:41:14.688816+00:00
MyTech Engineering Company (Pvt.) Ltd.,plumbers,http://www.mytecheng.com,+92134187188,"B-278, Basement floor, Gulistan e jouhar 2, Karachi, Sindh",https://www.businesslist.pk/company/249544/mytech-engineering-company-pvt-ltd,businesslist_pk,scrapy,plumbers,2026-08-29T03:41:15.548643+00:00
Painda Khel sanitary store,plumbers,https://painda-khel-sanitary-store.business.site/,+92315 1906291,"Nasir Bagh Road Peshawar, Kpk, Pakistan, Peshawar",https://www.businesslist.pk/company/257507/painda-khel-sanitary-store,businesslist_pk,scrapy,plumbers,2026-08-29T03:41:17.811998+00:00
NewTech-Pipes,plumbers,,05144386014,"Suite 4 &amp; 5, 2nd Floor, Rehman Plaza, I-10 Markaz Islamabad, Islamabad, Islamabad Capital Territory",https://www.businesslist.pk/company/251376/newtech-pipes,businesslist_pk,scrapy,plumbers,2026-08-29T03:41:19.961131+00:00
Popular Pipes Pakistan,plumbers,https://popular-pipes-authorized-distributor-dealer.business.site/?utm_source=gmb&utm_medium=referral,03251609327,"Popular Pipes Office, Plot # 9, Block 2, Sector C1, Main College Road, Township, Lahore, Lahore",https://www.businesslist.pk/company/254855/popular-pipes-pakistan,businesslist_pk,scrapy,plumbers,2026-08-29T03:41:22.011111+00:00
Unitec,plumbers,https://unitecmaintenance.business.site/,051-2656101,"Office 3 , Street 61, Maqbool Market, F-7/4, islamabad, Islamabad, Islamabad Capital Territory",https://www.businesslist.pk/company/249234/unitec,businesslist_pk,scrapy,plumbers,2026-08-29T03:41:23.400005+00:00
