name,category,website,phone,address,maps_url,source,engine,search_query,scraped_at
Ahmad Medix (Pvt) Limited,vehicle manufacturers,http://www.ahmadmedix.com,"+92-42-35213441 , +92-42-35213442","129/6 Quaid-e-Azam industrial Estate Township, Lahore, Punjab",https://www.businesslist.pk/company/248066/ahmad-medix-pvt-limited,businesslist_pk,scrapy,vehicle-manufacturers,2026-08-21T19:25:38.967050+00:00
Lahore Hazara Goods,vehicle manufacturers,https://lahorehazaragoods.weebly.com/,+92423772531,"PLOT NO,8/A RAVI LINK ROAD LAHORE, Lahore, Punjab",https://www.businesslist.pk/company/246438/lahore-hazara-goods,businesslist_pk,scrapy,vehicle-manufacturers,2026-08-21T19:25:41.043768+00:00
Ar Raheem Enterprises (PVT) Ltd,car rental,https://ar-raheem-motors.com,03339737840,"Ar Raheem Motors, Oppo UBL Bank, Committee Chowk Rawalpindi, Dhoke Elahi Baksh, Rawalpindi, Punjab 46000, Islamabad, Punjab",https://www.businesslist.pk/company/249923/ar-raheem-enterprises-pvt-ltd,businesslist_pk,scrapy,car-rental,2026-08-21T19:25:44.696322+00:00
Asad Rent A Car,car rental,https://asad-rent-a-car.business.site/,03247147000,"LG-18 , Divine Center , opp Honda Point , Airport Road , Cantt Lahore, Lahore, Punjab",https://www.businesslist.pk/company/247814/asad-rent-a-car,businesslist_pk,scrapy,car-rental,2026-08-21T19:25:46.525507+00:00
Car Syndicate,car rental,,+92 328 2288955,"karachi, Karachi",https://www.businesslist.pk/company/258824/car-syndicate,businesslist_pk,scrapy,car-rental,2026-08-21T19:25:48.712758+00:00
Rehman Rent A car,car rental,http://www.rehmanrentacar.com,0092-321-5440807,"E-251/1, Street no. 5, Main Bazar, Qasimpura, Cantt Lahore, Lahore, Punjab",https://www.businesslist.pk/company/243004/rehman-rent-a-car,businesslist_pk,scrapy,car-rental,2026-08-21T19:25:50.857293+00:00
Grab car,car rental,http://www.grabcarpk.com,03455309915,"office3 palaza 63 wallyat complex bahria town phase 7, Rawalpindi, Islamabad Capital Territory",https://www.businesslist.pk/company/251297/grab-car,businesslist_pk,scrapy,car-rental,2026-08-21T19:25:54.731815+00:00
Rafay Car Rental,car rental,http://www.rafaycarrentallahore.com/,0320-8189123,"Office 99, Zainab Tower, Model Town, Link Road, Lahore, Lahore, Punjab",https://www.businesslist.pk/company/246319/rafay-car-rental,businesslist_pk,scrapy,car-rental,2026-08-21T19:25:56.919085+00:00
Fast Track Tours &amp; Rentals,car rental,http://rentacarlahore.net,0300 8499507,"294-Q، Phase 2 DHA Phase 2, Lahore, Punjab 54000, Lahore, Punjab",https://www.businesslist.pk/company/249245/fast-track-toursrentals,businesslist_pk,scrapy,car-rental,2026-08-21T19:25:58.752266+00:00
Tour In Pakistan,car rental,http://www.tourinpakistan.com.pk/,+92 321 9430099,"office No: 12, 1st floor, Haqnawaz Plaza, G-11 markaz., Islamabad 45000, Pakistan, Islamabad, Islamabad Capital Territory",https://www.businesslist.pk/company/245537/tour-in-pakistan,businesslist_pk,scrapy,car-rental,2026-08-21T19:26:00.956623+00:00
Rajput Motors,car rental,http://rajputmotors.com.pk/,92512251252-3,"Rajput Motors, Markaz Rd, G-8 Markaz, Islamabad, Pakistan, Islamabad, Islamabad Capital Territory",https://www.businesslist.pk/company/243787/rajput-motors,businesslist_pk,scrapy,car-rental,2026-08-21T19:26:03.899057+00:00
Arabian Royal Rent a Car,car rental,https://arabianroyal.pk/car-rental/,+923270599569,"Barian ,Murree, Rawalpindi, Punjab",https://www.businesslist.pk/company/257486/arabian-royal-rent-a-car,businesslist_pk,scrapy,car-rental,2026-08-21T19:26:05.826328+00:00
Cruise Car Rentals,car rental,http://www.facebook.com/ccr,"021-32863243,","SUITE# 12-A MEZZANINE FLOOR, NAGINA CENTER, KEAMARI, KARACHI, Karachi, Sindh",https://www.businesslist.pk/company/235367/cruise-car-rentals,businesslist_pk,scrapy,car-rental,2026-08-21T19:26:07.215695+00:00
Abdullah Travel and Rent a Car,car rental,https://abdullah-travel-and-rent-a-car-islamabad.business.site,+923355127419,"Islamabad Gandhara international airport, Islamabad Attock, Punjab, Islamabad, 44000, Islamabad",https://www.businesslist.pk/company/255128/abdullah-travel-and-rent-a-car,businesslist_pk,scrapy,car-rental,2026-08-21T19:26:08.935782+00:00
Pearl Tours &amp; Travel (Pvt.)Ltd.,car rental,http://www.pearltours.com.pk,0092-51-2806330-31,"106/E, 4th Floor, Asif Plaza, Fazal-e-Haq Road, Blue Area, Islamabad, Pakistan, Islamabad, Islamabad Capital Territory",https://www.businesslist.pk/company/243831/pearl-tourstravel-pvtltd,businesslist_pk,scrapy,car-rental,2026-08-21T19:26:12.885670+00:00
AH Motors and Rent a car,car rental,http://www.ahmotorsrentacar.com/,03323233518,"Karachi, Sher Shah Suri Rd, Karachi 75850, Pakistan, Karachi, Sindh",https://www.businesslist.pk/company/244462/ah-motors-and-rent-a-car,businesslist_pk,scrapy,car-rental,2026-08-21T19:26:14.290470+00:00
Roamer,car rental,https://roamer.pk,+92-51-8350442,"Office 204, 3rd Floor, Paris Heights, Main Double Rd, PMCHS E 11/3 E-11, Islamabad, Islamabad Capital Territory, Islamabad",https://www.businesslist.pk/company/255931/roamer,businesslist_pk,scrapy,car-rental,2026-08-21T19:26:16.037821+00:00
Khan Brothers Rent A Car,car rental,,00923044036510,"sher Shah Road,Multan Cantt., Multan, Punjab",https://www.businesslist.pk/company/243648/khan-brothers-rent-a-car,businesslist_pk,scrapy,car-rental,2026-08-21T19:26:17.827887+00:00
ShaniTravels,car rental,,03209555583,"Office # 9, 4th Floor, Shan Arcade, Barkat Market, New Garden Town, Lahore, Pakistan., Lahore, Punjab",https://www.businesslist.pk/company/250084/shanitravels,businesslist_pk,scrapy,car-rental,2026-08-21T19:26:21.139316+00:00
Fortune-move Transport,car rental,,+92 3112903834,"Shahbaz commercial street-1 phase VI - D.H.A , Karachi, Sindh",https://www.businesslist.pk/company/245192/fortune-move-transport,businesslist_pk,scrapy,car-rental,2026-08-21T19:26:23.194303+00:00
Raza Khan Tours (Rent-A-Car),car rental,http://www.razakhantours.com,92-21-32411350,"Office No. 101, 1st Floor, KMC Building, New Boulton Market, M.A. Jinnah Road , Karachi, Sindh",https://www.businesslist.pk/company/240666/raza-khan-tours-rent-a-car,businesslist_pk,scrapy,car-rental,2026-08-21T19:26:25.059923+00:00
Rafayrentacar,car rental,,0320-8189123,"UM-99, Model Town Link Road - Lahore 13-S, DHA Lahore, Lahore, Punjab",https://www.businesslist.pk/company/246637/rafayrentacar,businesslist_pk,scrapy,car-rental,2026-08-21T19:26:27.073897+00:00
Online Rent A Car,car rental,http://www.Onlinerentacar.com.pk,03041119966,"5th Floor Mezan Tower Liaquat Road Faisalabad, Faisalabad, Punjab",https://www.businesslist.pk/company/246497/online-rent-a-car,businesslist_pk,scrapy,car-rental,2026-08-21T19:26:30.988332+00:00
Micro Car Rental,car rental,,+923335004275,"Office #5, 1st Floor Hill View Plaza, (76/E) G block Jinnah Avenue Blue Area, Islamabad, Islamabad",https://www.businesslist.pk/company/255095/micro-car-rental,businesslist_pk,scrapy,car-rental,2026-08-21T19:26:33.188325+00:00
Passenger.pk,car rental,,+293415022240,"Office 8 Executive I 8 Markaz Islamabad Pakistan, Islamabad, Islamabad Capital Territory",https://www.businesslist.pk/company/250371/passengerpk,businesslist_pk,scrapy,car-rental,2026-08-21T19:26:34.579050+00:00
Ghazan Movers,car rental,,03005182232,"DHA PHASE 8 Ex Park View LHR., Lahore, Punjab",https://www.businesslist.pk/company/245927/ghazan-movers,businesslist_pk,scrapy,car-rental,2026-08-21T19:26:36.647280+00:00
Luxury Rent A Car,car rental,,"(+92) 0300 4194501, (+92) 0321 5991414","Lahore Pakistan, Lahore, Punjab",https://www.businesslist.pk/company/241920/luxury-rent-a-car,businesslist_pk,scrapy,car-rental,2026-08-21T19:26:38.410642+00:00
Asif car carrier services,car rental,,0321 8433335,"Near Kaka Khail Hotel, 18 K.M. Multan Road Lahore, Multan, Punjab",https://www.businesslist.pk/company/248817/asif-car-carrier-services,businesslist_pk,scrapy,car-rental,2026-08-21T19:26:40.566561+00:00
Alvi Transport Network,car rental,,03055556663,"Islamabad, Pakistan, Islamabad, Islamabad Capital Territory",https://www.businesslist.pk/company/245676/alvi-transport-network,businesslist_pk,scrapy,car-rental,2026-08-21T19:26:42.104762+00:00
Rent a car in islamabad,car rental,,03035668604,"umair plaza 3th floor, Rawalpindi, Punjab",https://www.businesslist.pk/company/251115/rent-a-car-in-islamabad,businesslist_pk,scrapy,car-rental,2026-08-21T19:26:44.196114+00:00
Irshad Travels,car rental,,051.2583775 051.2260777,"Block # 10 B, office # 9, Umer Plaza G-8 Markaz Islamabad, Islamabad, Islamabad Capital Territory",https://www.businesslist.pk/company/197690/irshad-travels,businesslist_pk,scrapy,car-rental,2026-08-21T19:26:45.807477+00:00
Hertz Optimus Limited,car rental,,"(92 21) 35866369, 35866340, UAN : (92 21) 111-365-247","A-1,Ground Floor,Jason VIP,Plot #FL-4,Block-7,Clifton, Karachi",https://www.businesslist.pk/company/194120/hertz-optimus-limited,businesslist_pk,scrapy,car-rental,2026-08-21T19:26:47.856188+00:00
Khurram Cars,car rental,,042-37421828-9,"Flate no 4 ist floor 66 Alam Center Shadman Market, Lahore, Punjab",https://www.businesslist.pk/company/138840/khurram-cars,businesslist_pk,scrapy,car-rental,2026-08-21T19:26:49.174703+00:00
Blue Sky &amp; Company,car rental,,(92 21) 34385066,"6-u, Block-6, P.e.c.h.s, Karachi",https://www.businesslist.pk/company/239031/blue-skycompany,businesslist_pk,scrapy,car-rental,2026-08-21T19:26:50.707559+00:00
Voyager (pvt) Ltd.,car rental,,"(92 42) 35757757, 35757756","62-A,FCC Block,Gulberg-IV, Lahore",https://www.businesslist.pk/company/194178/voyager-pvt-ltd,businesslist_pk,scrapy,car-rental,2026-08-21T19:26:52.114326+00:00
Rent a car in islamabad,car rental,,03035668604,"umair plaza 3th foor, Rawalpindi, Punjab",https://www.businesslist.pk/company/251025/rent-a-car-in-islamabad,businesslist_pk,scrapy,car-rental,2026-08-21T19:26:54.257570+00:00
2D Car Service Quetta (We Go),car rental,,0332-8254404,"St2, Ph2, A-one city, Quetta, Balochistan",https://www.businesslist.pk/company/247910/2d-car-service-quetta-we-go,businesslist_pk,scrapy,car-rental,2026-08-21T19:26:56.483531+00:00
Rent a Car Islamabad,car rental,,051 2803070,"Office# 2nd Floor, Masco Plaza  Jinnah Avenue, Blue Area,  Islamabad, Pakistan., Islamabad, Islamabad Capital Territory",https://www.businesslist.pk/company/242607/rent-a-car-islamabad,businesslist_pk,scrapy,car-rental,2026-08-21T19:26:58.493399+00:00
Allah Twakkal Car Rental Services.,car rental,,,"millat chok  near laraib cng, Faisalabad, Punjab",https://www.businesslist.pk/company/242962/allah-twakkal-car-rental-services,businesslist_pk,scrapy,car-rental,2026-08-21T19:27:00.494500+00:00
Rent a car in islamabad,car rental,,03365126725,"umair plaza 3th floor, Rawalpindi, Punjab",https://www.businesslist.pk/company/251311/rent-a-car-in-islamabad,businesslist_pk,scrapy,car-rental,2026-08-21T19:27:02.574654+00:00
Rent a car in islamabad,car rental,,03365126725,"umair plaza 3th floor, Rawalpindi, Punjab",https://www.businesslist.pk/company/251213/rent-a-car-in-islamabad,businesslist_pk,scrapy,car-rental,2026-08-21T19:27:04.227090+00:00
Safari Rent A Car,car rental,,+923335566947,"Islamabad, Pakistan, Islamabad",https://www.businesslist.pk/company/255100/safari-rent-a-car,businesslist_pk,scrapy,car-rental,2026-08-21T19:27:06.053648+00:00
Shaheen Rent A Car,car rental,,"(92 42) 36665587, 36683197","76/7A,Arif Jan Road, Lahore, Punjab",https://www.businesslist.pk/company/194149/shaheen-rent-a-car,businesslist_pk,scrapy,car-rental,2026-08-21T19:27:07.869126+00:00
Rent a car in islamabad,car rental,,03035668604,"umair plaza 3th floor, Rawalpindi, Punjab",https://www.businesslist.pk/company/250761/rent-a-car-in-islamabad,businesslist_pk,scrapy,car-rental,2026-08-21T19:27:09.748554+00:00
Rafay Rent a Car,car rental,http://rafayrentacar.com/,03208189123,"lahore, Lahore, Punjab",https://www.businesslist.pk/company/251627/rafay-rent-a-car,businesslist_pk,scrapy,car-rental,2026-08-21T19:27:11.993654+00:00
Pace Rent A Car,car rental,,+92 3204444539,"18 B Cantt courts Tufail road Lahore، Police Officers Colony, Lahore, Punjab 54000, Lahore",https://www.businesslist.pk/company/254952/pace-rent-a-car,businesslist_pk,scrapy,car-rental,2026-08-21T19:27:13.937925+00:00
ShaniTravels,car rental,,03209555583,"Office # 9, 4th Floor, Shan Arcade, Barkat Market, New Garden Town, Lahore, Pakistan., Lahore, Punjab",https://www.businesslist.pk/company/250076/shanitravels,businesslist_pk,scrapy,car-rental,2026-08-21T19:27:16.052480+00:00
Muslim United Car Carriers Services,car rental,http://www.utn.com.pk,"(92 21) 35899656, 35899655","C-41C,1st Floor,24th Com&#039;l St.,South Park Av.Phase-II Ext.DHA, Karachi, Sindh",https://www.businesslist.pk/company/194129/muslim-united-car-carriers-services,businesslist_pk,scrapy,car-rental,2026-08-21T19:27:18.134540+00:00
Rana Rent A Car,car rental,,03044356135,"18D/E-2 Gulberg-3, Lahore, Punjab",https://www.businesslist.pk/company/250149/rana-rent-a-car,businesslist_pk,scrapy,car-rental,2026-08-21T19:27:20.015084+00:00
Karachi Rent a Car Service - Deinfa Motors,car rental,,922135886356,"1st Floor 6-8 C, 12th Commercial Street, Phase 2 Ext, DHA, Karachi, Pakistan., Karachi, Sindh",https://www.businesslist.pk/company/254217/karachi-rent-a-car-service-deinfa-motors,businesslist_pk,scrapy,car-rental,2026-08-21T19:27:21.892943+00:00
Lahore Taxis,car rental,,0334 0008984,"TT Centre 84 Allama Iqbal Rd, Lahore, Punjab",https://www.businesslist.pk/company/249719/lahore-taxis,businesslist_pk,scrapy,car-rental,2026-08-21T19:27:23.669770+00:00
Alvi Transport,car rental,,+92 51 2803070,"Office#10/A, 2nd Floor, Masco Plaza, Jinnah Avenue, Islamabad, Islamabad Capital Territory",https://www.businesslist.pk/company/245704/alvi-transport,businesslist_pk,scrapy,car-rental,2026-08-21T19:27:25.722005+00:00
Almaidah Rent A Car,car rental,,+923335127419,"Malik Plaza, Main Peshawar Rd, near Deawoo Terminal, Jhangi Syedian, Rawalpindi, Islamabad, Islamabad Capital Territory 46000, Rawalpindi",https://www.businesslist.pk/company/255178/almaidah-rent-a-car,businesslist_pk,scrapy,car-rental,2026-08-21T19:27:27.523437+00:00
Divers Club,car rental,,+923032888987,"Suite# 33-34, 1st Floor, Glass Tower near Teen Talwaar, Clifton, 75600, Karachi, Sindh",https://www.businesslist.pk/company/253636/divers-club,businesslist_pk,scrapy,car-rental,2026-08-21T19:27:29.289268+00:00
Raza Khan Tours,car rental,,"(92 21) 32411350, 32433861","101,New Boultan Market Bldg.,M.A.Jinnah Road, Karachi, Sindh",https://www.businesslist.pk/company/194140/raza-khan-tours,businesslist_pk,scrapy,car-rental,2026-08-21T19:27:30.639794+00:00
Elite Rent a Car &amp; Tours,car rental,,+92-51-4855061,"Office #G-80, Food Street, Pindi Cricket Stadium, Double Road, Rawalpindi., Rawalpindi, Punjab",https://www.businesslist.pk/company/244916/elite-rent-a-cartours,businesslist_pk,scrapy,car-rental,2026-08-21T19:27:32.362129+00:00
Rent a Car Lahore,car rental,,0300-9494246,"P82, Siddiq Trade Center, Main Boulevard Gulberg, Lahore, Punjab",https://www.businesslist.pk/company/244984/rent-a-car-lahore,businesslist_pk,scrapy,car-rental,2026-08-21T19:27:34.433469+00:00
Rent A Car Lahore - A2Z Car Rental,car rental,,,"31 L commerical phase 8 Air Avenue DHA Lahore, Lahore, Punjab",https://www.businesslist.pk/company/243809/rent-a-car-lahore-a2z-car-rental,businesslist_pk,scrapy,car-rental,2026-08-21T19:27:36.560954+00:00
Cryptic Car,car rental,,02134661335,"M7 moon garden block 10 A Gulshan-e-Iqbal Karachi., Karachi, Sindh",https://www.businesslist.pk/company/251026/cryptic-car,businesslist_pk,scrapy,car-rental,2026-08-21T19:27:38.736926+00:00
Nusky Limo,car rental,,+92 3261133666,"42 Broadway, 12th Floor, New York, NY 10004, Multan",https://www.businesslist.pk/company/257403/nusky-limo,businesslist_pk,scrapy,car-rental,2026-08-21T19:27:40.280760+00:00
Lahore Cars,car rental,,03219099909,"MZ-71 1st Floor Landmark Plaza, 6- Jail Road, Lahore, Lahore, Punjab",https://www.businesslist.pk/company/245734/lahore-cars,businesslist_pk,scrapy,car-rental,2026-08-21T19:27:42.470413+00:00
Alburaq Lahore Taxis,car rental,,0334 0008984,"Basement 36/37 khalid &amp; khan center, Lahore, Punjab",https://www.businesslist.pk/company/249848/alburaq-lahore-taxis,businesslist_pk,scrapy,car-rental,2026-08-21T19:27:44.672948+00:00
Gaddafi Rent A Car,car rental,,+923333233838,"House #4, Block #g4, Wapda Town, Lahore, Pakistan, Lahore, Punjab",https://www.businesslist.pk/company/247796/gaddafi-rent-a-car,businesslist_pk,scrapy,car-rental,2026-08-21T19:27:46.824577+00:00
Shaheen Cars Rental,car rental,,03445525671,"85 babar bloke new garden town, Lahore, Punjab",https://www.businesslist.pk/company/244549/shaheen-cars-rental,businesslist_pk,scrapy,car-rental,2026-08-21T19:27:48.968252+00:00
Rent a Car Lahore Pak,car rental,https://rentacarlahorepak.com/,0314 4364855,"29 MB, Zainab Tower, Model Town Link Rd, Phase 3 GECH Society, Lahore, Punjab 54000, Lahore",https://www.businesslist.pk/company/254906/rent-a-car-lahore-pak,businesslist_pk,scrapy,car-rental,2026-08-21T19:27:50.943424+00:00
Travel and Tour Masters,car rental,,03354550066,"Nai Abadi, Seham, Islamabad, Islamabad Capital Territory",https://www.businesslist.pk/company/249896/travel-and-tour-masters,businesslist_pk,scrapy,car-rental,2026-08-21T19:27:52.251301+00:00
Carruba,car rental,,+92 51 567078,"Islamabad, Islamabad, Punjab",https://www.businesslist.pk/company/248749/carruba,businesslist_pk,scrapy,car-rental,2026-08-21T19:27:54.088296+00:00
Tripsia,car rental,,+923492766113,"Islamabad, Islamabad, Islamabad Capital Territory",https://www.businesslist.pk/company/253043/tripsia,businesslist_pk,scrapy,car-rental,2026-08-21T19:27:56.249061+00:00
Rent a car in Islamabad,car rental,,03038096367,"umair plaza 3th floor, Rawalpindi, Punjab",https://www.businesslist.pk/company/250886/rent-a-car-in-islamabad,businesslist_pk,scrapy,car-rental,2026-08-21T19:27:57.801874+00:00
Rent a car in islamabad,car rental,,03365126725,"umair plaza 3th floor, Rawalpindi, Punjab",https://www.businesslist.pk/company/250659/rent-a-car-in-islamabad,businesslist_pk,scrapy,car-rental,2026-08-21T19:27:59.979381+00:00
Carchowk,car rental,http://www.carchowk.com,,"empire heights ii, bahria town phase 6,islamabad, Islamabad, Islamabad Capital Territory",https://www.businesslist.pk/company/244411/carchowk,businesslist_pk,scrapy,car-rental,2026-08-21T19:28:02.092874+00:00
Shaheen Rent A Car,car rental,https://goo.gl/maps/n3mXrutmxDHY3NTr6,03215677208," Lari Adda, Burewala Rd, Ārifwāla, 57450, Pakistan, Sahiwal",https://www.businesslist.pk/company/254990/shaheen-rent-a-car,businesslist_pk,scrapy,car-rental,2026-08-21T19:28:03.897316+00:00
Karachi to Quetta 2D Car Service,car rental,https://www.facebook.com/qurbaan7775,+92 310 7801565,"University Road, Karachi, Sindh",https://www.businesslist.pk/company/254201/karachi-to-quetta-2d-car-service,businesslist_pk,scrapy,car-rental,2026-08-21T19:28:05.991558+00:00
Prime Limousine Services Pvt. Limited,car rental,http://www.pls-pk.com,041-111111250,"Adjecant Toyota Faisalabad Motors, West Canal Road, Faisalabad, Punjab",https://www.businesslist.pk/company/234980/prime-limousine-services-pvt-limited,businesslist_pk,scrapy,car-rental,2026-08-21T19:28:07.548543+00:00
Arabian Royal Rent a Car With Driver,car rental,,+92 327 0599569,"Murree, Rawalpindi",https://www.businesslist.pk/company/257490/arabian-royal-rent-a-car-with-driver,businesslist_pk,scrapy,car-rental,2026-08-21T19:28:08.775501+00:00
Al-Sheikh Motors,car rental,,0092-322-2666434,"Branches: Plot No 83-C, Khalid Bin Waleed Road, PECHS Block 2, Karachi, Pakistan-75500, Karachi, Sindh",https://www.businesslist.pk/company/168109/al-sheikh-motors,businesslist_pk,scrapy,car-rental,2026-08-21T19:28:11.009552+00:00
Sts rent a car,car rental,,03132629229,"shop # 11 sultan plaza sector 5h north karachi, Karachi, Sindh",https://www.businesslist.pk/company/246423/sts-rent-a-car,businesslist_pk,scrapy,car-rental,2026-08-21T19:28:12.995616+00:00
Shani Travels,car rental,,03459555583,"Office # 9, 4th Floor, Shan Arcade, Barkat Market, New Garden Town, Lahore, Pakistan., Lahore, Punjab",https://www.businesslist.pk/company/249777/shani-travels,businesslist_pk,scrapy,car-rental,2026-08-21T19:28:15.117464+00:00
Rent a Car Pakistan Karachi,car rental,,+9221-34989960,"A-1 Sohail Center Block-8 Gulshan-e-Iqbal Karachi, Karachi, Sindh",https://www.businesslist.pk/company/242980/rent-a-car-pakistan-karachi,businesslist_pk,scrapy,car-rental,2026-08-21T19:28:17.118517+00:00
Shekab,car rental,http://www.shekab.com,03018500814,"I-8 Markaz, Islamabad, Islamabad Capital Territory",https://www.businesslist.pk/company/242055/shekab,businesslist_pk,scrapy,car-rental,2026-08-21T19:28:19.010622+00:00
Fast Track Tours &amp; Car Rental Lahore,car rental,http://www.rentacarlahore.net/,+92 300 8499507,"32/5,Block A,DHA Phase 1,Commercial Area,., Street 15, Lahore 54000, Pakistan, Lahore, Punjab",https://www.businesslist.pk/company/245277/fast-track-tourscar-rental-lahore,businesslist_pk,scrapy,car-rental,2026-08-21T19:28:20.948306+00:00
Qasim Van Transportation Services,car rental,,34324003,"C-53/54 Near MAJU, Sindhi Muslim Sociaty, PECHS Shahrah-e-Faisal   , Karachi, Sindh",https://www.businesslist.pk/company/242759/qasim-van-transportation-services,businesslist_pk,scrapy,car-rental,2026-08-21T19:28:22.942508+00:00
Rehan Rent A Car,car rental,https://www.rehanrentacar.com/,+923109933007,"karachi, Karachi, Sindh",https://www.businesslist.pk/company/245661/rehan-rent-a-car,businesslist_pk,scrapy,car-rental,2026-08-21T19:28:24.167233+00:00
Orange Travels &amp; Tours,car rental,https://rentacarinlahore.pk,+92301 6605555,"Colors Main Hussain chowk, 18th Avenue, MM Alam Rd,, Block B 3 Gulberg III, Lahore - 54000, Punjab, Pakistan, Lahore",https://www.businesslist.pk/company/257478/orange-travelstours,businesslist_pk,scrapy,car-rental,2026-08-21T19:28:25.710661+00:00
United 2D car service Abbottabad,car rental,,+92992384089,"Muqadas towers,Mandian Abbottabad, Abbottabad, Khyber Pakhtunkhwa",https://www.businesslist.pk/company/243040/united-2d-car-service-abbottabad,businesslist_pk,scrapy,car-rental,2026-08-21T19:28:27.412174+00:00
Baloch Rent A Car,car rental,http://www.balochrentacar.com,+924236621233,"E155/A GHAZNI LANE, NEAR DEFENCE CHOWK, Lahore, Punjab",https://www.businesslist.pk/company/242560/baloch-rent-a-car,businesslist_pk,scrapy,car-rental,2026-08-21T19:28:28.837131+00:00
Micro Rent A Cars Islamabad Pakistan,car rental,http://www.microrentacar.com,+92512344475,"JINNAH AVENUE BLUE AREA ISLAMABAD, Islamabad, Islamabad Capital Territory",https://www.businesslist.pk/company/243343/micro-rent-a-cars-islamabad-pakistan,businesslist_pk,scrapy,car-rental,2026-08-21T19:28:31.010214+00:00
A &amp; Z-Travel Related Services,car rental,http://www.aztrs.com,0512253407,"Office # 12, Zeeshan Plaza, G-8 Markaz, Islamabad, Islamabad, Islamabad Capital Territory",https://www.businesslist.pk/company/240169/az-travel-related-services,businesslist_pk,scrapy,car-rental,2026-08-21T19:28:33.222634+00:00
Rent a car in islamabad,car rental,https://getacar4rent.com/rent-a-car-in-islamabad/,03035668604,"umair plaza 3th floor, Rawalpindi, Punjab",https://www.businesslist.pk/company/251077/rent-a-car-in-islamabad,businesslist_pk,scrapy,car-rental,2026-08-21T19:28:35.037579+00:00
Abbasi Transport Services,car rental,http://abbasitransport.org,03322661333,"Airport Road sukkur, Sukkur, Sindh",https://www.businesslist.pk/company/240902/abbasi-transport-services,businesslist_pk,scrapy,car-rental,2026-08-21T19:28:37.127322+00:00
Shuja Royal Limo,car rental,http://shujaroyallimo.com,03111786444,"Thokar Niaz Baig, Lahore, Lahore, Punjab",https://www.businesslist.pk/company/246021/shuja-royal-limo,businesslist_pk,scrapy,car-rental,2026-08-21T19:28:39.078855+00:00
PSG Rent a Car Lahore,car rental,http://www.pakrentacar.pk,0337 8635 333,"SJ Arcade, Main Defence Road, Cantt., Lahore, Punjab",https://www.businesslist.pk/company/247146/psg-rent-a-car-lahore,businesslist_pk,scrapy,car-rental,2026-08-21T19:28:40.854145+00:00
M-Rides Pakistan,car rental,https://m-rides.com/pk/,"+92-21-35291137, +92-21-35291139","Clifton Diamond Plot Number BC, 10, Block 4 Clifton, Karachi, Sindh, Karachi",https://www.businesslist.pk/company/258182/m-rides-pakistan,businesslist_pk,scrapy,car-rental,2026-08-21T19:28:42.772162+00:00
Classic Automobiles,car rental,,34542428,"PECHS, Karachi, Sindh",https://www.businesslist.pk/company/243047/classic-automobiles,businesslist_pk,scrapy,car-rental,2026-08-21T19:28:44.177066+00:00
SA Rent a Car,car rental,http://sa-rentacar.com/,03165167043,"opposite Al Farooq Hotel, Near Street # 2. Committee Chowk, Rawalpindi, Rawalpindi, Islamabad Capital Territory",https://www.businesslist.pk/company/246897/sa-rent-a-car,businesslist_pk,scrapy,car-rental,2026-08-21T19:28:45.442464+00:00
Shahroz Limo,car rental,http://www.shahrozlimo.com,03224538888,"PSO Pump Galavary Ground Lahore, Lahore, Punjab",https://www.businesslist.pk/company/246668/shahroz-limo,businesslist_pk,scrapy,car-rental,2026-08-21T19:28:47.211553+00:00
Ali Rent A Car,car rental,http://www.alirentacar.com,0333-4348383,"Suite # 05, 4th Floor, Gohar Center, Wahdat Road, Lahore Pakistan, Lahore, Punjab",https://www.businesslist.pk/company/245241/ali-rent-a-car,businesslist_pk,scrapy,car-rental,2026-08-21T19:28:49.095623+00:00
Al-Qaim Cars Rental,car rental,http://alqaimcarsrental.webstarts.com,092-306-1970572,"Bahria town, Rawalpindi, Punjab",https://www.businesslist.pk/company/246619/al-qaim-cars-rental,businesslist_pk,scrapy,car-rental,2026-08-21T19:28:49.972506+00:00
Rent&quot;a&#039;Car Pakistan Lahore,car rental,http://www.rentacarlahore.pk,0300-2277225,"76, Rasool Park, Shama Road, New Mozang, Lahore, Punjab",https://www.businesslist.pk/company/240475/rentacar-pakistan-lahore,businesslist_pk,scrapy,car-rental,2026-08-21T19:28:51.656322+00:00
ECOCAB Tour Travels and Rent A Car,car rental,https://ecocab.com.pk/,+923051521041,"shop # 2 al-ameen housing society bedian road lahore cantt, Lahore",https://www.businesslist.pk/company/258113/ecocab-tour-travels-and-rent-a-car,businesslist_pk,scrapy,car-rental,2026-08-21T19:28:53.896608+00:00
DJ Rent A Car,car rental,https://www.djrentacar.pk,+923162755793,"Sir shah Suleiman road, Karachi",https://www.businesslist.pk/company/257833/dj-rent-a-car,businesslist_pk,scrapy,car-rental,2026-08-21T19:28:55.220526+00:00
Bhai Sahab Transport,car rental,https://www.bsahab.com/,+923133359533,"92-A Bridge coloney, Lahore, Punjab",https://www.businesslist.pk/company/246144/bhai-sahab-transport,businesslist_pk,scrapy,car-rental,2026-08-21T19:28:57.056025+00:00
Smart Track,car rental,http://www.smarttrack.com.pk,0423710255,"73-E-1 Hali Rd · In I.T. Tower Gulberg Lahore, Lahore, Punjab",https://www.businesslist.pk/company/245717/smart-track,businesslist_pk,scrapy,car-rental,2026-08-21T19:28:58.728075+00:00
Rent a Car Islamabad,car rental,https://www.rcirentacar.com.pk/,0332 5611163,"Suite 13B, Block R, Nazim-ud-din Rd, F-6/4 F 6/4 Blue Area, Islamabad, Islamabad Capital Territory 44000, Islamabad, Islamabad Capital Territory",https://www.businesslist.pk/company/252770/rent-a-car-islamabad,businesslist_pk,scrapy,car-rental,2026-08-21T19:29:00.643643+00:00
Cititransfers,car rental,http://www.cititransfers.net,923015370205,"Office 1-A, Javed Bhatti Plaza, G-6/1-1, Islamabad, Islamabad Capital Territory",https://www.businesslist.pk/company/242300/cititransfers,businesslist_pk,scrapy,car-rental,2026-08-21T19:29:02.478799+00:00
CNS Rent a Car Lahore,car rental,http://www.cnsrentacar.com/lahore,03454142020,"61 T Block, Commercial Market, DHA Phase 3, Lahore Cant. Pakistan, Lahore, Punjab",https://www.businesslist.pk/company/241627/cns-rent-a-car-lahore,businesslist_pk,scrapy,car-rental,2026-08-21T19:29:04.563564+00:00
Ac Rent a car,car rental,http://www.acrentacar.com/,03224042469,"3/3A, Phase 1, D.H.A Lahore, Lahore, Punjab",https://www.businesslist.pk/company/243778/ac-rent-a-car,businesslist_pk,scrapy,car-rental,2026-08-21T19:29:06.219359+00:00
Sherwani Rent A Car,car rental,https://srentacar.com.pk/,"(92 61) 6017300,  +92 300 7363346","Opposite Girls Degree College, Kutchery Road, Shadab Colony, Multan, Punjab",https://www.businesslist.pk/company/194155/sherwani-rent-a-car,businesslist_pk,scrapy,car-rental,2026-08-21T19:29:07.623827+00:00
Faiz Rent a Car and Tours,car rental,http://www.faizcarrental.com,+924235140699," Second Floor Office no:1 Ali Plaza Opposite Toyota Airport Motors, Khuda Buksh Colony Lahore, Lahore, Punjab",https://www.businesslist.pk/company/244779/faiz-rent-a-car-and-tours,businesslist_pk,scrapy,car-rental,2026-08-21T19:29:09.672800+00:00
Dogar Rent a Car Company,car rental,https://dogarrentacar.com,03246000786,"89-B, Main Boulevard Sabza Zaar Scheme Lahore, Lahore, Punjab",https://www.businesslist.pk/company/250045/dogar-rent-a-car-company,businesslist_pk,scrapy,car-rental,2026-08-21T19:29:11.593746+00:00
Rent a car Islamabad,car rental,https://www.rent-a-car-islamabad.com/,0518357847,"F6/4, Muhammadi Plaza, Nazim-ud-din Road, Islamabad, Pakistan, Islamabad, Islamabad Capital Territory",https://www.businesslist.pk/company/244316/rent-a-car-islamabad,businesslist_pk,scrapy,car-rental,2026-08-21T19:29:12.518284+00:00
Raza Khan Tours,car rental,http://www.razakhantours.com,021-32411350,"101 NEW BOLTON MARKET TOWER KARACHI, Karachi, Sindh",https://www.businesslist.pk/company/241307/raza-khan-tours,businesslist_pk,scrapy,car-rental,2026-08-21T19:29:13.750381+00:00
Rent a Car Lahore With Driver,car rental,http://www.rent-a-car-lahore.com/,0333 5466143,"DHA Phase 1, Lahore, Pakistan, Lahore, Punjab",https://www.businesslist.pk/company/247308/rent-a-car-lahore-with-driver,businesslist_pk,scrapy,car-rental,2026-08-21T19:29:14.852106+00:00
Alfalah Enterprises,car rental,http://WWW.ALFALAHENTERPRISESPK.COM,"0512342100,0512342200,1","OFF# 11 ,3RD FLOOR AALY PLAZA BLUE AREA ISLAMABAD, Islamabad, Islamabad Capital Territory",https://www.businesslist.pk/company/235484/alfalah-enterprises,businesslist_pk,scrapy,car-rental,2026-08-21T19:29:16.994525+00:00
Askari Cars: Rent a Car in Lahore,car rental,http://www.askaricars.com,03009430719,"Office # 02, Building No CCA-08, DD Block DHA Phase 04 Lahore, Lahore, Punjab",https://www.businesslist.pk/company/240917/askari-rent-a-car,businesslist_pk,scrapy,car-rental,2026-08-21T19:29:18.892566+00:00
Cheap rent a car lahore,car rental,http://www.fasttour.net/,+923218499507,"37-K,1st floor,commercial area DHA Phase 1, Lahore, Punjab",https://www.businesslist.pk/company/243496/cheap-rent-a-car-lahore,businesslist_pk,scrapy,car-rental,2026-08-21T19:29:20.693115+00:00
Hamza Travel and Motors Islamabad,car rental,https://hamzamotors.com.pk/,0518319744,"Plot Number 349-350, Industrial area, I-9/3, Islamabad, Islamabad, Federally Administered Tribal Areas",https://www.businesslist.pk/company/252090/hamza-travel-and-motors-islamabad,businesslist_pk,scrapy,car-rental,2026-08-21T19:29:22.214202+00:00
Beyond Adventures PVT LTD,car rental,http://www.beyondadventures.com.pk,0512163138,"Office no : 5 Crown Business Center E 11 / 2 Islamabad, Islamabad, Islamabad Capital Territory",https://www.businesslist.pk/company/252776/beyond-adventures-pvt-ltd,businesslist_pk,scrapy,car-rental,2026-08-21T19:29:24.347598+00:00
Ar Raheem Motors,car rental,http://ar-raheem-motors.com,03339737840,"Office #01, Building K-300 (Opposite UBL Bank), Hameed Khan Road, Comettie Chowk, Rawalpindi., Rawalpindi, Punjab",https://www.businesslist.pk/company/249909/ar-raheem-motors,businesslist_pk,scrapy,car-rental,2026-08-21T19:29:26.454404+00:00
Pak Car Rentals,car rental,http://www.rentacarservices247.com/,+923420222262,"Street#29 plot # 135,G-9/1,Islamabad, Islamabad, Islamabad Capital Territory",https://www.businesslist.pk/company/245248/pak-car-rentals,businesslist_pk,scrapy,car-rental,2026-08-21T19:29:28.838903+00:00
Rent a Car Islamabad,car rental,http://www.rcitravelandtours.com/rent-a-car-islamabad/,0518430247,"Suite #06, Street 37, Jinnah Arcade, G-13/2 Islamabad, Islamabad, Punjab",https://www.businesslist.pk/company/248107/rent-a-car-islamabad,businesslist_pk,scrapy,car-rental,2026-08-21T19:29:30.590553+00:00
7 Eleven Car Rental &amp; Tours,car rental,https://www.facebook.com/7elevenenterprises,03365548497,"Office: 3B, Al-Rehman Chamber, Blue Area, Islamabad, Islamabad, Islamabad Capital Territory",https://www.businesslist.pk/company/252529/7-eleven-car-rentaltours,businesslist_pk,scrapy,car-rental,2026-08-21T19:29:32.554251+00:00
AH Motors and Rent a Car,car rental,http://ahmotorsrentacar.com,02136966067,"ahmotorsrentacar.com, Karachi, Sindh",https://www.businesslist.pk/company/241840/ah-motors-and-rent-a-car,businesslist_pk,scrapy,car-rental,2026-08-21T19:29:34.303036+00:00
ViP Cab Taxi Rent A Car &amp; Driving School,car rental,http://vip-rent-a-car-driving-school.business.site/,03060602202,"Kashmir road, Sialkot, Punjab",https://www.businesslist.pk/company/245163/vip-cab-taxi-rent-a-cardriving-school,businesslist_pk,scrapy,car-rental,2026-08-21T19:29:36.130499+00:00
Asad Enterprises,car rental,http://www.asadtransport.com,02135057788,"C-209, Sector 31-F, Dar us Salam Society, Main Korangi Road, Karachi, Sindh",https://www.businesslist.pk/company/246041/asad-enterprises,businesslist_pk,scrapy,car-rental,2026-08-21T19:29:37.905117+00:00
Travelcon,car rental,,+923066363774,"2nd Floor, H-31, DHA Phase 1, Lahore, 54000, Lahore",https://www.businesslist.pk/company/258970/travelcon,businesslist_pk,scrapy,car-rental,2026-08-21T19:29:39.897295+00:00
Auto Rent,car rental,http://www.autorentacar.rentals,0346-7775444,"shop no 11,Faraz Avenue,Block 20,Gulistan e johar,karachi, Karachi, Sindh",https://www.businesslist.pk/company/241900/auto-rent,businesslist_pk,scrapy,car-rental,2026-08-21T19:29:42.085827+00:00
24 Hour Rent A Car &amp; Tours,car rental,http://www.facebook.com/24hourrentacarandtoursofficial,04237175637,"Main Boulevard DHA Phase 4 Lahore, Lahore, Punjab",https://www.businesslist.pk/company/254022/24-hour-rent-a-cartours,businesslist_pk,scrapy,car-rental,2026-08-21T19:29:43.306467+00:00
RCI Motors Islamabad,car rental,https://www.rcirentacar.com.pk/rent-a-car-islamabad/,0518430247,"Office #06, Nazim-ud-din Rd, Block R F 6/4 Blue Area, Islamabad, Islamabad, Islamabad Capital Territory",https://www.businesslist.pk/company/245499/rci-motors-islamabad,businesslist_pk,scrapy,car-rental,2026-08-21T19:29:44.972678+00:00
Haider Travels and Rent a Cars,car rental,http://www.haidertravels.com,0321-4104443,"Al-Rehman Plaza, Walton Road, Cantt, Lahore, Punjab",https://www.businesslist.pk/company/241482/haider-travels-and-rent-a-cars,businesslist_pk,scrapy,car-rental,2026-08-21T19:29:46.742086+00:00
Bookings Channel Private Limited,car rental,http://www.bookings-channel.com,+923088777977,"OFFICE NO 10 FIRST FLOOR ABRAR BUSINESS CENTER MAIN WAHDAT ROAD, Lahore, Punjab",https://www.businesslist.pk/company/253742/bookings-channel-private-limited,businesslist_pk,scrapy,car-rental,2026-08-21T19:29:48.544301+00:00
Asad Enterprises,car rental,http://www.asadtransport.com,02135057788,"C-209, Sector 31-F, Dar-us-Salam Society, Main Korangi Road, Karachi , Karachi, Sindh",https://www.businesslist.pk/company/246189/asad-enterprises,businesslist_pk,scrapy,car-rental,2026-08-21T19:29:50.490523+00:00
Vgudie Tours and Treks,car rental,http://www.vguidetours.com,03126766888,"Office# B201 1st Flour Swat shopping Mall Fizagat, Mingora, Khyber Pakhtunkhwa",https://www.businesslist.pk/company/252406/vgudie-tours-and-treks,businesslist_pk,scrapy,car-rental,2026-08-21T19:29:52.697229+00:00
Rent a Car Islamabad,car rental,https://www.rent-a-car.com.pk/,05188430247,"Suit# 13A, Muhammadi Plaza, F-6/4, Islamabad, Islamabad, Punjab",https://www.businesslist.pk/company/248740/rent-a-car-islamabad,businesslist_pk,scrapy,car-rental,2026-08-21T19:29:53.907615+00:00
AB Rent A Car,car rental,,+923214002325,"GF.85 Divine Mega 2 Plaza, Near Honda Point Main Airport Road Lahore, Pakistan, Lahore, Punjab",https://www.businesslist.pk/company/244799/ab-rent-a-car,businesslist_pk,scrapy,car-rental,2026-08-21T19:29:56.120218+00:00
Al Madina Rent A Car,car rental,http://www.almadinarentacar.com,+924235923940,"17-F-1, Main Punjab CO-Operative Housing Society, Lahore, Punjab",https://www.businesslist.pk/company/245152/al-madina-rent-a-car,businesslist_pk,scrapy,car-rental,2026-08-21T19:29:58.359757+00:00
RCI Rent a Car Islamabad,car rental,https://www.rcirentacar.com.pk/rent-a-car-islamabad,0518485007,"Suit 13, Muhammadi Plaza, F-6/4, Islamabad, Islamabad, Islamabad Capital Territory",https://www.businesslist.pk/company/246289/rci-rent-a-car-islamabad,businesslist_pk,scrapy,car-rental,2026-08-21T19:30:00.283908+00:00
Wadood Travels Services,car rental,http://www.wadoodtravels.com,0512306869,"Office # 1st Floor Jinnah Arcade Near Street # 39 G-13/2 Islamabad, Islamabad, Islamabad Capital Territory",https://www.businesslist.pk/company/242187/wadood-travels-services,businesslist_pk,scrapy,car-rental,2026-08-21T19:30:02.144669+00:00
The Ride Rent A Car,car rental,http://www.theride.com.pk,03369671204,"Office #10 Jinnah Arcade Street#37 G-13/2 Islamabad, Islamabad, Islamabad Capital Territory",https://www.businesslist.pk/company/251587/the-ride-rent-a-car,businesslist_pk,scrapy,car-rental,2026-08-21T19:30:04.276335+00:00
SAF Rent A Car Lahore,car rental,https://sites.google.com/view/rent-a-carlahore/home,03042795250,"E، 90/43 Street 3, Extension Super Town, Lahore, Punjab 54000, Lahore, Punjab",https://www.businesslist.pk/company/241848/saf-rent-a-car-lahore,businesslist_pk,scrapy,car-rental,2026-08-21T19:30:06.054992+00:00
Khan tours and rent a car,car rental,http://www.khantours.com.pk,009223214254169,"Canal Road Mughal Pura bus stop atta market office# 3, Lahore, Punjab",https://www.businesslist.pk/company/250306/khan-tours-and-rent-a-car,businesslist_pk,scrapy,car-rental,2026-08-21T19:30:08.265079+00:00
Jeco Private Limited,vehicle manufacturers,http://www.jeco.com.pk,+92-313-8648011,"Near Jinnah Interchange (Pindi bypass), G. T. Road., Gujranwala, Punjab",https://www.businesslist.pk/company/211270/jeco-private-limited,businesslist_pk,scrapy,vehicle-manufacturers,2026-08-21T19:30:10.150914+00:00
Shaharyar Traders,vehicle manufacturers,https://shaharyartraders.com/,04235162145,"14-C/1Main, Faisal Town Rd, Block C 1 Faisal Town, Lahore, Punjab 54000, Lahore, Punjab",https://www.businesslist.pk/company/251598/shaharyar-traders,businesslist_pk,scrapy,vehicle-manufacturers,2026-08-21T19:30:11.172238+00:00
SignTrack,vehicle manufacturers,https://signtrack.pk,+92 3372224455,"Street 118, G11/4, Islamabad, Pakistan, Islamabad",https://www.businesslist.pk/company/255023/signtrack,businesslist_pk,scrapy,vehicle-manufacturers,2026-08-21T19:30:13.192248+00:00
The Credit Insurance Company Ltd.,vehicle manufacturers,,0321-4680291,"Trafco House.1c1 Canal Bank Road Canal Park Gulberg ll Lahore Pakistan , Lahore, Punjab",https://www.businesslist.pk/company/121538/the-credit-insurance-company-ltd,businesslist_pk,scrapy,vehicle-manufacturers,2026-08-21T19:30:14.452249+00:00
Pantrac PVT LTD (Authorized dealer of Sinotruk),vehicle manufacturers,,03171008718,"House 81/1.22nd street. DHA VI. Khayaban e Badar., Karachi, Sindh",https://www.businesslist.pk/company/247690/pantrac-pvt-ltd-authorized-dealer-of-sinotruk,businesslist_pk,scrapy,vehicle-manufacturers,2026-08-21T19:30:16.633005+00:00
Trackinghub - Best car tracker company,vehicle manufacturers,,03424431234,"I-10, Javed market, Islamabad, Pakistan, Islamabad, Islamabad Capital Territory",https://www.businesslist.pk/company/254674/trackinghub-best-car-tracker-company,businesslist_pk,scrapy,vehicle-manufacturers,2026-08-21T19:30:18.564053+00:00
Ayub Shock Auto,vehicle manufacturers,,,"Shah Jahan Road Behind Data Darbar, Baari wala Chowk, Qamar Market Lahore , Lahore, Punjab",https://www.businesslist.pk/company/241354/ayub-shock-auto,businesslist_pk,scrapy,vehicle-manufacturers,2026-08-21T19:30:20.251216+00:00
Vecanza.com,auto parts newused,https://vecanza.com/,03211946029,"Islamabad, Islamabad, Islamabad Capital Territory",https://www.businesslist.pk/company/249221/vecanzacom,businesslist_pk,scrapy,auto-parts-newused,2026-08-21T19:30:22.507452+00:00
Five Star Honda/ Services in Johar,auto parts newused,https://www.fivestarhonda.com.pk/,+923368352032,"Shop # 3&amp;4, Crescent view apartment, Opposite Habib University Gulistan E Johar Block 13 Karachi, Karachi",https://www.businesslist.pk/company/255186/five-star-honda-services-in-johar,businesslist_pk,scrapy,auto-parts-newused,2026-08-21T19:30:23.805707+00:00
Modern Car Accessories,auto parts newused,https://www.moderncaraccessories.com/,0423-7722227,"Opposite Police Station Lari Ada Wazir Ali Center Lahore Badami Bagh، Data Nagar Badami Bagh, Lahore, Punjab 54000, Lahore, Punjab",https://www.businesslist.pk/company/248684/modern-car-accessories,businesslist_pk,scrapy,auto-parts-newused,2026-08-21T19:30:25.552006+00:00
i POS System,auto parts newused,http://www.ipossystem.com,03314410472,"335 A3 Gulberg 3, Lahore, Punjab",https://www.businesslist.pk/company/249014/i-pos-system,businesslist_pk,scrapy,auto-parts-newused,2026-08-21T19:30:27.004024+00:00
Lift-n-trade,auto parts newused,,+922132772471,"G-167, Ruby Plaza, Preedy Street, Karachi (near to preedy police station), Karachi",https://www.businesslist.pk/company/258908/lift-n-trade,businesslist_pk,scrapy,auto-parts-newused,2026-08-21T19:30:28.768579+00:00
Perfect Auto Parts,auto parts newused,,+923204061461,"Shop M27 first Floor Shafi Tower Near MCB Circular Road Badami bagh, Lahore",https://www.businesslist.pk/company/257634/perfect-auto-parts,businesslist_pk,scrapy,auto-parts-newused,2026-08-21T19:30:30.622156+00:00
Turbo tech Pakistan,auto parts newused,,,"Madina Plaza, Phase-II Shop# 69, M.A Jinnah Road",https://www.businesslist.pk/company/249344/turbo-tech-pakistan,businesslist_pk,scrapy,auto-parts-newused,2026-08-21T19:30:32.671022+00:00
Suzuki mardan Motors,auto parts newused,https://suzukimardan.com/,03166600002,"Chah Sultan Chaklala Cantt., Rawalpindi, Punjab 46000, Rawalpindi, Punjab",https://www.businesslist.pk/company/252892/suzuki-mardan-motors,businesslist_pk,scrapy,auto-parts-newused,2026-08-21T19:30:34.049954+00:00
Pakmoto,auto parts newused,https://pakmoto.com,03313555911,"5th Floor, Prop 26R-9/9, Montgomery Park, Montgomery Road, Lahore, Lahore, Punjab",https://www.businesslist.pk/company/247348/pakmoto,businesslist_pk,scrapy,auto-parts-newused,2026-08-21T19:30:36.240993+00:00
Zahid Impex,auto parts newused,https://zahid-impex.business.site,+92-21-32722551,"7-Rahim Manzil, Plaza Square, Muhammad Ali Jinnah Rd, Preedy Quarters, Karachi, Sindh",https://www.businesslist.pk/company/207981/zahid-impex,businesslist_pk,scrapy,auto-parts-newused,2026-08-21T19:30:37.858417+00:00
AA Parts,auto parts newused,https://www.aaparts.net/,(042)-3630717-1,"First floor H-06 Montgomery Road Lahore, Lahore, Punjab",https://www.businesslist.pk/company/254327/aa-parts,businesslist_pk,scrapy,auto-parts-newused,2026-08-21T19:30:38.799765+00:00
Hong de Impex,auto parts newused,http://www.hongdehd.com.pk,03204967152,"206A, 2nd floor siddique trade center gulberg-II, Lahore, Punjab",https://www.businesslist.pk/company/252173/hong-de-impex,businesslist_pk,scrapy,auto-parts-newused,2026-08-21T19:30:41.036309+00:00
Chiyoda Auto Lamp,auto parts newused,,924237721137,"Mcleod Road Lahore, Lahore, Punjab",https://www.businesslist.pk/company/253567/chiyoda-auto-lamp,businesslist_pk,scrapy,auto-parts-newused,2026-08-21T19:30:43.196445+00:00
Kashmir trader,auto parts newused,https://autopartskashmir.blogspot.com/,+92 3027998171,"Shop no 2 afroze market main guwalmondi road Rawalpindi, Rawalpindi, Punjab",https://www.businesslist.pk/company/253539/kashmir-trader,businesslist_pk,scrapy,auto-parts-newused,2026-08-21T19:30:45.321245+00:00
Irshad Rent a Car Bahawalpur,car rental,https://youtube.com/@irshadrentacar,+923071707019,"Saddar Puli, University Chowk, Bahawalpur Cantt, Bahawalpur, Punjab 63100, Bahawalpur",https://www.businesslist.pk/company/258598/irshad-rent-a-car-bahawalpur,businesslist_pk,scrapy,car-rental,2026-08-21T19:30:47.418243+00:00
RPM Car Rental,car rental,https://rpmcarrental.pk/,03009238948,"Suit # G-14, Allience Apartment, Sector 11 C 1 North Karachi, Karachi., Karachi, Sindh",https://www.businesslist.pk/company/252861/rpm-car-rental,businesslist_pk,scrapy,car-rental,2026-08-21T19:30:48.585476+00:00
Pay4Drive,car rental,http://pay4drive.com/,0302-4019477,"120, K-II, Wapda Town Lahore, Pakistan, Lahore, Punjab",https://www.businesslist.pk/company/243527/pay4drive,businesslist_pk,scrapy,car-rental,2026-08-21T19:30:50.922348+00:00
Faisalabad Car Rental And Tours,car rental,https://www.facebook.com/pg/faisalabadcarrental/about/,+923156099281,"Millat Chowk Shaikhupura Road ,Faislabad, Faisalabad, Punjab",https://www.businesslist.pk/company/242390/faisalabad-car-rental-and-tours,businesslist_pk,scrapy,car-rental,2026-08-21T19:30:52.342320+00:00
Farhan Car Rental Services,car rental,https://farhanrentacar.com/,+92 312 - 2810139,"Pakistan, Karachi",https://www.businesslist.pk/company/258887/farhan-car-rental-services,businesslist_pk,scrapy,car-rental,2026-08-21T19:30:54.293182+00:00
LahoreRentACar,car rental,http://lahore-rent-a-car-wapda-town-lhr.business.site,03123221155,"7-GCP Scheem, R1 Johar Town, Lahore, Punjab",https://www.businesslist.pk/company/247980/lahorerentacar,businesslist_pk,scrapy,car-rental,2026-08-21T19:30:56.193246+00:00
Gwadar Rent A Car,car rental,,+923092669837,"Sitellite Town, Main Road Quetta, Balochistan, Quetta, Balochistan",https://www.businesslist.pk/company/258441/gwadar-rent-a-car,businesslist_pk,scrapy,car-rental,2026-08-21T19:30:57.374811+00:00
Faisalabad Car Rental And Tours Service,car rental,https://www.facebook.com/pg/faisalabadcarrental/about/,03044006169,"Millat Chowk Shaikhupura Road Near Habib Metro Bank , Faisalabad, Punjab",https://www.businesslist.pk/company/250367/faisalabad-car-rental-and-tours-service,businesslist_pk,scrapy,car-rental,2026-08-21T19:30:59.351509+00:00
Balochistan Rent A Car,car rental,,+923313989100,"Shop No 28, Zaheen Plaza, Main Sariab Road, Quetta, Quetta",https://www.businesslist.pk/company/258443/balochistan-rent-a-car,businesslist_pk,scrapy,car-rental,2026-08-21T19:31:01.184945+00:00
Madina Rent A Car,car rental,http://madina-rent-a-car.business.site/,03214235986,"Haji Akram Plaza, Gate No.1, Sooter Mills, Main GT Road , Lahore, Punjab",https://www.businesslist.pk/company/247604/madina-rent-a-car,businesslist_pk,scrapy,car-rental,2026-08-21T19:31:02.877025+00:00
SwariHub,car rental,http://www.swarihub.com/rent-a-car-in-lahore,+92-300-4396570,"452-D Block Tajpura LDA , Lahore, Punjab",https://www.businesslist.pk/company/246224/swarihub,businesslist_pk,scrapy,car-rental,2026-08-21T19:31:04.725701+00:00
Master Rent A Car,car rental,https://www.masterrentacar.pk,923492049928,"House# 07, Str# 31, Sector-F, Manzoor Colony,  Near# Mehmoodabad, Karachi 75640. , Karachi, Sindh",https://www.businesslist.pk/company/248777/master-rent-a-car,businesslist_pk,scrapy,car-rental,2026-08-21T19:31:06.839697+00:00
Rent a Car Pakistan,car rental,http://www.rentacarpak.com,051 8772657,"Office 4, CAM Arcade II, Main GT Road Near Gate Phase 7-8, Bahria Town Rawalpindi,, Islamabad, Islamabad Capital Territory",https://www.businesslist.pk/company/249193/rent-a-car-pakistan,businesslist_pk,scrapy,car-rental,2026-08-21T19:31:08.642893+00:00
Jadeed Motors,car rental,https://jadeedmotors.com,0335 0911 786,"i-8 Islamabad, Pakistan, Islamabad, Islamabad Capital Territory",https://www.businesslist.pk/company/253583/jadeed-motors,businesslist_pk,scrapy,car-rental,2026-08-21T19:31:10.872290+00:00
Cars Travel Junction,car rental,http://www.carstraveljunction.com,+923456678510,"Office#02 Jinnah Arcade Street# 37 G-13/2, Islamabad, Islamabad Capital Territory",https://www.businesslist.pk/company/247553/cars-travel-junction,businesslist_pk,scrapy,car-rental,2026-08-21T19:31:13.015848+00:00
Haxn Rent a Car Rawalpindi Islamabad,car rental,http://www.haxnrentacar.com,03111431433,"Office # 1, Marquee Road, Main G-11 Signal, Kashmir Highway, G-12، Islamabad, 44000, Islamabad, Islamabad Capital Territory",https://www.businesslist.pk/company/249417/haxn-rent-a-car-rawalpindi-islamabad,businesslist_pk,scrapy,car-rental,2026-08-21T19:31:14.906093+00:00
Hunza Explorers Treks &amp; Tours,car rental,http://www.hunzaexplorers.com,+92 311 0804658,"Village Ghulkin P.O &amp; Tehsil Gulmit Gojal, upper Hunza, Islamabad, Gilgit-Baltistan",https://www.businesslist.pk/company/241746/hunza-explorers,businesslist_pk,scrapy,car-rental,2026-08-21T19:31:17.292521+00:00
Quetta 2D Car Service 03302211115,car rental,https://karachiquetta2dcarservice.com,03367801565,"University Road Karachi , Karachi, Sindh",https://www.businesslist.pk/company/254212/quetta-2d-car-service-03302211115,businesslist_pk,scrapy,car-rental,2026-08-21T19:31:19.277960+00:00
Makran Rent A Car Service - The Leading Car Rental,car rental,https://makranrentacar.pk/,03162791211,"Sariab Road Quetta 87550, Quetta, Balochistan",https://www.businesslist.pk/company/253584/makran-rent-a-car-service-the-leading-car-rental,businesslist_pk,scrapy,car-rental,2026-08-21T19:31:20.622459+00:00
Sher Brothers Rent a car,car rental,https//www.sherbrotherpakistan.com,04235312118,"18-C Nawab Town Raiwind road Lahore, Lahore, Punjab",https://www.businesslist.pk/company/252437/sher-brothers-rent-a-car,businesslist_pk,scrapy,car-rental,2026-08-21T19:31:22.434884+00:00
AutoAdvisers,auto dealers newused,https://autoadvisers.com/,+92 51 6121111,"Street 44-A, F-6/1 F 6/1 F-6, Islamabad, Islamabad Capital Territory 46000, Islamabad",https://www.businesslist.pk/company/258766/autoadvisers,businesslist_pk,scrapy,auto-dealers-newused,2026-08-21T19:31:24.425864+00:00
Fairwheels.com,auto dealers newused,,03214550829,"Iqbal Town, Lahore Pakistan, Lahore, Punjab",https://www.businesslist.pk/company/250190/fairwheelscom,businesslist_pk,scrapy,auto-dealers-newused,2026-08-21T19:31:25.823573+00:00
CarZaamin,auto dealers newused,,111 227 070,"57 - B Johar Town Lahore, Lahore, Punjab",https://www.businesslist.pk/company/249501/carzaamin,businesslist_pk,scrapy,auto-dealers-newused,2026-08-21T19:31:27.929853+00:00
Aimal Autos,auto dealers newused,https://www.facebook.com/aimalautos,+923128160016,"Double Road Civic Center Street Quetta , Quetta",https://www.businesslist.pk/company/257731/aimal-autos,businesslist_pk,scrapy,auto-dealers-newused,2026-08-21T19:31:29.950341+00:00
Aam Motors,auto dealers newused,https://www.ammmotors.com,+924232081630,"SHOWROOM 34, MUALANA SHAUKAT ALI ROAD ,JOHAR TOWN LAHORE, Lahore",https://www.businesslist.pk/company/258146/aam-motors,businesslist_pk,scrapy,auto-dealers-newused,2026-08-21T19:31:31.838640+00:00
Fixdar,auto repair,,03-111-222-819,"Karachi, Pakistan, Karachi, Sindh",https://www.businesslist.pk/company/254467/fixdar,businesslist_pk,scrapy,auto-repair,2026-08-21T19:31:33.428279+00:00
Quality Autos,auto repair,https://qualityautos6.wordpress.com/,+923323105538,"Bewal PLaza G9, Islamabad, Islamabad",https://www.businesslist.pk/company/257595/quality-autos,businesslist_pk,scrapy,auto-repair,2026-08-21T19:31:35.264209+00:00
Al-meena Marine Engineers,auto repair,,+923009509573,"Plot No 122-C Keamari Township,  Keamari, Karachi, 75620 Pakistan., Karachi",https://www.businesslist.pk/company/258780/al-meena-marine-engineers,businesslist_pk,scrapy,auto-repair,2026-08-21T19:31:36.751104+00:00
Raja Jalal Auto EFI Electrician &amp; Car AC,auto repair,,+923155782523,"Raja Jalal Auto EFI Electrician, Sarfaraz Market, Abdul Qadeer Khan Road, Khana Pull, Rawalpindi, Rawalpindi, Punjab",https://www.businesslist.pk/company/253594/raja-jalal-auto-efi-electriciancar-ac,businesslist_pk,scrapy,auto-repair,2026-08-21T19:31:38.398075+00:00
Naseer Autos,auto repair,https://www.naseerautos.biz,+92304 1111337,"D-55-A/1, SITE., Sindh, Karachi, Sindh",https://www.businesslist.pk/company/94336/naseer-autos,businesslist_pk,scrapy,auto-repair,2026-08-21T19:31:40.255660+00:00
Faw Jhelum Motors,auto repair,,0544-272191-92,"OPPOSITE DEGREE COLLEGE, MAIN G T ROAD JHELUM, Jhelum, Punjab",https://www.businesslist.pk/company/250906/faw-jhelum-motors,businesslist_pk,scrapy,auto-repair,2026-08-21T19:31:41.277240+00:00
Autosource Pvt Ltd,auto repair,,+923008451158,"Johar town lahore, Lahore",https://www.businesslist.pk/company/255062/autosource-pvt-ltd,businesslist_pk,scrapy,auto-repair,2026-08-21T19:31:43.154044+00:00
Ubaid Autos,auto repair,,+923002103102,"Plot #WS-10,Block-7,Opposit To DILL PASAND,F.B.Area, Karachi, Sindh",https://www.businesslist.pk/company/182442/ubaid-autos,businesslist_pk,scrapy,auto-repair,2026-08-21T19:31:44.888831+00:00
Auto Tech  express lube and maintenance,auto repair,http://autotech.pk,"051-5170676,","plot 2, block B, Main PWD road, oposit London bakery , Islamabad, Islamabad Capital Territory",https://www.businesslist.pk/company/249664/auto-tech-express-lube-and-maintenance,businesslist_pk,scrapy,auto-repair,2026-08-21T19:31:46.924033+00:00
Pakistan Auto Workshop,auto repair,https://www.mechanicar.com/pakistan,+923082544269,"J6P5+85V, Gulfishan Town, Sheikhupura, Punjab, Shekhupura",https://www.businesslist.pk/company/258807/pakistan-auto-workshop,businesslist_pk,scrapy,auto-repair,2026-08-21T19:31:48.068253+00:00
Costa Logistics Freight Forwarders &amp; Packers Movers,transport,,+923214108433,"Suit 608 Chappal Plaza karachi Pakistan, Karachi, Sindh",https://www.businesslist.pk/company/243985/costa-logistics-freight-forwarderspackers-movers,businesslist_pk,scrapy,transport,2026-08-21T19:32:21.863690+00:00
Packers and Movers,transport,http://packermovers.com.pk,0512102997,"uit # 16, 1nd floor Gull Plaza F-10 Markaz Islamabad, Islamabad, Islamabad Capital Territory",https://www.businesslist.pk/company/242966/packers-and-movers,businesslist_pk,scrapy,transport,2026-08-21T19:32:24.202932+00:00
Sa-rentacar,transport,,0316 5167043,"Pakistan Islamabad, Islamabad, Islamabad Capital Territory",https://www.businesslist.pk/company/248685/sa-rentacar,businesslist_pk,scrapy,transport,2026-08-21T19:32:30.479523+00:00
Clear Freight International,transport,http://www.clearfreight.org,92-21-5877433,"114, 1st Floor, Clifton Center, Block V,  Clifton, Karachi , Karachi, Sindh",https://www.businesslist.pk/company/235607/clear-freight-international,businesslist_pk,scrapy,transport,2026-08-21T19:32:32.128778+00:00
Peer Makki Goods Transport Company Lahore.,transport,,03214807466,"Head Office: Ada crown akbari mandi lahore. Sub Office:Quaid-e-Azam industrial estate lahore.  , Lahore, Punjab",https://www.businesslist.pk/company/245875/peer-makki-goods-transport-company-lahore,businesslist_pk,scrapy,transport,2026-08-21T19:32:38.730554+00:00
Master Paints Industries,transport,,0412629595,"Sadiq Market,  Railway Road, Faisalabad, Punjab",https://www.businesslist.pk/company/164682/master-paints-industries,businesslist_pk,scrapy,transport,2026-08-21T19:32:40.559302+00:00
Jeevay Laal Din Goods Transport Company,transport,,+923259724329,"Band Road Mehmood Booti Interchange Service Rd, Lahore, Lahore",https://www.businesslist.pk/company/254711/jeevay-laal-din-goods-transport-company,businesslist_pk,scrapy,transport,2026-08-21T19:32:47.913902+00:00
Adroit Cargo Management (pvt) Ltd.,transport,,"(92 21) 34325255, 34325256","#518,Anum Blessing,K.C.H.S.,Block 7/8,Shahrah-e-Faisal, Karachi",https://www.businesslist.pk/company/183455/adroit-cargo-management-pvt-ltd,businesslist_pk,scrapy,transport,2026-08-21T19:32:50.103869+00:00
Bns Logistics,transport,,"(92 52) 4598568, 4598659","14 Cantonment Plaza,Cantt, Sialkot",https://www.businesslist.pk/company/183466/bns-logistics,businesslist_pk,scrapy,transport,2026-08-21T19:32:57.934239+00:00
Agility Logistics (pvt) Ltd.,transport,,"(92 21) 34387102, 34322030, UAN : (92 21) 111-436-436","2nd Floor,Progressive Centre,Main Shahrah-e-Faisal,Block-6,P.E.C.H.S, Karachi",https://www.businesslist.pk/company/183456/agility-logistics-pvt-ltd,businesslist_pk,scrapy,transport,2026-08-21T19:32:59.671831+00:00
Allargo Global Logistics,logistics,,+92 21 34390901-3,"Maine Faisal (2nd Floor) PECHS Block 6, Shahrah-e-Faisal, Karachi, Sindh",https://www.businesslist.pk/company/245848/allargo-global-logistics,businesslist_pk,scrapy,logistics,2026-08-21T19:33:03.551678+00:00
Master Freight Services,transport,,"(92 21) 32473045, 32473041","Suite # 413,4th Floor,Chapal Plaza,Hasrat Mohani Rdn, Karachi",https://www.businesslist.pk/company/183507/master-freight-services,businesslist_pk,scrapy,transport,2026-08-21T19:33:05.535634+00:00
Gulsons Aircargo Services (pvt) Ltd.,transport,,"(92 21) 34537918, 34537916","1-1/2 P,Block 6,P.E.C.H.S, Karachi",https://www.businesslist.pk/company/183488/gulsons-aircargo-services-pvt-ltd,businesslist_pk,scrapy,transport,2026-08-21T19:33:07.388149+00:00
Freight Systems Pakistan (pvt) Ltd,transport,,"(92 21) 35823310, 35823301","Suite #320-321, The Forum, Khayaban-e-jami, Block-9, Clifton, Karachi",https://www.businesslist.pk/company/236255/freight-systems-pakistan-pvt-ltd,businesslist_pk,scrapy,transport,2026-08-21T19:33:08.675800+00:00
International Cargo Management,transport,,(92 42) 36371638,"#4,4th Floor,Rehman Plaza,Sharah-e-Fatima Jinnah, Lahore",https://www.businesslist.pk/company/183494/international-cargo-management,businesslist_pk,scrapy,transport,2026-08-21T19:33:10.710058+00:00
International Combine Cargo,transport,,"(92 52) 3259823, 3558928","Opp: WAPDA Colony,Shahabpura,Uggoki Road, Sialkot",https://www.businesslist.pk/company/183495/international-combine-cargo,businesslist_pk,scrapy,transport,2026-08-21T19:33:12.274198+00:00
Fjords Bay,transport,,(92 21) 34398556,"507-508,Marine Faisal,Block-6,P.E.C.H.S.,Shahrah-e-Faisal, Karachi",https://www.businesslist.pk/company/183480/fjords-bay,businesslist_pk,scrapy,transport,2026-08-21T19:33:13.569334+00:00
Ideal Industrial Corporation,transport,,0412634740,"Sadiq Market,  Railway Road, Faisalabad",https://www.businesslist.pk/company/164627/ideal-industrial-corporation,businesslist_pk,scrapy,transport,2026-08-21T19:33:15.631954+00:00
Gold Cross Cargo,transport,,(92 41) 8724557,"4,Z,14/4,Chenab Market,Madina Town, Faisalabad",https://www.businesslist.pk/company/183486/gold-cross-cargo,businesslist_pk,scrapy,transport,2026-08-21T19:33:17.276942+00:00
Ibrahim Traders,transport,,0412625528,"Gulistan Market,  Railway Road, Faisalabad",https://www.businesslist.pk/company/164626/ibrahim-traders,businesslist_pk,scrapy,transport,2026-08-21T19:33:19.322620+00:00
Icl International Cargo CO,transport,,"(92 21) 34389199, 34389198","#g-13, G.floor, Aramex Sms Tower, (kawish Crown), 37, Block-7/8, Shahrah-e-faisal, Karachi",https://www.businesslist.pk/company/236258/icl-international-cargo-co,businesslist_pk,scrapy,transport,2026-08-21T19:33:21.526537+00:00
Globalink Logistics Group,transport,,(92 51) 2220711,"Office #7,3rd Floor,Sajid Shariq Plaza,G-11 Markaz, Islamabad",https://www.businesslist.pk/company/183485/globalink-logistics-group,businesslist_pk,scrapy,transport,2026-08-21T19:33:22.558577+00:00
Karachi Cargo Services (pvt) Ltd.,transport,,"(92 41) 8739584, 8739586, UAN : (92 41) 111-111-527","P-9 Ravi Market,Madina Town,Main Susan Road, Faisalabad",https://www.businesslist.pk/company/183497/karachi-cargo-services-pvt-ltd,businesslist_pk,scrapy,transport,2026-08-21T19:33:24.188592+00:00
Hamza Enterprises,transport,,92931-801498,"Qalandar Khan Market, District Mardan, Sindh, Faisalabad, Sindh",https://www.businesslist.pk/company/86801/hamza-enterprises,businesslist_pk,scrapy,transport,2026-08-21T19:33:25.506716+00:00
Metro Goods Transport CO,transport,,"(92 21) 32315677, 32203434","6-b, 2nd Floor, Sattar Chamber, West Wharf Road, Karachi",https://www.businesslist.pk/company/237730/metro-goods-transport-co,businesslist_pk,scrapy,transport,2026-08-21T19:33:27.722236+00:00
Intercargo (pvt) Ltd.,transport,,"(92 21) 32315889, 32201831","7-A,2nd Floor,Hakimsons Bldg.,19-West Wharf Road, Karachi",https://www.businesslist.pk/company/183492/intercargo-pvt-ltd,businesslist_pk,scrapy,transport,2026-08-21T19:33:29.908572+00:00
M.m. Malik &amp; Co.,transport,,"(92 21) 35862999, 35860868","15-19,Ground Floor,Marine Centre,Block-2,Clifton,Shahrah-e-Ghalib, Karachi",https://www.businesslist.pk/company/183503/mm-malikco,businesslist_pk,scrapy,transport,2026-08-21T19:33:31.743237+00:00
Global Logistics System,transport,,"(92 52) 3242370, 3242371","Global House,Quran Mehal Str.,Shahab Pura,U.K. Road, Sialkot",https://www.businesslist.pk/company/183484/global-logistics-system,businesslist_pk,scrapy,transport,2026-08-21T19:33:33.080209+00:00
M.m. Malik &amp; CO,transport,,"(92 21) 35862999, 35860868","15-19, Ground Floor, Marine Centre, Block-2, Clifton, Shahrah-e-ghalib, Karachi",https://www.businesslist.pk/company/236260/mm-malikco,businesslist_pk,scrapy,transport,2026-08-21T19:33:35.124664+00:00
Global Corporation,transport,,9242-5410833,"405, Allama Iqbal Town, Punjab, Lahore, Punjab",https://www.businesslist.pk/company/99505/global-corporation,businesslist_pk,scrapy,transport,2026-08-21T19:33:36.994675+00:00
Gateway Express Transporation,transport,,"(92 21) 32205692, 32205695","Ground Floor, 19 West Wharf Rd, Hakim Sons Building, Karachi",https://www.businesslist.pk/company/237718/gateway-express-transporation,businesslist_pk,scrapy,transport,2026-08-21T19:33:39.112459+00:00
Fab Logistics,logistics,http://www.fablogistics.com.pk,Phone +92.21.3246 6289,"Suite # 1101,  11th floor, UNI Center,  I.I Chundrigar Road, Karachi - 74000, Pakistan. , Karachi, Sindh",https://www.businesslist.pk/company/240046/fab-logistics,businesslist_pk,scrapy,logistics,2026-08-21T19:33:40.997353+00:00
Ravian International Agencies,logistics,http://www.ravian.com,+92-21 35312180,"104C, 11th commercial st, Kh-e-Ittehad ph 2 ext , Karachi, Sindh",https://www.businesslist.pk/company/241200/ravian-international-agencies,businesslist_pk,scrapy,logistics,2026-08-21T19:33:42.817621+00:00
Greens Global Shipping &amp; Logistics,logistics,http://www.ggsl.com.pk,+924237396761,"Office No 4, 3rd Floor AB Height Main Air Port Road Lahore, Lahore, Punjab",https://www.businesslist.pk/company/243876/greens-global-shippinglogistics,businesslist_pk,scrapy,logistics,2026-08-21T19:33:45.087275+00:00
GNC- B2B and Logistics,logistics,http://b2bpro.pk,0313-2506685,"Federal B Area, karachi, Karachi, Sindh",https://www.businesslist.pk/company/243863/gnc-b2b-and-logistics,businesslist_pk,scrapy,logistics,2026-08-21T19:33:46.912665+00:00
Prima International,logistics,,"03334243636,","28-D national homes new muslim town lahore, Lahore, Punjab",https://www.businesslist.pk/company/151733/prima-international,businesslist_pk,scrapy,logistics,2026-08-21T19:33:48.616882+00:00
General Maritime (pvt) Ltd.,logistics,https://www.gmlpk.com,"9241-2648670 / 2648669, +92 21 35638288 9","Suit 1, 2nd Floor, Civil Line, Punjab, Faisalabad, Punjab",https://www.businesslist.pk/company/129508/general-maritime-pvt-ltd,businesslist_pk,scrapy,logistics,2026-08-21T19:33:50.497087+00:00
E-ma shipping,logistics,,+9221-32601355,"EM-A Shipping 5B-1, 5th Floor, Fakhri Trade Center, Shahra-e-Liaquat, Karachi, Karachi, Sindh",https://www.businesslist.pk/company/250444/e-ma-shipping,businesslist_pk,scrapy,logistics,2026-08-21T19:33:52.341076+00:00
Marshall Packers and Movers,logistics,,0512353617,"Adnan Plaza, G-10 Markaz, Islamabad, Islamabad Capital Territory",https://www.businesslist.pk/company/244781/marshall-packers-and-movers,businesslist_pk,scrapy,logistics,2026-08-21T19:33:53.451359+00:00
Inter Freight Services,logistics,http://www.interfreightservices.net,+92 52 4580370,"ALLAMA IQBAL MARKET 1ST FLOOR OFC NO. 4, PARIS ROAD SIALKOT, Sialkot, Punjab",https://www.businesslist.pk/company/243136/inter-freight-services,businesslist_pk,scrapy,logistics,2026-08-21T19:33:54.930813+00:00
M/s.Friends Multiple Services,logistics,,03128522974,"House # 35, Block-E, TP-II, New KDA society, Mehmoodabad # 2,, Karachi, Sindh",https://www.businesslist.pk/company/246823/msfriends-multiple-services,businesslist_pk,scrapy,logistics,2026-08-21T19:33:56.855265+00:00
Swyft Logistics,logistics,https://swyftlogistics.com/,,"Plot 29 C, P.E.C.H.S. Block 6 PECHS, Karachi, Karachi City, Sindh, Lahore",https://www.businesslist.pk/company/255389/swyft-logistics,businesslist_pk,scrapy,logistics,2026-08-21T19:33:58.995494+00:00
Combined Freight International,logistics,https://www.cfipak.com/logistics.php,"9221-2424400 / 2423696, 0092-21-32465741-5"," 11th Fl.Arkay Sqr.(Ext) Shahrah-e-Liaquat, Sindh, Karachi, Sindh",https://www.businesslist.pk/company/138571/combined-freight-international,businesslist_pk,scrapy,logistics,2026-08-21T19:34:00.772317+00:00
Orison Movers &amp; Packers (Pvt.)Ltd.,logistics,http://www.orisonlogistics.com,02134526205,"47/j block 02 p.e.c.h.s karachi, Karachi, Sindh",https://www.businesslist.pk/company/242497/orison-movers-packers-pvt-ltd,businesslist_pk,scrapy,logistics,2026-08-21T19:34:02.470547+00:00
Elective Cargo Services,transport,,"(92 52) 3250333, 3240331","ugoki Road,Shahab Pura, Sialkot",https://www.businesslist.pk/company/183472/elective-cargo-services,businesslist_pk,scrapy,transport,2026-08-21T19:34:04.084412+00:00
Airways Freight,transport,,"(92 51) 5707924, 5707925","Near MP Check Post,New Gulzar-e-Quaid,V.VIP Airport Road, Rawalpindi",https://www.businesslist.pk/company/183458/airways-freight,businesslist_pk,scrapy,transport,2026-08-21T19:34:05.567986+00:00
Ali Corporation,transport,,9221-7224987,"4, Saghir Hussain Shaheed Road, Saddar, Sindh, Karachi, Sindh",https://www.businesslist.pk/company/86692/ali-corporation,businesslist_pk,scrapy,transport,2026-08-21T19:34:07.686296+00:00
Faizcargo Services,transport,,"(92 41) 8783955, 8845661, UAN : (92 41) 111-663-355","159-B,Gulistan Colony, Faisalabad",https://www.businesslist.pk/company/183476/faizcargo-services,businesslist_pk,scrapy,transport,2026-08-21T19:34:09.887505+00:00
Bilal Traders,transport,,9255-4210600,"Bazar Kharadan, Punjab, Gujranwala, Punjab",https://www.businesslist.pk/company/105215/bilal-traders,businesslist_pk,scrapy,transport,2026-08-21T19:34:11.988024+00:00
Arf Shipping Services,transport,,"(92 41) 8501821, 8501824","Suite #63-64,1st Floor,Kohi-e-Noor 1,Jaranwala Road, Faisalabad",https://www.businesslist.pk/company/183461/arf-shipping-services,businesslist_pk,scrapy,transport,2026-08-21T19:34:13.536163+00:00
Amir Brothers,transport,,9242-7356388 / 7237603," Anarkali, Punjab, Lahore, Punjab",https://www.businesslist.pk/company/127221/amir-brothers,businesslist_pk,scrapy,transport,2026-08-21T19:34:15.536433+00:00
Faizcargo (pvt) Ltd.,transport,,(92 61) 4585492,"#18,1st Floor,Trust Plaza,LMQ Road, Multan",https://www.businesslist.pk/company/183475/faizcargo-pvt-ltd,businesslist_pk,scrapy,transport,2026-08-21T19:34:17.361391+00:00
Federal Corporation,transport,,9221-6316677,"M-1/B, Block-16 F.B. Area, Sindh, Karachi, Sindh",https://www.businesslist.pk/company/123395/federal-corporation,businesslist_pk,scrapy,transport,2026-08-21T19:34:19.327984+00:00
Bns Airservices (prt) Ltd,transport,,"(92 21) 35376492, 35376498","Gpc No.11, Praetorian Exchange, Rojhan Street, Block-5, Clifton, Karachi",https://www.businesslist.pk/company/236253/bns-airservices-prt-ltd,businesslist_pk,scrapy,transport,2026-08-21T19:34:21.070947+00:00
Bin Qutab International (pvt) Ltd.,transport,,"(92 51) 4437351, 4437352, UAN : (92 51) 111-637-637","Suit #26,3rd Floor,Twin City Plaza,I-8 Markaz, Islamabad",https://www.businesslist.pk/company/183462/bin-qutab-international-pvt-ltd,businesslist_pk,scrapy,transport,2026-08-21T19:34:23.090589+00:00
Afridi United Goods Transport Company (regd.) Karachi,transport,,"(92 21) 32350975, 32350974","Gate #6,Plot #187-A,New Trucks Stand,Hawksbay Road, Karachi",https://www.businesslist.pk/company/188997/afridi-united-goods-transport-company-regd-karachi,businesslist_pk,scrapy,transport,2026-08-21T19:34:25.200329+00:00
Bns Airservices (pvt) Ltd.,transport,,"(92 21) 32784940, 32783749","5 &amp; 15,Fleet Club,Liaquat Barracks,Saddar, Karachi",https://www.businesslist.pk/company/183465/bns-airservices-pvt-ltd,businesslist_pk,scrapy,transport,2026-08-21T19:34:27.266798+00:00
Dynamic Logistics International (pvt) Ltd.,transport,,(92 91) 5250742,"3rd Floor,TF-172,Deans Trade Centre,Cantt, Peshawar",https://www.businesslist.pk/company/183471/dynamic-logistics-international-pvt-ltd,businesslist_pk,scrapy,transport,2026-08-21T19:34:29.007296+00:00
Allied Corporation,transport,,9255-4218884 / 4215272,"St.Allied Factory Hafizabad Road, Punjab, Gujranwala, Punjab",https://www.businesslist.pk/company/105107/allied-corporation,businesslist_pk,scrapy,transport,2026-08-21T19:34:30.617200+00:00
Afridi United Goods Transport Company (regd.),transport,,"(92 51) 2261311, 2261211","Plot # 60,I &amp; T Centre,G-8/1, Islamabad",https://www.businesslist.pk/company/188996/afridi-united-goods-transport-company-regd,businesslist_pk,scrapy,transport,2026-08-21T19:34:32.396542+00:00
Bns Airservices (private) Limited,transport,,"(92 21) 35376492, 35376498","GPC No.11,Praetorian Exchange,Rojhan Street,Block-5,Clifton, Karachi",https://www.businesslist.pk/company/183464/bns-airservices-private-limited,businesslist_pk,scrapy,transport,2026-08-21T19:34:34.212580+00:00
Fast Track World Cargo,transport,,(92 21) 32417032,"#146,Wazir Mansion,Aiwan-e-Tijarat Road, Karachi",https://www.businesslist.pk/company/183478/fast-track-world-cargo,businesslist_pk,scrapy,transport,2026-08-21T19:34:35.442530+00:00
Crescent Cargo Carriers,logistics,,0300-6935855,"A-1 office 2nd floor dinar Chamber west wharf road Karachi, Karachi, Sindh",https://www.businesslist.pk/company/250277/crescent-cargo-carriers,businesslist_pk,scrapy,logistics,2026-08-21T19:34:36.812984+00:00
Love For Data,logistics,https://www.lovefordata.com,+92 21 37220220,"Bahria Complex IV, Extension Block, 2nd Floor, Gizri, Karachi, Karachi City, Sindh 75600, Karachi",https://www.businesslist.pk/company/255991/love-for-data,businesslist_pk,scrapy,logistics,2026-08-21T19:34:38.504222+00:00
Logistics Partner,logistics,https://www.logisticspartner.net,+ 92 21 326400301,"Plot No. 44, Zaki Centre, Office No. 10-A, 1st floor, I-8 Markaz I 8 Markaz I-8, Islamabad, Islamabad Capital Territory 44000, Karachi",https://www.businesslist.pk/company/256957/logistics-partner,businesslist_pk,scrapy,logistics,2026-08-21T19:34:40.369647+00:00
Noor Alam and Sons,logistics,,022-3863362,"Plot No 37, Mumtaz Colony Unit#2 Latifabad,Hyderabad, Hyderabad, Sindh",https://www.businesslist.pk/company/246056/noor-alam-and-sons,businesslist_pk,scrapy,logistics,2026-08-21T19:34:41.973674+00:00
Seagold (Pvt) Ltd,logistics,http://www.seagoldlimited.com,"9221-2850577-8, +92 21 35205013"," Keamari, Sindh, Karachi, Sindh",https://www.businesslist.pk/company/91227/seagold-pvt-ltd,businesslist_pk,scrapy,logistics,2026-08-21T19:34:43.772597+00:00
Crescent Lowbed Trailer Services,logistics,,0300-8254595,"Office # G-1, A.K. Chamber, West Wharf Road, Karachi, Karachi, Sindh",https://www.businesslist.pk/company/243283/crescent-lowbed-trailer-services,businesslist_pk,scrapy,logistics,2026-08-21T19:34:45.587177+00:00
Ezad Air Cargo Services,logistics,,03229250925,"Office Main Street Saad plaza jilaniabad Opp. Shaheen Cargo Old Airport Rawalpindi, Rawalpini, Islamabad Capital Territory",https://www.businesslist.pk/company/246811/ezad-air-cargo-services,businesslist_pk,scrapy,logistics,2026-08-21T19:34:47.524056+00:00
Matrix Logistics,logistics,http://www.matrixlogistic.com,"9221-2446248 / 2446094, +92 323 4366118","Suite # 310, M.A.Jinnah Road, Sindh, Karachi, Sindh",https://www.businesslist.pk/company/138909/matrix-logistics,businesslist_pk,scrapy,logistics,2026-08-21T19:34:49.319614+00:00
Next Generation,logistics,http://www.diginext.com.pk,"(92 21) 34554210, 34387175, +92-21-34556352 (53)","131/1/J,Block-2,P.E.C.H.S, Karachi",https://www.businesslist.pk/company/182002/next-generation,businesslist_pk,scrapy,logistics,2026-08-21T19:34:51.634065+00:00
Shah Logistics and Cargo Services,logistics,,03018280321,"Gate # 3, New Quaid-e-Azam Truck Stand, Hawksbay Road, Karachi., Karachi, Sindh",https://www.businesslist.pk/company/245640/shah-logistics-and-cargo-services,businesslist_pk,scrapy,logistics,2026-08-21T19:34:53.370874+00:00
Gerry&#039;s Dnata,logistics,https://www.gerrysdnata.com/Karachi,"9221-4671551,  +92 21 99071512, +92(0) 21 9907 1552"," Jinnah Terminal Jinnah International Airport, Sindh, Karachi, Sindh",https://www.businesslist.pk/company/138702/gerrys-dnata,businesslist_pk,scrapy,logistics,2026-08-21T19:34:55.595717+00:00
Freightmark Express Private Limited,logistics,http://www.freight-mark.com,3553221,"Suite 212-B,  2nd Floor Estate Avenu SITE Karachi, NAZIMABAD NO 3, Karachi, Sindh",https://www.businesslist.pk/company/254351/freightmark-express-private-limited,businesslist_pk,scrapy,logistics,2026-08-21T19:34:57.581954+00:00
AL Bilal Potohwar Goods Farwarding,logistics,,051 4444 833,"shop # 348 I-11-4 sabzi mandi Islamabad, Islamabad, Islamabad Capital Territory",https://www.businesslist.pk/company/246072/al-bilal-potohwar-goods-farwarding,businesslist_pk,scrapy,logistics,2026-08-21T19:34:59.203085+00:00
Karachi Coach Service,transport,https://www.facebook.com/Karachi-Coach-ServiceK-C-S-1683168768568618/,"92-21-8245077,  +92 336 2717070"," Central Jacob Lines Karachi, Karachi, Sindh",https://www.businesslist.pk/company/232419/karachi-coach-service,businesslist_pk,scrapy,transport,2026-08-21T19:35:01.204023+00:00
Lucky Traders,transport,,92 042 6290038,"8-fazal building cooper road, Punjab, Lahore, Punjab",https://www.businesslist.pk/company/110716/lucky-traders,businesslist_pk,scrapy,transport,2026-08-21T19:35:02.587725+00:00
Faraz Engineering Works,transport,,9221-2566332 / 2572867 / 2578421 / 2565874,"2/6, Near Bara Board Manghopir Road, Sindh, Karachi, Sindh",https://www.businesslist.pk/company/126174/faraz-engineering-works,businesslist_pk,scrapy,transport,2026-08-21T19:35:04.545500+00:00
Swift Movers (pvt) Ltd.,transport,,"(92 42) 36651302, 36669608","14 Commercial Building,Cavalry Ground,Cantt, Lahore",https://www.businesslist.pk/company/183544/swift-movers-pvt-ltd,businesslist_pk,scrapy,transport,2026-08-21T19:35:06.745345+00:00
Zey Square &amp; Company (pvt) Ltd.,transport,,"(92 21) 35654019, 35654017","Suite 2 &amp; 3,Ground Floor,Imperial Hotel Building,M.T.Khan Road, Karachi, Sindh",https://www.businesslist.pk/company/183568/zey-squarecompany-pvt-ltd,businesslist_pk,scrapy,transport,2026-08-21T19:35:07.946481+00:00
Kuehne + Nagel (pvt) Ltd.,transport,,"(92 21) 34312023, 34312028, UAN : (92 21) 111-099-099","Plot #47-E-3,Block-6,P.E.C.H.S, Karachi",https://www.businesslist.pk/company/183499/kuehnenagel-pvt-ltd,businesslist_pk,scrapy,transport,2026-08-21T19:35:09.947661+00:00
Abs Logistics - Pakistan,transport,,0092-42 6292884-5,"Shimla Complex, Near Queen Marry College, Lahore - Pakistan, Lahore, Punjab",https://www.businesslist.pk/company/243296/abs-logistics-pakistan,businesslist_pk,scrapy,transport,2026-08-21T19:35:12.029474+00:00
Rahman Cargo Services,transport,,"(92 52) 3553878, 3257326","Ugoki Road,Shahab Pura, Sialkot",https://www.businesslist.pk/company/183519/rahman-cargo-services,businesslist_pk,scrapy,transport,2026-08-21T19:35:13.701775+00:00
Senator Line,transport,,(92 41) 8729134,"41,Chenab Market,Madina Town, Faisalabad",https://www.businesslist.pk/company/183528/senator-line,businesslist_pk,scrapy,transport,2026-08-21T19:35:14.989236+00:00
Deugro Project &amp; Logistics Pakistan Pvt Ltd - Islamabad Branch,transport,,+92 51 2203 580,"Suite No 1, Ground Floor, Block No. 11,PHA Apartments, Sector G-7/1, Islamabad. (Near Agricultural Development Bank), Pakistan., Islamabad, Punjab",https://www.businesslist.pk/company/191182/deugro-projectslogistics-pakistan-pvt-ltd,businesslist_pk,scrapy,transport,2026-08-21T19:35:16.983511+00:00
Adnan Traders,transport,,(92 41) 2652592,"P-138, Chenab Chowk, Jhang Road Faisalabad, Karachi, Sindh",https://www.businesslist.pk/company/117776/adnan-traders,businesslist_pk,scrapy,transport,2026-08-21T19:35:19.022407+00:00
Shan Enterprises,transport,,9251-5478281," Bangash Colony Pirwadhai, Punjab, Rawalpini, Punjab",https://www.businesslist.pk/company/91316/shan-enterprises,businesslist_pk,scrapy,transport,2026-08-21T19:35:20.688408+00:00
Lufthansa Cargo,transport,,"(92 42) 36628647, 36628641","Shaheen Cargo Complex,Room #105-106,Allama Iqal,Int&#039;l Airport, Lahore",https://www.businesslist.pk/company/183501/lufthansa-cargo,businesslist_pk,scrapy,transport,2026-08-21T19:35:22.804491+00:00
Malik Company,transport,,9241-2619492 / 2640792," Railway Road, Punjab, Faisalabad, Punjab",https://www.businesslist.pk/company/107124/malik-company,businesslist_pk,scrapy,transport,2026-08-21T19:35:24.239983+00:00
Shaheen Traders,transport,,9241-2664671 / 2681183 / 2653424,"P-10, Nasir Colony, Punjab, Faisalabad, Punjab",https://www.businesslist.pk/company/91282/shaheen-traders,businesslist_pk,scrapy,transport,2026-08-21T19:35:26.474551+00:00
Aaa-iii Cargo Company,transport,,"(92 21) 35363791, 35363792","1st Floor,Building No.5/C,Lane-1,Zamzama,D.H.A, Karachi",https://www.businesslist.pk/company/183452/aaa-iii-cargo-company,businesslist_pk,scrapy,transport,2026-08-21T19:35:27.645918+00:00
Gold Cross Cargo &amp; Courier,transport,,(92 41) 8724557,"4-z, 14/4, Chenab Market, Susan Road, Madina Road, Faisalabad",https://www.businesslist.pk/company/236257/gold-cross-cargocourier,businesslist_pk,scrapy,transport,2026-08-21T19:35:28.967173+00:00
AD Logistics,transport,,"(92 21) 35212322, 35212323","Suite #413,Madina City Mall,Abdullah Haroon Road,Saddar, Karachi",https://www.businesslist.pk/company/183454/ad-logistics,businesslist_pk,scrapy,transport,2026-08-21T19:35:31.146901+00:00
Pak Group of Companies,logistics,http://pakgoc.com,042-36671545-9,"292-A Link 12 Street 6, Cavalry Ground, Lahore, Punjab",https://www.businesslist.pk/company/250475/pak-group-of-companies,businesslist_pk,scrapy,logistics,2026-08-21T19:35:32.496385+00:00
Ultimate Couriers,logistics,http://www.ucs.com.pk,021-35650446,"G-23 Snowhite Center Main Abdullah Haroon Road Saddar, Karachi, Karachi, Sindh",https://www.businesslist.pk/company/240938/ultimate-couriers,businesslist_pk,scrapy,logistics,2026-08-21T19:35:34.341371+00:00
EasyFresh Technologies,logistics,https://easyfreshtech.com,,"MW33+H5F, Tarnol, Islamabad, Islamabad Capital Territory, Islamabad",https://www.businesslist.pk/company/255289/easyfresh-technologies,businesslist_pk,scrapy,logistics,2026-08-21T19:35:36.009195+00:00
Cargodex logistics,logistics,,,"Office#R-188, 2 Block, P.E.C.H.S.",https://www.businesslist.pk/company/257655/cargodex-logistics,businesslist_pk,scrapy,logistics,2026-08-21T19:35:38.246555+00:00
Cargo N Cargo,logistics,https://www.cargoncargo.com/,9221-4937750," Kokan Housing 1st Floor Alamgir Road, Sindh, Karachi, Sindh",https://www.businesslist.pk/company/138543/cargo-n-cargo,businesslist_pk,scrapy,logistics,2026-08-21T19:35:40.054099+00:00
MOVE Express &amp; Logistics,logistics,https://www.movexpk.com,+92 311 1999993,"1 Hakeem Sultan Ahmad Dawoodi Rd, D Ground Block B People&#039;s Colony No 1, Faisalabad, Punjab, Karachi",https://www.businesslist.pk/company/255297/move-expresslogistics,businesslist_pk,scrapy,logistics,2026-08-21T19:35:42.068361+00:00
Leopards Courier Service,logistics,http://www.leopardscourier.com,"(92 47) 7621581,  +92 51 5527705"," Saddar, Rawalpindi, Punjab 46000, Rawalpindi, Punjab",https://www.businesslist.pk/company/184708/leopards-courier-service,businesslist_pk,scrapy,logistics,2026-08-21T19:35:44.021749+00:00
Essani Group Of Companies,logistics,http://www.essanigroup.com.pk,+923218290333,"Office no 603,604 Al rahim tower, main ii chundrigar road karachi, Karachi",https://www.businesslist.pk/company/257871/essani-group-of-companies,businesslist_pk,scrapy,logistics,2026-08-21T19:35:45.560948+00:00
Moveit Technologies,logistics,https://moveit.com.pk,+923358747800,"Mujahid business Centre, 36 Service Rd N, I-9/2 H 9/1 H-9, Islamabad, Islamabad Capital Territory 44000, Islamabad",https://www.businesslist.pk/company/255277/moveit-technologies,businesslist_pk,scrapy,logistics,2026-08-21T19:35:47.590230+00:00
Advance Shipping &amp; Logistics,logistics,,+923344548566,"#1110,11th Floor,Uni Centre,I.I.Chundrigar Road, Karachi, Sindh",https://www.businesslist.pk/company/191174/advance-shippinglogistics,businesslist_pk,scrapy,logistics,2026-08-21T19:35:48.776116+00:00
Insta World,logistics,http://instaworld.pk,+923238444444,"9th Floor, Nacon House, Din Mohammad Wafai Rd, Civil Lines, Karachi, Karachi City, Sindh 92000, Karachi",https://www.businesslist.pk/company/255296/insta-world,businesslist_pk,scrapy,logistics,2026-08-21T19:35:49.926784+00:00
Paklink Shipping Services,logistics,http://www.paklinkshipping.com,+92 21 32441333-6,"Suit No- 803, 8th Floor, Business Plaza,  Mumtaz Hassan Road, Karachi, 74000 - Pakistan. , Karachi, Sindh",https://www.businesslist.pk/company/243690/paklink-shipping-services,businesslist_pk,scrapy,logistics,2026-08-21T19:35:51.389983+00:00
Abdul Aziz Savul &amp; Co.,logistics,https://aasavul.com,"9221-5662211 / 5662214, +92 21 32603601","Mezzanine Floor, Beaumont Road Civil Lines, Sindh, Karachi, Sindh",https://www.businesslist.pk/company/138324/abdul-aziz-savulco,businesslist_pk,scrapy,logistics,2026-08-21T19:35:53.532172+00:00
Pakistan Post Office,logistics,http://www.pakpost.gov.pk,"+92 21 9912 7386, +92 21 9921 1130","Karachi Gpo Compound, I.i. Chundrigar Road, Karachi, Sindh",https://www.businesslist.pk/company/236736/pakistan-post-office,businesslist_pk,scrapy,logistics,2026-08-21T19:35:55.339340+00:00
Trukkr,logistics,https://www.trukkr.pk,+923330861030,"VX95+FCM, Mauripur Karachi, Karachi City, Sindh, Karachi",https://www.businesslist.pk/company/255219/trukkr,businesslist_pk,scrapy,logistics,2026-08-21T19:35:57.252897+00:00
Global Freight Advisors,transport,,(92 52) 300 871 9050,"Ground Floor,Shahab Centre,Shahab Pura, Sialkot, Punjab",https://www.businesslist.pk/company/183483/global-freight-advisors,businesslist_pk,scrapy,transport,2026-08-21T19:35:59.242621+00:00
Air Cargo Services,transport,,"(92 21) 34383233, 34383234, +92 21 34395444 55 66","50-F,Block-6,P.E.C.H.S, Karachi",https://www.businesslist.pk/company/183457/air-cargo-services,businesslist_pk,scrapy,transport,2026-08-21T19:36:01.211770+00:00
Abc Logistics Group,transport,,"(92 21) 34392407, 34392409, UAN : (92 21) 111-113-322","204,Hafeez Centre,Block 7/8,Comm. Area,K.C.H.S.U.,Main Shahra-e-Faisal, Karachi",https://www.businesslist.pk/company/183453/abc-logistics-group,businesslist_pk,scrapy,transport,2026-08-21T19:36:02.983137+00:00
Abl Logsitics,transport,,0514444833,"ist.office.348 i/11/4 islamabad, Islamabad, Islamabad Capital Territory",https://www.businesslist.pk/company/244098/abl-logsitics,businesslist_pk,scrapy,transport,2026-08-21T19:36:04.877545+00:00
Makkah Cargo Services,transport,,(92 41) 2600290,"Room No.8,2nd Floor,Zia Plaza,Behind Jeelos Hotel,Katchery Bazar, Faisalabad, Punjab",https://www.businesslist.pk/company/183505/makkah-cargo-services,businesslist_pk,scrapy,transport,2026-08-21T19:36:06.803864+00:00
All Way Traders,transport,,,"3rd Road, G-10/4, Islamabad, Islamabad, Islamabad Capital Territory",https://www.businesslist.pk/company/183910/all-way-traders,businesslist_pk,scrapy,transport,2026-08-21T19:36:08.673337+00:00
World Express Cargo Services,transport,,(92-52)4293204,"SUITE # 101, 2ND FLOOR,, ADJACENT TO DAWLANCE SERVICE CENTER, COL SHER ALI ALI SYTEET, OFF PARIS ROAD,, Sialkot, Punjab",https://www.businesslist.pk/company/183561/world-express-cargo-services,businesslist_pk,scrapy,transport,2026-08-21T19:36:10.704558+00:00
Allahabad Cargo Services (a.c.s),transport,,02132355704,"office 623 gate 1 street 1 new truck stand maripur karachi, Karachi, Sindh",https://www.businesslist.pk/company/244311/allahabad-cargo-services-acs,businesslist_pk,scrapy,transport,2026-08-21T19:36:13.028401+00:00
Karwan Goods Transport,transport,,"92-21-2526111, +92 71 5804234","Warehouse 3 &amp; 4, Nr. People Play Ground, Maripur, Khi, Karachi, Sindh",https://www.businesslist.pk/company/232464/karwan-goods-transport,businesslist_pk,scrapy,transport,2026-08-21T19:36:15.049011+00:00
World Link Courier Services,transport,,"(92 21) 35644434, (92 21) 35644435, +92 323 2065514","Suite #15, Shafiq Plaza, Near Karachi Press Club, Sarwar Shaheed Road, Karachi, Sindh",https://www.businesslist.pk/company/236270/world-link-courier-services,businesslist_pk,scrapy,transport,2026-08-21T19:36:16.594722+00:00
SILK Packers and movers Islamabad,transport,http://www.asklint.com/,03334310267,"13 paradise plaza g 10 markaz Islamabad, Hyderabad, Islamabad Capital Territory",https://www.businesslist.pk/company/242023/silk-packers-and-movers-islamabad,businesslist_pk,scrapy,transport,2026-08-21T19:36:18.401902+00:00
Regatta Maritime Agencies,transport,,+922132401948/45,"607, 06th Floor, Chapal Plaza, Hasrat Mohani Road, Karachi, Sindh",https://www.businesslist.pk/company/234959/regatta-maritime-agencies,businesslist_pk,scrapy,transport,2026-08-21T19:36:19.810361+00:00
Ideal Trading Company,transport,,+963 988 730 712,"Syria - Hama - Downtown, Hama, Faisalabad",https://www.businesslist.pk/company/86353/ideal-trading-company,businesslist_pk,scrapy,transport,2026-08-21T19:36:21.923478+00:00
Azam Transport Services,transport,,03453204079,"Deh tor, karachi toll plaza. , Karachi, Sindh",https://www.businesslist.pk/company/240962/azam-transport-services,businesslist_pk,scrapy,transport,2026-08-21T19:36:23.797443+00:00
Rajput Transport Network,transport,https://www.facebook.com/liaquat80,+92 300 3006788,"Bismillah Market, Shop No 353, Block 11, New Sabzi Mandi, Karachi, Sindh",https://www.businesslist.pk/company/248197/rajput-transport-network,businesslist_pk,scrapy,transport,2026-08-21T19:36:25.333094+00:00
Gac Logistics Pakistan (pvt) Ltd.,transport,,"(92 21) 32205215, 32205219","5th Floor,K.D.L.B. Building,58-West Wharf Road, Karachi",https://www.businesslist.pk/company/183942/gac-logistics-pakistan-pvt-ltd,businesslist_pk,scrapy,transport,2026-08-21T19:36:27.179782+00:00
Asif Trading Company,transport,,"+92-21-35392522,35392855","C-19/1 Allama Iqbal Road Manzoor Colony Karachi, Pakistan, Sindh, Karachi, Sindh",https://www.businesslist.pk/company/85438/asif-trading-company,businesslist_pk,scrapy,transport,2026-08-21T19:36:28.913425+00:00
Al-yousuf Coach Services,transport,https://www.facebook.com/ALYOUSAFEXPRESS/,"(92 81) 2443455, +92 81 2447303,  02132232147","Zarghoon Road, Quetta, Balochistan",https://www.businesslist.pk/company/184160/al-yousuf-coach-services,businesslist_pk,scrapy,transport,2026-08-21T19:36:30.690334+00:00
Dongpa Logistics,logistics,http://www.dongpalogistics.com,5442771,"A15 Descon plaza 1st floor، main sharah-e- faisal،, Karachi, Pakistan, Karachi, Sindh",https://www.businesslist.pk/company/241508/dongpa-logistics,businesslist_pk,scrapy,logistics,2026-08-21T19:36:32.689235+00:00
Waterlink Pakistan (Pvt.) Ltd.,logistics,http://www.waterlinkpak.com,+92 2135273344,"4-A, Kehkashan Town Houses, Block-5, Clifton, Karachi 75600, Karachi, Sindh",https://www.businesslist.pk/company/245607/waterlink-pakistan-pvt-ltd,businesslist_pk,scrapy,logistics,2026-08-21T19:36:33.662858+00:00
Dhl Pakistan (pvt) Ltd.,logistics,https://www.dhl.com/pk-en/home/contact-us.html,"+92 55 3844094, +92 21 111 345 111","Chaudhry Plaza Out Side General Bus Stand G.T. Road, Gujranwala, Punjab",https://www.businesslist.pk/company/127302/dhl-pakistan-pvt-ltd,businesslist_pk,scrapy,logistics,2026-08-21T19:36:35.563388+00:00
Tcs (pvt) Ltd.,logistics,https://www.tcsexpress.com/,"+92 302 8614601, +92 -21-111-123-456","N5 52250, Sabzi Mandi Link Rd, Bakhtay Wala, Gujranwala, Punjab",https://www.businesslist.pk/company/127406/tcs-pvt-ltd,businesslist_pk,scrapy,logistics,2026-08-21T19:36:37.416756+00:00
Flying Speedy Carrier,logistics,http://www.flyingspeedycarrier.com,02132331010,"Puri House West Wharf Road Karachi, Karachi, Sindh",https://www.businesslist.pk/company/247191/flying-speedy-carrier,businesslist_pk,scrapy,logistics,2026-08-21T19:36:39.652558+00:00
Passion impex Enterprises,logistics,https://www.passionimpexe.com/,0995614520,"Blue Area, Islamabad., Islamabad, Khyber Pakhtunkhwa",https://www.businesslist.pk/company/242288/passion-impex-enterprises,businesslist_pk,scrapy,logistics,2026-08-21T19:36:41.704991+00:00
AS International Transport,logistics,https://www.facebook.com/asinternational.pk/,0333 8266399,"Pak Chamber Karachi, Karachi, Sindh",https://www.businesslist.pk/company/254064/as-international-transport,businesslist_pk,scrapy,logistics,2026-08-21T19:36:42.925002+00:00
Speedex - Pia Speedex Courier Service,logistics,https://www.piac.com.pk/corporate/business-units/speedex,"(92 22) 9200821,  +92 21 99045700","Civic Center,Ground Floor,Fatima Jinnah Road, Hyderabad, Sindh",https://www.businesslist.pk/company/184723/speedex-pia-speedex-courier-service,businesslist_pk,scrapy,logistics,2026-08-21T19:36:44.123154+00:00
SW Shipping (Pvt) Ltd,logistics,http://www.swshipping.com.pk,009234380270,"305, 3 Floor,Khayam Chamber, Block # 2,P.E.C.H.S  Main Shahrah-e-Faisal , Karachi, Sindh",https://www.businesslist.pk/company/243753/sw-shipping-pvt-ltd,businesslist_pk,scrapy,logistics,2026-08-21T19:36:45.817941+00:00
Technician.pk,logistics,http://Technician.pk/,+923249994555,"LCE, SDSB, LUMS, DHA, Lahore, Punjab",https://www.businesslist.pk/company/242185/technicianpk,businesslist_pk,scrapy,logistics,2026-08-21T19:36:47.201763+00:00
D2D Cargo Services,logistics,https://d2dcargoservices.com.pk/,+92-322-1234567,"Plot no 34/2, Gen Truck Stand Ravi Link Road Badami Bagh Lahore, Lahore, Punjab",https://www.businesslist.pk/company/252530/d2d-cargo-services,businesslist_pk,scrapy,logistics,2026-08-21T19:36:49.115723+00:00
Karachi Movers and Packers,logistics,https://www.karachimovers.com,+923005750021," B-6, FAR&#039;S COMPLEX, BLOCK 13-A, 2ND FLOOR, SUIT # 5, GULSHAN-E-IQBAL KARACHI, Karachi",https://www.businesslist.pk/company/257788/karachi-movers-and-packers,businesslist_pk,scrapy,logistics,2026-08-21T19:36:51.331939+00:00
Dhl Service Provider,logistics,http://www.dhl.com,03456312922,"Zaman Plaza, Al-Madina Rd, Barkat Chowk, Township, Lahore, Punjab, 54770, Lahore, Punjab",https://www.businesslist.pk/company/246924/dhl-service-provider,businesslist_pk,scrapy,logistics,2026-08-21T19:36:53.347855+00:00
Air Express Courier &amp; Cargo,logistics,https://www.airexpresscourier.com.pk/,"(92 21) 36015413,  +92 21 34304851","Office No 12, Amber Castle, Main Sharah-e-Faisal, Block 6, PECHS, Karachi, Sindh",https://www.businesslist.pk/company/236733/air-express-couriercargo,businesslist_pk,scrapy,logistics,2026-08-21T19:36:55.498926+00:00
Rastgar Engineering Co. (pvt) Ltd.,logistics,http://www.rastgar.com,"9251-4433545 / 4433544, (051) 4433547, +92 51 4433544 47","304-307, Sector I-9/3 Industrial Area, Capital, Islamabad",https://www.businesslist.pk/company/94551/rastgar-engineering-co-pvt-ltd,businesslist_pk,scrapy,logistics,2026-08-21T19:36:56.593216+00:00
Riazeda (pvt) Ltd.,transport,http://riazeda.com.pk,"+92 21 32401181, +92 21 32401185","Floor 9/2, S, Chapal Plaza, Office: 105, 108, 109, 110, 111 1st, R. 2 Hasrat Mohani Rd, Karachi, Sindh",https://www.businesslist.pk/company/183520/riazeda-pvt-ltd,businesslist_pk,scrapy,transport,2026-08-21T19:36:58.684431+00:00
MY Cargo (pvt) Ltd,transport,http://www.mycargopk.com,"(92 52) 3250061, 3250062, +92 -321-3386000","Ugoki Road Shahab Pura, Sialkot",https://www.businesslist.pk/company/183508/my-cargo-pvt-ltd,businesslist_pk,scrapy,transport,2026-08-21T19:37:00.832145+00:00
Hino Hawksbay,transport,,+922132373176-9,"Z-3, Quaid-e-Azam Truck Stand Main Hawksbay Road, Karachi., Karachi, Sindh",https://www.businesslist.pk/company/246687/hino-hawksbay,businesslist_pk,scrapy,transport,2026-08-21T19:37:02.484706+00:00
Greenline Logistics,transport,,03035500110,"St 68, F-11/1, Islamabad, Islamabad Capital Territory",https://www.businesslist.pk/company/187789/green-line-logistics,businesslist_pk,scrapy,transport,2026-08-21T19:37:04.635423+00:00
Book My Travel &amp; Tours,transport,,0915250217-8,"UG-148 Deans Trade Center , Peshawar, Khyber Pakhtunkhwa",https://www.businesslist.pk/company/247568/book-my-traveltours,businesslist_pk,scrapy,transport,2026-08-21T19:37:06.552925+00:00
Moody.pk,transport,,03454488689,"Commercial Lane 585, Block H-3 Block H 3 Phase 2 Johar Town, Lahore, Punjab 54000, Lahore, Punjab",https://www.businesslist.pk/company/254291/moodypk,businesslist_pk,scrapy,transport,2026-08-21T19:37:08.359726+00:00
Multan Freight Lines,transport,,"00923219085148, +92 321 8371724","GATE NO,2 STREET NO,3 PLOT NO,478-479 NEW TRUCK,STAND HAWKSBAY ,MARIPUR ROAD ,KARACHI  , Karachi, Sindh",https://www.businesslist.pk/company/244566/multan-freight-lines,businesslist_pk,scrapy,transport,2026-08-21T19:37:09.476633+00:00
Global Cargo Consolidators,transport,http://www.gccpak.com,052-4601611-2,"Main defence road, Sialkot 51310, Pakistan, Sialkot, Punjab",https://www.businesslist.pk/company/239982/global-cargo-consolidators,businesslist_pk,scrapy,transport,2026-08-21T19:37:11.479218+00:00
AS Logistics Afghanistan,transport,,+93780000021,"House # 34, Street # 15, Wazir Akbar Khan, Karachi, Punjab",https://www.businesslist.pk/company/243253/as-logistics-afghanistan,businesslist_pk,scrapy,transport,2026-08-21T19:37:13.042428+00:00
Al-haq Cargo Service,transport,http://www.alhaqcargoservice.com,"+92-51-4447962, +92-51-44434022","Office# 1, Plot 2J, Potohar Plaza, I-9 Markaz, Islamabad., Islamabad",https://www.businesslist.pk/company/227417/al-haq-cargo-service,businesslist_pk,scrapy,transport,2026-08-21T19:37:14.886484+00:00
Sea Eagle Movers &amp; Logistics Pvt Ltd,transport,,+92-51-2303842,"Office No 18-B, Adnan Plaza, 2nd Floor, G-10 Markaz, Islamabad, Pakistan., Islamabad, Islamabad Capital Territory",https://www.businesslist.pk/company/245483/sea-eagle-moverslogistics-pvt-ltd,businesslist_pk,scrapy,transport,2026-08-21T19:37:17.116159+00:00
Pacewell Cargo &amp; Courier Services,transport,http://www.pacewell.com.pk,+92524591691,"DAR PLAZA, JAMAIT KHANA ROAD, SIALKOT, Sialkot, Punjab",https://www.businesslist.pk/company/242207/pacewell-cargocourier-services,businesslist_pk,scrapy,transport,2026-08-21T19:37:19.091759+00:00
Transways Forwarders,transport,http://www.transwayspk.com,(92 51) 2348673,"suite # 02   3rd FLOOR MUJAHID PLAZA JINNAH AVENUE BLUE AREA ISLAMABAD, Islamabad, Punjab",https://www.businesslist.pk/company/189052/transways-forwarders,businesslist_pk,scrapy,transport,2026-08-21T19:37:21.213642+00:00
Khan Enterprises,transport,,+92-51-227033,"Khan Enterprises Office, Main G.T. Road, Sarai-Kharboza Bus-Stop, Tarnol, Islamabad, Islamabad, Islamabad Capital Territory",https://www.businesslist.pk/company/242357/khan-enterprises,businesslist_pk,scrapy,transport,2026-08-21T19:37:23.330846+00:00
OnTime International Shipping and Logistics,transport,https://otishipping.com/,+9242-35786886,"UGF-19 Eden Heights, Main Boulevard III, ZIP Code 54000, Lahore Pakistan , Lahore",https://www.businesslist.pk/company/254944/ontime-international-shipping-and-logistics,businesslist_pk,scrapy,transport,2026-08-21T19:37:24.667244+00:00
Real Flowers PK,transport,,03000177325,"M01, Fatima Center, Off Khayaban-e-Hafiz, Karachi, Karachi, Sindh",https://www.businesslist.pk/company/250024/real-flowers-pk,businesslist_pk,scrapy,transport,2026-08-21T19:37:26.865092+00:00
SILK Packers &amp; Movers,logistics,https://silklogistics.com.pk/,+923005922382,"Blue Area, Islamabad, Islamabad Capital Territory",https://www.businesslist.pk/company/253708/silk-packersmovers,businesslist_pk,scrapy,logistics,2026-08-21T19:37:28.607856+00:00
Aerocean Freight Forwarder,logistics,http://www.aerocean.biz,0523550264,"Defence road, Sialkot, Punjab",https://www.businesslist.pk/company/242014/aerocean-freight-forwarder,businesslist_pk,scrapy,logistics,2026-08-21T19:37:30.370419+00:00
Qaswa Logistics Network,logistics,http://www.qaswalogistics.com.pk,9221-34394429,"1/6-A, First Floor, Block-6, (Off) Shahrah-e-Faisal, Sindh, Karachi, Sindh",https://www.businesslist.pk/company/138188/qaswa-logistics-network,businesslist_pk,scrapy,logistics,2026-08-21T19:37:32.247689+00:00
Amin Brothers Logistics Co.Pvt Ltd,logistics,http:www.ablogistics.com.pk,00923218225351,"Plot # 59 C Office # C-04 Touheed Comm,Street # 24 ,Phase -5 DHA Karachi , Karachi, Sindh",https://www.businesslist.pk/company/244866/amin-brothers-logistics-copvt-ltd,businesslist_pk,scrapy,logistics,2026-08-21T19:37:34.122397+00:00
Allied Logistic (smc-pvt.) Ltd.,logistics,https://alliedlogistics.com.pk/,"(92 21) 32859375, (92 21) 32850154","Suite #3-4,1st Floor,GSA House,19-Timber Pond,Keamari, Karachi, Sindh",https://www.businesslist.pk/company/187750/allied-logistic-smc-pvt-ltd,businesslist_pk,scrapy,logistics,2026-08-21T19:37:35.177851+00:00
Synergy Freight International,logistics,http://www.synergyfreightpk.com,(921) 34391901-3,"PECHS Block 6, Nursery Main Shahrah-e-Faisal  Karachi – Pakistan, Karachi, Sindh",https://www.businesslist.pk/company/245312/synergy-freight-international,businesslist_pk,scrapy,logistics,2026-08-21T19:37:36.906742+00:00
WAV Shipping Group,logistics,http://www.wavshippings.com,+92-21-34968787,"Office# M-34 / M-36 Mezzanine Floor, Falaknaz Plaza, Sharah-e-Faisal, Karachi, Sindh",https://www.businesslist.pk/company/242941/wav-shipping-group,businesslist_pk,scrapy,logistics,2026-08-21T19:37:38.910848+00:00
JK Pallet &amp; Packaging Ltd,logistics,http://jkpallets.pk,+923332182478,"Plot# LR 1/1/13, Lawrence Quarter, Ireland Road, Karachi, Sindh",https://www.businesslist.pk/company/248593/jk-palletpackaging-ltd,businesslist_pk,scrapy,logistics,2026-08-21T19:37:40.826848+00:00
Accurate Services Pakistan,logistics,http://www.akurateservices.com,+92-42-36300083,"3RD FLOOR, EISSA HEIGHTS, 58 LAWRENCE ROAD, LAHORE, PAKISTAN, Lahore, Punjab",https://www.businesslist.pk/company/249566/accurate-services-pakistan,businesslist_pk,scrapy,logistics,2026-08-21T19:37:42.594998+00:00
SMB Logistics Solutions,logistics,http://smblogisticssolutions.com,+92 21 32600691,"Suite # A-401, 4th Floor, New Chaali Trade Centre, Shahra-e-Liaquat, Karachi, Sindh",https://www.businesslist.pk/company/249603/smb-logistics-solutions,businesslist_pk,scrapy,logistics,2026-08-21T19:37:44.590530+00:00
CCS Couriers,logistics,http://www.communitycourierservices.com,09222331216,"Jinnah Road  Aamir Shaheed Road Abbottabad, Abbottabad, Khyber Pakhtunkhwa",https://www.businesslist.pk/company/242626/ccs-couriers,businesslist_pk,scrapy,logistics,2026-08-21T19:37:45.803900+00:00
Fasin International,logistics,http://www.fasininternational.com,+ 92-213-4325469-70,"Suite # 303, 3rd Floor, Anum Blessing Plot CC, Block 7&amp;8, K.C.H.S. Shahrah-e-Faisal, Karachi b  75350 Pakistan., Karachi, Sindh",https://www.businesslist.pk/company/243697/fasin-international,businesslist_pk,scrapy,logistics,2026-08-21T19:37:47.434625+00:00
Whc Express Courier,logistics,http://www.whcexpress.com,+92-52-3240162,"Basement Afzal 02 Shahbpura Road Sialkot, Sialkot, Punjab",https://www.businesslist.pk/company/243481/whc-express-courier,businesslist_pk,scrapy,logistics,2026-08-21T19:37:49.427836+00:00
Srs Shipping &amp; Logistics,logistics,http://www.srsshippings.com,021-34550770-71,"407 4th floor Marine Faisal, Shahra-e-Faisal, Karachi, Sindh",https://www.businesslist.pk/company/243381/srs-shippinglogistics,businesslist_pk,scrapy,logistics,2026-08-21T19:37:51.204719+00:00
Movers And Packers In Pakistan,transport,http://www.moversandpackers.pk/,03004108433,"328 Land Mark Plaza Jail Road Lahore, Islamabad, Punjab",https://www.businesslist.pk/company/245126/movers-and-packers-in-pakistan,businesslist_pk,scrapy,transport,2026-08-21T19:37:53.305828+00:00
Emirates Skycargo,transport,http://www.skycargo.com,"(92 21) 34671414, (92 21) 34671415,  +92 21 34577510","Room No. 4030, Quaid-e-Azam,International Airport, Karachi, Sindh",https://www.businesslist.pk/company/183473/emirates-skycargo,businesslist_pk,scrapy,transport,2026-08-21T19:37:55.437335+00:00
Packers and Movers in Karachi,transport,https://packersandmoversinkarachi.pk/,+923018416275,"M1 Mezzanine Floor, Plot 7c Street 5, Badar Commercial Area Defence V Extn, Karachi, Pakistan, Karachi",https://www.businesslist.pk/company/254754/packers-and-movers-in-karachi,businesslist_pk,scrapy,transport,2026-08-21T19:37:57.414214+00:00
Lahore Machinery Store,transport,https://www.facebook.com/Lahore-Machinery-STORE-119485006107176/,"+92 41 2614697, +92 303 4004132"," Railway Rd, Tariqabad, Faisalabad, Punjab",https://www.businesslist.pk/company/164654/lahore-machinery-store,businesslist_pk,scrapy,transport,2026-08-21T19:37:59.274724+00:00
Asia Cargo Services,transport,https://www.facebook.com/pakasiacargoservicespakistan/,"0412636991,  +92 321 6647096"," P-50, 3rd Floor, Chenab Market, Susan Road, Block Z Madina Town, Faisalabad, Punjab",https://www.businesslist.pk/company/164490/asia-cargo-services,businesslist_pk,scrapy,transport,2026-08-21T19:38:01.179920+00:00
Bissmillah cargo,transport,http://www.bcts.com,03357111111,"All khadim pump Rohri by pass, Sukkur, Sindh",https://www.businesslist.pk/company/242789/bissmillah-cargo,businesslist_pk,scrapy,transport,2026-08-21T19:38:03.360391+00:00
Mohsin Traders,transport,https://mohsintraders.com,9221-2420253,"Shop no 9, Sadaf Centre,  Serai Road, Karachi, Sindh, Karachi, Sindh",https://www.businesslist.pk/company/107170/mohsin-traders,businesslist_pk,scrapy,transport,2026-08-21T19:38:05.360221+00:00
M.A. Land Transport Co. (Pvt) Ltd.,transport,https://www.malco.pk/,"+92-21-2421445, 2420468, 2410202, 7010385","Room No. 16, 17, 2nd Floor, Off I.I. Chundrigar Road, Sindh, Karachi, Sindh",https://www.businesslist.pk/company/138881/ma-land-transport-co-pvt-ltd,businesslist_pk,scrapy,transport,2026-08-21T19:38:07.129587+00:00
Shahid Lowbed Services,transport,,0213-2010130,"PLOT# LS-57 Sector 1-A/7, Super Market, Super Highway, Karachi, Sindh",https://www.businesslist.pk/company/240314/shahid-lowbed-services,businesslist_pk,scrapy,transport,2026-08-21T19:38:09.003726+00:00
Flying Speedy Carrier,transport,http://flyingspeedycarier.com,03008929593,"PURRI HOUSE WEST WHARF 74000 ROAD KARACHI PAKISTAN , Karachi, Sindh",https://www.businesslist.pk/company/245433/flying-speedy-carrier,businesslist_pk,scrapy,transport,2026-08-21T19:38:11.043376+00:00
Crescent Trailer Service,transport,,0213-2313444,"1st Floor Room No 06A Dinar Chambers 12 West Wharf Road , Karachi, Sindh, Pakistan, Karachi, Sindh",https://www.businesslist.pk/company/246262/crescent-trailer-service,businesslist_pk,scrapy,transport,2026-08-21T19:38:12.359705+00:00
Falcon-i (pvt.) Ltd,transport,https://falconitracking.com,+92 21 111 007 333,"10-B Moulvi Tamizuddin Khan Rd, Lalazar, Karachi, Sindh",https://www.businesslist.pk/company/239661/falcon-i-pvt-ltd,businesslist_pk,scrapy,transport,2026-08-21T19:38:13.481285+00:00
Al Bilal Potohwar Goods Farwarding,transport,,+92514444833,"i-11-4 sabzimandi Islamabad, Islamabad, Islamabad Capital Territory",https://www.businesslist.pk/company/246847/al-bilal-potohwar-goods-farwarding,businesslist_pk,scrapy,transport,2026-08-21T19:38:14.910689+00:00
Crescent Cranes &amp; Carriers,transport,https://www.crescentcc.pk,+923009691111,"507, Al Qadir Heights, Babar Block, Garden Town, Lahore, Lahore",https://www.businesslist.pk/company/257865/crescent-cranescarriers,businesslist_pk,scrapy,transport,2026-08-21T19:38:16.612985+00:00
Quick Movers and Packers Logistics,logistics,http://www.quickpackers.com.pk,03125351992,"Gull plaza F-10 Markez Islamabad Suit # 16 2nd Floor, Islamabad, Islamabad Capital Territory",https://www.businesslist.pk/company/181386/quick-movers-and-packers-logistics,businesslist_pk,scrapy,logistics,2026-08-21T19:38:18.792828+00:00
Platinum Logistic Services,logistics,http://www.plspk.com,+92 300 823 50 10,"Room No. 213, 2nd  Floor, Hassan Chamber, Bohri Road, Near Custom House, Karachi-74400, Pakistan., Karachi, Sindh",https://www.businesslist.pk/company/247147/platinum-logistic-services,businesslist_pk,scrapy,logistics,2026-08-21T19:38:20.415148+00:00
Orgun Global Faster Logistics,logistics,http://www.ogflogistics.com,02132355556,"Gate,5 Howksbay Road New Truck Stand Karachi, Karachi, Sindh",https://www.businesslist.pk/company/241145/orgun-global-faster-logistics,businesslist_pk,scrapy,logistics,2026-08-21T19:38:22.324860+00:00
Akber Ali &amp; Sons,logistics,https://www.aayag.com,"92-321-8920931, +92 334 9280323","G / 1, Jevani Garden, J. M. 208, Amil Colony, 1, Soldier Bazar, 3., P.O. Box: 74000, Karachi, Sindh",https://www.businesslist.pk/company/219009/akber-alisons,businesslist_pk,scrapy,logistics,2026-08-21T19:38:23.839312+00:00
Jango movers and Packers,logistics,http://jango-packers-and-movers.business.site,03007454980,"Gulberg, Lahore, Punjab",https://www.businesslist.pk/company/245328/vesta-developers,businesslist_pk,scrapy,logistics,2026-08-21T19:38:25.299498+00:00
SILK Trade &amp; Logistics,logistics,http://www.asklint.com,03334310267,"13-B Paradise Plaza G-10 Markaz Islamabad, Islamabad, Islamabad Capital Territory",https://www.businesslist.pk/company/240852/silk-tradelogistics,businesslist_pk,scrapy,logistics,2026-08-21T19:38:27.407986+00:00
Wahid goods transport and car carrier company,logistics,http://www.wahidgoods.com,922132357722,"Hawks bay truck stand gate no 4 street no 1 plot no 318A karachi, Karachi, Sindh",https://www.businesslist.pk/company/247187/wahid-goods-transport-company-regd,businesslist_pk,scrapy,logistics,2026-08-21T19:38:29.164742+00:00
Red Sea Logistics and Distribution PVT LTD,logistics,http://www.redseagoc.com,04237500455,"Eden Centre, Jail Road, Lahore, Lahore, Punjab",https://www.businesslist.pk/company/244516/red-sea-logistics-and-distribution-pvt-ltd,businesslist_pk,scrapy,logistics,2026-08-21T19:38:30.135985+00:00
BNS Logistics,logistics,https://www.bns-logistics.com/,(+9221) 35376491-99,"Office No. 311, 3rd Floor The Forum, Clifton Block 9, Karachi-75600, Pakistan, Karachi, Sindh",https://www.businesslist.pk/company/251579/bns-logistics,businesslist_pk,scrapy,logistics,2026-08-21T19:38:32.003122+00:00
Translink Movers (TLM) Islamabad,logistics,http://www.translink.com.pk,92-51-22120415,"Office # 6, Mezzanine Floor, Yaseen Plaza,  Jinnah Avenue, Blue Area,  Islamabad 44000, Pakistan., Islamabad, Islamabad Capital Territory",https://www.businesslist.pk/company/138261/translink-movers,businesslist_pk,scrapy,logistics,2026-08-21T19:38:34.260458+00:00
KS &lt;span style=&quot;color: red&quot;&gt;dubai&lt;/span&gt; to pakista cargo,logistics,https://kstradinggroup.com/,0518484644,"bank road saddar, Islamabad, Islamabad Capital Territory",https://www.businesslist.pk/company/247724/ks-dubai-to-pakista-cargo,businesslist_pk,scrapy,logistics,2026-08-21T19:38:36.100831+00:00
Advance Cargo,logistics,http://www.advancecargo.com.pk,0423750076,"H# 156/A1 Gulberg III Lahore, Lahore, Punjab",https://www.businesslist.pk/company/244383/advance-cargo,businesslist_pk,scrapy,logistics,2026-08-21T19:38:37.174982+00:00
2 Paz Express,logistics,http://www.2pazexpress.com,0092 3366191111,"Office # L-02. Basement Afzal Plaza. Near Puffin Technologies, Shahab Pura. , Sialkot, Punjab",https://www.businesslist.pk/company/246951/2-paz-express,businesslist_pk,scrapy,logistics,2026-08-21T19:38:39.362441+00:00
Swift Way Logistics,package shipping,,,"31 Km Multan Road near Caltex, Shamkay Bhattian,",https://www.businesslist.pk/company/258068/swift-way-logistics,businesslist_pk,scrapy,package-shipping,2026-08-21T19:38:40.650152+00:00
Eastern Group Of Companies,package shipping,http://www.easterngroup-pk.com,"9242-5885171 / 5885172, +92 21 3 2851945-56","10/A Block-L Ferozepur Road, Punjab, Lahore, Punjab",https://www.businesslist.pk/company/133348/eastern-group-of-companies,businesslist_pk,scrapy,package-shipping,2026-08-21T19:38:42.898999+00:00
NOVA INTERNATIONAL SYSTEMS (Packers &amp; Movers),package shipping,,"+92-42-36680864, +92-42-36623115","4/4, Main Block Fortress Stadium, Punjab, Lahore, Punjab",https://www.businesslist.pk/company/139016/nova-international-systems,businesslist_pk,scrapy,package-shipping,2026-08-21T19:38:44.818514+00:00
Easy Movers Packers &amp; Movers Company in Pakitan,package shipping,,0300-4023092,"Block D Sabzazar, Lahore, Punjab, Lahore, Punjab",https://www.businesslist.pk/company/249534/easy-movers-packersmovers-company-in-pakitan,businesslist_pk,scrapy,package-shipping,2026-08-21T19:38:46.748939+00:00
EMA Shipping,package shipping,,+9221-32601355,"EM-A Shipping 5B-1, 5th Floor, Fakhri Trade Center, Shahra-e-Liaquat, Karachi, Karachi, Sindh",https://www.businesslist.pk/company/252696/ema-shipping,businesslist_pk,scrapy,package-shipping,2026-08-21T19:38:48.932308+00:00
F3 Packages,package shipping,,+923329084330,"address, M-11 WestLand Appt. Bahadurabad Alamgir road, Karachi 74800, sindh,, , Karachi, Karachi",https://www.businesslist.pk/company/257898/f3-packages,businesslist_pk,scrapy,package-shipping,2026-08-21T19:38:50.387229+00:00
King Enterprises,package shipping,,+92-51-5962222," Rawalpinid - Pakistan, Pakistan, Rawalpini",https://www.businesslist.pk/company/97565/king-enterprises,businesslist_pk,scrapy,package-shipping,2026-08-21T19:38:52.511917+00:00
iPack Movers,package shipping,https://ipack-movers.com/,+92 316 5695498,"Office # 14 Rafeeq palaza G-9 markaz Karachi company islamabad , Islamabad, Islamabad Capital Territory",https://www.businesslist.pk/company/249816/ipack-movers,businesslist_pk,scrapy,package-shipping,2026-08-21T19:38:54.329239+00:00
Al Zohaib Store - Best Clothing Brand In Pakistan,package shipping,,0322 9964242,"Adress 1, Karachi, Sindh",https://www.businesslist.pk/company/247218/al-zohaib-store-best-clothing-brand-in-pakistan,businesslist_pk,scrapy,package-shipping,2026-08-21T19:38:56.141022+00:00
1Quick Packers and MOvers Islamabad Lahore Karachi,package shipping,,0512102078,"789, Islamabad, Islamabad Capital Territory",https://www.businesslist.pk/company/235387/1quick-packers-and-movers-islamabad-lahore-karachi,businesslist_pk,scrapy,package-shipping,2026-08-21T19:38:58.107118+00:00
Skycapmovers,package shipping,,021 34800398,"Saima Square one mall, karachi, Karachi, Sindh",https://www.businesslist.pk/company/252168/skycapmovers,businesslist_pk,scrapy,package-shipping,2026-08-21T19:38:59.762649+00:00
Jamal Logistics,package shipping,,+92 322 4368753,"Suite E2, Garden Tower, Babar Block Garden Town, Lahore, Pakistan, Lahore",https://www.businesslist.pk/company/257451/jamal-logistics,businesslist_pk,scrapy,package-shipping,2026-08-21T19:39:01.853308+00:00
Hafiz karachi low bed trailer,package shipping,,03475351166,"GT road tarnol Islamabad , Islamabad, Islamabad Capital Territory",https://www.businesslist.pk/company/251053/hafiz-karachi-low-bed-trailer,businesslist_pk,scrapy,package-shipping,2026-08-21T19:39:04.115500+00:00
Techno Ware,package shipping,,"(92 42) 37417403, 37415226, +92 322 0936174","6-D,2nd Floor,Chauburji Centre,Multan Road, Lahore",https://www.businesslist.pk/company/191746/techno-ware,businesslist_pk,scrapy,package-shipping,2026-08-21T19:39:06.105831+00:00
MIT Logistics,package shipping,https://www.mitlogistics.com/,+92 21-3258-9151,"Suit No 208 2nd Floor Anum Trade Center Estate Avenue Main Ghani Chowrangi, Estate Ave, Sindh Industrial Trading Estate, Karachi, Karachi City, Sindh 75700, Karachi",https://www.businesslist.pk/company/257043/mit-logistics,businesslist_pk,scrapy,package-shipping,2026-08-21T19:39:08.257562+00:00
Pak Shaheen Container Services (pvt.) Ltd.,package shipping,https://pscs-psg.com/,"+92 21 32851800, +92 21 32851800 5","East Wharf Karachi, Karachi, Sindh",https://www.businesslist.pk/company/234498/pak-shaheen-container-services-pvt-ltd,businesslist_pk,scrapy,package-shipping,2026-08-21T19:39:10.287321+00:00
Roshpack,package shipping,https://www.roshpack.com,+92 34 76747225,"325 G-III, M.A Johar Town, Lahore, Pakistan, Lahore, Punjab",https://www.businesslist.pk/company/250450/roshpack,businesslist_pk,scrapy,package-shipping,2026-08-21T19:39:11.459397+00:00
Bykea,courier services,,+92-21-38654444,"Sindh, Karachi",https://www.businesslist.pk/company/255857/bykea,businesslist_pk,scrapy,courier-services,2026-08-21T19:39:13.708229+00:00
"Total Express Courier Service, Logistics &amp; Freight",courier services,,,"Plot # 1/5 E Block 6, P E C H S , Nursery Karachi, Karachi, Sindh",https://www.businesslist.pk/company/250858/total-express-courier-service-logisticsfreight,businesslist_pk,scrapy,courier-services,2026-08-21T19:39:15.660378+00:00
Bhejdoo Courier Service Pakistan,courier services,,03012046820,"mailsi, Vehari, Punjab",https://www.businesslist.pk/company/250799/bhejdoo-courier-service-pakistan,businesslist_pk,scrapy,courier-services,2026-08-21T19:39:17.817831+00:00
Stonehenge Logistics,courier services,,03178245687,"PLOT # 184,Causeway Road Near Alamgir Institute,Karachi Pakistan, Karachi, Sindh",https://www.businesslist.pk/company/254115/stonehenge-logistics,businesslist_pk,scrapy,courier-services,2026-08-21T19:39:19.963417+00:00
Track Hub,courier services,,+923421526654,"Saddar, Karachi, Karachi",https://www.businesslist.pk/company/257639/track-hub,businesslist_pk,scrapy,courier-services,2026-08-21T19:39:21.696941+00:00
First Flight Courier,courier services,,+924235290830,"10-G OPPSITE G-1 MARKET JOHAR TOWN LAHORE , Lahore, Punjab",https://www.businesslist.pk/company/250430/first-flight-courier,businesslist_pk,scrapy,courier-services,2026-08-21T19:39:23.909070+00:00
Call Courier,courier services,,+92-42-111-786-227,"Punjab, Lahore",https://www.businesslist.pk/company/256334/call-courier,businesslist_pk,scrapy,courier-services,2026-08-21T19:39:25.621825+00:00
Naqshabandia Enterprises,transport,http://Www.naqshabandia.enterprise.com,"0244362410 , 0244361522","Suite no 3,4 Ghulam Hyder Shah Colony Nawabshah, Nawabshah, Sindh",https://www.businesslist.pk/company/243333/naqshabandia-enterprises,businesslist_pk,scrapy,transport,2026-08-21T19:39:27.338576+00:00
FH Transport | Harraj Group,transport,http://www.fhtransporters.com,+923407992455,"House No.247, Sector 11½, Mohallah Yaqoobabad Orangi Town Karachi., Karachi, Sindh",https://www.businesslist.pk/company/249760/fh-transportharraj-group,businesslist_pk,scrapy,transport,2026-08-21T19:39:28.463595+00:00
AS International,transport,http://asinternational.pk,03009220114,"PLOT NO# A 668, STREET # 04, GATE NO # 03 QUAID-E-AZAM TRUCK STAND,HAWKS BAY ROAD,KARACHI, Karachi, Sindh",https://www.businesslist.pk/company/246029/as-international,businesslist_pk,scrapy,transport,2026-08-21T19:39:30.336708+00:00
PAKISTAN MOVERS &amp; PACKERS - regd,transport,http://www.pakistanmovers.com,923352206167,"Suit# M76 , Munir Mobile Mall  near Johar chowrangi  Gulistan e Johar Karachi, Karachi, Sindh",https://www.businesslist.pk/company/247004/pakistan-moverspackers-regd,businesslist_pk,scrapy,transport,2026-08-21T19:39:32.137186+00:00
Strack,transport,https://strack.pk/,03234748461,"office no 03 St no 01 Main Bazar Hassan Town Multan Road Lahore, Lahore, Punjab",https://www.businesslist.pk/company/254000/strack,businesslist_pk,scrapy,transport,2026-08-21T19:39:33.748315+00:00
Daewoo Express,transport,https://daewoo.com.pk,"+92 514264086, +92 42 111 007 008","363-B Rehmanabad Chowk Murree Road, Block B Satellite Town, Rawalpindi, Punjab",https://www.businesslist.pk/company/248192/daewoo-express,businesslist_pk,scrapy,transport,2026-08-21T19:39:35.432912+00:00
The Niazi&#039;s Logistics,transport,https://theniazislogistics.business.site,02132358585,"Plot 455-A Street 3,Gate 3 New Quaid e Azam Truck Stand Hawksbay Road Karachi 75780, Karachi, Sindh",https://www.businesslist.pk/company/251720/the-niazis-logistics,businesslist_pk,scrapy,transport,2026-08-21T19:39:37.635001+00:00
AL Asif Goods &amp; Car Carrier Service,transport,https://goodscarcarrier.blogspot.com/,0213-2528226,"Suite no. 1, Plot no. 38B, Al Imran Building, Near Frontier Hotel, Maripur Old Truck Stand, Karachi Pakistan., Karachi, Sindh",https://www.businesslist.pk/company/246654/al-asif-goodscar-carrier-service,businesslist_pk,scrapy,transport,2026-08-21T19:39:38.959045+00:00
Rehman travel,transport,https://www.rehmantravel.com,051111786785," HEAD OFF- E-11 Plot # 512, Street # 33, E-11/3, Islamabad  Ph: +92-51-111-786-785, Islamabad, Islamabad Capital Territory",https://www.businesslist.pk/company/248133/rehman-travel,businesslist_pk,scrapy,transport,2026-08-21T19:39:41.161230+00:00
Harbour Logistics / Harbour Enterprises,transport,http://www.harbourpakistan.com,+923218766411,"Suit E-12, Executive Floor, Glass Tower, Clifton, Karachi, Sindh",https://www.businesslist.pk/company/244066/harbour-enterprises,businesslist_pk,scrapy,transport,2026-08-21T19:39:42.499329+00:00
SPOT (Pvt) Ltd,transport,http://spot.net.pk/,"+92 51 4432848, +92 51 8358170","#238, Street 8, Industrial Area, i-9/3, Islamabad, Islamabad, Islamabad Capital Territory",https://www.businesslist.pk/company/197665/spot-pvt-ltd,businesslist_pk,scrapy,transport,2026-08-21T19:39:43.945801+00:00
Pak Qatar International Crane Services,transport,http://www.pakqatarcranes.com,0092-512226799,"Office # F-103 Geo Madina Tower Tarnol Islamabad, Islamabad, Islamabad Capital Territory",https://www.businesslist.pk/company/241058/pak-qatar-international-crane-services,businesslist_pk,scrapy,transport,2026-08-21T19:39:45.749282+00:00
Bookme.pk,transport,https://bookme.pk,+92 313 778 6888,"66- Block H, Gulberg 3, Lahore, Punjab",https://www.businesslist.pk/company/244240/bookmepk,businesslist_pk,scrapy,transport,2026-08-21T19:39:47.414633+00:00
Universal Cargo Services (pvt) Ltd.,transport,https://www.facebook.com/universalcargo.aromah/,"(92 21) 34546660, (92 21) 34540004, +92 213 453 808 083","208 Progressive Square, 2nd Flr,11-A, Block-6, PECHS, Karachi, Sindh",https://www.businesslist.pk/company/183557/universal-cargo-services-pvt-ltd,businesslist_pk,scrapy,transport,2026-08-21T19:39:49.623438+00:00
A.H Cargo Services,transport,http://www.ahcargo.com.pk,+923216006646,"Main Market Gullberg, Lahore, Punjab",https://www.businesslist.pk/company/245129/ah-cargo-services,businesslist_pk,scrapy,transport,2026-08-21T19:39:51.442330+00:00
PKGInternational,transport,https://pkginternational.com.pk/,+92-42-111-111-754,"Office No. 56, Block E-1, Johar Town, Lahore, Pakistan, Lahore, Punjab",https://www.businesslist.pk/company/246424/pkginternational,businesslist_pk,scrapy,transport,2026-08-21T19:39:52.604211+00:00
Lasani Logistics,logistics,http://www.lasanigroup.com/logistics,111-527-264,"11-Km, Multan Road, Near canal view gate number 3, Lahore, Punjab",https://www.businesslist.pk/company/252137/lasani-logistics,businesslist_pk,scrapy,logistics,2026-08-21T19:39:54.839802+00:00
Icon Freight Services (pvt) Ltd.,logistics,http://www.iconpk.com,"+92 42 35970774, +92 42 35970775","Suite No.1, Second Floor, Sharjah Centre.  62- Shadman Market. Lahore – Pakistan., Lahore, Punjab",https://www.businesslist.pk/company/245500/icon-freight-services-pvt-ltd,businesslist_pk,scrapy,logistics,2026-08-21T19:39:56.565955+00:00
3-Way Movers,logistics,https://www.3waymovers.com/islamabad/about.php,03438573813,"Faraz Plaza,G-9 Markaz,Islamabad, Pakistan. , Islamabad, Islamabad Capital Territory",https://www.businesslist.pk/company/245202/3-way-movers,businesslist_pk,scrapy,logistics,2026-08-21T19:39:58.373430+00:00
Pemcon Logistics &amp; Warehousing Pvt Ltd,logistics,http://www.plw.com.pk,"021 2360070, 2360080","S48 Gulbai Mauripur Road SITE, Karachi, Sindh",https://www.businesslist.pk/company/241350/pemcon-logisticswarehousing-pvt-ltd,businesslist_pk,scrapy,logistics,2026-08-21T19:40:00.448243+00:00
"Wahid Solution (You Think, We Deliver)",logistics,http://www.wahidsolutions.com,03422063794,"G-04 Bombaya Arcade Block 12 Gulistan-e-johar Karachi, Karachi, Sindh",https://www.businesslist.pk/company/248160/wahid-solution-you-think-we-deliver,businesslist_pk,scrapy,logistics,2026-08-21T19:40:02.673387+00:00
NEW LINE FREIGHT SYSTEMS,logistics,http://www.newlinepk.com,"+922135821205, +922135821206","2nd Floor, Apartment No. 4, 14-C 8th Commercial Ln, Zamzama Commercial Area Defence V Karachi, 75500, Karachi, Sindh",https://www.businesslist.pk/company/139000/new-line-freight-systems,businesslist_pk,scrapy,logistics,2026-08-21T19:40:04.073521+00:00
x4shipping &amp; Logistics LLC,logistics,,+923335505967,"SUIT NO. 01 - First Floor, Soni square, Alam Chowk, Mubarikpura - Sialkot - 51310, Pakistan, Sialkot, Punjab",https://www.businesslist.pk/company/258389/x4shippinglogistics-llc,businesslist_pk,scrapy,logistics,2026-08-21T19:40:05.200774+00:00
Karachi Packers,logistics,,+923152673662,"House 360, street 6, sector a , kashmir colony korangi road,, Karachi",https://www.businesslist.pk/company/258924/karachi-packers,businesslist_pk,scrapy,logistics,2026-08-21T19:40:07.456389+00:00
Xperts Oilfield Services,logistics,http://www.xperts-oilfield.com,051-4431495 - 4436095,"Plot No. 193, Korang Road,, Sector I-10/3, Islamabad, Punjab",https://www.businesslist.pk/company/244790/xperts-oilfield-services,businesslist_pk,scrapy,logistics,2026-08-21T19:40:09.217635+00:00
United Carrier Goods Forwarding Agency,logistics,http://www.pgtapunjab.com,+92-42-35970502,"Plot No 84, Sabzazar Truck Stand Near Babu Sabu Motorway Interchange Bund Road Lahore., Lahore, Punjab",https://www.businesslist.pk/company/241610/united-carrier-goods-forwarding-agency,businesslist_pk,scrapy,logistics,2026-08-21T19:40:11.322541+00:00
Searoute Freight,logistics,,+92 321 2425043,"Room #1002, 10th Floor, Uni Centre I.I Chundrigar Road, Karachi, Sindh",https://www.businesslist.pk/company/138213/searoute-freight,businesslist_pk,scrapy,logistics,2026-08-21T19:40:13.334423+00:00
Mehran Movers,logistics,http://www.mehranmovers.com,"34990186,87","R 9, Row 4, Block “C”,  N.C.C.H.S., Gulshan-e-Iqbal,  Block 10 A, Karachi, Pakistan. , Karachi, Sindh",https://www.businesslist.pk/company/235637/mehran-movers,businesslist_pk,scrapy,logistics,2026-08-21T19:40:14.796387+00:00
All my Tech,package shipping,https://allmytech.pk,+92 321 2134152,"39-C, Rahat Lane 3، Khayaban-e-Rahat،, Rahat Commercial Area Phase 6 Defence Housing Authority, Karachi, Karachi City, Sindh 74000, Karachi",https://www.businesslist.pk/company/256063/all-my-tech,businesslist_pk,scrapy,package-shipping,2026-08-21T19:40:16.877226+00:00
Ehsan Enterprises Goods Transport,package shipping,https://ehsangoods.com/,03008164060,"Ehsan Enterprises Goods Transport Company Plot B, Mound, 84 number plot D Block, Lahore, Lahore, Punjab",https://www.businesslist.pk/company/248902/ehsan-enterprises-goods-transport,businesslist_pk,scrapy,package-shipping,2026-08-21T19:40:18.123640+00:00
Eagle Movers &amp; Packers,package shipping,http://www.quickpackers.com.pk,0512102078,"789, Islamabad, Islamabad Capital Territory",https://www.businesslist.pk/company/240173/eagle-moverspackers,businesslist_pk,scrapy,package-shipping,2026-08-21T19:40:20.263497+00:00
Freight Connection Pakistan (pvt.) Ltd.,package shipping,http://www.fcppl.com,"9221-2200546, +9221 3 5147777","Ground Fl., West Wharf Road, Sindh, Karachi, Sindh",https://www.businesslist.pk/company/129501/freight-connection-pakistan-pvt-ltd,businesslist_pk,scrapy,package-shipping,2026-08-21T19:40:22.083950+00:00
Esskay International,package shipping,,+924200000000,"CANAL BANK LAHORE, Lahore, Punjab",https://www.businesslist.pk/company/252274/esskay-international,businesslist_pk,scrapy,package-shipping,2026-08-21T19:40:24.039796+00:00
Master Movers,package shipping,https://www.mastermovers.com.pk,+923009421640,"Suite No. 5, 2nd Floor, Allah Hu Building, Cavalry Ground, Lahore, Punjab, Lahore",https://www.businesslist.pk/company/257197/master-movers,businesslist_pk,scrapy,package-shipping,2026-08-21T19:40:26.265813+00:00
Ehsan Enterprises Goods Transport Company,package shipping,,03008164060,"EHSAN ENTERPRISES GOODS TRANSPORT COMPANY, Truck Stand Road, Lahore, Lahore, Punjab",https://www.businesslist.pk/company/248928/ehsan-enterprises-goods-transport-company,businesslist_pk,scrapy,package-shipping,2026-08-21T19:40:27.967487+00:00
Artistic Apparels (pvt) Ltd.,package shipping,http://www.artisticapparels.com,"(92 21) 34300077, (92 21) 34300085, +92 21 111 786 134, +92 21 111 786 135 136","Dr. Mahmood Husain Road, Pakistan Employees Co-Operative Housing Society Block 6 PECHS, Karachi, Sindh",https://www.businesslist.pk/company/195938/artistic-apparels-pvt-ltd,businesslist_pk,scrapy,package-shipping,2026-08-21T19:40:29.793717+00:00
Pakistan National Chemical Industries (Pvt) Ltd.,package shipping,https://www.pnsc.com.pk/,"(92 853) 303095, +92-21-99203980","Plot No.A 226-231, H.I.T.E. Hub (Baluchistan), Swabi, Sindh",https://www.businesslist.pk/company/154518/pakistan-national-chemical-industries-pvt-ltd,businesslist_pk,scrapy,package-shipping,2026-08-21T19:40:31.156899+00:00
Bindawood Logistics Services,package shipping,,02132410820-1,"Address: Office No. 7/16 7th Floor Arkay Square Extension Shahrah-e-Liaquat New Challi Karachi , Karachi, Sindh",https://www.businesslist.pk/company/249043/bindawood-logistics-services,businesslist_pk,scrapy,package-shipping,2026-08-21T19:40:33.421808+00:00
Timesaco,package shipping,,051111888809,"F-8, Islamabad, Islamabad, Islamabad Capital Territory",https://www.businesslist.pk/company/250742/timesaco,businesslist_pk,scrapy,package-shipping,2026-08-21T19:40:34.563736+00:00
Pakistan Movers &amp; Packers,package shipping,https://www.pakistanmovers.com,03352612665,"zamamza commercial lane 5, Karachi, Sindh",https://www.businesslist.pk/company/252706/pakistan-moverspackers,businesslist_pk,scrapy,package-shipping,2026-08-21T19:40:36.592064+00:00
Combined Freight International (NVOCC),package shipping,,21324657415,"Shahrah-e-Liaquat, Gari Khata, Karachi, Karachi City, Sindh, Karachi, Sindh",https://www.businesslist.pk/company/251432/combined-freight-international-nvocc,businesslist_pk,scrapy,package-shipping,2026-08-21T19:40:37.802195+00:00
Al Aziz,package shipping,,"92-573-553300/555102/103, +92 41 2423633"," Bhoun Chowk, Punjab, Chakwal, Punjab",https://www.businesslist.pk/company/136826/al-aziz,businesslist_pk,scrapy,package-shipping,2026-08-21T19:40:39.978729+00:00
Unique Agency,package shipping,http://uniqueagencycargo.wixsite.com/uniqueagency,03348563967,"Office#2, Main Road Phase II, Fazal Town. Rawalpindi, Punjab Pakistan, Rawalpindi, Punjab",https://www.businesslist.pk/company/247990/unique-agency,businesslist_pk,scrapy,package-shipping,2026-08-21T19:40:42.207903+00:00
TFT Worldwide Express,courier services,https://www.facebook.com/tftcouriers,+92-52-3573535,"Nawab Plaza Kashmir Road Near Sublime Chowk, Sialkot, Punjab",https://www.businesslist.pk/company/235448/tft-international-courier,businesslist_pk,scrapy,courier-services,2026-08-21T19:40:44.183184+00:00
Khyber Courier Service,courier services,https://khybercourier.com.pk,03018353450,"Swabi City, Swabi, Khyber Pakhtunkhwa",https://www.businesslist.pk/company/252444/khyber-courier-service,businesslist_pk,scrapy,courier-services,2026-08-21T19:40:46.153112+00:00
Expost Gulshan Office,courier services,http://www.expost.com.pk,0092-21-34960329,"Shop # A-1 / 32, Haider Plaza, Gulshan-e-Iqbal, Block 5 , Main Rashid Minhas Road, Karachi, Karachi, Sindh",https://www.businesslist.pk/company/243549/expost-intl-courier,businesslist_pk,scrapy,courier-services,2026-08-21T19:40:48.448456+00:00
Forrun - Cash on Delivery Service,courier services,http://forrun.co/,021 111 367 786,"Plot no. 195 block A, Sindhi Muslim. Karachi, Karachi, Sindh",https://www.businesslist.pk/company/249347/forrun-cash-on-delivery-service,businesslist_pk,scrapy,courier-services,2026-08-21T19:40:49.497817+00:00
Fast Route Runer Worldwide Express Pvt Ltd,courier services,,+923041345111,"Academy Road Fatehabad, Lahore, Lahore",https://www.businesslist.pk/company/258418/fast-route-runer-worldwide-express-pvt-ltd,businesslist_pk,scrapy,courier-services,2026-08-21T19:40:51.352100+00:00
DHL Express,courier services,http://www.dhl.com,+923024898663,"Office # G-16, Nawab Palaza Main Shadman Market Lahore, Lahore, Punjab",https://www.businesslist.pk/company/252719/dhl-express,businesslist_pk,scrapy,courier-services,2026-08-21T19:40:53.276516+00:00
Executive Packers and Movers,courier services,http://www.executivepackers.com,+923335303000,"office 39 ground floor sharjah plaza g10 markaz islamabad, Islamabad",https://www.businesslist.pk/company/257844/executive-packers-and-movers,businesslist_pk,scrapy,courier-services,2026-08-21T19:40:55.517479+00:00
Global Logistic Group,courier services,https://www.globallogisticgroup.com,+92(052) 4297797,"Office # B3, floor 3rd, Toheed Tower, Agha Kamal Haider, Sialkot Cantonment, Sialkot, 51310, Sialkot",https://www.businesslist.pk/company/257520/global-logistic-group,businesslist_pk,scrapy,courier-services,2026-08-21T19:40:56.840460+00:00
Leopards Courier Service Multan Road Lahore,courier services,https://leopards-courier-service-multan-road-lahore.business.site/,(042) 111 300 786,"SHOP # 03 AWAN TOWN NEAR GOURMET BAKERS Near Bank Alfalah, kakay zai, MULTAN ROAD, Lahore, Punjab",https://www.businesslist.pk/company/252206/leopards-courier-service-multan-road-lahore,businesslist_pk,scrapy,courier-services,2026-08-21T19:40:58.409851+00:00
Praetorian Pvt Ltd,courier services,https://www.praetorian-pk.com/,(+9221) 35376491-99,"Office No. 311, 3rd Floor The Forum, Clifton Block 9, Karachi-75600, Pakistan, Karachi, Sindh",https://www.businesslist.pk/company/251578/praetorian-pvt-ltd,businesslist_pk,scrapy,courier-services,2026-08-21T19:40:59.823547+00:00
Costa Logistics Packers &amp; Movers in Pakistan,courier services,https://www.costa.com.pk,+923214108433,"Office No 411 4th Floor Land Mark Plaza Jail Road Lahore, Lahore, Punjab",https://www.businesslist.pk/company/197422/costa-logistics-packersmovers,businesslist_pk,scrapy,courier-services,2026-08-21T19:41:01.936313+00:00
Pexus Logistics,courier services,,+92-316-4504554,"Land Mark Plaza Jail Road, Lahore, Punjab",https://www.businesslist.pk/company/258322/pexus-logistics,businesslist_pk,scrapy,courier-services,2026-08-21T19:41:03.913186+00:00
DTD Worldwide Express Pvt Ltd,courier services,https://www.dtd.com.pk/,+923334414140,"45 P, Gulberg 2, Lahore, Punjab",https://www.businesslist.pk/company/245729/dtd-worldwide-express-pvt-ltd,businesslist_pk,scrapy,courier-services,2026-08-21T19:41:05.422753+00:00
Movers And Packers,courier services,http://www.moversandpackers.com.pk,02132201709,"Shop 1 shama plaza kharadar karachi, Karachi, Sindh",https://www.businesslist.pk/company/251266/movers-and-packers,businesslist_pk,scrapy,courier-services,2026-08-21T19:41:07.342956+00:00
Aramex Courier Service,courier services,http://www.aramex.com,+922134536626,"Amber Towers Block 6 P.E.C.H.S Main Shahr-E-Faisal Karachi, Karachi",https://www.businesslist.pk/company/257424/aramex-courier-service,businesslist_pk,scrapy,courier-services,2026-08-21T19:41:08.692271+00:00
Immediate Couriers,courier services,http://www.immediatecouriers.com,0092-42-35881800,"Suit # 3, 1st Floor Mehboob Arcade Firdous Market Gulberg 3, Lahore, Punjab",https://www.businesslist.pk/company/249407/immediate-couriers,businesslist_pk,scrapy,courier-services,2026-08-21T19:41:10.129782+00:00
Leopards Courier Service (pvt) Ltd. (main Office),courier services,http://www.leopardscourier.com,"(92 41) 8732162, 8732262, UAN : (92 41) 111-300-786, +92 41 8732162","Imtiaz Shaheed Rd, Block W Madina Town, Faisalabad, Punjab",https://www.businesslist.pk/company/184709/leopards-courier-service-pvt-ltd-main-office,businesslist_pk,scrapy,courier-services,2026-08-21T19:41:12.158404+00:00
Pace Logistics PK,courier services,,+923077869949,"Al Khalil Center 3rd Floor office # 416, Kashmir Road Sialkot – Pakistan, Sialkot",https://www.businesslist.pk/company/258604/pace-logistics-pk,businesslist_pk,scrapy,courier-services,2026-08-21T19:41:14.185718+00:00
Linkers Logistics Movers and Packers Freight Agent,courier services,http://www.linkerslogistics.com,03214504056,"329 Land Mark Plaza Gulberg Jail road lahore, Lahore, Punjab",https://www.businesslist.pk/company/235061/linkers-logistics-packersmovers,businesslist_pk,scrapy,courier-services,2026-08-21T19:41:16.298892+00:00
Easy Movers And Packers,transport,https://easymovers.pk/,03004023092,"Easy Packers Movers And Goods Transport Company , Lahore, Punjab",https://www.businesslist.pk/company/250426/easy-movers-and-packers,businesslist_pk,scrapy,transport,2026-08-21T19:41:18.519554+00:00
Central Shipping Agencies - Pak,transport,http://www.central.pk,+92 21 38888979,"S-258, 2nd Floor, Glass Towers - Clifton, Karachi, Sindh",https://www.businesslist.pk/company/244228/central-shipping-agencies-pak,businesslist_pk,scrapy,transport,2026-08-21T19:41:20.427378+00:00
Al-Shahbaz,transport,http://www.alshahbaz.com,"03-111-000-065, +92 48 3214965","opp. General bus stand, Fatima Jinnah road, Sargodha, Punjab",https://www.businesslist.pk/company/219862/al-shahbaz,businesslist_pk,scrapy,transport,2026-08-21T19:41:22.493479+00:00
HQ Logistics,transport,,+923459313168,"main national highway Sukkur, Sukkur",https://www.businesslist.pk/company/258841/hq-logistics,businesslist_pk,scrapy,transport,2026-08-21T19:41:24.662778+00:00
Travel Lounge,transport,http://www.travellounge.com.pk,04235694638,"First Floor 268 Y Block Commerical Area Phase III DHA Lahore, Lahore, Punjab",https://www.businesslist.pk/company/240045/travel-lounge,businesslist_pk,scrapy,transport,2026-08-21T19:41:26.315203+00:00
Talal Goods Tansport Company,transport,https://talalgoods.com/,0301 8416275,"Talal Packers And Movers DHA Phase 1 Sector G 110 1st Floor Lahore , Lahore, Punjab",https://www.businesslist.pk/company/248915/talal-goods-tansport-company,businesslist_pk,scrapy,transport,2026-08-21T19:41:28.001498+00:00
Costa Movers &amp; Packers Pakistan,transport,http://www.costa.com.pk,03214108433,"2nd Floor Gul Plaza F 10 Markaz, Islamabad, Islamabad Capital Territory",https://www.businesslist.pk/company/240395/costa-moverspackers-pakistan,businesslist_pk,scrapy,transport,2026-08-21T19:41:30.304457+00:00
A.S. Logistic Services,transport,http://www.aslogisticservices.com,02134324941,"Office No SM 12 Al Kamran Center Mezzanine Floor Shahr e Faisal, Block 6 P.E.C.H.S,  Near Dehli Sweets.. Karachi, Karachi, Sindh",https://www.businesslist.pk/company/251346/as-logistic-services,businesslist_pk,scrapy,transport,2026-08-21T19:41:32.082062+00:00
New United Goods Forwarding Agency (NUGFA),logistics,https://www.facebook.com/nugfa1,+92 32201278,"Plot # A-616, Gate#1, St. # 1 New Quaid-e-Azam Truck Stand, Hawksbay Road, Mauripur, Karachi, Pakistan., Karachi",https://www.businesslist.pk/company/258412/new-united-goods-forwarding-agency-nugfa,businesslist_pk,scrapy,logistics,2026-08-21T19:41:33.902338+00:00
Sprint Packers n Movers,logistics,,+9221-35443288,"Head office KarachiI: Suite # 306 3rd Floor Nafees Arcade Gulshan-e-iqbal, K.D.A.Scheme-7, Karachi, Karachi, Sindh",https://www.businesslist.pk/company/242494/sprint-packers-n-movers,businesslist_pk,scrapy,logistics,2026-08-21T19:41:35.681785+00:00
KMW Domestic &amp; International Courier &amp; Cargo (Pvt.) Limited,logistics,http://www.kmwinternational.com,0992382800,"Office No 4 Amin Plaza PMA Link Road Jinnah Abad Abbottabad Pakistan, Abbottabad, Khyber Pakhtunkhwa",https://www.businesslist.pk/company/241284/kmw-domesticinternational-couriercargo-pvt-limited,businesslist_pk,scrapy,logistics,2026-08-21T19:41:37.910086+00:00
National Logistics Corporation (NLC),logistics,https://www.nlc.com.pk/,(051) 111 652 000,"Headquarters national logistics corporation, Harding Rd, Rawalpindi, Punjab 46000, Rawalpindi, Punjab",https://www.businesslist.pk/company/258729/national-logistics-corporation-nlc,businesslist_pk,scrapy,logistics,2026-08-21T19:41:39.412368+00:00
Azam afridi goods transport co.,logistics,,042-37702053,"437 Ravi link road lahore pakistan., punjab, Lahore, Punjab",https://www.businesslist.pk/company/137994/azam-afridi-goods-transport-co,businesslist_pk,scrapy,logistics,2026-08-21T19:41:41.115282+00:00
Packers and Movers Karachi Lahore Islamabad Multan,logistics,http://www.ghourilogistics.com,"+92 21 3236128, +92 311-111-5262","Suit M279 Main tower jilani center karachi, Karachi, Sindh",https://www.businesslist.pk/company/163523/packers-and-movers-karachi-lahore-islamabad-multan,businesslist_pk,scrapy,logistics,2026-08-21T19:41:43.116226+00:00
Seamax Shipping &amp; Logistics,logistics,http://www.seamaxship.com,021-32417444,"Suite# 813, 8th Floor, Falak Corporate City, I.I Chundrigar Road, Karachi, Sindh",https://www.businesslist.pk/company/253818/seamax-shippinglogistics,businesslist_pk,scrapy,logistics,2026-08-21T19:41:45.130566+00:00
Mushtriqa Mianwali Goods Transport,logistics,https://www.facebook.com/MushtriqaMianwaliGoodsTranport/,+923024877975,"Plot No 30 New sabzazar Truck stand Band Road Lahore, Lahore, Punjab",https://www.businesslist.pk/company/244614/mushtriqa-mianwali-goods-transport,businesslist_pk,scrapy,logistics,2026-08-21T19:41:46.990676+00:00
Balance Logistics &amp; Relocations,logistics,http://www.balancelog.com.pk,"+92-323-4218653, +92 42 32560356","4-5 Land Mark Plaza Jail Road, Lahore, Punjab",https://www.businesslist.pk/company/235089/balance-logisticsrelocations,businesslist_pk,scrapy,logistics,2026-08-21T19:41:49.247337+00:00
Facilities Shipping Agency,logistics,http://www.fsa.com.pk,+92 21 34328820-8,"Plot 206/A SMCHS Karachi Pakistan, Karachi, Sindh",https://www.businesslist.pk/company/129485/facilities-shipping-agency,businesslist_pk,scrapy,logistics,2026-08-21T19:41:50.387647+00:00
Fast Movers and Packers,logistics,https://fastmovers.pk/,+92 300 3738505,"50-B Punjab Small Industries Employees Co operative Housing Society Lahore Cantt, Lahore",https://www.businesslist.pk/company/258868/fast-movers-and-packers,businesslist_pk,scrapy,logistics,2026-08-21T19:41:52.532787+00:00
Ishfaq Movers And Packers,logistics,https://www.ishfaqmovers.com,03041111369,"138, Shop No 11, Plot No, 17 East St, near Toyota Defence, D.H.A. Phase 1 Karachi, 75500, Karachi, Sindh",https://www.businesslist.pk/company/249813/ishfaq-movers-and-packers,businesslist_pk,scrapy,logistics,2026-08-21T19:41:54.660777+00:00
Linex Freight Services,logistics,http://www.linexfreight.com,+92523553300,"Opposite Iqbal Town , Defence Road, Sialkot",https://www.businesslist.pk/company/258701/linex-freight-services,businesslist_pk,scrapy,logistics,2026-08-21T19:41:55.995685+00:00
H.O. ENTERPRISES,logistics,http://www.Hoe.com.pk,2422184 / 2471738,"Suite no 603/604 Al-Rahim tower ii Chundrigar road karachi pakistan, Karachi, Sindh",https://www.businesslist.pk/company/138727/ho-enterprises,businesslist_pk,scrapy,logistics,2026-08-21T19:41:57.575358+00:00
Happy Movers,logistics,http://www.happy-movers.com,+92 21 35810286,"Suite # 1 Mezzanine Floor, 1-E 7th Zamzama Commercial Lane, Phase V DHA Karachi - Pakistan., Karachi, Sindh",https://www.businesslist.pk/company/242769/happy-movers,businesslist_pk,scrapy,logistics,2026-08-21T19:41:59.770360+00:00
Little Riders,logistics,https://www.facebook.com/littleriders.pk,03334374943,"Zainab Tower, Model Town, Link Road, Lahore, Punjab",https://www.businesslist.pk/company/240162/little-riders,businesslist_pk,scrapy,logistics,2026-08-21T19:42:01.628476+00:00
National Logistics Corporation (NLC),logistics,https://www.nlc.com.pk,"+92 21-9205462, +92 21- 2850394, +92 21- 2850990, +92 51-111-652-000, +92 21-99205459","Near New Haji Camp, Mai Kolachi Road, Sultanabad, Karachi, Sindh",https://www.businesslist.pk/company/138965/national-logistics-corporation-nlc,businesslist_pk,scrapy,logistics,2026-08-21T19:42:03.387398+00:00
Galaxy Movers and Packers,logistics,https://www.galaxymovers.pk,03002563255,"Magnum Tower, Plot No LS-1, Main Korangi Industrial Rd, Sector 15 Korangi Industrial Area Karachi, Sindh. Karachi, 75900, Karachi, Sindh",https://www.businesslist.pk/company/243583/galaxy-movers-and-packers,businesslist_pk,scrapy,logistics,2026-08-21T19:42:05.523885+00:00
Sabir Textile Industries,textile,https://www.sabirtex.com,"(92 42) 35866587, +92 21 36962308","17-Civic Centre,1st Floor,New Garden Town, Lahore",https://www.businesslist.pk/company/196005/sabir-textile-industries,businesslist_pk,scrapy,textile,2026-08-21T19:43:19.155929+00:00
TUM packaging,food manufacturing,,042-5566778,"Plot No. 85-D, Near Shalimar Hospital, Link Rd, Lahore, Lahore, Punjab",https://www.businesslist.pk/company/245275/tum-packaging,businesslist_pk,scrapy,food-manufacturing,2026-08-21T19:43:21.039069+00:00
Decent Decor,furniture manufacturers,,03223359034,"1st Chowrangi, Opp.White Hall, Nazimabad Karachi, Karachi, Sindh",https://www.businesslist.pk/company/163171/decent-decor,businesslist_pk,scrapy,furniture-manufacturers,2026-08-21T19:43:23.272154+00:00
Friends Corporation Pvt Ltd,industrial equipment,http://www.friendcorp.com.pk,0213585555,"DHA, Karachi, Sindh",https://www.businesslist.pk/company/244724/friends-corporation-pvt-ltd,businesslist_pk,scrapy,industrial-equipment,2026-08-21T19:43:25.085595+00:00
Redbox Estate,estate agents,https://www.redbox.estate/,"+923217733269, +92 .304.111.0733","B 275, Block 10 Gulshan-e-Iqbal, Karachi, Karachi City, Sindh 75500, Karachi, Sindh",https://www.businesslist.pk/company/248475/redbox-estate,businesslist_pk,scrapy,estate-agents,2026-08-21T19:43:27.127074+00:00
Right Deed,estate agents,https://www.rightdeed.com/,"03056666227, +92 324 1800 633","191 Street 11, Sector Y DHA Phase 3, Lahore, Punjab, Pakistan., Lahore, Punjab",https://www.businesslist.pk/company/249132/right-deed,businesslist_pk,scrapy,estate-agents,2026-08-21T19:43:29.350277+00:00
Shan Builders &amp; Developers (pvt.) Limited,estate agents,https://shan.com.pk/,051-8485335,"3rd floor, Waheed Plaza, Jinnah Avenue, Blue Area, Islamabad, Pakistan, Islamabad, Islamabad Capital Territory",https://www.businesslist.pk/company/253673/shan-buildersdevelopers-pvt-limited,businesslist_pk,scrapy,estate-agents,2026-08-21T19:43:31.417080+00:00
Mudassar Developers,estate agents,https://www.mudassardevelopers.com,0614422123,"Bamazai Arcade, MDA Chowk, Multan, Punjab",https://www.businesslist.pk/company/246487/mudassar-developers,businesslist_pk,scrapy,estate-agents,2026-08-21T19:43:33.376305+00:00
PropertRed.pk,estate agents,http://www.propertyred.pk,0871 976 7166,"7th Avenue,, Islamabad, Punjab",https://www.businesslist.pk/company/247198/propertredpk,businesslist_pk,scrapy,estate-agents,2026-08-21T19:43:35.536497+00:00
Paklanders Private Limited,estate agents,http://www.paklanders.com,+923135446666,"#02 Hill Heights, Hill Road, Sector E-11/2 , Islamabad, Islamabad Capital Territory",https://www.businesslist.pk/company/252425/paklanders-private-limited,businesslist_pk,scrapy,estate-agents,2026-08-21T19:43:36.669171+00:00
Sial Corporation 1,estate agents,http://www.sialcorporation-1.com,021-35397801-05,"71C  Jami Commercial 11 Street Phase 7 DHA, Karachi, Sindh",https://www.businesslist.pk/company/244608/sial-corporation-1,businesslist_pk,scrapy,estate-agents,2026-08-21T19:43:38.986311+00:00
UR Property,estate agents,http://www.urproperty.webs.com,03332175458,"Mezz # 1, Building # 28-C, Street # 1, Saba Commercial DHA Karachi, Karachi, Sindh",https://www.businesslist.pk/company/235252/ur-property,businesslist_pk,scrapy,estate-agents,2026-08-21T19:43:41.093010+00:00
Proximate Solutions,estate agents,http://www.proximatesolutions.com,"+92-42-35201685, +92 .321.444.2721"," Lahore, Punjab, Lahore, Punjab",https://www.businesslist.pk/company/100379/proximate-solutions,businesslist_pk,scrapy,estate-agents,2026-08-21T19:43:42.463095+00:00
PAK Realtors,estate agents,http://www.pakrealtors.com,03021730009,"Office # 3, 2nd Floor, Plaza # 41, Danyal Arcade,, Mini Commercial, Bahria Town Phase 7, Rawalpindi, Punjab",https://www.businesslist.pk/company/253034/pak-realtors,businesslist_pk,scrapy,estate-agents,2026-08-21T19:43:43.978857+00:00
Zarorat.com,estate agents,http://www.zarorat.com/,042-35174488-9,"zarorat.com, Lahore, Punjab",https://www.businesslist.pk/company/247397/zaroratcom,businesslist_pk,scrapy,estate-agents,2026-08-21T19:43:45.845080+00:00
ZAEstate - Real Estate Agency,estate agents,http://zaestate.com/,03331215601,"3 Canal Park Sikandar Malhi Road, Gulberg 2, Lahore, Punjab",https://www.businesslist.pk/company/241385/zaestate-real-estate-agency,businesslist_pk,scrapy,estate-agents,2026-08-21T19:43:47.327118+00:00
Tajweez Properties | Real Estate Agency Islamabad,estate agents,https://tajweezproperties.com/,03311110901,"1st Floor, Plaza B-1, Opposite London Bakers, PWD Double Road, Islamabad, Islamabad Capital Territory",https://www.businesslist.pk/company/254299/tajweez-propertiesreal-estate-agency-islamabad,businesslist_pk,scrapy,estate-agents,2026-08-21T19:43:49.048370+00:00
Xtremes Marketing,estate agents,https://xtremesmarketing.com/,03330194106,"4th floor, Zaad Plaza, Abdara Rd, Peshawar, Khyber Pakhtunkhwa, Pakistan 25000, Peshawar, Khyber Pakhtunkhwa",https://www.businesslist.pk/company/254118/xtremes-marketing,businesslist_pk,scrapy,estate-agents,2026-08-21T19:43:51.143716+00:00
Multiplierz Group,estate agents,http://www.multiplierz.com,03201112211,"523,Service Road West,Main Expressway,Islamabad , Islamabad, Islamabad Capital Territory",https://www.businesslist.pk/company/246538/multiplierz-group,businesslist_pk,scrapy,estate-agents,2026-08-21T19:43:53.296547+00:00
V3 Marketing Online,estate agents,http://v3marketingonline.com/,+92 42 111 111 610," 434, First Floor, Abdul Haq Road, Block-G1, Johar Town Lahore, Pakistan, Lahore, Punjab",https://www.businesslist.pk/company/252140/v3-marketing-online,businesslist_pk,scrapy,estate-agents,2026-08-21T19:43:54.361510+00:00
We Heights,estate agents,https://weheights.com/,+923329333312,"Plot No. 1-D, Street No. 1 Bahria Oriental Gardens, Phase 7 Bahria Town, Islamabad, 46220, Islamabad, Islamabad Capital Territory",https://www.businesslist.pk/company/254489/we-heights,businesslist_pk,scrapy,estate-agents,2026-08-21T19:43:56.381007+00:00
Nestleap Investments,estate agents,https://nestleap.com/,+923061333786,"111D commercial EME DHA, Lahore, Punjab",https://www.businesslist.pk/company/252046/nestleap-investments,businesslist_pk,scrapy,estate-agents,2026-08-21T19:43:58.454622+00:00
Zarorat.com,estate agents,http://www.zarorat.com/,042-35174488-9,"15-B Saadat Street E Block, Johar Town, Lahore, Punjab",https://www.businesslist.pk/company/247770/zaroratcom,businesslist_pk,scrapy,estate-agents,2026-08-21T19:44:00.226001+00:00
Next Home - Pakistan Best Property Portal,estate agents,https://www.nexthome.pk/,03004021956,"33-AA Commercial, Sector D, Bahria Town, Lahore, Lahore, Punjab",https://www.businesslist.pk/company/249709/next-home-pakistan-best-property-portal,businesslist_pk,scrapy,estate-agents,2026-08-21T19:44:01.727817+00:00
Bhatti Interior,industrial equipment,,9241-8711695,"Office # 12, Madina Town, Punjab, Faisalabad, Punjab",https://www.businesslist.pk/company/103875/bhatti-interior,businesslist_pk,scrapy,industrial-equipment,2026-08-21T19:44:03.304443+00:00
Burshane Lpg (pakistan) Ltd. (formerly Shell Gas Lpg...),industrial equipment,,"(92 21) 35122861, 35122863, +92 21 111 111 275","Adjacent to Pakistan Refinery,Korangi Creek, Karachi",https://www.businesslist.pk/company/191216/burshane-lpg-pakistan-ltd-formerly-shell-gas-lpg,businesslist_pk,scrapy,industrial-equipment,2026-08-21T19:44:04.808670+00:00
ATO Gate Valves,industrial equipment,,+923002716745,"New Urdu Bazar, Gari Khata, Karachi, Karachi City, Sindh, Pakistan, Karachi",https://www.businesslist.pk/company/257600/ato-gate-valves,businesslist_pk,scrapy,industrial-equipment,2026-08-21T19:44:06.316556+00:00
Anping Lingus Steel Grating Factory,industrial equipment,,86-318-5821607,"99 Heping steet, Anping, Hebei, China",https://www.businesslist.pk/company/197630/anping-lingus-steel-grating-factory,businesslist_pk,scrapy,industrial-equipment,2026-08-21T19:44:08.437206+00:00
Pakistan Petroleum Dealers Association,industrial equipment,,"(92 21) 35684255, 35680564, +92 -21-35651480-89","3rd Floor, P.I.I.A.Building, Moulana Din Mohammed Wafai Rd. Karachi, Karachi, Sindh",https://www.businesslist.pk/company/145358/pakistan-petroleum-dealers-association,businesslist_pk,scrapy,industrial-equipment,2026-08-21T19:44:10.189607+00:00
Qinsun Instruments,industrial equipment,,+86-21-64200566,"No. 2578 Minhang District Gu Dai Road, Shanghai , Dadu, Azad Jammu Kashmir",https://www.businesslist.pk/company/242488/qinsun-instruments,businesslist_pk,scrapy,industrial-equipment,2026-08-21T19:44:11.880848+00:00
Adamjee Insurance Company Limited,industrial equipment,,"9242-7560004 / 7560001 / 7560003, +92 42 35772960"," 217 Eden Centre 43 Jail Road, Punjab, Lahore, Punjab",https://www.businesslist.pk/company/121393/adamjee-insurance-company-limited,businesslist_pk,scrapy,industrial-equipment,2026-08-21T19:44:13.985720+00:00
Pischan Pool Fence Factory,industrial equipment,,+86-318-204362178,"Renmin road, Anping county, Hebei, China, Dadu, Islamabad Capital Territory",https://www.businesslist.pk/company/235240/pischan-pool-fence-factory,businesslist_pk,scrapy,industrial-equipment,2026-08-21T19:44:15.821557+00:00
Hascol Petroleum Limited (formerly Hascombe Storage Ltd.),industrial equipment,,"(92 21) 35301343, 35301350, UAN : (92 21) 111-757-757, +92-21-35301343-50","#105-106,1st Floor,The Forum,G-20,Khayaban-e-Jami,Block-9,Clifton, Karachi",https://www.businesslist.pk/company/191235/hascol-petroleum-limited-formerly-hascombe-storage-ltd,businesslist_pk,scrapy,industrial-equipment,2026-08-21T19:44:18.122521+00:00
Smartpropertyconsultant,industrial equipment,,0092-3339786190,"Address: 7a, Regus House, 39 Mark Road, Hemel Hempstead, HP2 7DN, Karachi, Sindh",https://www.businesslist.pk/company/245538/smartpropertyconsultant,businesslist_pk,scrapy,industrial-equipment,2026-08-21T19:44:20.169882+00:00
Saadi Paints,industrial equipment,http://www.saadipaints.com,(92 21) 32713093,"12/141, Near Chuna Bhatti, Bhorapir Karachi, Karachi, Sindh",https://www.businesslist.pk/company/165734/saadi-paints,businesslist_pk,scrapy,industrial-equipment,2026-08-21T19:44:22.171199+00:00
SARDAB Technical Impex,industrial equipment,,+92 300 465 9001,"347-C/2, Engineers Town, Sector-A, Defence Road Lahore, Lahore, Punjab",https://www.businesslist.pk/company/243243/sardab-technical-impex,businesslist_pk,scrapy,industrial-equipment,2026-08-21T19:44:23.957394+00:00
Finuchem,industrial equipment,,02134494817,"D.O.H.S phase-1, Malir Cantt, Main University Road, Karachi, Sindh",https://www.businesslist.pk/company/247470/finuchem,businesslist_pk,scrapy,industrial-equipment,2026-08-21T19:44:25.678586+00:00
Chengdu Lift Machinery &amp; Electrical,industrial equipment,,862862326636,"No.1169 Xiangyun Road, Wuhou Distri",https://www.businesslist.pk/company/239899/chengdu-lift-machineryelectrical,businesslist_pk,scrapy,industrial-equipment,2026-08-21T19:44:27.166620+00:00
Station Washer,industrial equipment,,+92669138312,"Blk 50 Jalan Membina, Khushab",https://www.businesslist.pk/company/258099/station-washer,businesslist_pk,scrapy,industrial-equipment,2026-08-21T19:44:28.465639+00:00
Royal Weighing &amp; Engineering,industrial equipment,,(92 42) 37012107,"Office #28 &amp; 44, Mezz. Floor, Goldmine Plaza, Ferozepur Road, Shaha Jamal More, Lahore",https://www.businesslist.pk/company/239732/royal-weighingengineering,businesslist_pk,scrapy,industrial-equipment,2026-08-21T19:44:30.423339+00:00
Admore Gas (Pvt) Ltd.,industrial equipment,,"021-5864644 / 5360439, +92215303191","316,  Continental Trade Centre Shahrah-e-Iqbal,  Clifton,  Karachi 75600,  Sindh,  Pakistan, Karachi, Sindh",https://www.businesslist.pk/company/166351/admore-gas-pvt-ltd,businesslist_pk,scrapy,industrial-equipment,2026-08-21T19:44:31.750631+00:00
V3 Sports Wear,industrial equipment,http://www.v3int.com,92-321-6162066,"Ugoki Road, Sialkot, Punjab",https://www.businesslist.pk/company/246329/v3-sports-wear,businesslist_pk,scrapy,industrial-equipment,2026-08-21T19:44:33.629647+00:00
Attock Petroleum Limited,industrial equipment,,"(92 51) 2611604, 2611600, +92 51 5127250","6, Faisal Avenue, F-7/1 Islamabad, Karachi",https://www.businesslist.pk/company/166394/attock-petroleum-limited,businesslist_pk,scrapy,industrial-equipment,2026-08-21T19:44:35.349176+00:00
"Foshan KangMei Furniture CO., LTD",furniture manufacturers,,+86-757-86285468,"Kong Village, Nanhai District, Guangdong",https://www.businesslist.pk/company/110653/foshan-kangmei-furniture-co-ltd,businesslist_pk,scrapy,furniture-manufacturers,2026-08-21T19:44:36.603982+00:00
DeZyno  Interio &amp; Furniture,furniture manufacturers,,+92-21-34327808,"# 302 Khayyam chambers, Block-2 Nursery Karachi, Sind, Karachi",https://www.businesslist.pk/company/110640/dezyno-interiofurniture,businesslist_pk,scrapy,furniture-manufacturers,2026-08-21T19:44:37.685079+00:00
Foshan Shunde Shengdi Tianjiao Furniture Factory,furniture manufacturers,,86-13535719744,"No.6 Jianshe Rd. Chenchong Industrial Area, Shunde District, Guangdong",https://www.businesslist.pk/company/110654/foshan-shunde-shengdi-tianjiao-furniture-factory,businesslist_pk,scrapy,furniture-manufacturers,2026-08-21T19:44:39.093907+00:00
Fair Production Sdn Bhd,furniture manufacturers,,6 06 9517557,"Lot 1095, Batu 4 1/2, Mukim Sungai Terap, Johor",https://www.businesslist.pk/company/110648/fair-production-sdn-bhd,businesslist_pk,scrapy,furniture-manufacturers,2026-08-21T19:44:40.961358+00:00
"Hangzhou Huahai Wood Industry Co., Ltd.",furniture manufacturers,,86-0573-84825200,"No.555 Timber Road,Zhejiang Province China, Zhejaing",https://www.businesslist.pk/company/110677/hangzhou-huahai-wood-industry-co-ltd,businesslist_pk,scrapy,furniture-manufacturers,2026-08-21T19:44:42.829961+00:00
Deperqushef Enterprises,furniture manufacturers,,92-323-5796095,"Allama Iqbal Chowk, Punjab, Sialkot, Punjab",https://www.businesslist.pk/company/110637/deperqushef-enterprises,businesslist_pk,scrapy,furniture-manufacturers,2026-08-21T19:44:44.302134+00:00
"Future Furniture Co., Ltd.",furniture manufacturers,,+86-0316-7607790,"Shengfang Town, hebei",https://www.businesslist.pk/company/110660/future-furniture-co-ltd,businesslist_pk,scrapy,furniture-manufacturers,2026-08-21T19:44:46.545354+00:00
haq bahoo furnitures,furniture manufacturers,,+92-321-7702804,"funpara centre shahrah e quaid e azam, Punjab, Chiniot, Punjab",https://www.businesslist.pk/company/110683/haq-bahoo-furnitures,businesslist_pk,scrapy,furniture-manufacturers,2026-08-21T19:44:48.217046+00:00
Gold Star Furnishers,furniture manufacturers,,0092-21-34386822,"16 FIRST FLOOR AL-KHAYYAM ARCADE NURSERY P.E.C.H.S KARACHI, SINDH, Karachi, Sindh",https://www.businesslist.pk/company/110668/gold-star-furnishers,businesslist_pk,scrapy,furniture-manufacturers,2026-08-21T19:44:50.597792+00:00
"FUTUREFURNITURECo.,Ltd",furniture manufacturers,,+86-0316-7607790,"Shengfang Town,hebei province china, hebei",https://www.businesslist.pk/company/110661/futurefurniturecoltd,businesslist_pk,scrapy,furniture-manufacturers,2026-08-21T19:44:52.604427+00:00
Gizir Furnishing Supplies,furniture manufacturers,,+903223944340," canakkale cad. no.17, Adana",https://www.businesslist.pk/company/110663/gizir-furnishing-supplies,businesslist_pk,scrapy,furniture-manufacturers,2026-08-21T19:44:54.765558+00:00
Diamond Furniture Centre,furniture manufacturers,,9247-6332188 / 6331380,"Tehsil Road, Punjab, Chiniot, Punjab",https://www.businesslist.pk/company/110952/diamond-furniture-centre,businesslist_pk,scrapy,furniture-manufacturers,2026-08-21T19:44:57.026850+00:00
GM Furnitures,furniture manufacturers,,+92-476-333266,"funparah plaza basement shahrah-e-qaid-azam road, punjab, Chiniot, Punjab",https://www.businesslist.pk/company/110667/gm-furnitures,businesslist_pk,scrapy,furniture-manufacturers,2026-08-21T19:44:58.140039+00:00
Guangdong Oppein Group Inc,furniture manufacturers,,+86-20-36733462,"Optima Industrial Zone, Guanghua 3rd Road, Baiyun District, China, Guangdong",https://www.businesslist.pk/company/110671/guangdong-oppein-group-inc,businesslist_pk,scrapy,furniture-manufacturers,2026-08-21T19:44:59.248877+00:00
Fotai (Qiangtai) Office Furniture Factory,furniture manufacturers,,86-757-29221598," Longjiang Town Shunde District Foshan City, Guangdong",https://www.businesslist.pk/company/110657/fotai-qiangtai-office-furniture-factory,businesslist_pk,scrapy,furniture-manufacturers,2026-08-21T19:45:01.074690+00:00
GA Pak Lamp &amp; Shade Co.,furniture manufacturers,,+923234700833,"4-G, Street 26, Shadab Colony, Abid Market, Lahore, Punjab",https://www.businesslist.pk/company/111863/ga-pakistan-lampshade-co,businesslist_pk,scrapy,furniture-manufacturers,2026-08-21T19:45:03.191709+00:00
Furnee International LTD,furniture manufacturers,,86-20-34318350,"xingangzhong road 354#, china, Guandong",https://www.businesslist.pk/company/110659/furnee-international-ltd,businesslist_pk,scrapy,furniture-manufacturers,2026-08-21T19:45:04.507475+00:00
Hafiz Steel &amp; Wood Furnitures,furniture manufacturers,,+92-41-2630893,"A.B.C. CINMA ROAD FAISALABAD, PUNJAB, Punjab",https://www.businesslist.pk/company/110676/hafiz-steelwood-furnitures,businesslist_pk,scrapy,furniture-manufacturers,2026-08-21T19:45:06.752394+00:00
"Foshan Yalin Furniture Co., Ltd",furniture manufacturers,,86-757-86076624,"Shuiteng industry zone, Shunde, Guandong",https://www.businesslist.pk/company/110655/foshan-yalin-furniture-co-ltd,businesslist_pk,scrapy,furniture-manufacturers,2026-08-21T19:45:08.895904+00:00
Leiner Pak Gelatine Limited,food manufacturing,http://www.leinerpakgelatine.com,"(92 42) 35756953, 35756954","17-G, Gulberg-II Lahore, Lahore",https://www.businesslist.pk/company/145090/leiner-pak-gelatine-limited,businesslist_pk,scrapy,food-manufacturing,2026-08-21T19:45:10.920819+00:00
Chashma Sugar Mills Ltd.,food manufacturing,http://www.chashmasugarmills.com/,"(92 937) 862052, 862051, +92 51 2650805 7","N.W.F.P. Mardan, Mardan",https://www.businesslist.pk/company/155715/chashma-sugar-mills-ltd,businesslist_pk,scrapy,food-manufacturing,2026-08-21T19:45:13.057316+00:00
Standard Manufacturing Company (pvt) Ltd.,food manufacturing,,"+92 423 712 255 8, +92 423 724 319 73, +92 423 712 255 60, +923361116450","4 Dayal Singh Mansion, Shahrah-e-Quaid-e-Azam, Lahore, Punjab",https://www.businesslist.pk/company/108331/standard-manufacturing-company-pvt-ltd,businesslist_pk,scrapy,food-manufacturing,2026-08-21T19:45:14.791894+00:00
Ansari Sugar Mills Ltd.,food manufacturing,http://www.ansarisugar.com,"9221111484848 / 4522909 / 4522934 / 4531642 / 4531105, +92 0297870011","41-K, Block-6, P.E.C.H.S., Karachi 75400, Sindh, Karachi, Sindh",https://www.businesslist.pk/company/174169/ansari-sugar-mills-ltd,businesslist_pk,scrapy,food-manufacturing,2026-08-21T19:45:16.587785+00:00
Aurang Foods,food manufacturing,http://www.aurangfoods.com,02132463973,"Suite 321, Poonawala Trade Tower, Chabba Street, Jodia Bazar., Karachi, Sindh",https://www.businesslist.pk/company/252657/aurang-foods,businesslist_pk,scrapy,food-manufacturing,2026-08-21T19:45:18.041509+00:00
Abdul Hadi Foods,food manufacturing,,+923356944545,"44-Grain Market Okara Pakistan, Okara",https://www.businesslist.pk/company/257636/abdul-hadi-foods,businesslist_pk,scrapy,food-manufacturing,2026-08-21T19:45:19.446156+00:00
Rakaposhi Products,food manufacturing,,+92 315 8821852,"Gilgit Baltistan , Peshawar",https://www.businesslist.pk/company/258052/rakaposhi-products,businesslist_pk,scrapy,food-manufacturing,2026-08-21T19:45:21.086212+00:00
Sufiyan Chemicals,food manufacturing,,+923362145108,"office no. 1 mezzanine floor karim jee building, north napier road, joria bazar , karachi, Karachi",https://www.businesslist.pk/company/257453/sufiyan-chemicals,businesslist_pk,scrapy,food-manufacturing,2026-08-21T19:45:22.664358+00:00
Sama Engineering,food manufacturing,,+923452266208,"House 2-A 4/33, Nazimabad No 2, karachi - Pakistan , Karachi, Sindh",https://www.businesslist.pk/company/249092/sama-engineering,businesslist_pk,scrapy,food-manufacturing,2026-08-21T19:45:23.484317+00:00
Traders Intel,food manufacturing,,+923211289549,"397, sector 7-A, Korangi Industrial Area, Karachi, Karachi, Sindh",https://www.businesslist.pk/company/244565/traders-intel,businesslist_pk,scrapy,food-manufacturing,2026-08-21T19:45:25.628471+00:00
Goldtech Scales,food manufacturing,http://www.goldtechscales.net,(92 41) 2616970,"Shop #5, Al-masoom Plaza, St. #5, Wakilan Wali, Rail Bazar, Faisalabad, Punjab",https://www.businesslist.pk/company/239730/goldtech-scales,businesslist_pk,scrapy,food-manufacturing,2026-08-21T19:45:27.314726+00:00
The Brownie Factory,food manufacturing,,02135854425,"141/2 street 11 phase 6 Dha , Karachi, Sindh",https://www.businesslist.pk/company/250335/the-brownie-factory,businesslist_pk,scrapy,food-manufacturing,2026-08-21T19:45:28.833881+00:00
NutriPharma CO LTD,food manufacturing,,+86 574 8143611,"Room 2506, Block C Century Plaza. S Jiefang Rd, Ningbo, China, Gojra, Azad Jammu Kashmir",https://www.businesslist.pk/company/239957/nutripharma-co-ltd,businesslist_pk,scrapy,food-manufacturing,2026-08-21T19:45:30.781427+00:00
Fauji Meat,food manufacturing,https://www.faujimeat.com,+92 51 873000,"Jhulay Lal Rd, Bin Qasim Town, Karachi, Karachi City, Sindh 75100, Islamabad",https://www.businesslist.pk/company/256405/fauji-meat,businesslist_pk,scrapy,food-manufacturing,2026-08-21T19:45:31.884039+00:00
Super Ideal Sweets &amp; Bakers,food manufacturing,https://www.facebook.com/superidealswl/,"9241-2649947,  +92 323 4404772"," Susan Road, Officer Colony 1, Faisalabad, Punjab",https://www.businesslist.pk/company/109929/super-ideal-sweetsbakers,businesslist_pk,scrapy,food-manufacturing,2026-08-21T19:45:33.616458+00:00
Ty Foods,food manufacturing,,+923317586274,"408c Central Commercial Area Tariq Road Karachi, Karachi",https://www.businesslist.pk/company/257928/ty-foods,businesslist_pk,scrapy,food-manufacturing,2026-08-21T19:45:35.690139+00:00
Lucky Trading Co.,food manufacturing,,+923352261856,"PLOT NO D 1788, Block-2 F.b Area Karachi ,Pakistan, Karachi",https://www.businesslist.pk/company/257473/lucky-trading-co,businesslist_pk,scrapy,food-manufacturing,2026-08-21T19:45:37.071215+00:00
Mycart,food manufacturing,http://mycart.pk,+92 -21111000444,"1D، 28, Sector 30 Korangi Industrial Area, Karachi, Karachi City, Sindh, Karachi",https://www.businesslist.pk/company/256113/mycart,businesslist_pk,scrapy,food-manufacturing,2026-08-21T19:45:38.198113+00:00
Gohar Textile Mills,textile,https://www.gohartextile.com/,"(92 41) 8520771, +92414364166","208,Chak Road,Zia Town, Faisalabad",https://www.businesslist.pk/company/183027/gohar-textile-mills,businesslist_pk,scrapy,textile,2026-08-21T19:45:39.903828+00:00
Octopus Group,textile,http://www.octopuspk.com,"9221-4314006 / 4314005, +92 -42-353-40-034-40"," Block-6 P.E.C.H.S., Sindh, Karachi, Sindh",https://www.businesslist.pk/company/128149/octopus-group,businesslist_pk,scrapy,textile,2026-08-21T19:45:41.455985+00:00
Towellers Limited,textile,http://www.towellers.com,"9221-6322500 / 6323434 / 6323500 / 6325500, [+9221]-36326600","Towellers House, Federal B Area, Sindh, Karachi, Sindh",https://www.businesslist.pk/company/91726/towellers-limited,businesslist_pk,scrapy,textile,2026-08-21T19:45:43.407113+00:00
Fateh Textile Mills Ltd.,textile,http://www.fatehmills.com,"(92 22) 3880463, 3880466","Plot #A/4, Hali Road, PO Box #69, S.I.T.E. Hyderabad, Hyderabad",https://www.businesslist.pk/company/144850/fateh-textile-mills-ltd,businesslist_pk,scrapy,textile,2026-08-21T19:45:45.115961+00:00
Multinational Export Bureau,textile,http://www.meb.com.pk,"(92 21) 36805618, 36805666, +92 300 8203330","L-10/D, Block-22, F.B. Industrial Area Karachi, Karachi",https://www.businesslist.pk/company/142054/multinational-export-bureau,businesslist_pk,scrapy,textile,2026-08-21T19:45:47.322802+00:00
Mksons (Pvt) Ltd,textile,https://www.mksons.com/,"9241-787891-94, +92-41-2607600"," Street No.-2 Ashrafabad Sheikhupura Road, Punjab, Faisalabad, Punjab",https://www.businesslist.pk/company/134715/mksons-pvt-ltd,businesslist_pk,scrapy,textile,2026-08-21T19:45:49.256265+00:00
Noor Fatima Fabrics,textile,https://www.noorfatima.com,92041754633733833933,"Shahid Farooq Ramazanabad -Jhumra Road Faisalabad, Faisalabad, Punjab",https://www.businesslist.pk/company/175483/noor-fatima-fabrics,businesslist_pk,scrapy,textile,2026-08-21T19:45:51.483116+00:00
Dynamic Sportswear (Pvt) Ltd.,textile,http://dynamicsportswear.com,"9242-7510537-8, +92 -42-37499066"," Gulberg III, Punjab, Lahore, Punjab",https://www.businesslist.pk/company/130067/dynamic-sportswear-pvt-ltd,businesslist_pk,scrapy,textile,2026-08-21T19:45:52.403377+00:00
Imporient Chemicals (pvt) Ltd.,textile,https://www.imporientgroup.com,"(92 21) 32316541, 32316542, +92 042-35884180-85","22-B, Pak Chambers, West Wharf Road Karachi, Karachi",https://www.businesslist.pk/company/153742/imporient-chemicals-pvt-ltd,businesslist_pk,scrapy,textile,2026-08-21T19:45:53.595001+00:00
Textile Services Company,textile,http://www.texserco.com,"(92 21) 34536066, 34391229","# 708,Anum Empire,Shahrah-e-Faisal, Karachi",https://www.businesslist.pk/company/196365/textile-services-company,businesslist_pk,scrapy,textile,2026-08-21T19:45:55.762204+00:00
Jafco Industries,textile,https://jafcoindustries.com,"(92 21) 35061635, 35053134","Plot # 5,Sector-27,Korangi Industrial Area, Karachi",https://www.businesslist.pk/company/196464/jafco-industries,businesslist_pk,scrapy,textile,2026-08-21T19:45:57.759206+00:00
Kassim Textile (Pvt) Ltd.,textile,http://www.kassimdenim.com,"9221-111786101 / 5021164 / 5021160, +92 21 111 527 746"," 25-KM.National HighwayLandhi, Sindh, Karachi, Sindh",https://www.businesslist.pk/company/134266/kassim-textile-pvt-ltd,businesslist_pk,scrapy,textile,2026-08-21T19:45:59.502139+00:00
Kam International,textile,http://www.kam-int.com.pk,"9221-2566375, +92 21 35014099","F-152, S.I.T.E., Sindh, Karachi, Sindh",https://www.businesslist.pk/company/89804/kam-international,businesslist_pk,scrapy,textile,2026-08-21T19:46:01.720914+00:00
Unibro Industries (Pvt) Ltd.,textile,http://www.musalman.com/unibro/index.html,"9221-5884978, +92 21 35886707","Unibro House 114 9th East Str Phase-1 D.H.A., Sindh, Karachi, Sindh",https://www.businesslist.pk/company/91786/unibro-industries-pvt-ltd,businesslist_pk,scrapy,textile,2026-08-21T19:46:03.497252+00:00
S.g.textile,textile,,+92-49-2770028,"Ghosia Road Syed Chiragh Shah Town Kasur, Kasur, Punjab",https://www.businesslist.pk/company/249958/sgtextile,businesslist_pk,scrapy,textile,2026-08-21T19:46:05.737062+00:00
Ihsan Sons (pvt) Ltd.,textile,https://www.ihsansons.com/home.php,"9221-4520087 / 4520082 / 4520083 / 4520084, +92 42 35395301","A-37, 3rd Floor, Ihsan Chambers Block 7/8, Sharea Faisal, Sindh, Karachi, Sindh",https://www.businesslist.pk/company/133965/ihsan-sons-pvt-ltd,businesslist_pk,scrapy,textile,2026-08-21T19:46:06.714568+00:00
Vital Solutions,textile,https://vitalsols.com/,"9242-5721211, +92 .(345).5155.806"," Kb Housing Society Defence Road Lahore Cantt, Punjab, Lahore, Punjab",https://www.businesslist.pk/company/136422/vital-solutions,businesslist_pk,scrapy,textile,2026-08-21T19:46:08.563918+00:00
Huma Textiles,textile,https://www.humatextiles.com/,"9221-2418292 / 2414267, +92-41-8848141"," Dada Chambers M.A.Jinnah Road, Sindh, Karachi, Sindh",https://www.businesslist.pk/company/133908/huma-textiles,businesslist_pk,scrapy,textile,2026-08-21T19:46:10.639317+00:00
Grand Square Mall,estate agents,http://www.grandsquaremall.com,+92 42 111-011-022,"8 – E/3, Main Boulevard, Gulberg III, Lahore, Pakistan., Lahore, Punjab",https://www.businesslist.pk/company/248585/grand-square-mall,businesslist_pk,scrapy,estate-agents,2026-08-21T19:46:12.471614+00:00
Friends Property Network,estate agents,https://www.friendspropertynetwork.com/,0322 4222522,"172-A First Floor, Adjacent Bahria Grand Masjid, Sector E Commercial, Bahria Town, Lahore., Lahore, Punjab",https://www.businesslist.pk/company/253154/friends-property-network,businesslist_pk,scrapy,estate-agents,2026-08-21T19:46:13.865363+00:00
BTN Marketing Consultants,estate agents,https://btnconsultants.com.pk,042 111-286-111,"12 S, Gulberg II (off main blvd.), Lahore, Lahore, Punjab",https://www.businesslist.pk/company/247387/btn-marketing-consultants,businesslist_pk,scrapy,estate-agents,2026-08-21T19:46:16.050880+00:00
HOPE Marketing,estate agents,https://www.hopegoc.com/,03173174673,"Wallayat Complex, Plaza 74, Phase 7 Bahria Town, Islamabad, Islamabad Capital Territory 46000, Pakistan, Islamabad, Islamabad Capital Territory",https://www.businesslist.pk/company/254081/hope-marketing,businesslist_pk,scrapy,estate-agents,2026-08-21T19:46:18.073313+00:00
Friends Associate,estate agents,https://friendsassociate.com/,+923228233244,"Phase 2 Commercial Area Defence Housing Authority, Karachi, Karachi City, Sindh 75500, Karachi, Sindh",https://www.businesslist.pk/company/248532/friends-associate,businesslist_pk,scrapy,estate-agents,2026-08-21T19:46:20.023351+00:00
Jagah Online,estate agents,https://jagahonline.com/,"021 35313712, 009203333999231","C-39-C, 22nd Commercial Street Phase II (Ext.), D.H.A, Karachi, Sindh",https://www.businesslist.pk/company/249978/jagah-online,businesslist_pk,scrapy,estate-agents,2026-08-21T19:46:21.861850+00:00
MakaanSolutions,estate agents,https://makaansolutions.com/,+92 345 9999881,"Office # 153,154 &amp; 135, 1st Floor, Luxus Mall, Gulberg Greens, Islamabad, Islamabad, Islamabad Capital Territory",https://www.businesslist.pk/company/253994/makaansolutions,businesslist_pk,scrapy,estate-agents,2026-08-21T19:46:23.417847+00:00
Monza Impex (pvt) Ltd.,estate agents,http://www.monza.com.pk,"9252-3553502 / 3553402 / 558122 / 255052, +92 21 35850811","P.O.Box No.1874, S.I.E., Punjab, Sialkot, Punjab",https://www.businesslist.pk/company/115567/monza-impex-pvt-ltd,businesslist_pk,scrapy,estate-agents,2026-08-21T19:46:25.604186+00:00
Manahil Estate and Builders,estate agents,http://manahilestate.com,"03455222253, +92-51-2809726","Bahria Town Phase 7, Rawalpindi, Islamabad, Islamabad Capital Territory",https://www.businesslist.pk/company/235626/manahil-estate-and-builders,businesslist_pk,scrapy,estate-agents,2026-08-21T19:46:26.870864+00:00
IQAAI Marketing,estate agents,https://iqaai.com/,061 6800997,"MPS Chowk, M A Jinnah Rd, Gulshan E Wahid 1, Multan, Punjab, Multan, Punjab",https://www.businesslist.pk/company/253127/iqaai-marketing,businesslist_pk,scrapy,estate-agents,2026-08-21T19:46:29.108561+00:00
Imarat Group of Companies,estate agents,http://www.imarat.com.pk/,"+92-345-0107788, +92 51 111-555-555"," ​I​m​a​r​a​t​ ​G​r​o​u​p​ ​o​f​ ​C​o​m​p​a​n​i​e​s​  ​4​t​h​ ​F​l​o​o​r​ ​B​e​v​e​r​l​y​ ​C​e​n​t​e​r​ ​B​l​u​e​ ​A​r​e​a​  ​I​s​l​a​m​a​b​a​d​,​ ​4​6​0​0​0​, Islamabad, Islamabad Capital Territory",https://www.businesslist.pk/company/249834/imarat-group-of-companies,businesslist_pk,scrapy,estate-agents,2026-08-21T19:46:31.238707+00:00
Chohan Estate (country Homes),estate agents,http://www.chohanestate.com,"(92 42) 35727774, 35727771, UAN : (92 42) 111-124-124","G-16,Phase-I,Masjid Chowk,D.H.A. Cantt, Lahore",https://www.businesslist.pk/company/193790/chohan-estate-country-homes,businesslist_pk,scrapy,estate-agents,2026-08-21T19:46:33.030034+00:00
Frontline Marketing,estate agents,https://frontline.com.pk/,+92 318-1011593,"B-11, Block-15, Al-Raee Avenue Near Mumtaz Manzil, Gulshan-e-Iqbal, Karachi, Karachi, Sindh",https://www.businesslist.pk/company/251683/frontline-marketing,businesslist_pk,scrapy,estate-agents,2026-08-21T19:46:35.382791+00:00
Lahore Pak Properties,estate agents,https://www.lahorepakproperties.com,+92 321 7576742,"2# commercial block A phase 6 DHA Lahore, Lahore, Punjab",https://www.businesslist.pk/company/248693/lahore-pak-properties,businesslist_pk,scrapy,estate-agents,2026-08-21T19:46:36.432452+00:00
Bhejdoo Couriers Pakistan,estate agents,https://www.saibanproperties.com,03001000100,"9/G/F, Defence Commercial Plaza, Y - Block, Sector Y DHA Phase 3, Lahore, Punjab, Lahore, Punjab",https://www.businesslist.pk/company/251229/bhejdoo-couriers-pakistan,businesslist_pk,scrapy,estate-agents,2026-08-21T19:46:38.667665+00:00
Bahria Sales Properties,estate agents,https://www.bahriasales.com,03345356714,"Office No 6 Bahria Spring Commercial Phase 7, Rawalpindi, Punjab",https://www.businesslist.pk/company/253568/bahria-sales-properties,businesslist_pk,scrapy,estate-agents,2026-08-21T19:46:40.587754+00:00
Makeen .pk,estate agents,https://www.makeen.pk,+92-42-35820605-6,"E-379 Qainchi Amarsidhu, Ferozepur Rd, Lahore, Lahore, Punjab",https://www.businesslist.pk/company/248908/makeen-pk,businesslist_pk,scrapy,estate-agents,2026-08-21T19:46:41.961783+00:00
Leather Field (pvt) Ltd.,estate agents,http://www.leatherfield.com,"9252-111555999 / 3556278 / 3556272 / 3552612 / 3551941, +92-423-5741714-15"," Capital Road, Punjab, Sialkot, Punjab",https://www.businesslist.pk/company/122941/leather-field-pvt-ltd,businesslist_pk,scrapy,estate-agents,2026-08-21T19:46:43.807042+00:00
Land Marketing,estate agents,https://landmarketing.com.pk/,+923325130005,"5th Floor, Buland Markaz, Block A, Jinnah Avenue, D-Chowk, Blue Area, Islamabad, Islamabad, Islamabad Capital Territory",https://www.businesslist.pk/company/254229/land-marketing,businesslist_pk,scrapy,estate-agents,2026-08-21T19:46:45.818130+00:00
Karachi Property,estate agents,https://taiserscheme.github.io/contact/,+923225402230,"Near Gulshan-e-Maymar, Karachi, Sindh",https://www.businesslist.pk/company/252962/karachi-property,businesslist_pk,scrapy,estate-agents,2026-08-21T19:46:48.106851+00:00
Lalpir Power,industrial equipment,http://www.lalpir.com,+92 66 2300 025,"5XCV+R9J، near Mohammed Kot, Muzaffargarh, Punjab 34200, Lahore",https://www.businesslist.pk/company/257255/lalpir-power,businesslist_pk,scrapy,industrial-equipment,2026-08-21T19:46:49.664416+00:00
MH Export Import,industrial equipment,https://mhexportimport.com/,+923216142972,"MH Street, Muzzafar Pur, Roras Road, Sialkot, Punjab",https://www.businesslist.pk/company/253707/mh-export-import,businesslist_pk,scrapy,industrial-equipment,2026-08-21T19:46:51.800884+00:00
HYSTAR SOURCING &amp; SERVICES (PVT) Ltd,industrial equipment,,00924235316130,"150E, J-1 Block, Johar Town, Lahore-Pakistan, Lahore, Punjab",https://www.businesslist.pk/company/243322/hystar-sourcingservices-pvt-ltd,businesslist_pk,scrapy,industrial-equipment,2026-08-21T19:46:53.847815+00:00
Ghani Global Group,industrial equipment,http://www.ghaniglobal.com,+92 42 35161424-5,"10-N, Model Town Extension Block N Model Town, Lahore, Punjab, Lahore",https://www.businesslist.pk/company/256870/ghani-global-group,businesslist_pk,scrapy,industrial-equipment,2026-08-21T19:46:54.665816+00:00
Zsa Cnc Wah Cantt,industrial equipment,https://www.facebook.com/zsacnc,"03125613027,","Main GT Road Wah cantt Near Barrier 02, Wah Cantonment",https://www.businesslist.pk/company/255051/zsa-cnc-wah-cantt,businesslist_pk,scrapy,industrial-equipment,2026-08-21T19:46:56.324590+00:00
CRAFTIMUS Onyx Marble Industries (Pvt. Ltd),industrial equipment,https://craftimus-onyx-marble.com/,+923225991251,"Manghopir rd, Karachi",https://www.businesslist.pk/company/254898/craftimus-onyx-marble-industries-pvt-ltd,businesslist_pk,scrapy,industrial-equipment,2026-08-21T19:46:58.314273+00:00
Abdullah Hurtz Company (Pvt) Ltd,industrial equipment,http://www.ahcpvtld.com,03218862777,"abdullah hurtz company (pvt) Ltd, Lahore, Punjab",https://www.businesslist.pk/company/253783/abdullah-hurtz-company-pvt-ltd,businesslist_pk,scrapy,industrial-equipment,2026-08-21T19:47:00.647869+00:00
Precision Engineering Services,industrial equipment,,042-37421269,"Floor P1, Office no 53, Main Boulevard, Gulberg-III Lahore, Pakistan, Lahore, Punjab",https://www.businesslist.pk/company/243127/precision-engineering-services,businesslist_pk,scrapy,industrial-equipment,2026-08-21T19:47:02.677352+00:00
FuooTech Oil Filtration Systems | Manufacture of Vacuum Oil Purifiers,industrial equipment,,0086-23-6806-4015,"No.1 yanre District, Jhelum, Balochistan",https://www.businesslist.pk/company/123185/fuootech-oil-filtration-systemsmanufacture-of-vacuum-oil-purifiers,businesslist_pk,scrapy,industrial-equipment,2026-08-21T19:47:04.835508+00:00
Shaikh Traders,industrial equipment,,021-32712222,"Office No 9082, Central Plaza, Marston Road near Gul Plaza Saddar Karachi, Karachi, Sindh",https://www.businesslist.pk/company/241258/shaikh-traders,businesslist_pk,scrapy,industrial-equipment,2026-08-21T19:47:06.182103+00:00
Shahvar,industrial equipment,http://www.facebook.com/shahvarcoating,"9221-35063262 , 35114469","Plot No. 46, Sector 15, Korangi Industrial Area, Karachi, Sindh",https://www.businesslist.pk/company/124419/shahvar,businesslist_pk,scrapy,industrial-equipment,2026-08-21T19:47:08.090288+00:00
"Changsu Tongrun Electronic Co.,Ltd.,",industrial equipment,,0086 0512-52847596,"No.8 Xingjing Road, Changshu City, Jiangsu Province, China , Dadu, Islamabad Capital Territory",https://www.businesslist.pk/company/197460/changsu-tongrun-electronic-coltd,businesslist_pk,scrapy,industrial-equipment,2026-08-21T19:47:09.147793+00:00
Porta,industrial equipment,http://porta.pk/,+92-42-3742 7482,"121 Ferozepur Road Lahore Pakistan, Lahore, Punjab",https://www.businesslist.pk/company/244051/porta,businesslist_pk,scrapy,industrial-equipment,2026-08-21T19:47:11.026732+00:00
Kaloba Industries,industrial equipment,,03218615158,"Green wood Street, maina pura , Sialkot, Punjab",https://www.businesslist.pk/company/251940/kaloba-industries,businesslist_pk,scrapy,industrial-equipment,2026-08-21T19:47:12.198475+00:00
Akbar Associates Group,industrial equipment,http://www.akbarassociates.com,"(92 21) 34824127, +92 051 2651701","House #9,St.No.2,Army General Housing Society,Stadium Road, Karachi",https://www.businesslist.pk/company/184487/akbar-associates-group,businesslist_pk,scrapy,industrial-equipment,2026-08-21T19:47:14.020330+00:00
Elco Elevator Engineers,industrial equipment,https://elco-elevator.com/,(92 51) 5120140,"office #7,3rd Floor,Waqar Center,Canning Road,Saddar, Rawalpindi, Punjab",https://www.businesslist.pk/company/191150/elco-elevator-engineers,businesslist_pk,scrapy,industrial-equipment,2026-08-21T19:47:15.538436+00:00
Mas Leather Int.pk Skt.,industrial equipment,http://www.mas-leather.com,+923436330639,"Near Head Marala Road Malaky Kalan Sialkot., Sialkot, Punjab",https://www.businesslist.pk/company/241980/mas-leather-intpk-skt,businesslist_pk,scrapy,industrial-equipment,2026-08-21T19:47:17.556729+00:00
"Khadim Hussain Paint and Iron Merchant, Dudhu Chak",industrial equipment,,0300-7125797,"Dudhu Chak,  Shakar Garh,  Narowal., Sialkot, Punjab",https://www.businesslist.pk/company/165775/khadim-hussain-paint-and-iron-merchant-dudhu-chak,businesslist_pk,scrapy,industrial-equipment,2026-08-21T19:47:19.328453+00:00
Jameel And son&#039;s engineering work&#039;s,industrial equipment,,(+92)3122628631,"Plot no 44-45 sec 4/E Orangi town Karachi , Karachi",https://www.businesslist.pk/company/258277/jameel-and-sons-engineering-works,businesslist_pk,scrapy,industrial-equipment,2026-08-21T19:47:21.446940+00:00
Prime Business Syndicate,industrial equipment,http://www.primesafety.com.pk,"(92 21) 32213969, 32624690","Suite # 2, Abid Chambers,Shahrah-e-Liaquat, Postal/Zip Code:74200, Karachi, Sindh",https://www.businesslist.pk/company/187272/prime-business-syndicate,businesslist_pk,scrapy,industrial-equipment,2026-08-21T19:47:23.624798+00:00
ATL Trading,furniture manufacturers,,+84 8 38 209 905," Ho Chi Minh city, Ho Chi Minh",https://www.businesslist.pk/company/110611/atl-trading,businesslist_pk,scrapy,furniture-manufacturers,2026-08-21T19:47:25.388628+00:00
"bazhou hongfan furniture co.,ltd",furniture manufacturers,,+86-316-7413333,"dontaishan industrial park jianchapu of bazhou in hebei, He Bei",https://www.businesslist.pk/company/110615/bazhou-hongfan-furniture-coltd,businesslist_pk,scrapy,furniture-manufacturers,2026-08-21T19:47:26.769495+00:00
Riaz Furnishers (pvt),furniture manufacturers,,(92 53) 3514967,"Railway Road, Gujrat",https://www.businesslist.pk/company/188165/riaz-furnishers-pvt,businesslist_pk,scrapy,furniture-manufacturers,2026-08-21T19:47:28.416471+00:00
Alwasay-ul-Badi,furniture manufacturers,,03339465750,"Plot 207, Main Service Road East, Industrial Area, I-10/3 Islamabad, Islamabad, Islamabad Capital Territory",https://www.businesslist.pk/company/248257/alwasay-ul-badi,businesslist_pk,scrapy,furniture-manufacturers,2026-08-21T19:47:30.510598+00:00
Bridgewood,furniture manufacturers,,+923312014441,"D.H.A, Karachi, Sindh",https://www.businesslist.pk/company/249063/bridgewood,businesslist_pk,scrapy,furniture-manufacturers,2026-08-21T19:47:32.702891+00:00
Beijing Jialin Furniture.co.ltd,furniture manufacturers,,86-010-87583990,"daxing beijing china, CHINA",https://www.businesslist.pk/company/110617/beijing-jialin-furniturecoltd,businesslist_pk,scrapy,furniture-manufacturers,2026-08-21T19:47:34.930137+00:00
Asian Impex,furniture manufacturers,,+92-321-4423705,"johar town, Punjab, Lahore, Punjab",https://www.businesslist.pk/company/110609/asian-impex,businesslist_pk,scrapy,furniture-manufacturers,2026-08-21T19:47:36.991829+00:00
Bazhou Hongfan Furniture Co.Ltd,furniture manufacturers,,86-0316-7418989,"Dataishan,Jianchapu,Bazhou,China, Hebei",https://www.businesslist.pk/company/110616/bazhou-hongfan-furniture-coltd,businesslist_pk,scrapy,furniture-manufacturers,2026-08-21T19:47:39.217353+00:00
Afnan Corporation,furniture manufacturers,,9221-8266878," Near Safora ChowkOff University Road, Sindh, Karachi, Sindh",https://www.businesslist.pk/company/92350/afnan-corporation,businesslist_pk,scrapy,furniture-manufacturers,2026-08-21T19:47:40.974855+00:00
Malik Furniture,furniture manufacturers,,0324-4100084,"Lahore city, Lahore, Punjab",https://www.businesslist.pk/company/251807/malik-furniture,businesslist_pk,scrapy,furniture-manufacturers,2026-08-21T19:47:42.251756+00:00
Chiniot Furnitures,furniture manufacturers,,92466-330964,"Mohallah Garah, Punjab, Chiniot, Punjab",https://www.businesslist.pk/company/110631/chiniot-furnitures,businesslist_pk,scrapy,furniture-manufacturers,2026-08-21T19:47:44.484557+00:00
West Wood Interiors,furniture manufacturers,,+923337933103,"Jublee town, West wood Interiors, Lahore, Punjab",https://www.businesslist.pk/company/251943/west-wood-interiors,businesslist_pk,scrapy,furniture-manufacturers,2026-08-21T19:47:46.627980+00:00
barry&#039;s furniture,furniture manufacturers,,+92-42-5885322,"10-A wahadat road, Punjab, Lahore, Punjab",https://www.businesslist.pk/company/110614/barrys-furniture,businesslist_pk,scrapy,furniture-manufacturers,2026-08-21T19:47:48.459808+00:00
L.k Trader,furniture manufacturers,,"+92 21 2751950,  +92 308 7715911","Siddiq Wahab Rd, Ghanchi Para, Karachi, Sindh",https://www.businesslist.pk/company/110706/lk-trader,businesslist_pk,scrapy,furniture-manufacturers,2026-08-21T19:47:50.711116+00:00
Bentwood Seating System (P) Ltd.,furniture manufacturers,,+91-33-32958555," B.R.B.BASU ROAD, West Bengal",https://www.businesslist.pk/company/110619/bentwood-seating-system-p-ltd,businesslist_pk,scrapy,furniture-manufacturers,2026-08-21T19:47:51.661950+00:00
Dastgir Engineering Co.,furniture manufacturers,,"+92-42-6665140, 6665202","12-A, Lahore Road, Near Jamia Manzoor-ul-Islamia, Opp. Dhobi Ghat, Lahore Cantt, Punjab, Lahore, Punjab",https://www.businesslist.pk/company/85917/dastgir-engineering-co,businesslist_pk,scrapy,furniture-manufacturers,2026-08-21T19:47:53.334516+00:00
A.m Iron Works,furniture manufacturers,,(92 21) 35389756,"Shop #225, Sector-a, Street 3, Akhter Colony, Korangi Road, Karachi",https://www.businesslist.pk/company/239818/am-iron-works,businesslist_pk,scrapy,furniture-manufacturers,2026-08-21T19:47:55.533412+00:00
Baoshilai Furniture Manufactory,furniture manufacturers,,+86-757-23373505,"Guantian Industrial Area,Shunde district, Guangdong",https://www.businesslist.pk/company/110613/baoshilai-furniture-manufactory,businesslist_pk,scrapy,furniture-manufacturers,2026-08-21T19:47:57.346360+00:00
"Chuan FU Hardware Plastic Co.,ltd",furniture manufacturers,,86-0512-57446462,"No66,Garden Road, Kunshan, Jiangsu",https://www.businesslist.pk/company/110634/chuan-fu-hardware-plastic-coltd,businesslist_pk,scrapy,furniture-manufacturers,2026-08-21T19:47:59.539505+00:00
"Cixi plastic electrical appliance co., LTD",furniture manufacturers,http://www.heshungardentools.com/product/garden-sprayer/spray-lances/,9221-4983770,"C-3, Al-Amin Tower NIPA Chowrangi, Sindh, Karachi, Sindh, Pakistan, Karachi, Sindh",https://www.businesslist.pk/company/247108/cixi-plastic-electrical-appliance-co-ltd,businesslist_pk,scrapy,furniture-manufacturers,2026-08-21T19:48:01.029050+00:00
Ilyas Brothers Engineering,food manufacturing,http://www.ibengineering.com,9241-8710875,"Dar-ul-Ihsan Town Samundri Road, Punjab, Faisalabad, Punjab",https://www.businesslist.pk/company/109885/ilyas-brothers-engineering,businesslist_pk,scrapy,food-manufacturing,2026-08-21T19:48:03.032401+00:00
Nestle Pakistan Ltd.,food manufacturing,,"9241-111123333, 9241- 8546096, +92 0800-62282","475-D, Peoples Colony, Punjab, Faisalabad, Punjab",https://www.businesslist.pk/company/109407/nestle-pakistan-ltd,businesslist_pk,scrapy,food-manufacturing,2026-08-21T19:48:04.137399+00:00
W&amp;A Himalaya International,food manufacturing,,+92-311-2879829,"Plot - 26, Green Belt, PECHS Block -6, Karachi, Pakistan. 75460, Karachi, Sindh",https://www.businesslist.pk/company/254533/wa-himalaya-international,businesslist_pk,scrapy,food-manufacturing,2026-08-21T19:48:05.961212+00:00
AMS Flavours,food manufacturing,,+92-21-32628213,"Abdoolally Moosabhoy &amp; Sons CPO Box No. 5211 Azzainab Court, Campbell Street Karachi, Pakistan – 74200, Karachi, Sindh",https://www.businesslist.pk/company/251665/ams-flavours,businesslist_pk,scrapy,food-manufacturing,2026-08-21T19:48:08.039058+00:00
Hatimi Flavors,food manufacturing,,+922135622511,"Plot No. SB-38/1,Shop No.2, Jaffer Terrace, Mir Karam Ali Talpur Road، Saddar Karachi, Karachi City, Sindh 74400, Karachi, Sindh",https://www.businesslist.pk/company/253036/hatimi-flavors,businesslist_pk,scrapy,food-manufacturing,2026-08-21T19:48:09.909894+00:00
Prime Food,food manufacturing,,+ 92-213-2555053,"SS Chamber SITE Area Karachi, Karachi, Sindh",https://www.businesslist.pk/company/250275/prime-food,businesslist_pk,scrapy,food-manufacturing,2026-08-21T19:48:11.855584+00:00
Mehran Flour Mills,food manufacturing,https://mehranflourmills.com,"+92 333 7008387, +92 21 35010740 +92 21 35010491","Plot No.3/17-18, Sector-21 Korangi Industrial Area, Karachi, Sindh",https://www.businesslist.pk/company/187374/mehran-flour-mills,businesslist_pk,scrapy,food-manufacturing,2026-08-21T19:48:12.994145+00:00
Mayfair Spinning Mills Ltd,food manufacturing,,9242-111-666-123," Gulberg III, Punjab, Lahore, Punjab",https://www.businesslist.pk/company/134634/mayfair-spinning-mills-ltd,businesslist_pk,scrapy,food-manufacturing,2026-08-21T19:48:15.242715+00:00
Friends rock salt,food manufacturing,https://friendsrocksalt.com/,+92 333 195 8526,"12-KM Lahore - Sheikhupura - Faisalabad Rd, Jamal Park, Sheikhupura, Lahore, Punjab 54000, Karachi",https://www.businesslist.pk/company/256145/friends-rock-salt,businesslist_pk,scrapy,food-manufacturing,2026-08-21T19:48:16.728937+00:00
Ria Dyes &amp; Chemicals,food manufacturing,,,"Punjab, Ahmadpur East, Pakistan, Ahmadpur East, Punjab",https://www.businesslist.pk/company/244085/ria-dyeschemicals,businesslist_pk,scrapy,food-manufacturing,2026-08-21T19:48:18.272939+00:00
Gum Corp,food manufacturing,,92-21-4310900,"Shara-e-faisal, Karachi",https://www.businesslist.pk/company/209178/gum-corp,businesslist_pk,scrapy,food-manufacturing,2026-08-21T19:48:20.394479+00:00
Habib Rice Products,food manufacturing,http://habibriceproducts.com,+92 853 363963,"Ahmed Habib Boulvard, Administrative Offices &amp; Plant, Hub, Karachi, Balochistan 90250, Karachi",https://www.businesslist.pk/company/257231/habib-rice-products,businesslist_pk,scrapy,food-manufacturing,2026-08-21T19:48:22.272367+00:00
Neo Vatten,food manufacturing,http://www.neovatten.com,,"115 Glass tower , Karachi, Sindh",https://www.businesslist.pk/company/244137/neo-vatten,businesslist_pk,scrapy,food-manufacturing,2026-08-21T19:48:24.465263+00:00
Kausar,food manufacturing,,"92-41-4361627, +92 42 3584 7325","1 Km Jarran Wala Raod, Khurianwala, P.O. Box: 38000, Faisalabad, Punjab",https://www.businesslist.pk/company/211675/kausar,businesslist_pk,scrapy,food-manufacturing,2026-08-21T19:48:25.955612+00:00
Midtrans Group,food manufacturing,,+922132211002,"Hussain Trade Centre, Altaf Hussain Road, New Challi, Karachi, Sindh",https://www.businesslist.pk/company/245701/midtrans-group,businesslist_pk,scrapy,food-manufacturing,2026-08-21T19:48:28.180379+00:00
Goodluck Industries,food manufacturing,http://www.goodluckind.com,+92-21-32354361-64,"VXF7+62V, Mauripur Karachi, Karachi City, Sindh, Karachi",https://www.businesslist.pk/company/257283/goodluck-industries,businesslist_pk,scrapy,food-manufacturing,2026-08-21T19:48:30.377176+00:00
MMS Global,food manufacturing,,+92,"2/A-Z-14 Madina Town, Faisalabad, Pakistan, 38000, Plant: Plot No.61, Phase II, M-3 Industrial city, Faisalabad, Pakistan, Faisalabad",https://www.businesslist.pk/company/257730/mms-global,businesslist_pk,scrapy,food-manufacturing,2026-08-21T19:48:31.889702+00:00
"Peshawar Meat, Dairy Science Park Innovations",food manufacturing,,03005877933,"120-Industrial Estate Hayatabad, Peshawar, Khyber Pakhtunkhwa",https://www.businesslist.pk/company/245417/peshawar-meat-dairy-science-park-innovations,businesslist_pk,scrapy,food-manufacturing,2026-08-21T19:48:33.968449+00:00
Traders Intel,food manufacturing,http://www.tradersintel.com,021-34532602,"Suite 306, Tariq Center, Tariq Road, Karachi, Karachi, Sindh",https://www.businesslist.pk/company/247843/traders-intel,businesslist_pk,scrapy,food-manufacturing,2026-08-21T19:48:35.078177+00:00
JB Packages,food manufacturing,,"0322-2222193, 0323-2222193, 0324-2222193","Al-Madina Industry Area, Near Azeem &amp; Co. (PSO) Pump, Wapda Grid Jhang road Faisalabad. 0322-2222193, 0323-2222193, 0324-2222193, Faisalabad, Punjab",https://www.businesslist.pk/company/248570/jb-packages,businesslist_pk,scrapy,food-manufacturing,2026-08-21T19:48:36.417046+00:00
FAROOQ MURTAZA COTTON MILLS (PVT) LTD.,textile,,,"Mochiwala Road, Gojra ,Toba Tek Singh Punjab Pakistan, Gojra, Punjab",https://www.businesslist.pk/company/133485/farooq-murtaza-cotton-mills-pvt-ltd,businesslist_pk,scrapy,textile,2026-08-21T19:48:38.459292+00:00
Araish,textile,,+92-41-111-272-474,"1088, JAIL ROAD, FAISALABAD, PAKISTAN, Faisalabad, Punjab",https://www.businesslist.pk/company/246682/araish,businesslist_pk,scrapy,textile,2026-08-21T19:48:40.160003+00:00
Allawasaya Textile &amp; Finishing Mills Ltd.,textile,http://www.allawasaya.com,"9261-4511600 / 4513633, +92-61-4233624"," Vehari Road, Punjab, Multan, Punjab",https://www.businesslist.pk/company/132642/allawasaya-textilefinishing-mills-ltd,businesslist_pk,scrapy,textile,2026-08-21T19:48:41.982512+00:00
Rashid Textile Printing Industries (pvt) Ltd.,textile,http://www.rashidtex.com,"(92 41) 8868035, 8868039, +92 41 111 333 387","Sargodha Road Faisalabad, Faisalabad",https://www.businesslist.pk/company/145463/rashid-textile-printing-industries-pvt-ltd,businesslist_pk,scrapy,textile,2026-08-21T19:48:43.233676+00:00
Amtex (Pvt) Ltd.,textile,http://www.amtextile.com,"9241-4361729 / 4361724 / 4361824 / 4361826, +92 41 2428500","1-KM Khurarianwala Jaranwala Road, Punjab, Faisalabad, Punjab",https://www.businesslist.pk/company/132698/amtex-pvt-ltd,businesslist_pk,scrapy,textile,2026-08-21T19:48:44.736574+00:00
Zaman Textile Mills Ltd,textile,https://www.zamantextile.com/,"9221-4128347, 9221-4128347, 9221-4915890, +92-41-4713183","58 W Wharf Rd, West Wharf, Karachi, Sindh",https://www.businesslist.pk/company/136594/zaman-textile-mills-ltd,businesslist_pk,scrapy,textile,2026-08-21T19:48:46.284459+00:00
Euro Centra Company Ltd.,textile,https://www.wuenschegroup.de/en/,"(92 21) 34827340, (92 21) 34827346,  +92 21 34552965"," KDA Scheme #1 KDA Scheme 1, Karachi, Sindh",https://www.businesslist.pk/company/196055/euro-centra-company-ltd,businesslist_pk,scrapy,textile,2026-08-21T19:48:47.977224+00:00
Doaab Textile pvt ltd,textile,,923143001770,"Raja ghulam rasool nagar st # 1, Faisalabad, Punjab",https://www.businesslist.pk/company/119557/doaab-textile-industries-pvt-ltd,businesslist_pk,scrapy,textile,2026-08-21T19:48:49.317856+00:00
Al-abid Silk Mills Ltd.,textile,http://www.alabid.com,9221-2560048 / 2560040 / 2560041 / 2560042,"A-39, Manghopir Road, Sindh, Karachi, Sindh",https://www.businesslist.pk/company/132465/al-abid-silk-mills-ltd,businesslist_pk,scrapy,textile,2026-08-21T19:48:51.017590+00:00
Gold Tex Embroidery,textile,http://www.goldtexembroidery.com,(0092 21) 34561478-9,"Plot #c-13, industrial area, memon goth, district malir, karachi, Karachi, Sindh",https://www.businesslist.pk/company/239381/gold-tex-embroidery,businesslist_pk,scrapy,textile,2026-08-21T19:48:53.092762+00:00
Colony Textile Mills Ltd,textile,http://www.colonygroup.com,"9242-5758970-72, +92 (42) 3575-9231","M. Ismail, Aiwan-I-Science, Ferozepur Road, Punjab, Lahore, Punjab",https://www.businesslist.pk/company/133166/colony-textile-mills-ltd,businesslist_pk,scrapy,textile,2026-08-21T19:48:55.103473+00:00
Al-karim Industries (pvt) Ltd.,textile,http://www.al-karim.com,(92 41) 8787627-29,"Behind General Bus Stand, Faisalabad, Punjab",https://www.businesslist.pk/company/195926/al-karim-industries-pvt-ltd,businesslist_pk,scrapy,textile,2026-08-21T19:48:57.200154+00:00
A.I. Textiles,textile,https://www.facebook.com/aitextile/,"9241-648737, +92 41 8741541, +92 41 8741542","A. I Street، 11-KM Jaranwala Rd, Faisalabad, Punjab",https://www.businesslist.pk/company/132285/ai-textiles,businesslist_pk,scrapy,textile,2026-08-21T19:48:58.595625+00:00
Amin Spinning Mills Ltd.,textile,http://www.asmazad.com,"9242-5755774 / 5757108, +92 42 37565729","31-F, Gulberg II, Punjab, Lahore, Punjab",https://www.businesslist.pk/company/132680/amin-spinning-mills-ltd,businesslist_pk,scrapy,textile,2026-08-21T19:49:00.119013+00:00
Al Razzaq Group,textile,http://www.alrazzaq.com,"92-322-4226969, +92 21 34545703","3rd Floor, Ashrafi Towers, Liberty Market, Lahore, Punjab",https://www.businesslist.pk/company/219235/al-razzaq-group,businesslist_pk,scrapy,textile,2026-08-21T19:49:02.453087+00:00
Cooper Industries Canvas (pvt) Ltd.,textile,http://www.coopercanvas.com,"(92 21) 35061836, 35062771","89/24,Korangi Industrial Area, Karachi",https://www.businesslist.pk/company/184659/cooper-industries-canvas-pvt-ltd,businesslist_pk,scrapy,textile,2026-08-21T19:49:04.372290+00:00
kamal hosiery,textile,https://kamal.com.pk/,"92-41-6627577, +92-414-362-814","Graveyard Road Syalwi Colony St, 8 House, P-232 Gulam-Muhammad-Abad, P.O. Box: 38000, Faisalabad, Punjab",https://www.businesslist.pk/company/211531/kamal-hosiery,businesslist_pk,scrapy,textile,2026-08-21T19:49:06.055960+00:00
Zahra Textile,textile,http://zahratextiles.com/,"9221-5361523, 9221-5361526","414-415, 4th Floor, Clifton, Karachi, Sindh",https://www.businesslist.pk/company/132210/zahra-textile,businesslist_pk,scrapy,textile,2026-08-21T19:49:08.145549+00:00
Aziz Sons,textile,http://www.azizsons.com,"9221-2572674 / 2430850 / 2434784, +92 (021) 32564247"," SITE, Sindh, Karachi, Sindh",https://www.businesslist.pk/company/88494/aziz-sons,businesslist_pk,scrapy,textile,2026-08-21T19:49:10.090066+00:00
Alka (pvt) Ltd,textile,http://www.alkachemicals.com,9241-8728009 / 8722375 / 8725535 / 8546803," Peoples Colony No.1, Punjab, Faisalabad, Punjab",https://www.businesslist.pk/company/99169/alka-pvt-ltd,businesslist_pk,scrapy,textile,2026-08-21T19:49:12.085269+00:00
Multiplierz pvt ltd,estate agents,http://www.thepalm.pk,+923037774593,"service road west, near sohan interchange, islamabad express way, pakistan, Islamabad, Islamabad Capital Territory",https://www.businesslist.pk/company/248957/multiplierz-pvt-ltd,businesslist_pk,scrapy,estate-agents,2026-08-21T19:49:14.297033+00:00
BahriaTownRates,estate agents,http://bahriatownrates.com/,00923000933555,"18-B, Midway Commercial, Bahria Town, Karachi., Karachi, Sindh",https://www.businesslist.pk/company/247847/bahriatownrates,businesslist_pk,scrapy,estate-agents,2026-08-21T19:49:15.417523+00:00
"Al-Hassan Estate , One of the Best Estate Real Estate in North Nazimabad, DHA karachi",estate agents,https://m.facebook.com/NNMAIRAS/,"03332361434, +92 213-588-6401","Suite No. M-67, Mezzanine Floor, Gulfway Shopping Mall, Block 8, Karachi, Karachi, Sindh",https://www.businesslist.pk/company/169101/al-hassan-estate,businesslist_pk,scrapy,estate-agents,2026-08-21T19:49:17.559169+00:00
The Masters Real Estate &amp; Builders,estate agents,https://themrl.com/,+92-304-111-5-675,"Mehmid Heights, 1st floor, 65 Main Boulevard Gulberg, Block H Gulberg 2, Lahore, Lahore, Punjab",https://www.businesslist.pk/company/254580/the-masters-real-estatebuilders,businesslist_pk,scrapy,estate-agents,2026-08-21T19:49:19.557672+00:00
Ovaisco Builders Islamabad,estate agents,http://www.ovaisco.com,03235877775,"84-A Ovaisco Center III Main PWD Road Near Telenor Franchise  Islamabad., Islamabad, Islamabad Capital Territory",https://www.businesslist.pk/company/244531/ovaisco-pvt-ltd,businesslist_pk,scrapy,estate-agents,2026-08-21T19:49:21.217425+00:00
Zameenforyou.com,estate agents,http://www.zameenforyou.com,03228440055,"Mulsim Town Lahore, Lahore, Punjab",https://www.businesslist.pk/company/249126/zameenforyoucom,businesslist_pk,scrapy,estate-agents,2026-08-21T19:49:22.922930+00:00
Pak-e-property,estate agents,https://www.pakeproperty.com/,051- 8731288,"Office # 21, Crown Plaza Commercial Market, Chandni Chowk, Rawalpindi, Rawalpindi, Punjab",https://www.businesslist.pk/company/246122/pak-e-property,businesslist_pk,scrapy,estate-agents,2026-08-21T19:49:24.895503+00:00
Athar Associates,estate agents,http://atharassociates.co,111-111-123,"15-B Sec- C Commercial Area Bahria Town, Lahore, Lahore, Punjab",https://www.businesslist.pk/company/241544/athar-associates,businesslist_pk,scrapy,estate-agents,2026-08-21T19:49:26.937869+00:00
UR Property,estate agents,http://www.urproperty.webs.com,03212175458,"28-C, Street 1, Saba Commercial DHA Phase V Ext Karachi, Karachi, Sindh",https://www.businesslist.pk/company/235145/ur-property,businesslist_pk,scrapy,estate-agents,2026-08-21T19:49:29.187986+00:00
Property Kingdom,estate agents,http://www.propertykingdom.info,021-35169416,"Office #2, 30th Street, Plot 12C, Tauheed Commercial, Defence Phase 5, Karachi., Karachi, Sindh",https://www.businesslist.pk/company/245707/property-kingdom,businesslist_pk,scrapy,estate-agents,2026-08-21T19:49:31.359702+00:00
Al Bilal builders,estate agents,,03004297036,"5-C-1 Main PIA Road Johar Town Lahore, Lahore, Punjab",https://www.businesslist.pk/company/248262/al-bilal-builders,businesslist_pk,scrapy,estate-agents,2026-08-21T19:49:32.154743+00:00
Tap Builders,estate agents,https://tapbuilders.pk/,0304 9990093,"K.D.A Scheme 41, Surjani Town Karachi.​, Karachi, Sindh",https://www.businesslist.pk/company/254279/tap-builders,businesslist_pk,scrapy,estate-agents,2026-08-21T19:49:34.304155+00:00
Aetmaad,estate agents,https://aetmaad.com/,03349989119,"lahore, pakistan, Lahore, Punjab",https://www.businesslist.pk/company/252472/aetmaad,businesslist_pk,scrapy,estate-agents,2026-08-21T19:49:35.607468+00:00
Al-Muqtadir Estate,estate agents,https://almuqtadirestategroup.com,+923259009786,"Valencia Mall, Valencia Housing Society Lahore, Lahore, Punjab",https://www.businesslist.pk/company/253694/al-muqtadir-estate,businesslist_pk,scrapy,estate-agents,2026-08-21T19:49:37.306144+00:00
Pakistan Properties,estate agents,http://www.lahoredha.com.pk,04235706531-32,"55 K CCA DHA Phase 1 Lahore, Lahore, Punjab",https://www.businesslist.pk/company/247860/pakistan-properties,businesslist_pk,scrapy,estate-agents,2026-08-21T19:49:39.235596+00:00
Arz Reality,estate agents,https://arzrealty.com/,03432790279,"GF Off. No 4 Plaza No 8 Al Farough 2 Sector D Commercial South T, Our team is dedicated to find the best properties that furnish b, Islamabad, Islamabad Capital Territory",https://www.businesslist.pk/company/253750/arz-reality,businesslist_pk,scrapy,estate-agents,2026-08-21T19:49:41.399837+00:00
State Life Insurance Corporation of Pakistan,estate agents,https://www.waliahmed.com,"0300-6234742, +92-213-498-3537","Lalamusa, Gujrat, Punjab",https://www.businesslist.pk/company/247618/state-life-insurance-corporation-of-pakistan,businesslist_pk,scrapy,estate-agents,2026-08-21T19:49:42.706959+00:00
Menhir Builders &amp; Developers,estate agents,http://www.menhir.com.pk,+92-51-4918449,"UG-150, Defence Residency, DHA Phase 2, Islamabad, Pakistan, Islamabad, Islamabad Capital Territory",https://www.businesslist.pk/company/144088/menhir-buildersdevelopers,businesslist_pk,scrapy,estate-agents,2026-08-21T19:49:43.646769+00:00
Alpha Associates,estate agents,https://alphaassociates.com.pk/,03214332323,"LDA City Lahore, Kahna Nau Lahore, Lahore, Punjab",https://www.businesslist.pk/company/253372/alpha-associates,businesslist_pk,scrapy,estate-agents,2026-08-21T19:49:45.757793+00:00
The International Investments,estate agents,https://theinternationalinvestments.com/,03365490926,"Headquarter Office no 22 2nd floor Al anayat plaza G11 Markaz Islamabad 44000, Islamabad, Islamabad Capital Territory",https://www.businesslist.pk/company/253111/the-international-investments,businesslist_pk,scrapy,estate-agents,2026-08-21T19:49:47.529570+00:00
"JX Steel Grit Shot Blasting Machine Co., Ltd.",industrial equipment,,03054498604,"Blour palace Glass market Beadon Road near Lakashami Chowk, Lahore, Punjab",https://www.businesslist.pk/company/244224/jx-steel-grit-shot-blasting-machine-co-ltd,businesslist_pk,scrapy,industrial-equipment,2026-08-21T19:49:49.279767+00:00
Brothers Industrial Supplies,industrial equipment,http://www.brotherspak.com,92412540541,"71-Mehar Sadiq Market, Rialway Road,, Faisalabad, Punjab",https://www.businesslist.pk/company/197483/brothers-industrial-supplies,businesslist_pk,scrapy,industrial-equipment,2026-08-21T19:49:50.816735+00:00
Idrak International,industrial equipment,,+92 324 6497 974,"Pura Heeran, Rang Pura, Sialkot, Sialkot, Punjab",https://www.businesslist.pk/company/245066/idrak-international,businesslist_pk,scrapy,industrial-equipment,2026-08-21T19:49:52.901442+00:00
HI Vis Workwear,industrial equipment,,+92 52 3542877,"4-KM PASRUR ROAD NOORA ABAD , Sialkot, Punjab",https://www.businesslist.pk/company/253709/hi-vis-workwear,businesslist_pk,scrapy,industrial-equipment,2026-08-21T19:49:54.710039+00:00
Rainbow Paint Industries,industrial equipment,http://www.rainbowpaints.com.pk,"0092-21-36971166, 0092-21-36971167, 0092-21-36971168, 0092-21-36971165, 0092-21-35479895, 0092-21-35479896, 0092-21-35479889, 0092-21-34225569 0092-321-2111328","CI-331, 16-B, North Karachi Industrial Area, North Karachi, PostCode No.75850, Karachi, Sindh",https://www.businesslist.pk/company/165802/rainbow-paint-industries,businesslist_pk,scrapy,industrial-equipment,2026-08-21T19:49:56.921488+00:00
Fy industriesPVT LTD,industrial equipment,,03324418712,"SADIQ TRADE CENTER OFFICE 208, GULBURG 2, Gujranwala, Punjab",https://www.businesslist.pk/company/249098/fy-industriespvt-ltd,businesslist_pk,scrapy,industrial-equipment,2026-08-21T19:49:58.896033+00:00
Super Autos,industrial equipment,http://www.sapco.pk,021-32727131,"Advani Street, Plaza Square,, Karachi, Sindh",https://www.businesslist.pk/company/242973/super-autos,businesslist_pk,scrapy,industrial-equipment,2026-08-21T19:50:00.960235+00:00
Cooltech Engineering Industry,industrial equipment,,+923000027634,"Near Car Chowk Chaklala Scheme 3 , Rawalpindi, Punjab",https://www.businesslist.pk/company/250948/cooltech-engineering-industry,businesslist_pk,scrapy,industrial-equipment,2026-08-21T19:50:01.899766+00:00
Winner Perforated Metal Company,industrial equipment,,86-318-5821607,"108 Heping steet, Anping, Hebei, China",https://www.businesslist.pk/company/197629/winner-perforated-metal-company,businesslist_pk,scrapy,industrial-equipment,2026-08-21T19:50:04.034547+00:00
H&amp;H LPG Gas Solutions (Hassan Hamza LPG center),industrial equipment,,03325524906,"Al Hafeez Plaza, Range Road, Islamabad, Islamabad Capital Territory",https://www.businesslist.pk/company/245786/hh-lpg-gas-solutions-hassan-hamza-lpg-center,businesslist_pk,scrapy,industrial-equipment,2026-08-21T19:50:05.532740+00:00
Emc Systems (Pvt) Ltd.,industrial equipment,,9221-4534161 / 4538153,"12, Amber Castle, 21-A, Shahrah-e-Faisal, Sindh, Karachi, Sindh",https://www.businesslist.pk/company/85940/emc-systems-pvt-ltd,businesslist_pk,scrapy,industrial-equipment,2026-08-21T19:50:07.414055+00:00
Attock Refinery Limited,industrial equipment,http://www.arl.com.pk,"(92 51) 5487045, 5487041","The Refinery, Morgah Rawalpindi, Rawalpindi",https://www.businesslist.pk/company/144676/attock-refinery-limited,businesslist_pk,scrapy,industrial-equipment,2026-08-21T19:50:09.189394+00:00
Feng yang Global Asia pvt ltd,industrial equipment,,04235782081,"Office No.208, second floor, siddiq trade center , Lahore, Punjab",https://www.businesslist.pk/company/248945/feng-yang-global-asia-pvt-ltd,businesslist_pk,scrapy,industrial-equipment,2026-08-21T19:50:10.175479+00:00
Fibre Craft Industries,industrial equipment,,"0092 - 042 - 36544840,36544813, 36545346 - 7","Canal Bank, Hanif Park, Harbanspura, Lahore, Punjab",https://www.businesslist.pk/company/248289/fibre-craft-industries,businesslist_pk,scrapy,industrial-equipment,2026-08-21T19:50:11.927603+00:00
National Paint Industry,industrial equipment,http://no1nationalntowerpaints.com/,"(92 42) 37417587,  +92 42 37594678","156 Ferozepur Road, opp. Latif Centre, Ichhra Lahore, Lahore, Punjab",https://www.businesslist.pk/company/165731/national-paint-industry,businesslist_pk,scrapy,industrial-equipment,2026-08-21T19:50:13.550686+00:00
Forklift Parts Pakistan,industrial equipment,,+92-111-483-483,"The Forum, Suite 214-215, 2nd Floor, G20 Block 9, Khayaban-e-Jami,   Clifton,  Karachi, Pakistan., Karachi, Sindh",https://www.businesslist.pk/company/250618/forklift-parts-pakistan,businesslist_pk,scrapy,industrial-equipment,2026-08-21T19:50:15.378203+00:00
FY Industries Pvt Ltd.,industrial equipment,,(042)35782081 - 085   Ext(809),"Office # 208,2nd floor sadique trade center lahore,pakistan, Lahore, Punjab",https://www.businesslist.pk/company/248924/fy-industries-pvt-ltd,businesslist_pk,scrapy,industrial-equipment,2026-08-21T19:50:17.304605+00:00
Henan Shenghua Crane,industrial equipment,,8615736960016,"Crane industrial park, 66, Abbottabad, Azad Jammu Kashmir",https://www.businesslist.pk/company/246025/henan-shenghua-crane,businesslist_pk,scrapy,industrial-equipment,2026-08-21T19:50:19.427032+00:00
Pak Steel Engineering,industrial equipment,,,"Plot # 677 St.# 4 Block D Shershah S.I.T.E Karachi, Karachi, Sindh",https://www.businesslist.pk/company/240442/pak-steel-engineering,businesslist_pk,scrapy,industrial-equipment,2026-08-21T19:50:20.418894+00:00
Qaiser Mukhtar &amp; Brothers,industrial equipment,https://www.facebook.com/qmbpk,+92 42 37652098,"46 Nishter Rd, Naulakha, Lahore, Punjab",https://www.businesslist.pk/company/86134/qaiser-mukhtarbrothers,businesslist_pk,scrapy,industrial-equipment,2026-08-21T19:50:22.715002+00:00
Molty Home,furniture manufacturers,,+92 42 111 666 555,"82 c 1 gulberg III , Lahore, Punjab",https://www.businesslist.pk/company/254380/molty-home,businesslist_pk,scrapy,furniture-manufacturers,2026-08-21T19:50:24.309819+00:00
Afzal Enterprises,furniture manufacturers,,03174892190,"jati umra road near shrif medical complex lahore pakistan, Lahore, Punjab",https://www.businesslist.pk/company/253990/afzal-enterprises,businesslist_pk,scrapy,furniture-manufacturers,2026-08-21T19:50:26.020655+00:00
Browns Furniture,furniture manufacturers,,+9303001102120,"Shop no: 1 &amp; 2, Timber Market i-11, Street 2, Islamabad",https://www.businesslist.pk/company/255080/browns-furniture,businesslist_pk,scrapy,furniture-manufacturers,2026-08-21T19:50:28.016995+00:00
Grand Interiors,furniture manufacturers,,03008175233,"Suleman Terrace, Block 13-D, Sir Shah Suleman Road, Gulshan-e-Iqbal, Karachi, Karachi, Sindh",https://www.businesslist.pk/company/251220/grand-interiors,businesslist_pk,scrapy,furniture-manufacturers,2026-08-21T19:50:30.073145+00:00
99 Online Sales,furniture manufacturers,,03217937939,"Office # 54-55, 2nd Floor Jillani Center Factory Area Faisalabad, Pakistan., Faisalabad, Punjab",https://www.businesslist.pk/company/248305/99-online-sales,businesslist_pk,scrapy,furniture-manufacturers,2026-08-21T19:50:31.379741+00:00
Ramzan steel works,furniture manufacturers,,03335522626,"Misrial Rawalpindi, Rawalpindi, Punjab",https://www.businesslist.pk/company/249137/ramzan-steel-works,businesslist_pk,scrapy,furniture-manufacturers,2026-08-21T19:50:33.369617+00:00
Kami Furniture,furniture manufacturers,,+92 306 603 0606,"Factory: L-5, 1/5. Block : 21. F.B Industrial Area Karachi., Karachi, Sindh",https://www.businesslist.pk/company/252729/kami-furniture,businesslist_pk,scrapy,furniture-manufacturers,2026-08-21T19:50:35.470911+00:00
New Bombay Furniture Mart,furniture manufacturers,,"(92), 34541324","5-D,Block-6,PECHS,Nursery, Karachi, Sindh",https://www.businesslist.pk/company/188128/new-bombay-furniture-mart,businesslist_pk,scrapy,furniture-manufacturers,2026-08-21T19:50:37.345257+00:00
Furniture Choice,furniture manufacturers,,03229276000,"Manzoor Colony Main Furniture Market, Karachi Pakistan, Karachi, Sindh",https://www.businesslist.pk/company/250984/furniture-choice,businesslist_pk,scrapy,furniture-manufacturers,2026-08-21T19:50:39.159585+00:00
Wood Mart,furniture manufacturers,http://woodmartpk.com,021 35294898,"57-c 27th Commercial  Street Tauheed Commercial Phase V D.H.A, Karachi, Karachi, Sindh",https://www.businesslist.pk/company/110785/wood-mart,businesslist_pk,scrapy,furniture-manufacturers,2026-08-21T19:50:41.247137+00:00
Mechano,furniture manufacturers,http://www.mechanofurniture.com,9242-5876762 / 5876761," M.M. Alam Road Gulberg-III, Punjab, Lahore, Punjab",https://www.businesslist.pk/company/111132/mechano,businesslist_pk,scrapy,furniture-manufacturers,2026-08-21T19:50:43.356980+00:00
ITI Fiberglass Fabrication,furniture manufacturers,,04236546681,"Bhatta Gadia Canal bank road near masjid Hajji Bad shah Salamat Pura, Punjab, Lahore, Punjab",https://www.businesslist.pk/company/106510/iti-fiberglass-fabrication,businesslist_pk,scrapy,furniture-manufacturers,2026-08-21T19:50:45.393817+00:00
Tanoli group of industries,furniture manufacturers,,0992408134,"farooq abad plaza ground floor shop # 09 opposite frontier motors jub pull Abbottabad. , Abbottabad, Khyber Pakhtunkhwa",https://www.businesslist.pk/company/241238/tanoli-group-of-industries,businesslist_pk,scrapy,furniture-manufacturers,2026-08-21T19:50:47.270124+00:00
Designs and Furniture,furniture manufacturers,,92-21-35834452," Karachi Pakistan, Sindh, Karachi, Sindh",https://www.businesslist.pk/company/110639/designs-and-furniture,businesslist_pk,scrapy,furniture-manufacturers,2026-08-21T19:50:48.511887+00:00
Be by MOltyfoam,furniture manufacturers,,+92 42 111 666 555," MASTER ENTERPRISES PVT. LTD S-30, S.I.T.E MAURIPUR ROAD, KARACHI, Karachi, Sindh",https://www.businesslist.pk/company/254067/be-by-moltyfoam,businesslist_pk,scrapy,furniture-manufacturers,2026-08-21T19:50:50.060995+00:00
Muzafar Mohiuddin Interior. Furniture. Renovation,furniture manufacturers,https://www.muzafarmohiuddin.com,0092-345-5236355,"1-A Jinnah Avenue, Block R, Blue Area, Islamabad, Islamabad Capital Territory",https://www.businesslist.pk/company/247020/muzafar-mohiuddin-interior-furniture-renovation,businesslist_pk,scrapy,furniture-manufacturers,2026-08-21T19:50:51.859229+00:00
Scs Powder Coating Equipments,furniture manufacturers,,+92 3008062300,"12.K.M Multan Road, Lahore, Lahore, Punjab",https://www.businesslist.pk/company/248215/scs-powder-coating-equipments,businesslist_pk,scrapy,furniture-manufacturers,2026-08-21T19:50:53.921340+00:00
Friends Home Store,furniture manufacturers,,+92 304 8444499,"Shamsabad Murree Road, Rawalpindi, Punjab",https://www.businesslist.pk/company/236813/friends-home-store,businesslist_pk,scrapy,furniture-manufacturers,2026-08-21T19:50:56.115342+00:00
SM Designworks,furniture manufacturers,,03334558833,"Allama Iqbal Town, Lahore, Punjab",https://www.businesslist.pk/company/244631/sm-designworks,businesslist_pk,scrapy,furniture-manufacturers,2026-08-21T19:50:58.268172+00:00
Hussaini Hardware / Marvell Hardware,furniture manufacturers,,+923002659614,"Chand Bibi center bohrapir karachi, Karachi",https://www.businesslist.pk/company/257987/hussaini-hardwaremarvell-hardware,businesslist_pk,scrapy,furniture-manufacturers,2026-08-21T19:50:59.530525+00:00
AA pulp &amp; puree,food manufacturing,http://www.aapulpandpuree.com,0300-9497074,"FIFA building, opposite Punjab Stadium Ferozpur road. Lahore, Lahore, Punjab",https://www.businesslist.pk/company/245178/aa-pulppuree,businesslist_pk,scrapy,food-manufacturing,2026-08-21T19:51:01.832869+00:00
Orient Corporation,food manufacturing,http://www.saltlamps.com.pk,+92-42-35806899,"14-2nd Floor Royal Arcade, Qainchi Ferozepur Raod, Lahore, Punjab",https://www.businesslist.pk/company/163506/orient-corporation,businesslist_pk,scrapy,food-manufacturing,2026-08-21T19:51:03.840648+00:00
Al Amin Salt Works,food manufacturing,http://www.alaminsalt.com,+922136430495-99,"R-80, Sector 15-A-4, Bufferzone, Karachi, www.alaminsalt.com, Karachi, Sindh",https://www.businesslist.pk/company/247632/al-amin-salt-works,businesslist_pk,scrapy,food-manufacturing,2026-08-21T19:51:05.783906+00:00
Zah Commodities,food manufacturing,http://www.zahcommodities.com,02132527342,"suite # 17 yousuf chamber jodia bazar karachi, Karachi, Sindh",https://www.businesslist.pk/company/245110/zah-commodities,businesslist_pk,scrapy,food-manufacturing,2026-08-21T19:51:07.284596+00:00
English Biscuits Manufacturers (Private) Limited - Ebm,food manufacturing,https://www.ebm.com.pk,"92215063131, +92 21 111 326 326","Plot 1-4, Sector 23, Karachi, Karachi, Sindh",https://www.businesslist.pk/company/173671/english-biscuits-manufacturers-private-limited-ebm,businesslist_pk,scrapy,food-manufacturing,2026-08-21T19:51:08.621953+00:00
Alhamd Global Exports &amp; Trading Intl,food manufacturing,,+923312377554,"ZOHRA PLAZA GULSHAN E IQBAL , Karachi, Sindh",https://www.businesslist.pk/company/250828/alhamd-global-exportstrading-intl,businesslist_pk,scrapy,food-manufacturing,2026-08-21T19:51:10.587197+00:00
Humayun WellChem Trading Concern,food manufacturing,http://www.hwtc.com.pk,03206039633,"117, A/2, Ahmad Block, New Garden Town, Lahore., Lahore, Punjab",https://www.businesslist.pk/company/243446/humayun-wellchem-trading-concern,businesslist_pk,scrapy,food-manufacturing,2026-08-21T19:51:12.897094+00:00
Gurffee Pakistan,food manufacturing,,03334393741,"Office#186 mezzanine floor City Mall chenone Road Faisalabad, Faisalabad, Punjab",https://www.businesslist.pk/company/252539/gurffee-pakistan,businesslist_pk,scrapy,food-manufacturing,2026-08-21T19:51:14.155796+00:00
M/s.SIZ Bottler (SIZ Mineral Water),food manufacturing,,"111-725-111, 021-35053201-3 ,","30/2, Sector 23, Korangi Industrial Area, Karachi, Karachi, Sindh",https://www.businesslist.pk/company/241744/mssiz-bottler-siz-mineral-water,businesslist_pk,scrapy,food-manufacturing,2026-08-21T19:51:16.168183+00:00
Royal Caters® Lahore,food manufacturing,,03224854954,"h-11 ST-15 Canal park Glb Lhr, Lahore, Punjab",https://www.businesslist.pk/company/243442/royal-caters-lahore,businesslist_pk,scrapy,food-manufacturing,2026-08-21T19:51:17.817267+00:00
Mano Food Productions,food manufacturing,,+923325333661,"jinnah road , Quetta, Balochistan",https://www.businesslist.pk/company/249903/mano-food-productions,businesslist_pk,scrapy,food-manufacturing,2026-08-21T19:51:19.236461+00:00
Fauji Foods,food manufacturing,http://www.faujifoods.com,+92 42 37136315-17,"7VCJ+WJ2, Sargodha Rd, Qaisarabad, Bhalwal, Sargodha, Punjab, Lahore",https://www.businesslist.pk/company/255994/fauji-foods,businesslist_pk,scrapy,food-manufacturing,2026-08-21T19:51:21.143785+00:00
Blinka Enterprises,food manufacturing,,00923001230789,"Lahore, Lahore, Punjab",https://www.businesslist.pk/company/254196/blinka-enterprises,businesslist_pk,scrapy,food-manufacturing,2026-08-21T19:51:23.388554+00:00
Aliza&#039;s Foods (pvt) Ltd.,food manufacturing,http://www.alizasfood.com,"(92 21) 35375072, 35375071, + 92 21 35290808","G-4,Mehran Excellency,No.12 FT-1,Mezzanine Floor,Clifton Road, Karachi",https://www.businesslist.pk/company/187395/alizas-foods-pvt-ltd,businesslist_pk,scrapy,food-manufacturing,2026-08-21T19:51:25.377583+00:00
Aashi International Traders,food manufacturing,,0092616514747,"262/R Shams Link Road, Ward No. 04 Khudadad Colony, I/s Nadarabad Phattak, Industrial Estate, Multan, Pakistan. , Multan, Punjab",https://www.businesslist.pk/company/235085/aashi-international-traders,businesslist_pk,scrapy,food-manufacturing,2026-08-21T19:51:27.495645+00:00
Bin Ramzan Foods (Pvt) Ltd,food manufacturing,http://www.binramzanfoods.com,"00923014910292, 00923214141816","1 km Nankana Road, Bucheki, Lahore, Punjab",https://www.businesslist.pk/company/254293/bin-ramzan-foods-pvt-ltd,businesslist_pk,scrapy,food-manufacturing,2026-08-21T19:51:29.238353+00:00
Lunch delivery in Quetta,food manufacturing,,03328254404,"Brewery Road Quetta, Quetta, Balochistan",https://www.businesslist.pk/company/249829/lunch-delivery-in-quetta,businesslist_pk,scrapy,food-manufacturing,2026-08-21T19:51:31.397516+00:00
Rice Wise Corporation,food manufacturing,http://www.ricewise.com,922134130101,"232/3, BMCHS, Street No. 17, Karachi, Sindh",https://www.businesslist.pk/company/235617/rice-wise-corporation,businesslist_pk,scrapy,food-manufacturing,2026-08-21T19:51:33.355628+00:00
Ghani Flour Mills,food manufacturing,,0223871852,"Site Area Kotri, Hyderabad, Sindh",https://www.businesslist.pk/company/251036/ghani-flour-mills,businesslist_pk,scrapy,food-manufacturing,2026-08-21T19:51:35.071626+00:00
PCI Materials,textile,https://pcim.pk/,+92 21 34592816,"Sindh, Karachi",https://www.businesslist.pk/company/257236/pci-materials,businesslist_pk,scrapy,textile,2026-08-21T19:51:36.952944+00:00
Sadiq Textile Mills Private Limited.,textile,,+92 61 6770876,"24- Km, Vehari Road,, Multan, Punjab",https://www.businesslist.pk/company/135594/sadiq-textile-mills-pvt-ltd,businesslist_pk,scrapy,textile,2026-08-21T19:51:38.476798+00:00
JD Traderz,textile,https://www.jdtraderz.com,+923094424061,"Office no 2, Gul Plaza, Railway Road, Lahore, Lahore",https://www.businesslist.pk/company/258043/jd-traderz,businesslist_pk,scrapy,textile,2026-08-21T19:51:40.102449+00:00
Modern Weaving Factory,textile,http://www.rehmangrouppk.com,+923006607431,"Babar chow sargodha road, Faisalabad, Punjab",https://www.businesslist.pk/company/241171/modern-weaving-factory,businesslist_pk,scrapy,textile,2026-08-21T19:51:41.789473+00:00
SEF Corporation,textile,https://sefcorporation.com,"+92415473118, +923003763350","House No. 283, Phase III, Sitara Valley, Faisalabad, Faisalabad",https://www.businesslist.pk/company/257959/sef-corporation,businesslist_pk,scrapy,textile,2026-08-21T19:51:43.886347+00:00
Hudabia Textile,textile,https://hudabiatextile.com,+92 41 2435070,"Jaranwala, Faisalabad, Punjab 38000, Faisalabad",https://www.businesslist.pk/company/257204/hudabia-textile,businesslist_pk,scrapy,textile,2026-08-21T19:51:45.772714+00:00
Soorty Enterprises (pvt) Ltd.,textile,http://www.soorty.com,"(92 21) 36342285, 36342288, +92 21 38709084","P-3, Block-5, Federal B. Area Karachi, Karachi",https://www.businesslist.pk/company/140421/soorty-enterprises-pvt-ltd,businesslist_pk,scrapy,textile,2026-08-21T19:51:46.529597+00:00
Style Textile (Pvt) Ltd.,textile,http://www.styletextile.com,9242-5123065 / 5113064 / 5123063," Kot Lakhpat Ind&amp;#39;l Estate, Punjab, Lahore, Punjab",https://www.businesslist.pk/company/136052/style-textile-pvt-ltd,businesslist_pk,scrapy,textile,2026-08-21T19:51:48.404155+00:00
Thal Jute Mills Ltd.,textile,https://www.thallimited.com/businesses/jute/,"9266- 2422501, 9266- 2423165","D.G. Khan Road, Muzaffargarh, Punjab",https://www.businesslist.pk/company/136255/thal-jute-mills-ltd,businesslist_pk,scrapy,textile,2026-08-21T19:51:50.221322+00:00
Tuf Pak Sports Works,textile,http://www.tufpak.com.pk,"92-52-4293838, +92 320 6041736","P.o box no 2170 marala road gohad pur, Punjab, Sialkot, Punjab",https://www.businesslist.pk/company/132148/tuf-pak-sports-works,businesslist_pk,scrapy,textile,2026-08-21T19:51:52.477075+00:00
Alkaram Studio,textile,https://www.alkaramstudio.com,+92.21.35845063,"Karachi, Karachi, Sindh",https://www.businesslist.pk/company/246950/alkaram-studio,businesslist_pk,scrapy,textile,2026-08-21T19:51:54.589089+00:00
Siddiqsons Industries (pvt) Ltd.,textile,http://www.siddiqsons.com.pk,"(92 21) 32560069, 32560067, +92 21 35166522","F-284, S.I.T.E. Karachi, Karachi",https://www.businesslist.pk/company/165595/siddiqsons-industries-pvt-ltd,businesslist_pk,scrapy,textile,2026-08-21T19:51:56.418589+00:00
Artistic Milliners (pvt) Ltd.,textile,https://www.artisticmilliners.com,"+92 21 38709185, +92 21 111-263-646","Bin Qasim Town, Karachi, Sindh",https://www.businesslist.pk/company/184917/artistic-milliners-pvt-ltd,businesslist_pk,scrapy,textile,2026-08-21T19:51:58.769228+00:00
Mohtaram,textile,https://mohtaram.com,051-8446192,"1st Floor، Chang’s Shaheen Market، Plot # 5 Street 14، above P.F, E-7, Islamabad, Islamabad Capital Territory 44000, Islamabad",https://www.businesslist.pk/company/255895/mohtaram,businesslist_pk,scrapy,textile,2026-08-21T19:52:00.733670+00:00
Alquresh Fabrics,textile,https://alqureshfabrics.com/,+923088361506,"Factory, P-76/A punjan small industrial estate daewoo Road, Panj Graein Road To Small Estate, Area, Faisalabad",https://www.businesslist.pk/company/258169/alquresh-fabrics,businesslist_pk,scrapy,textile,2026-08-21T19:52:02.771120+00:00
Utopia Industries,textile,https://www.utopia.pk,+92 330 2444920,"Z63, SITE, H 160, 2, Phase 2, Karachi, Karachi City, Sindh 75850, Karachi",https://www.businesslist.pk/company/255280/utopia-industries,businesslist_pk,scrapy,textile,2026-08-21T19:52:04.448176+00:00
Aimtex International,textile,https://www.aimtex.pk,+923008473786,"41-C Commercial Area, Cavalry Ground, Lahore Cantt, Lahore",https://www.businesslist.pk/company/257738/aimtex-international,businesslist_pk,scrapy,textile,2026-08-21T19:52:05.500868+00:00
Qayyum Dyeing,textile,,"2577421, 2577420","D-255/A,S.I.T.E. Area, Karachi, Sindh",https://www.businesslist.pk/company/164289/qayyum-dyeing,businesslist_pk,scrapy,textile,2026-08-21T19:52:07.597039+00:00
Proview trader,textile,,WA +923077568746,"Dhundianwali sialkot 51311, Sialkot, Punjab",https://www.businesslist.pk/company/250548/proview-trader,businesslist_pk,scrapy,textile,2026-08-21T19:52:09.777142+00:00
Artistic Fabric Mills,textile,https://www.artisticfabricmills.com,+92 21 35023694,"472 Deh, Landhi Town, Karachi, Sindh",https://www.businesslist.pk/company/184913/artistic-fabric-mills,businesslist_pk,scrapy,textile,2026-08-21T19:52:11.665285+00:00
Karim Housing PVT,estate agents,http://www.karimhousing.pk,111-120-120,"Address: 3rd &amp; 4th Floor Rufi Trade Centre, SB-29 Block-13/C Gulshan-e-Iqbal, Karachi., Karachi, Sindh",https://www.businesslist.pk/company/247204/karim-housing-pvt,businesslist_pk,scrapy,estate-agents,2026-08-21T19:52:13.956063+00:00
Green Earth Real Estate,estate agents,https://greenearth.com.pk/,080055155,"Gate # 1, Green Earth Real Estate. Plot 9، Al-Bari Building،, Main Jinnah Boulevard, DHA Phase II, Islamabad, 44000, Pakistan, Islamabad, Islamabad Capital Territory",https://www.businesslist.pk/company/253671/green-earth-real-estate,businesslist_pk,scrapy,estate-agents,2026-08-21T19:52:15.195617+00:00
Ali Rathore Associates,estate agents,http://www.alirathore.com/,042-35690900,"156, 1st Floor, G block, Phase 1, Commercial Area, DHA, Lahore, Pakistan, Lahore, Punjab",https://www.businesslist.pk/company/248367/ali-rathore-associates,businesslist_pk,scrapy,estate-agents,2026-08-21T19:52:16.983207+00:00
Deal &amp; Deals,estate agents,https://dealanddeals.pk/,03041113325,"1st Floor, Fortune Plaza (Savour Foods Building), Block H, Jinnah Avenue, Blue Area Islamabad., Islamabad, Islamabad Capital Territory",https://www.businesslist.pk/company/252587/dealdeals,businesslist_pk,scrapy,estate-agents,2026-08-21T19:52:18.789480+00:00
We Rise GOC,estate agents,https://werisegoc.com/,+92 332 9 33 33 12,"Office # 1, Ground Floor AR Arcade, Sector F Business Avenue, DHA Phase 1, Islamabad, 46220 Pakistan, Islamabad, Islamabad Capital Territory",https://www.businesslist.pk/company/252886/we-rise-goc,businesslist_pk,scrapy,estate-agents,2026-08-21T19:52:20.595491+00:00
Mateen International,estate agents,https://www.facebook.com/khalidmateen.shaikh,+9221-36832444,"B # 20, Sector S-II, Gulshan-e-Maymar, Karachi, Sindh",https://www.businesslist.pk/company/245800/mateen-international,businesslist_pk,scrapy,estate-agents,2026-08-21T19:52:22.474413+00:00
Afco Enterprises Group of Companies,estate agents,http://www.groupafcoenterprises.com,00923004949432,"5MB, 4TH FLOOR , PHASE 6 DHA LAHORE , Lahore, Punjab",https://www.businesslist.pk/company/243032/afco-enterprises-group-of-companies,businesslist_pk,scrapy,estate-agents,2026-08-21T19:52:23.532656+00:00
Divine Associates,estate agents,https://www.facebook.com/divineassociates1,+922136377474,"Shop#133 Shahmim Sky Tower Federal B Area Block:9 Karachi-Pakistan., Karachi, Sindh",https://www.businesslist.pk/company/253212/divine-associates,businesslist_pk,scrapy,estate-agents,2026-08-21T19:52:25.769465+00:00
Estate Masters Pakistan,estate agents,http://www.estatemasterpakistan.com,+923014433089,"34-MB DHA Phase 6, Lahore, Lahore, Punjab",https://www.businesslist.pk/company/251435/estate-masters-pakistan,businesslist_pk,scrapy,estate-agents,2026-08-21T19:52:27.758075+00:00
Future Enterprises,estate agents,http://futureenterprises263.com,03316871555,"87/A Model town Multan, Multan, Punjab",https://www.businesslist.pk/company/253749/future-enterprises,businesslist_pk,scrapy,estate-agents,2026-08-21T19:52:29.506381+00:00
Apex Group,estate agents,http://apexgroup.pk/,042 111 00 2739,"63-A Main Boulevard Commercial bahria Town, Lahore, Punjab",https://www.businesslist.pk/company/248186/apex-group,businesslist_pk,scrapy,estate-agents,2026-08-21T19:52:30.888455+00:00
Al Ahmad Builders and Real Estate,estate agents,http://www.alahmadbuilders.com,03006868422,"City Garden Adjacent to Allama Iqbal Town near Civil Hospital Jhangi Wala Road, Bahawalpur, Punjab",https://www.businesslist.pk/company/252459/al-ahmad-builders-and-real-estate,businesslist_pk,scrapy,estate-agents,2026-08-21T19:52:33.090195+00:00
Fatani Estate,estate agents,,03111328264,"54-c lane 2, D.H.A. Phase 8 Zulfiqar &amp; Al Murtaza Commercial Area Phase 8 Defence Housing Authority, Karachi, Karachi City, Sindh 75500, Karachi, Sindh",https://www.businesslist.pk/company/230455/fatani-estate,businesslist_pk,scrapy,estate-agents,2026-08-21T19:52:34.435116+00:00
DHA Plot Files,estate agents,http://www.dhaplotfiles.com/,+92 322 8402722,"14 Z Block Commercial Zone Phase 3 DHA لاہور 45000, Pakistan‎, Lahore, Punjab",https://www.businesslist.pk/company/241269/dha-plot-files,businesslist_pk,scrapy,estate-agents,2026-08-21T19:52:36.065588+00:00
Akbar Groups Real Estate And Builders,estate agents,http://www.akbargroups.com.pk,03336955557,"Office : 9 Floor 3rd Plaza 181 Main Circle Civic Center Phase 4 Bahria Town Rawalpindi Islamabad, Islamabad, Islamabad Capital Territory",https://www.businesslist.pk/company/253955/akbar-groups-real-estate-and-builders,businesslist_pk,scrapy,estate-agents,2026-08-21T19:52:37.706866+00:00
CDB Properties,estate agents,https://cdbrealestate.com/,03331115200," Plaza#55 2nd Floor, Sector C Commercial, Bahria Town Lahore, Lahore, Punjab",https://www.businesslist.pk/company/253956/cdb-properties,businesslist_pk,scrapy,estate-agents,2026-08-21T19:52:39.842725+00:00
Imlaak real estate,estate agents,http://imlaak.com/,+92 311 1777555,"208 FF CCA DHA Phase 4, Lahore, Punjab",https://www.businesslist.pk/company/246011/imlaak-real-estate,businesslist_pk,scrapy,estate-agents,2026-08-21T19:52:41.070804+00:00
Menhir,estate agents,http://www.menhir.com.pk,9251-4918449,"UG-150, Defence Residency, DHA 2, Islamabad, Pakistan, Islamabad, Islamabad Capital Territory",https://www.businesslist.pk/company/92476/menhir,businesslist_pk,scrapy,estate-agents,2026-08-21T19:52:43.162856+00:00
Harjaga,estate agents,https://harjaga.com,(021) 111 008 008,"Gohar Comforts, P4, Main Shaheed-e-Millat Rd, Delhi Mercantile Society PECHS, https://harjaga.com/blogs/details/house-for-rent-in-karachi-things-to-consider-before, Karachi, Sindh",https://www.businesslist.pk/company/254101/harjaga,businesslist_pk,scrapy,estate-agents,2026-08-21T19:52:45.218137+00:00
A.A property real estate &amp; builders,estate agents,http://aaproperty.com,03202597085,"Main Jinnah Avenue,Touheed Square Facing Near Suzuki Motors Showroom, Downtown Tower bahria town karachi, Karachi, Sindh",https://www.businesslist.pk/company/254095/aa-property-real-estatebuilders,businesslist_pk,scrapy,estate-agents,2026-08-21T19:52:47.147000+00:00
So-safe Islamabad,industrial equipment,https://sosafepakistan.com,+92 51 8435390,"# 387 Street 11, Sector I-8/2 I 8/2 I-8, Islamabad, Islamabad Capital Territory",https://www.businesslist.pk/company/195709/so-safe-islamabad,businesslist_pk,scrapy,industrial-equipment,2026-08-21T19:52:48.985650+00:00
bajwa traders,industrial equipment,,+92-51-2225756,"Off # 4 Islam market Golra Sharif E-11/1 Islamabad, Islamabad, Islamabad Capital Territory",https://www.businesslist.pk/company/197609/bajwa-traders,businesslist_pk,scrapy,industrial-equipment,2026-08-21T19:52:51.174697+00:00
Prime Engineering Works,industrial equipment,http://www.altechprime.com,"(92 42) 37513072, (92 42) 37513076,  +92 332 4614670","Kot Gujra, Lahore, Punjab",https://www.businesslist.pk/company/183748/prime-engineering-works,businesslist_pk,scrapy,industrial-equipment,2026-08-21T19:52:53.105904+00:00
ICS International,industrial equipment,http://www.icslabs.net,00923005378762,"Aftab Market Jinnah Road Fatomand,Gujranwala, Gujranwala, Punjab",https://www.businesslist.pk/company/244404/ics-international,businesslist_pk,scrapy,industrial-equipment,2026-08-21T19:52:55.156144+00:00
Marketing Edge,industrial equipment,https://wranglersurgical.com,+924238923208,"Behind ATA Factory, Khan Lane, Atta Bukhsh Road, Kamaha, Lahore, Lahore",https://www.businesslist.pk/company/257336/marketing-edge,businesslist_pk,scrapy,industrial-equipment,2026-08-21T19:52:57.136593+00:00
The Final Touch,industrial equipment,http://www.finaltouch.com.pk,+92 323 1617786,"Beadon Road. Lahore, Lahore, Punjab",https://www.businesslist.pk/company/96696/the-final-touch,businesslist_pk,scrapy,industrial-equipment,2026-08-21T19:52:58.690558+00:00
Cavax Enterprises Pakistan,industrial equipment,http://www.cavax.com.pk,00922134837506,"A-09, 03rd Floor Zohra Plaz,Block 13-C, Gulshan Iqbal Karachi Pakistan., Karachi, Sindh",https://www.businesslist.pk/company/242881/cavax-enterprises-pakistan,businesslist_pk,scrapy,industrial-equipment,2026-08-21T19:53:00.718459+00:00
mk engineering solutions,industrial equipment,,042-35786277,"168-B raja center main markeet Gulbrg II Lahore., Lahore, Punjab",https://www.businesslist.pk/company/240861/mk-engineering-solutions,businesslist_pk,scrapy,industrial-equipment,2026-08-21T19:53:02.824852+00:00
Environmental Advisory Karachi - Envi Tech Al,industrial equipment,https://envitechal.com,923008288267,"AR48, Al Rehman Apartment, Block 10, Gulshan e Iqbal, Karachi, Karachi, Sindh",https://www.businesslist.pk/company/252038/environmental-advisory-karachi-envi-tech-al,businesslist_pk,scrapy,industrial-equipment,2026-08-21T19:53:04.910464+00:00
Rotarymart,industrial equipment,http://www.rotarymart.com,03336963518,"WS-49, SECTOR 16-B, NORTH KARACHI INDUSTRIAL AREA, 75850, Karachi, Sindh",https://www.businesslist.pk/company/252233/rotarymart,businesslist_pk,scrapy,industrial-equipment,2026-08-21T19:53:06.885263+00:00
Mughal Sons Scale,industrial equipment,https://mughalsons.com/,+923116620835,"Ali Pur Chowk, RajKot, Gujranwala, Punjab, Pakistan, Gujranwala",https://www.businesslist.pk/company/257701/mughal-sons-scale,businesslist_pk,scrapy,industrial-equipment,2026-08-21T19:53:08.985783+00:00
Ekl (engineering Kinetics (pvt) Ltd.),industrial equipment,http://www.eklonline.com,"(92 42) 35885727, (92 42) 35885732, UAN : (92 42) 111-355-355","113/16, Quaid-e-azam Ind&#039;l Est., Kot Lakhpat, Lahore, Punjab",https://www.businesslist.pk/company/236106/ekl-engineering-kinetics-pvt-ltd,businesslist_pk,scrapy,industrial-equipment,2026-08-21T19:53:11.019868+00:00
Online UPS Stabilizer Industrial Pure Sine wave,industrial equipment,,03353472367,"P.E.C.H.S Block 6, P.E.C.H.S, Karachi, Sindh",https://www.businesslist.pk/company/246199/online-ups-stabilizer-industrial-pure-sine-wave,businesslist_pk,scrapy,industrial-equipment,2026-08-21T19:53:13.112298+00:00
Trade Tacts International (Pvt) Ltd.,industrial equipment,https://www.trade-tacts.com,+924237863004-5,"132-A, Commercial Sector C, Bahria Town, Lahore, Punjab",https://www.businesslist.pk/company/98912/trade-tacts-international-pvt-ltd,businesslist_pk,scrapy,industrial-equipment,2026-08-21T19:53:14.966609+00:00
Piper Sports,industrial equipment,http://www.piper-sports.com,+923496037208,"GCX8+63f khambranwala Sialkot., Sialkot, Punjab",https://www.businesslist.pk/company/254442/piper-sports,businesslist_pk,scrapy,industrial-equipment,2026-08-21T19:53:17.082655+00:00
Racks Hub Eng,industrial equipment,,03170644960,"Kotli Pir Ahmad Shah Main G.t Road Gujranwala, Gujranwala, Punjab",https://www.businesslist.pk/company/253980/racks-hub-eng,businesslist_pk,scrapy,industrial-equipment,2026-08-21T19:53:19.148871+00:00
Qumaq,industrial equipment,https://www.qumaq.com,+923015218625,"Sector H-9/1 H 9/1 H-9, Islamabad, Islamabad Capital Territory 44000, Islamabad",https://www.businesslist.pk/company/255713/qumaq,businesslist_pk,scrapy,industrial-equipment,2026-08-21T19:53:21.156009+00:00
I.S Automation (PVT) LTD,industrial equipment,http://www.isautomations.com,04237381516,"First Floor, I.S.A Trade Center, 99 Railway Road, Near Karachi Studio, Lahore Pakistan., Lahore, Punjab",https://www.businesslist.pk/company/251429/is-automation-pvt-ltd,businesslist_pk,scrapy,industrial-equipment,2026-08-21T19:53:22.717277+00:00
Cox power max company pakistan,industrial equipment,http://www.coxpowermax.com,,"Bab-e-Arif Apartment, Shop No.A-59, and North Karachi, Karachi, Sindh",https://www.businesslist.pk/company/243630/cox-power-max-company-pakistan,businesslist_pk,scrapy,industrial-equipment,2026-08-21T19:53:24.809688+00:00
G R Khokhar &amp; Sons,furniture manufacturers,,"92 21 35685707,35671056","SHAHRAH E IRAQ NEAR PASSPORT OFFICE SADDAR , Karachi, Sindh",https://www.businesslist.pk/company/242407/g-r-khokhar-sons,businesslist_pk,scrapy,furniture-manufacturers,2026-08-21T19:53:26.451752+00:00
Al-Balad Furniture,furniture manufacturers,,92212627601,"Panjrapur Road, Karachi, Sargodha, Sindh",https://www.businesslist.pk/company/172770/al-balad-furniture,businesslist_pk,scrapy,furniture-manufacturers,2026-08-21T19:53:28.681642+00:00
Catko Engineering,furniture manufacturers,,+92-55-3417220,"Crescent Star Road, Pindi Bypass, G.T Road, Gujranwala, Gujranwala, Punjab",https://www.businesslist.pk/company/250859/catko-engineering,businesslist_pk,scrapy,furniture-manufacturers,2026-08-21T19:53:30.449445+00:00
Rehman tex International,furniture manufacturers,,+923006607431,"7 chack road samana pull sargodha road, Faisalabad, Punjab",https://www.businesslist.pk/company/243459/rehman-tex-international,businesslist_pk,scrapy,furniture-manufacturers,2026-08-21T19:53:32.559684+00:00
Marquee manufacturers in Pakistan,furniture manufacturers,,"0342 2273736, 0300 8935261","Purana sanda stop band road lahore, Lahore, Punjab",https://www.businesslist.pk/company/250396/marquee-manufacturers-in-pakistan,businesslist_pk,scrapy,furniture-manufacturers,2026-08-21T19:53:34.311355+00:00
Rack Master Engineering Works,furniture manufacturers,http://www.rackmasterpk.com,0553892142,"Street Power Link near Income Tax office Opp. Mehar CNG, GT Road Gujranwala, Gujranwala, Punjab",https://www.businesslist.pk/company/242369/rack-master-engineering-works,businesslist_pk,scrapy,furniture-manufacturers,2026-08-21T19:53:35.797635+00:00
Debogs Enterprises,furniture manufacturers,,00923001518510,"Nika pura Sialkot Pakistan, Sialkot, Punjab",https://www.businesslist.pk/company/253813/debogs-enterprises,businesslist_pk,scrapy,furniture-manufacturers,2026-08-21T19:53:38.142505+00:00
ChiniotFurniture,furniture manufacturers,http://www.chiniotfurniture.pk/,+92446664900,"P 559/2-A ST MASJID USMAN CHAH YARYE WALA MOH GARAH Chiniot, Pakistan, Chiniot, Punjab",https://www.businesslist.pk/company/243784/chiniotfurniture,businesslist_pk,scrapy,furniture-manufacturers,2026-08-21T19:53:39.942169+00:00
IM Hardware,furniture manufacturers,http://www.imhardware.pk/,+92 4237587439,"85 Ferozepur Road, Ichhra Lahore, Lahore, Punjab",https://www.businesslist.pk/company/243672/im-hardware,businesslist_pk,scrapy,furniture-manufacturers,2026-08-21T19:53:42.273426+00:00
Sindh Trading Corporation,furniture manufacturers,,9221-7729416,"219,2nd Floor,Prince Centre,Saddar, Karachi, Sindh",https://www.businesslist.pk/company/116216/sindh-trading-corporation,businesslist_pk,scrapy,furniture-manufacturers,2026-08-21T19:53:43.854600+00:00
MA Furniture,furniture manufacturers,https://www.facebook.com/ma.kitchen.furniture,,"1/582 LIAQTABAD, KARACHI, Karachi, Sindh",https://www.businesslist.pk/company/240899/ma-furniture,businesslist_pk,scrapy,furniture-manufacturers,2026-08-21T19:53:46.115638+00:00
Home Furnishers,furniture manufacturers,,+923052905599,"Plot # 397, 36 C Gulshan Market, Karachi, Sindh",https://www.businesslist.pk/company/251202/home-furnishers,businesslist_pk,scrapy,furniture-manufacturers,2026-08-21T19:53:48.133644+00:00
Decorum Pakistan - Online Store for Home Decor,furniture manufacturers,,+923084159335,"Lahore, Lahore, Punjab",https://www.businesslist.pk/company/248018/decorum-pakistan-online-store-for-home-decor,businesslist_pk,scrapy,furniture-manufacturers,2026-08-21T19:53:49.148330+00:00
Modern Design Furniture,furniture manufacturers,https://www.facebook.com/moderndesignfurniture9/,+923351329550,"Plot 3 K, P.E.C.H.S Block 2, Sharah-e-Quaideen,Service Road., , Karachi, Sindh",https://www.businesslist.pk/company/251006/modern-design-furniture,businesslist_pk,scrapy,furniture-manufacturers,2026-08-21T19:53:51.276660+00:00
Gates,furniture manufacturers,,923454412755,"187-D PIA road MA Johar town Lahore , Lahore, Punjab",https://www.businesslist.pk/company/245605/gates,businesslist_pk,scrapy,furniture-manufacturers,2026-08-21T19:53:53.176897+00:00
Ideal Home,furniture manufacturers,http://www.idealhome.com.pk,9251-2827176 / 2826141,"5-C/2, Super Market, Capital, Islamabad",https://www.businesslist.pk/company/102430/ideal-home,businesslist_pk,scrapy,furniture-manufacturers,2026-08-21T19:53:55.389000+00:00
AN Home Store,furniture manufacturers,,02135861720,"Clifton Block 2 Karachi, Karachi, Sindh",https://www.businesslist.pk/company/241451/an-home-store,businesslist_pk,scrapy,furniture-manufacturers,2026-08-21T19:53:56.608689+00:00
Prince Interior,furniture manufacturers,,03002998775,"Suit #R146 Street Sehb Akhter Road, Block 13D/2, Gulshan-e-Iqbal Karachi, Karachi, Sindh",https://www.businesslist.pk/company/251735/prince-interior,businesslist_pk,scrapy,furniture-manufacturers,2026-08-21T19:53:58.734291+00:00
Pak-danish Furniture Industries,furniture manufacturers,,"(92 91) 2324678, +92 332 9197917","2nd Floor Bhittani Plaza, University Road , Peshawar, Khyber Pakhtunkhwa",https://www.businesslist.pk/company/188148/pak-danish-furniture-industries,businesslist_pk,scrapy,furniture-manufacturers,2026-08-21T19:54:00.752080+00:00
Everytech Trading Corporation,furniture manufacturers,,03360826496,"M-17, F.B.Area, Sindh, Karachi, Sindh",https://www.businesslist.pk/company/110962/everytech-trading-corporation,businesslist_pk,scrapy,furniture-manufacturers,2026-08-21T19:54:02.686529+00:00
Ehsan Foods Trusted food products,food manufacturing,http://ehsanfoods.pk/,+92-51-5535344,"Headoffice:w171 first floor muslim market narankari bazaar rawalpindi, Islamabad, Punjab",https://www.businesslist.pk/company/243143/ehsan-foods-trusted-food-products,businesslist_pk,scrapy,food-manufacturing,2026-08-21T19:54:04.483564+00:00
Darab Enterprises (Pvt) Ltd,food manufacturing,,042-35270652-4,"22 KM Ferozpur Road, West Rohi Nala, Allah Ho Industrial Estate., Lahore, Punjab",https://www.businesslist.pk/company/243309/darab-enterprises-pvt-ltd,businesslist_pk,scrapy,food-manufacturing,2026-08-21T19:54:06.744209+00:00
SmartPack Packing Tapes Pakistan,food manufacturing,,0515111039,"saddar rawalpindi cantt, Rawalpindi, Punjab",https://www.businesslist.pk/company/244297/smartpack-packing-tapes-pakistan,businesslist_pk,scrapy,food-manufacturing,2026-08-21T19:54:08.244597+00:00
Chiltan Sea Food,food manufacturing,http://www.chiltanseafood.com,92-21-32205711,"D-1, Boat Building Yard, West Wharf, P.O. Box: 74000, Karachi, Sindh",https://www.businesslist.pk/company/224196/chiltan-sea-food,businesslist_pk,scrapy,food-manufacturing,2026-08-21T19:54:10.401117+00:00
Mitchell&#039;s Fruit Farms Ltd.,food manufacturing,http://www.mitchells.com.pk,"9244-2622907 / 2622906, +92 42 35872392","Renala Khurd, Punjab, Okara, Punjab",https://www.businesslist.pk/company/109327/mitchells-fruit-farms-ltd,businesslist_pk,scrapy,food-manufacturing,2026-08-21T19:54:12.111355+00:00
Vaporesso,food manufacturing,,,"•	Vapebazaar Outlet, Opp Dacca Sweets, Bahadurabad 4 Minar Chowrangi,",https://www.businesslist.pk/company/252238/vaporesso,businesslist_pk,scrapy,food-manufacturing,2026-08-21T19:54:14.123117+00:00
Eastern Products (pvt) Ltd.,food manufacturing,http://www.vitaltea.com.pk,0632250237,"vital house plot no 50 56 haroonabad, Bahawalnagar, Sindh",https://www.businesslist.pk/company/225310/eastern-products-pvt-ltd,businesslist_pk,scrapy,food-manufacturing,2026-08-21T19:54:15.885823+00:00
Haleeb Foods Limited,food manufacturing,http://www.haleebfoods.com,"9242-111135135 / 7581558 / 7581556 / 7581557, +92 -42-37421215-20"," Ferozepur Road, Punjab, Lahore, Punjab",https://www.businesslist.pk/company/110403/haleeb-foods-limited,businesslist_pk,scrapy,food-manufacturing,2026-08-21T19:54:17.727599+00:00
Pearl Confectionery (Pvt) Ltd.,food manufacturing,http://www.pearlfoodin.com,"9221-2564007 / 2564008, +92 2132564001","Suite # 2&amp;3 1st Floor B-17, (Upper Faysal Bank), Sindh, Karachi, Sindh",https://www.businesslist.pk/company/109910/pearl-confectionery-pvt-ltd,businesslist_pk,scrapy,food-manufacturing,2026-08-21T19:54:20.075492+00:00
Mehran Dwakhana Unani (Reg),food manufacturing,http://www.alibaba.com/product/pk1002944694-125396228-0/sardai_almond_syrup_850ml_.html,92-244 362439,"House no 2012 street no 9 manwabad nawabshah sindh pakistan, Nawabshah, Sindh",https://www.businesslist.pk/company/235210/mehran-dwakhana-unani-reg,businesslist_pk,scrapy,food-manufacturing,2026-08-21T19:54:21.138310+00:00
Dispo Pakistan,food manufacturing,,051-2158978,"Ghauri Town Phase 4/b, Islamabad, Islamabad Capital Territory",https://www.businesslist.pk/company/248850/dispo-pakistan,businesslist_pk,scrapy,food-manufacturing,2026-08-21T19:54:22.713002+00:00
Ahmed Foods (pvt) Ltd.,food manufacturing,http://www.ahmedfood.com.pk,"9221-111987789 / 2563524 / 2563520 / 2563521 / 2563522, +92 (021)-32563520-4","Ahmed House D-112, S.I.T.E., Sindh, Karachi, Sindh",https://www.businesslist.pk/company/108804/ahmed-foods-pvt-ltd,businesslist_pk,scrapy,food-manufacturing,2026-08-21T19:54:24.885395+00:00
Roshan Packages Limited,food manufacturing,https://www.roshanpackages.com.pk/,+92 42 35290734-8,"325 G-III, M.A Johar Town, Lahore, Pakistan, Lahore, Punjab",https://www.businesslist.pk/company/245723/roshan-packages-limited,businesslist_pk,scrapy,food-manufacturing,2026-08-21T19:54:26.244258+00:00
Mehran Spice &amp; Food Industries,food manufacturing,http://www.mehrangroup.com,"(92 21) 35076841, 35076850, +92 -21-35076841-50","Plot # 14 &amp; 15, Sector-24, Korangi Industrial Area Karachi, Karachi, Sindh",https://www.businesslist.pk/company/145153/mehran-spicefood-industries,businesslist_pk,scrapy,food-manufacturing,2026-08-21T19:54:28.065810+00:00
Shafi Glucochem (pvt) Ltd.,food manufacturing,http://www.glucochem.com,"9221-5610696 / 5610698 / 5610699, +92 2135610696-98","Shafi House, Lalazar M.T. Khan Road, Sindh, Karachi, Sindh",https://www.businesslist.pk/company/109645/shafi-glucochem-pvt-ltd,businesslist_pk,scrapy,food-manufacturing,2026-08-21T19:54:30.235878+00:00
AK Rice Mills,food manufacturing,https://www.facebook.com/akricemills,"0715700224 , 5700225","Bagarji, District Sukkur, Sukkur, Sindh",https://www.businesslist.pk/company/241890/ak-rice-mills,businesslist_pk,scrapy,food-manufacturing,2026-08-21T19:54:32.329193+00:00
Sheikh Khajoo Bhai and CO,food manufacturing,http://www.khajoobhai.pk,0300 2662125,"51/C 12 COMMERCIAL STREET PHASE 2 EXT NEAR NADARA OFFICE , Karachi, Sindh",https://www.businesslist.pk/company/240869/sheikh-khajoo-bhai-and-co,businesslist_pk,scrapy,food-manufacturing,2026-08-21T19:54:33.532326+00:00
Jaffersons International,food manufacturing,http://www.jaffersons.com,32551721,"Plot# B17/B, S.I.T.E Avenue, Karachi-Pakistan, Karachi, Sindh",https://www.businesslist.pk/company/235121/jaffersons-international,businesslist_pk,scrapy,food-manufacturing,2026-08-21T19:54:35.757555+00:00
Jof Food and Beverages (smc-private) Limited,food manufacturing,,+923328033338,"Piran Akber Khel, Utmanzai , PO.BOX: 24500, Charsadda, Khyber Pakhtunkhwa",https://www.businesslist.pk/company/248135/jof-food-and-beverages-smc-private-limited,businesslist_pk,scrapy,food-manufacturing,2026-08-21T19:54:37.782451+00:00
Six B Food Industries (pvt) Ltd.,food manufacturing,https://www.facebook.com/sixbfood/,"(92 42) 35427953, (92 42) 35427954, +92 308 7999530, +92 333 6111374"," Star House,25-Katar Band Road,Opp.Old Transpak Factory,Thokar Niaz Baig, Lahore, Punjab",https://www.businesslist.pk/company/183011/six-b-food-industries-pvt-ltd,businesslist_pk,scrapy,food-manufacturing,2026-08-21T19:54:39.845929+00:00
Novatex Limited,textile,https://www.gatronova.com,"+92 21 35659500, +92 21 35659514","Zafar Town, Landhi Town, Karachi, Sindh",https://www.businesslist.pk/company/90616/novatex-limited,businesslist_pk,scrapy,textile,2026-08-21T19:54:42.017728+00:00
Resham Textile Industries Ltd.,textile,http://www.reshamgroup.com,"9242-5711051-53, +92 042 111 767 676","314-Upper Mall, Punjab, Lahore, Punjab",https://www.businesslist.pk/company/135452/resham-textile-industries-ltd,businesslist_pk,scrapy,textile,2026-08-21T19:54:43.881378+00:00
Orient Textile Mills Pvt Ltd,textile,http://www.shopatorient.com,"0922135001592/95, +92 -311-1163163","Orient Textile Mills 501, Main National Highway, Landhi, Karachi, Karachi, Sindh",https://www.businesslist.pk/company/241048/orient-textile-mills-pvt-ltd,businesslist_pk,scrapy,textile,2026-08-21T19:54:45.882193+00:00
Nishat Mills Ltd.,textile,https://nishatmillsltd.com,"+92 41 8754809, +92 41 8754816","Street Number 4, Nishatabad, Faisalabad, Punjab",https://www.businesslist.pk/company/90585/nishat-mills-ltd,businesslist_pk,scrapy,textile,2026-08-21T19:54:47.751852+00:00
Lyallpur Fashions,textile,http://www.lyallpurfashions.com,,"P-3/A, Millat Industrial Estate, Off Millat Road, Faisalabad, Punjab",https://www.businesslist.pk/company/243350/lyallpur-fashions,businesslist_pk,scrapy,textile,2026-08-21T19:54:48.581621+00:00
Shafi Texcel Ltd,textile,http://www.texcel.com.pk,"9221-5610696-8-9, (042) 35393612","Shafi House, M.T Khan Road, Sindh, Karachi, Sindh",https://www.businesslist.pk/company/135801/shafi-texcel-ltd,businesslist_pk,scrapy,textile,2026-08-21T19:54:49.945940+00:00
Lyallpur Tech (pvt) Ltd.,textile,https://www.urtechsol.com,"(92 41) 8527016, 8527017, +92  (42) 32210412","190-R.B.Karari Kalars,18-Km. Jhumra Fsd Road, Faisalabad",https://www.businesslist.pk/company/186188/lyallpur-tech-pvt-ltd,businesslist_pk,scrapy,textile,2026-08-21T19:54:51.224248+00:00
Samin Textile Mills Ltd.,textile,http://www.samintextile.com,9242-5753764 / 5753761 / 6362625 / 5753762," Main Gulberg, Punjab, Lahore, Punjab",https://www.businesslist.pk/company/135670/samin-textile-mills-ltd,businesslist_pk,scrapy,textile,2026-08-21T19:54:53.272882+00:00
Master Textile Mills Limited,textile,http://www.mastertex.com,"9242-5752620, 111-666-555, +92 42 35392344"," Gulberg III, Punjab, Lahore, Punjab",https://www.businesslist.pk/company/134627/master-textile-mills-limited,businesslist_pk,scrapy,textile,2026-08-21T19:54:54.407983+00:00
Lucky Textile Mills,textile,https://luckytextilemills.biz,"+92 21 36328958, +92 21 36328957, +92 -21 36328957-8","L-8, Block 21, fedral ‘B’ Area, Karachi, Sindh",https://www.businesslist.pk/company/145105/lucky-textile-mills,businesslist_pk,scrapy,textile,2026-08-21T19:54:56.285751+00:00
Sana Industries Ltd,textile,http://www.sanaulla.com,"9221-2561728-9, 2566008-9, +9221-34322556"," Sindh Industrial Trading Estate P.O Box 10651, Sindh, Karachi, Sindh",https://www.businesslist.pk/company/135683/sana-industries-ltd,businesslist_pk,scrapy,textile,2026-08-21T19:54:58.368281+00:00
Naveena Exports Ltd.,textile,http://www.naveenagroup.com,"(92 21) 34310631, 34543181, +92 -21 34310631-2","Corporate Office: B-21,Block 7 &amp; 8,Banglore Town,Shahrah-e-Faisal, Karachi",https://www.businesslist.pk/company/186679/naveena-exports-ltd,businesslist_pk,scrapy,textile,2026-08-21T19:54:59.635248+00:00
Hong Kong Metal &amp; Plastic Products,textile,,+92 3082200111,"SD/18, North Nazimabad, Sindh, Karachi, Sindh",https://www.businesslist.pk/company/87417/hong-kong-metalplastic-products,businesslist_pk,scrapy,textile,2026-08-21T19:55:01.388105+00:00
Mundia Exports,textile,http://www.mundiaexport.com,"9221-2585414,  +92 21 2585413","A-14 Manghopir Rd, Sindh Industrial Trading Estate, Karachi, Sindh",https://www.businesslist.pk/company/134822/mundia-exports,businesslist_pk,scrapy,textile,2026-08-21T19:55:03.390303+00:00
pak safety tex,textile,http://www.paksafety.com,"92-41-8505888, +92 314-410-2393","street#2 shamsabad nishatabad faisalabad, Punjab, Faisalabad, Punjab",https://www.businesslist.pk/company/131925/pak-safety-tex,businesslist_pk,scrapy,textile,2026-08-21T19:55:05.303860+00:00
Ibrahim Fibres Limited,textile,http://www.igcpk.com,"9242-5869151-4, +92 41 2617836","1-A, New Garden Town, Punjab, Lahore, Punjab",https://www.businesslist.pk/company/133940/ibrahim-fibres-limited,businesslist_pk,scrapy,textile,2026-08-21T19:55:07.216833+00:00
Hafiz Tannery,textile,http://www.hafiztannery.com,"(92 21) 35060129, +92 2135060463","Plot No.1, Sector 7-A, Korangi Industrial Area Karachi, Karachi",https://www.businesslist.pk/company/144904/hafiz-tannery,businesslist_pk,scrapy,textile,2026-08-21T19:55:09.407920+00:00
Mahee International,textile,http://www.maheeinternational.com,+922132590147,"F/413-B, S.I.T.E, Karachi - 75700, Pakistan, Karachi, Sindh",https://www.businesslist.pk/company/131832/mahee-international,businesslist_pk,scrapy,textile,2026-08-21T19:55:11.537436+00:00
Olympia Carpets,textile,https://www.facebook.com/ConceptCreators786/,"9242-6301979, 9242- 6301980, 9242-6301981","Maulana Shaukat Ali Road, Block D Faisal Town, Lahore, Punjab",https://www.businesslist.pk/company/135051/olympia-carpets,businesslist_pk,scrapy,textile,2026-08-21T19:55:13.214994+00:00
AL Noor Enterprises,estate agents,http://www.alnoorenterprises.net,"0222728989, (+92-21) 34550161/2/3","Flat # 102, Khawaja Arcade, Makki Shah Road, Hyderabad., Hyderabad, Sindh",https://www.businesslist.pk/company/241628/al-noor-enterprises,businesslist_pk,scrapy,estate-agents,2026-08-21T19:55:15.085051+00:00
Symble Properties,estate agents,https://symbleproperties.com/,+92-51-5400157-8-9,"Office No. 1,G/F Falcon Arcade, Spring North Commercial, Phase7, Bahria Town, Islamabad., Islamabad, Islamabad Capital Territory",https://www.businesslist.pk/company/249112/symble-properties,businesslist_pk,scrapy,estate-agents,2026-08-21T19:55:17.247425+00:00
AH Group of Companies,estate agents,https://ahgroup-pk.com/,051111678678,"Office #11, 2nd floor, Umer Building, Jinnah Avenue, Blue Area, Islamabad, Islamabad, Islamabad Capital Territory",https://www.businesslist.pk/company/254621/ah-group-of-companies,businesslist_pk,scrapy,estate-agents,2026-08-21T19:55:19.350328+00:00
Maraka Homes,estate agents,https://marakahomespk.com/,0304-1333222,"Main khurd Burd Road, Multan Road Lahore, Lahore, Pakistan, Lahore, Punjab",https://www.businesslist.pk/company/254646/maraka-homes,businesslist_pk,scrapy,estate-agents,2026-08-21T19:55:21.529205+00:00
Safa burj mall,estate agents,https://safaburjmall.com/,03 111 777 741,"Madina Tower, Office #1, Near main Margalla Road E-11, Islamabad., Islamabad, Islamabad Capital Territory",https://www.businesslist.pk/company/254446/safa-burj-mall,businesslist_pk,scrapy,estate-agents,2026-08-21T19:55:22.601788+00:00
Winston Mall,estate agents,https://winstonmall.com/,+92-311-1777440," Plot 5 Streer 39, Sector B-17 Block C Multi Gardens B-17, Islamabad, Rawalpindi, Islamabad Capital Territory 44000, Pakistan, Islamabad, Islamabad Capital Territory",https://www.businesslist.pk/company/254473/winston-mall,businesslist_pk,scrapy,estate-agents,2026-08-21T19:55:24.751660+00:00
Empire Estates,estate agents,https://empireestatespk.business.site,03008480572,"62-FF DHA Commercial Plaza, Y-Block Phase 3, DHA Lahore, Lahore, Punjab",https://www.businesslist.pk/company/250966/empire-estates,businesslist_pk,scrapy,estate-agents,2026-08-21T19:55:26.752785+00:00
Lahore Hostel Wapda Town,estate agents,http://www.lahorehostel.com,03136843886,"147/H1, Opposite Royal Hospital, Wapda Town, Lahore, Punjab",https://www.businesslist.pk/company/244805/lahore-hostel-wapda-town,businesslist_pk,scrapy,estate-agents,2026-08-21T19:55:28.735586+00:00
AAA Associates,estate agents,https://aaaassociates.com/,+92 331 20 555 20,"Office no 20/21, 2nd Floor, Asian Business Center, Bahria Town Phase 7 Entrance, G.T Road, Rwp/Isb, Islamabad, Islamabad Capital Territory",https://www.businesslist.pk/company/253119/aaa-associates,businesslist_pk,scrapy,estate-agents,2026-08-21T19:55:30.866306+00:00
Fakhri Trade Centre,estate agents,http://www.ftc.com.pk,+92 21 32602222,"SR-6/10, Shara-e-Liaqat, Karachi 74200, Karachi, Sindh",https://www.businesslist.pk/company/241066/fakhri-trade-centre,businesslist_pk,scrapy,estate-agents,2026-08-21T19:55:32.448568+00:00
Riseup Estate and Builders Islamabad,estate agents,https://riseupestate.com/property/gulberg-twins-tower-islamabad-shop-apartment-for-sale/,03325652291,"First Floor, Plaza 1, Sector J, Main Commercial, Dha 2, Islamabad, Pakistan, Islamabad, Islamabad Capital Territory",https://www.businesslist.pk/company/251074/riseup-estate-and-builders-islamabad,businesslist_pk,scrapy,estate-agents,2026-08-21T19:55:34.685249+00:00
Enem Estate,estate agents,https://www.enemestate.com/,+92 42 111 11 36 36,"14-Z, CCA Phase-III DHA Lahore, Pakistan, Lahore, Punjab",https://www.businesslist.pk/company/250834/enem-estate,businesslist_pk,scrapy,estate-agents,2026-08-21T19:55:36.451944+00:00
Lahore Real Estate,estate agents,https://newlahorerealestate.com/,03218495337,"105 G Basement Phase 1 DHA Lahore  , Lahore, Punjab",https://www.businesslist.pk/company/250560/lahore-real-estate,businesslist_pk,scrapy,estate-agents,2026-08-21T19:55:38.514324+00:00
Zameen Foryou,estate agents,http://zameenforyou.com/,03228440055,"Muslim Town Lahore Punjab Pakistan, Lahore, Punjab",https://www.businesslist.pk/company/248625/zameen-foryou,businesslist_pk,scrapy,estate-agents,2026-08-21T19:55:40.271480+00:00
Redwood Properties,estate agents,http://redwoodpk.com,+923189900000,"E 25 Main Jinnah Boulevard Commercial Area. 1st Floor National Bank DHA Phase 2 Islamabad, Islamabad, Islamabad Capital Territory",https://www.businesslist.pk/company/254309/redwood-properties,businesslist_pk,scrapy,estate-agents,2026-08-21T19:55:42.271645+00:00
Property Hut,estate agents,http://propertyhut.pk/,0313 5277387,"Residence 21, DHA.1 , Islamabad, Islamabad, Punjab",https://www.businesslist.pk/company/254450/property-hut,businesslist_pk,scrapy,estate-agents,2026-08-21T19:55:44.553622+00:00
Sasti Property,estate agents,http://www.sastipro.pk/,0512544438,"G-15 Markz, Kashmir Housing Society, Islamabad, Islamabad Capital Territory",https://www.businesslist.pk/company/245288/sastipropertypkgmailcom,businesslist_pk,scrapy,estate-agents,2026-08-21T19:55:46.735873+00:00
Lahore real estate,estate agents,https://newlahorerealestate.com/,03218495337,"105 G Basement Phase 1 DHA Lahore, Lahore, Punjab",https://www.businesslist.pk/company/250558/lahore-real-estate,businesslist_pk,scrapy,estate-agents,2026-08-21T19:55:48.395246+00:00
ITP Syed Screen Point,industrial equipment,http://industrialtouchpanel.com,0321-6756759,"Sheikh Rehmat ullah electronics market 3rd floor, 1A, 16 hall road Lahore, Lahore, Punjab",https://www.businesslist.pk/company/246874/itp-syed-screen-point,businesslist_pk,scrapy,industrial-equipment,2026-08-21T19:55:50.290724+00:00
"New Shine International Education Tech. Co., Ltd",industrial equipment,https://edutech.new-shine.com,886423177938,"No., 30, East 1st Street, HeCou ,, Karachi, Punjab",https://www.businesslist.pk/company/240090/new-shine-solarstock-new-energy-tech-co-ltd,businesslist_pk,scrapy,industrial-equipment,2026-08-21T19:55:52.047400+00:00
General Weigh System,industrial equipment,,(92 21) 36708820,"Flat No.B-1, Cabana Square, North Nazimabad, Block-L Karachi., Karachi, Sindh",https://www.businesslist.pk/company/239729/general-weigh-system,businesslist_pk,scrapy,industrial-equipment,2026-08-21T19:55:54.191936+00:00
Tecno Electronic Company TECNO LAZER,industrial equipment,,+923009433728,"Ring Road Lahore Band Road Lahore, Pakistan., Lahore, Punjab",https://www.businesslist.pk/company/240957/tecno-electronic-company-tecno-lazer,businesslist_pk,scrapy,industrial-equipment,2026-08-21T19:55:55.613411+00:00
Mindstorm Engineering,industrial equipment,http://www.mindstormengg.com,03323373858,"F-18, F Market, Imam Ahmed Road Opp Beacon House School PECHS Block 6, Karachi, Sindh",https://www.businesslist.pk/company/249096/mindstorm-engineering,businesslist_pk,scrapy,industrial-equipment,2026-08-21T19:55:57.254521+00:00
Ideal Machinery &amp; Equipment&#039;s,industrial equipment,http://www.idealmachinery.pk,00923134523118,"A-158, BLOCK 8,K.A.E.C.H.S KARACHI, PAKISTAN, Karachi, Sindh",https://www.businesslist.pk/company/249514/ideal-machineryequipments,businesslist_pk,scrapy,industrial-equipment,2026-08-21T19:55:59.082986+00:00
"Jinan Rase Machinery Co.,Ltd",industrial equipment,,0086-531-55558281,"Rm303,Huaxin Plaza,No.205Huayuan Rd,Jinan,Shandong,China",https://www.businesslist.pk/company/181351/jinan-rase-machinery-coltd,businesslist_pk,scrapy,industrial-equipment,2026-08-21T19:56:00.349953+00:00
Techstar - Smart Solutions,industrial equipment,https://www.techstar.com.pk/,03365313953,"8-B, Sadeed Plaza, Commercial Zone Canal View Housing Society, Lahore, Punjab",https://www.businesslist.pk/company/250672/techstar-smart-solutions,businesslist_pk,scrapy,industrial-equipment,2026-08-21T19:56:02.465533+00:00
Modtec Engineering Corporation,industrial equipment,http://www.modcranes.com,042 35965976,"14 - A/1 Block, Eden Residensia, Collage Road, Lahore, Pakistan., Lahore, Pakistan, Lahore, Punjab",https://www.businesslist.pk/company/246598/modtec-engineering-corporation,businesslist_pk,scrapy,industrial-equipment,2026-08-21T19:56:04.732301+00:00
General Pipe &amp; Machinery Stores (Pvt) Ltd.,industrial equipment,https://www.general.com.pk,9242-7236111 / 7236109 / 7236110,"82-Nishtar Road, Punjab, Lahore, Punjab",https://www.businesslist.pk/company/127019/general-pipemachinery-stores-pvt-ltd,businesslist_pk,scrapy,industrial-equipment,2026-08-21T19:56:06.295520+00:00
FAKHRUDDIN AKBER ALI iron &amp; steel,industrial equipment,http://www.faasteel.com,"021 32775525,  +92 21 35373555","Horizon Tower, 301، Block 3 Clifton, Karachi, Sindh",https://www.businesslist.pk/company/241232/fakhruddin-akber-ali-ironsteel,businesslist_pk,scrapy,industrial-equipment,2026-08-21T19:56:08.034579+00:00
M.a.r.s,industrial equipment,http://www.marsrefrigeration.com,0321-9220095,"Site area, Karachi, Sindh",https://www.businesslist.pk/company/239891/mars,businesslist_pk,scrapy,industrial-equipment,2026-08-21T19:56:09.608724+00:00
GB Elevator,industrial equipment,,03214865322,"18/A Croll Ghati Ring Road Lahore., Lahore, Punjab",https://www.businesslist.pk/company/242201/gb-elevator,businesslist_pk,scrapy,industrial-equipment,2026-08-21T19:56:11.733186+00:00
International Petrochemicals Pvt Ltd.,industrial equipment,http://www.ipchem.com,"00924235843039, +92-42-35888531-36","121-B Model Town Lahore, Lahore, Punjab",https://www.businesslist.pk/company/240806/international-petrochemicals-pvt-ltd,businesslist_pk,scrapy,industrial-equipment,2026-08-21T19:56:13.379659+00:00
K.N Fabrication (Pvt) Ltd,industrial equipment,http://www.knfabrication.com,,"plot no 5 , bagrian road near kot lakh pat , Lahore, Punjab",https://www.businesslist.pk/company/242734/k-n-fabrication-pvt-ltd,businesslist_pk,scrapy,industrial-equipment,2026-08-21T19:56:15.649251+00:00
North Star Trading,industrial equipment,http://www.northstartrading.net,"021-34228770, 021-3437550-1","107, Anum Classic, Opposite Old Duty Free, Shahra-e-Faisal, Karachi, Karachi, Sindh",https://www.businesslist.pk/company/235036/north-star-trading,businesslist_pk,scrapy,industrial-equipment,2026-08-21T19:56:16.795817+00:00
Grundfos Pakistan,industrial equipment,,+923331193590,"C-394/1 Block-6 F.B Area, Karachi Sindh, Karachi, 754000, Karachi",https://www.businesslist.pk/company/258960/grundfos-pakistan,businesslist_pk,scrapy,industrial-equipment,2026-08-21T19:56:18.853385+00:00
Pakistan Refinery Ltd.,industrial equipment,http://www.prl.com.pk,"(92 21) 35091771, 35091779, (92-21) - 35122131","Korangi Creek Road, P.O.Box:4612 Karachi, Karachi",https://www.businesslist.pk/company/166339/pakistan-refinery-ltd,businesslist_pk,scrapy,industrial-equipment,2026-08-21T19:56:20.622629+00:00
Bureau of Equipments &amp; Spares Traders,industrial equipment,http://www.best-pk.com,"+92213 2424256, +92213 2424257","33/11, Arkay Square Extension, Shahrah-e-Liaquat,, Karachi, Sindh",https://www.businesslist.pk/company/244031/bureau-of-equipmentsspares-traders,businesslist_pk,scrapy,industrial-equipment,2026-08-21T19:56:22.116675+00:00
Matrix Electronics,industrial equipment,,03002785860,"Shop#2, Hassan centre saddar., Karachi, Sindh",https://www.businesslist.pk/company/235609/matrix-electronics,businesslist_pk,scrapy,industrial-equipment,2026-08-21T19:56:24.348492+00:00
A M Trading Company,furniture manufacturers,,041-2434703,"224-fateh Din Wali near Boher Chowk on Halal Road in peoples colony No. 2 Babar Chowk, Faisalabad , Faisalabad, Punjab",https://www.businesslist.pk/company/249989/a-m-trading-company,businesslist_pk,scrapy,furniture-manufacturers,2026-08-21T19:56:26.511134+00:00
Urban Rattan Furniture,furniture manufacturers,http://www.urbanrattan.com,03336222000,"DHA, Lahore, Pakistan, Lahore, Punjab",https://www.businesslist.pk/company/245094/urban-rattan-furniture,businesslist_pk,scrapy,furniture-manufacturers,2026-08-21T19:56:27.993349+00:00
Worth Interior,furniture manufacturers,https://worthinterior.com/,+923262422205,"St 3 H 7 Fatehgarh Cantt Lahore, Lahore, Punjab",https://www.businesslist.pk/company/254238/worth-interior,businesslist_pk,scrapy,furniture-manufacturers,2026-08-21T19:56:29.524138+00:00
The Prince Interior,furniture manufacturers,http://www.theprinceinterior.com/,+92 300 2998775," Suit # R146 Street Sehba Akhter Road, Block 13D/2, Gulshan-e-Iqbal Karachi, Karachi, Sindh",https://www.businesslist.pk/company/252152/the-prince-interior,businesslist_pk,scrapy,furniture-manufacturers,2026-08-21T19:56:31.755911+00:00
Traditions Pvt Ltd,furniture manufacturers,http://traditions.pk,03004455111,"first floor, 32mb phase 6,dha lahore, Lahore, Punjab",https://www.businesslist.pk/company/252132/traditions-pvt-ltd,businesslist_pk,scrapy,furniture-manufacturers,2026-08-21T19:56:33.718908+00:00
Profine Furniture,furniture manufacturers,https://www.profine.pk/,+923041117763," 65 Main Boulevard Gulberg, Block H Gulberg 2, Lahore, Punjab 54000, Lahore",https://www.businesslist.pk/company/254776/profine-furniture,businesslist_pk,scrapy,furniture-manufacturers,2026-08-21T19:56:35.919796+00:00
Lodhi Traders &amp; Constructors,furniture manufacturers,http://www.lodhitraders.com,03335609169,"Shop no. 01, Chaudhary Plaza, G-12/1, Near Venue One Marquee Islamabad, Islamabad, Islamabad Capital Territory",https://www.businesslist.pk/company/247657/lodhi-tradersconstructors,businesslist_pk,scrapy,furniture-manufacturers,2026-08-21T19:56:37.763740+00:00
The Incredibles,furniture manufacturers,http://www.facebook.com/theincredibles001,04235700298,"Shop # LG 32/1, Divine Mega 2, Airport Road, Lahore, Lahore, Punjab",https://www.businesslist.pk/company/247794/the-incredibles,businesslist_pk,scrapy,furniture-manufacturers,2026-08-21T19:56:39.931291+00:00
N.m. Furnishers,furniture manufacturers,https://www.nmfurnisher.com,"+92 53 3706121, +92 53 3706122, +92 53 3706126","G. T. Road, Gujrat, Punjab",https://www.businesslist.pk/company/103971/nm-furnishers,businesslist_pk,scrapy,furniture-manufacturers,2026-08-21T19:56:42.145032+00:00
Furniturehub.pk,furniture manufacturers,https://furniturehub.pk/,03234876011,"Room # 64 Madina tower mouslim town mor, Lahore, Punjab",https://www.businesslist.pk/company/246475/furniturehubpk,businesslist_pk,scrapy,furniture-manufacturers,2026-08-21T19:56:44.313051+00:00
General Furnishers,furniture manufacturers,http://www.generalfurnishers.com,(92 300) 6230142,"Dheerky By Paas G.T.Road Gujrat, Gujrat, Punjab",https://www.businesslist.pk/company/188057/general-furnishers,businesslist_pk,scrapy,furniture-manufacturers,2026-08-21T19:56:46.177419+00:00
Muzammil Furniture Foam and sofa collection,furniture manufacturers,http://nil,03002253737,"Bahar chowk near ycdo hospital Multan, Multan, Punjab",https://www.businesslist.pk/company/254002/muzammil-furniture-foam-and-sofa-collection,businesslist_pk,scrapy,furniture-manufacturers,2026-08-21T19:56:48.075836+00:00
Obsession Outlet,furniture manufacturers,https://obsessionoutlet.com/,+92322-9276000,"Manzoor Colony Main Furniture Market, Karachi Pakistan 75640, Karachi, Sindh",https://www.businesslist.pk/company/250727/obsession-outlet,businesslist_pk,scrapy,furniture-manufacturers,2026-08-21T19:56:50.260840+00:00
Enviro Kitchen &amp; Furniture,furniture manufacturers,http://www.envirofurniture.com.pk,+924235777526,"Mega Tower,Ground Floor, 63-B, Main Boulevard, Gulberg -II Lahore., Lahore, Punjab",https://www.businesslist.pk/company/240198/enviro-kitchenfurniture,businesslist_pk,scrapy,furniture-manufacturers,2026-08-21T19:56:52.137442+00:00
Studio Seven,furniture manufacturers,https://studioseven.pk/,92 21 35373427,"F-42/1, E-Street, Block 4, Clifton, Karachi, Pakistan., Karachi, Sindh",https://www.businesslist.pk/company/250162/studio-seven,businesslist_pk,scrapy,furniture-manufacturers,2026-08-21T19:56:53.967152+00:00
"Makmed® Trading ,ltd",furniture manufacturers,http://www.makmedtrading.com,+92 300 7113298,"Office # G Block Citi Housing Sialkot, Sialkot, Punjab",https://www.businesslist.pk/company/252477/makmed-trading-ltd,businesslist_pk,scrapy,furniture-manufacturers,2026-08-21T19:56:56.074070+00:00
Kenwood Furnitures,furniture manufacturers,http://www.facebook.com/kenwoodfurniture,9241-8781696,"P-131, Tahir Road, P.O.Box: 38600, Punjab, Faisalabad, Punjab",https://www.businesslist.pk/company/111083/kenwood-furnitures,businesslist_pk,scrapy,furniture-manufacturers,2026-08-21T19:56:57.484871+00:00
Citimat Spring Mattress &amp; Services,furniture manufacturers,https://www.facebook.com/Citimatservices?mibextid=ZbWKwL,+923412770627,"Liaquatabad Karachi, Karachi",https://www.businesslist.pk/company/257859/citimat-spring-mattressservices,businesslist_pk,scrapy,furniture-manufacturers,2026-08-21T19:56:59.282405+00:00
Lunar Furniture,furniture manufacturers,https://www.mahenti.com/,+92 321 8221566,"Chaudhry Khaliq-uz-Zaman Rd, Block 8 Clifton., Karachi",https://www.businesslist.pk/company/254819/lunar-furniture,businesslist_pk,scrapy,furniture-manufacturers,2026-08-21T19:57:01.457001+00:00
SNK&#039;s,furniture manufacturers,http://www.thesnk.com,+923219000597,"24-C, Old Sunset Boulevard, Phase-2, D.H.A., Karachi, Sindh",https://www.businesslist.pk/company/243881/snks,businesslist_pk,scrapy,furniture-manufacturers,2026-08-21T19:57:03.168653+00:00
Zarneel Shayk Enterprises,food manufacturing,https://www.zarneelent.com,+923335222471,"muslim colony kashmir road sialkot pakistan, Sialkot",https://www.businesslist.pk/company/255199/zarneel-shayk-enterprises,businesslist_pk,scrapy,food-manufacturing,2026-08-21T19:57:05.327954+00:00
Tapal Tea (pvt) Ltd.,food manufacturing,http://www.tapaltea.com,"+92 333 2249779, +92 21 35063891","Plot No.40, Sector-15, Korangi Industrial Area, Karachi, Sindh",https://www.businesslist.pk/company/145668/tapal-tea-pvt-ltd,businesslist_pk,scrapy,food-manufacturing,2026-08-21T19:57:06.628045+00:00
Active Foods,food manufacturing,,03468211151,"D 13 A/9,SITE, Karachi, Sindh",https://www.businesslist.pk/company/248638/active-foods,businesslist_pk,scrapy,food-manufacturing,2026-08-21T19:57:08.721306+00:00
Bloom Engineering,food manufacturing,https://bloomengg.com,+92 315 2079057,"Plot# A 46A, A.G Compound. Near Ghani Chowrangi. SITE Area, Karachi, Pakistan, Karachi",https://www.businesslist.pk/company/257296/bloom-engineering,businesslist_pk,scrapy,food-manufacturing,2026-08-21T19:57:11.079106+00:00
Shahida Home Shef,food manufacturing,https://takenbest.com,+923204713568,"Hameedpura, Fateh Garh Rd, Mughalpura Lahore, Lahore",https://www.businesslist.pk/company/254777/shahida-home-shef,businesslist_pk,scrapy,food-manufacturing,2026-08-21T19:57:13.053713+00:00
Beeburg Packages,food manufacturing,http://www.beeburgpackages.com,03453454030,"Sec 3-B, Landhi # 4, karachi-pakistan, Karachi, Sindh",https://www.businesslist.pk/company/243191/beeburg-packages,businesslist_pk,scrapy,food-manufacturing,2026-08-21T19:57:14.987643+00:00
Bindawood Flavours,food manufacturing,https://bindawoodflavour.com/,+92 322 9995555,"17 Km Sheikhupura Road, Near Kot Abdul Malik Interchange, Lahore, Punjab, Pakistan., Lahore",https://www.businesslist.pk/company/258255/bindawood-flavours,businesslist_pk,scrapy,food-manufacturing,2026-08-21T19:57:17.234504+00:00
FUMERC International,food manufacturing,https://fumerchs.weebly.com,+923248246122,"Karachi, Karachi, Sindh",https://www.businesslist.pk/company/246205/fumerc-international,businesslist_pk,scrapy,food-manufacturing,2026-08-21T19:57:19.224564+00:00
Indus Valley Crafts,food manufacturing,https://www.indusvalleycrafts.com,+923217802222,"128 Timber Market, Usman Plaza, 2nd floor, Ravi Road, Lahore, Pakistan., Lahore",https://www.businesslist.pk/company/257432/indus-valley-crafts,businesslist_pk,scrapy,food-manufacturing,2026-08-21T19:57:21.443600+00:00
Falcon Packages (Pvt) Ltd.,food manufacturing,https://falconpackages.com/,0554285799,"Near Khiali Bypass, Sheikhupura Road, Gujranwala, Punjab",https://www.businesslist.pk/company/252111/falcon-packages-pvt-ltd,businesslist_pk,scrapy,food-manufacturing,2026-08-21T19:57:23.319706+00:00
Selly.pk - Fruits and Vegetables in Lahore,food manufacturing,https://selly.pk/,030004554641,"405, Al- Hafeez Shopping Mall, Main Boulevard، Gulberg III، Punjab, PK، Block D 1 Gulberg III, Lahore, Punjab 54670, Lahore, Punjab",https://www.businesslist.pk/company/247881/sellypk-fruits-and-vegetables-in-lahore,businesslist_pk,scrapy,food-manufacturing,2026-08-21T19:57:25.047518+00:00
Vision International,food manufacturing,http://www.spssukses.com,00923343381840,"R-12, Pink Residency, Block 8-A, Gulistan e Jauhar , Karachi, Sindh",https://www.businesslist.pk/company/252929/vision-international,businesslist_pk,scrapy,food-manufacturing,2026-08-21T19:57:27.206986+00:00
Salt Exporters | Dilmeer Foods,food manufacturing,https://www.dilmeerfoods.com/,04235950445,"Dilmeer Foods, Near Sharif Medical City , 18 KM Raiwind Road, Lahore, Lahore, Punjab",https://www.businesslist.pk/company/246559/salt-exportersdilmeer-foods,businesslist_pk,scrapy,food-manufacturing,2026-08-21T19:57:29.084869+00:00
miracle water,food manufacturing,http://www.miracle.com.pk,021-36375654-55,"WSA-23, Block-14 F.B. Industrial Area Karachi, Karachi, Sindh",https://www.businesslist.pk/company/247488/miracle-water,businesslist_pk,scrapy,food-manufacturing,2026-08-21T19:57:31.251212+00:00
Multicaps,food manufacturing,http://www.multicaps.net,(+92-21) 34529330-3,"Production Plant: A-92, Road No.5, Phase 1, S.I.T.E, Super Highway Industrial Area, North Karachi, Pakistan., Karachi, Sindh",https://www.businesslist.pk/company/249648/multicaps,businesslist_pk,scrapy,food-manufacturing,2026-08-21T19:57:32.761853+00:00
Kareem&#039;s Limca and Milk Soda,food manufacturing,http://kareemlimca.com,+92 300 7401447,"Main Shahi Road, Ghalla Mandi, Near UBL Bank, Rahimyar Khan, Pakistan, Rahim Yar Khan",https://www.businesslist.pk/company/257899/kareems-limca-and-milk-soda,businesslist_pk,scrapy,food-manufacturing,2026-08-21T19:57:34.703167+00:00
Khan Salt (SMC-Private) limited,food manufacturing,https://khansaltfactory.com/,+923072827192,"Office No.14, Wilayat Complex, Bahria Town Phase 7, Emirates Paradise Plaza, Rawalpindi, Punjab",https://www.businesslist.pk/company/257980/khan-salt-smc-private-limited,businesslist_pk,scrapy,food-manufacturing,2026-08-21T19:57:36.834303+00:00
Pizza Shizza,food manufacturing,https://instagram.com/pizzashizzapk,+923447005756,"X959+44P, Qasar e Fareed Road, Kot Mithan, Rajanpur, Punjab, Chiniot",https://www.businesslist.pk/company/255435/pizza-shizza,businesslist_pk,scrapy,food-manufacturing,2026-08-21T19:57:39.144313+00:00
Sheikhoo Sugar Mills Ltd.,food manufacturing,https://www.sheikhoosugar.com,"+92 42 32307991, +92 345 4555561","Fairways, Plaza No. CP104, Defence Raya Golf Resort DHA Phase 6, Lahore, Punjab",https://www.businesslist.pk/company/156286/sheikhoo-sugar-mills-ltd,businesslist_pk,scrapy,food-manufacturing,2026-08-21T19:57:41.108060+00:00
At-Tahur,food manufacturing,http://www.at-tahur.com,+92 42 3584-5901,"JVC9+44V, Street 17, E 18 Gulshan e Sehat, Islamabad, Islamabad Capital Territory, Lahore",https://www.businesslist.pk/company/256905/at-tahur,businesslist_pk,scrapy,food-manufacturing,2026-08-21T19:57:43.300481+00:00
Asacotex,textile,http://www.asacotexonline.com,"9221-5057564, +92 21 5066591","Plot No.222,Korangi Industrial Area, Sindh, Karachi, Sindh",https://www.businesslist.pk/company/132806/asacotex,businesslist_pk,scrapy,textile,2026-08-21T19:57:44.237259+00:00
Amna Enterprises,textile,http://www.amna.pk,03302496121,"1st Floor, WSA-32, Block 14, F B Area,, Karachi, Sindh",https://www.businesslist.pk/company/220055/amna-enterprises,businesslist_pk,scrapy,textile,2026-08-21T19:57:46.351325+00:00
A. Essak &amp; Sons (Home Textile),textile,http://www.aestextiles.com,"92-21-6974878, +92 021 3641 2227","24/1, Sector 6-A, Industrial Area, Sindh, Karachi, Sindh",https://www.businesslist.pk/company/131451/a-essaksons-home-textile,businesslist_pk,scrapy,textile,2026-08-21T19:57:48.467015+00:00
Shabbir Textile,textile,https://www.facebook.com/ShabbirTextiles/,"(92 21) 32560620, (92 21) 32560630,  +92 335 5040577"," F-254, S.I.T.E, Fakhruddin Valika Rd, Metroville Sindh Industrial Trading Estate, Karachi, Sindh",https://www.businesslist.pk/company/239408/shabbir-textile,businesslist_pk,scrapy,textile,2026-08-21T19:57:50.694667+00:00
Cotton Web,textile,http://www.cottonweb.net.pk,"9242-6543798-6543707, +92 42 35923249"," Gt Road Near Bagh Wali Pulli Mannawan, Punjab, Lahore, Punjab",https://www.businesslist.pk/company/88783/cotton-web,businesslist_pk,scrapy,textile,2026-08-21T19:57:52.861551+00:00
Artistic Denim Mills Limited,textile,http://www.artisticdenim.com,"9221-111004004 / 4524411 / 4545784 / 4548061 / 4524485, +92 21 111-236-236","39-A, P.E.C.H.S. Shahrah-e-Faisal, Sindh, Karachi, Sindh",https://www.businesslist.pk/company/132791/artistic-denim-mills-limited,businesslist_pk,scrapy,textile,2026-08-21T19:57:54.980063+00:00
Crown Textiles,textile,http://www.crowntex.com.pk,"9221-2579362, 9221- 2579361, 9221- 2581320","1st Floor, F-387, S.I.T.E. Near KESC Power Station, Karachi, Sindh",https://www.businesslist.pk/company/133231/crown-textiles,businesslist_pk,scrapy,textile,2026-08-21T19:57:56.894378+00:00
Rici Melion,textile,http://www.ricimelion.com,03178877733," FLAGSHIP، 28 C MM Alam Rd, Gulberg، Lahore, Lahore, Punjab",https://www.businesslist.pk/company/252532/rici-melion,businesslist_pk,scrapy,textile,2026-08-21T19:57:59.008778+00:00
Giga Group,textile,http://www.gigagroup.com,"(92 21) 34131001, 34131004, +92-21-2579011 â€“ 13","39/3,Hussaini C.H.S.,Alamgir Road, Karachi",https://www.businesslist.pk/company/186326/giga-group,businesslist_pk,scrapy,textile,2026-08-21T19:58:00.901088+00:00
Farid Ahmed Vawda &amp; Co. (pvt) Ltd.,textile,http://www.vawda.com,"021-2311886 / 2311881 / 2311882 / 2310334, +92 (21) 3255 0093-98","Ebrahim Building 20-West Wharf Road,  Karachi 74000,  Sindh,  Pakistan, Karachi",https://www.businesslist.pk/company/153454/farid-ahmed-vawdaco-pvt-ltd,businesslist_pk,scrapy,textile,2026-08-21T19:58:03.027153+00:00
Cobija Industries,textile,http://www.cobija.biz,"(92 52) 3541497, +92-523-614996-7","Aminabad Road, Mehar Town, P.O.Box: 2365 Sialkot, Sialkot",https://www.businesslist.pk/company/165478/cobija-industries,businesslist_pk,scrapy,textile,2026-08-21T19:58:05.253385+00:00
Ashar International (Pvt) Ltd.,textile,http://www.ashartex.com,"9241-8869789 / 8869788 / 8869761, +92 334 717 1515","A-1, Sargodha Road, Punjab, Faisalabad, Punjab",https://www.businesslist.pk/company/88416/ashar-international-pvt-ltd,businesslist_pk,scrapy,textile,2026-08-21T19:58:06.837116+00:00
Gul Ahmed Textile Mills Ltd.,textile,https://gulahmed.com,"+92 21 111 485 485, +92 21 111 486 486","Radio Pakistan Colony, Qaddafi Town, Bin Qasim Town, Karachi, Sindh",https://www.businesslist.pk/company/89370/gul-ahmed-textile-mills-ltd,businesslist_pk,scrapy,textile,2026-08-21T19:58:07.914427+00:00
DH Linkers International Courier &amp; Cargo Services,textile,http://www.dhlinkers.com,"021-32292070, 021-32292071","Suit # 1 &amp; 2 Mazzinine Floor Hashoo Appt Nasser Wanji Road, Opp Aga Khan Jamat Khana, Garden East, KHI., Karachi, Sindh",https://www.businesslist.pk/company/247642/dh-linkers-international-couriercargo-services,businesslist_pk,scrapy,textile,2026-08-21T19:58:10.138065+00:00
Anaya Textile,textile,https://intl.anayaonline.com,"02136330581, +92-320-788-9364","2. no. azizabad f.b. area, Karachi, Sindh",https://www.businesslist.pk/company/244070/anaya-textile,businesslist_pk,scrapy,textile,2026-08-21T19:58:11.912353+00:00
Roopa Tex (pvt) Ltd.,textile,http://www.roopa.pk,0412619494,"Sizing Street Factory Area Tata Bazaar, Faisalabad, Punjab",https://www.businesslist.pk/company/196001/roopa-home-tex-pvt-ltd,businesslist_pk,scrapy,textile,2026-08-21T19:58:14.246206+00:00
Textile Studio,textile,http://textilestudio.org,(92) 21 35302129,"Plot No 1-C, 4th Floor, Zamzama Commercial Lane # 1, D.H.A., Phase-5, Karachi, Pakistan., Karachi, Sindh",https://www.businesslist.pk/company/241696/textile-studio,businesslist_pk,scrapy,textile,2026-08-21T19:58:15.959747+00:00
Orient Textiles and Uniforms,textile,http://www.uniformfactory.pk,(091) 5253136,"Deans Shopping Mall, Saddar Rd, Peshawar Cantonment, Peshawar, Khyber Pakhtunkhwa, Peshawar, Khyber Pakhtunkhwa",https://www.businesslist.pk/company/249123/orient-textiles-and-uniforms,businesslist_pk,scrapy,textile,2026-08-21T19:58:17.925892+00:00
Shaheen Fabrics,textile,https://www.facebook.com/shaheenfabrix/?ref=py_c,+92-21-2603393,"Ramzanabad, Faisalabad, Punjab",https://www.businesslist.pk/company/132032/shaheen-fabrics,businesslist_pk,scrapy,textile,2026-08-21T19:58:20.159446+00:00
"Gulistan Colony Nowshera-Mardan Road, Risalpur",estate agents,http://www.gulistanhomes.com,03457770001,"Head Office No. AF-01, First Floor, Quaid Plaza, Near Jamia Masjid, Aziz Bhatti Road, Nowshera-24100, Khyber Pakhtunkhwa, Pakistan., Nowshera, Khyber Pakhtunkhwa",https://www.businesslist.pk/company/245170/gulistan-colony-nowshera-mardan-road-risalpur,businesslist_pk,scrapy,estate-agents,2026-08-21T19:58:22.234048+00:00
Real Consultancy,estate agents,http://www.realconsultancy.tk,+92-332-909-1000,"Office#M-13,Mezzanine Floor, Mateen Shopper&#039;s Gallery Near Rehmania Masjid ,PECHS Block 2,Tariq Road Karachi 75400 Pakistan, Karachi, Sindh",https://www.businesslist.pk/company/246455/real-consultancy,businesslist_pk,scrapy,estate-agents,2026-08-21T19:58:24.398626+00:00
Sky Marketing,estate agents,http://skymarketing.com.pk/,+92518487777,"College Rd, F-7 Markaz, Islamabad, Islamabad Capital Territory",https://www.businesslist.pk/company/248139/sky-marketing,businesslist_pk,scrapy,estate-agents,2026-08-21T19:58:26.270569+00:00
Dha Realtors,estate agents,https://www.dharealtors.com,04235741151-52-53,"1st Floor 83 K DHA Lahore Pakistan , Lahore, Punjab",https://www.businesslist.pk/company/247294/dha-realtors,businesslist_pk,scrapy,estate-agents,2026-08-21T19:58:28.046250+00:00
Pak e Property,estate agents,http://www.pakeproperty.com,+92-300-6652134,"Office # 8 1st Floor Al-Kosar Plaza Soan Garden Express Road, Islamabad, Islamabad Capital Territory",https://www.businesslist.pk/company/242395/pak-e-property,businesslist_pk,scrapy,estate-agents,2026-08-21T19:58:30.237254+00:00
Boutique Homes Islamabad,estate agents,http://www.boutiquehomesislamabad.com,+92 3468505408,"3a, street 70, F8/3, ISLAMABAD, Islamabad, Islamabad Capital Territory",https://www.businesslist.pk/company/251767/boutique-homes-islamabad,businesslist_pk,scrapy,estate-agents,2026-08-21T19:58:31.797793+00:00
ZDON Marketing,estate agents,,+923310000045,"Land Lord Arcade, 2nd floor, plaza 14, mini ext 2, phase 7, Bahria Town, Rawalpindi, Islamabad",https://www.businesslist.pk/company/258783/zdon-marketing,businesslist_pk,scrapy,estate-agents,2026-08-21T19:58:33.882198+00:00
Maan Estate,estate agents,https://maanestate.com/,+923334023007,"63-MB, Phase-6, Sector-H, DHA Lahore., Lahore, Punjab",https://www.businesslist.pk/company/252435/maan-estate,businesslist_pk,scrapy,estate-agents,2026-08-21T19:58:35.313696+00:00
Sadaf Estate,estate agents,https://sadafestate.com/,+92 321 2200511,"37 c lane 4 bukhari commercial, Karachi, Sindh",https://www.businesslist.pk/company/254675/sadaf-estate,businesslist_pk,scrapy,estate-agents,2026-08-21T19:58:36.756493+00:00
Saif Group,estate agents,https://saifgrp.com/,03135775775,"LG-Town Heights, Old bara Road, University Town, Peshawar , Peshawar, Khyber Pakhtunkhwa",https://www.businesslist.pk/company/252769/saif-group,businesslist_pk,scrapy,estate-agents,2026-08-21T19:58:38.684239+00:00
Asian House Care (Private) Limited,estate agents,http://www.asianhousecare.com.pk,+92-51-272-8818,"Office # 3, 2nd Floor, Plaza # 153-K, Block-D, Civic Center, Phase 4, Bahria Town, Islamabad/Rawalpindi, Islamabad, Islamabad Capital Territory",https://www.businesslist.pk/company/248641/asian-house-care-private-limited,businesslist_pk,scrapy,estate-agents,2026-08-21T19:58:40.843901+00:00
ilaan.com,estate agents,https://www.ilaan.com,+924232532255,"26A, Block J3, Johar Town Near Expo Center, Lahore, Pakistan, Lahore, Punjab",https://www.businesslist.pk/company/246254/ilaancom,businesslist_pk,scrapy,estate-agents,2026-08-21T19:58:42.675625+00:00
HomeXpert,estate agents,http://www.homexpert.com.pk,02134812282,"A-226 block 3 Gulshan e Iqbal, Karachi, Sindh",https://www.businesslist.pk/company/246183/homexpert,businesslist_pk,scrapy,estate-agents,2026-08-21T19:58:44.518649+00:00
Urban City Lahore,estate agents,,+923092255111,"DHA PHASE 6 RAYA SECTOR M, Lahore",https://www.businesslist.pk/company/258474/urban-city-lahore,businesslist_pk,scrapy,estate-agents,2026-08-21T19:58:46.156044+00:00
National Advisory Forum,estate agents,http://www.taxhelpline.com.pk,021-32462161,"Office No. 3&amp;6, Ground Floor, Idrees Chamber Talpur Road, Opp: NBP Head Office I.I. Chundrigar Road, Karachi, Karachi, Sindh",https://www.businesslist.pk/company/241504/national-advisory-forum,businesslist_pk,scrapy,estate-agents,2026-08-21T19:58:48.122271+00:00
Ali Saqlain Real Estate and Builders - Bahria Town,estate agents,http://www.alisaqlain.com,"03312351429, +92 51-111-333-888, +923301380958","Main 26 Street, Tauheed Commercial Karachi , Karachi, Sindh",https://www.businesslist.pk/company/246001/ali-saqlain-real-estate-and-builders-bahria-town,businesslist_pk,scrapy,estate-agents,2026-08-21T19:58:50.312769+00:00
Fortune Estate And Builders,estate agents,http://fortuneestate.net/,+924237189601-3,"44 MB Phase 6 DHA Lahore., Lahore, Punjab",https://www.businesslist.pk/company/246658/fortune-estate-and-builders,businesslist_pk,scrapy,estate-agents,2026-08-21T19:58:52.453941+00:00
Internik The Consultant,estate agents,http://www.internik.com.pk,0515400306,"internik plaza, spring north bahria town phase 7, Islamabad, Islamabad, Islamabad Capital Territory",https://www.businesslist.pk/company/243429/internik-the-consultant,businesslist_pk,scrapy,estate-agents,2026-08-21T19:58:53.667392+00:00
Green World Real Estate,estate agents,http://www.greenworldrealestate.pk/,+923214180545,"32-KM, Main Ferozepur Road, Near Ferozpur City Lahore, Lahore, Punjab",https://www.businesslist.pk/company/246639/green-world-real-estate,businesslist_pk,scrapy,estate-agents,2026-08-21T19:58:55.867450+00:00
Lioner Associates,estate agents,http://www.pakproperties.pk,03247000444,"113-B,Sector c,bahria town lahore, Lahore, Punjab",https://www.businesslist.pk/company/243731/lioner-associates,businesslist_pk,scrapy,estate-agents,2026-08-21T19:58:56.875751+00:00
MKS-International,industrial equipment,http://www.mks-international.mysite.com,+92-3432566996,"9th Commercial Street, Zamzama, Karachi, Sindh",https://www.businesslist.pk/company/244935/mks-international,businesslist_pk,scrapy,industrial-equipment,2026-08-21T19:58:58.993353+00:00
Rack Master Engineering Works,industrial equipment,http://www.rackmastergrw.com,03009613317,"Pindi By-Pass, Near Income Tax office, Street Power Link, G.T road, Gujranwala, Gujranwala, Punjab",https://www.businesslist.pk/company/240068/rack-master-engineering-works,businesslist_pk,scrapy,industrial-equipment,2026-08-21T19:59:00.145889+00:00
Tubarak Pakistan,industrial equipment,http://www.hofm.com.pk,03211005010,"Malir Link Road, Karachi, Sindh",https://www.businesslist.pk/company/244726/tubarak-pakistan,businesslist_pk,scrapy,industrial-equipment,2026-08-21T19:59:02.116930+00:00
Prifa Craft Industries,industrial equipment,http://www.prifacraft.com,+923018712002,"Kashmir Road,Sialkot-51310, P.O Box # 535, Sialkot, Punjab",https://www.businesslist.pk/company/245250/prifa-craft-industries,businesslist_pk,scrapy,industrial-equipment,2026-08-21T19:59:04.229528+00:00
Breeze Fans,industrial equipment,http://breezefans.com/,"+924236310762, +924236310791,","66 Beadon Road, Lahore Pakistan., Lahore, Punjab",https://www.businesslist.pk/company/247662/breeze-fans,businesslist_pk,scrapy,industrial-equipment,2026-08-21T19:59:05.822440+00:00
Quick Leather,industrial equipment,http://quickleather.pk,+924350814,"AIRPORT ROAD NANGAL, SIALKOT., Sialkot, Punjab",https://www.businesslist.pk/company/252695/quick-leather,businesslist_pk,scrapy,industrial-equipment,2026-08-21T19:59:07.483103+00:00
Hot Tek,industrial equipment,http://www.hottek.com,041-8710950,"285 Jhumra Road Mansoorabad Faisalabad, Pakistan, Faisalabad, Punjab",https://www.businesslist.pk/company/251816/hot-tek,businesslist_pk,scrapy,industrial-equipment,2026-08-21T19:59:09.261081+00:00
Ahansaz Steel Piling and Drilling Equipment,industrial equipment,http://www.ahansaz.com,00923243009000,"sector G-15 main islamabad to peshawer G.T Road near 26 number chungi islamabad, Islamabad, Islamabad Capital Territory",https://www.businesslist.pk/company/249620/ahansaz-steel-piling-and-drilling-equipment,businesslist_pk,scrapy,industrial-equipment,2026-08-21T19:59:11.291166+00:00
Polycrafts,industrial equipment,http://polycrafts.com.pk,"(021)-32212693-4-5, +923093074599","B-712, Saima Trade Tower, I.I. Chundrigar Road, Karachi, Pakistan., Karachi, Sindh",https://www.businesslist.pk/company/249947/polycrafts,businesslist_pk,scrapy,industrial-equipment,2026-08-21T19:59:12.686485+00:00
7 Mart,industrial equipment,http://7mart.pk/,+924237378688,"28 Brandreth road, Lahore, Punjab",https://www.businesslist.pk/company/249272/7-mart,businesslist_pk,scrapy,industrial-equipment,2026-08-21T19:59:14.894066+00:00
Alpine Industrialcon (pvt) Ltd,industrial equipment,http://www.alpineindustrialcon.com/,"+92-42-36852313, +92 42 36552527","305/2 G.T. Road, Baghbanpura, Lahore, 54920 – Pakistan, Lahore, Punjab",https://www.businesslist.pk/company/251505/alpine-industrialcon-pvt-ltd,businesslist_pk,scrapy,industrial-equipment,2026-08-21T19:59:16.143334+00:00
Mod Tech Engineering,industrial equipment,http://www.modtech.com.pk,042-37841910,"T-12 Rukshanda Heights 8 Km Multan Road Lahore, Lahore, Punjab",https://www.businesslist.pk/company/244146/mod-tech-engineering,businesslist_pk,scrapy,industrial-equipment,2026-08-21T19:59:17.703151+00:00
HnZ,industrial equipment,http://www.hiztechglobal.com,+923453137558,"Nazimabad, Karachi, Sindh",https://www.businesslist.pk/company/241535/hnz,businesslist_pk,scrapy,industrial-equipment,2026-08-21T19:59:19.625339+00:00
MAGNUS High-Tech Engineering,industrial equipment,https://www.facebook.com/magnuspkn,02136407981,"Plot 1, Block 1, Sec 5E, New Karachi, Karachi, Karachi, Sindh",https://www.businesslist.pk/company/252847/magnus-high-tech-engineering,businesslist_pk,scrapy,industrial-equipment,2026-08-21T19:59:21.430120+00:00
The Incredible Store,industrial equipment,https://theincstore.com,03413006666,"Office # 35, Ground floor, Aries Tower, Shamsabad, Murree Road, Rawalpindi, Punjab",https://www.businesslist.pk/company/247901/the-incredible-store,businesslist_pk,scrapy,industrial-equipment,2026-08-21T19:59:23.381508+00:00
Horizons International,industrial equipment,,(92 42) 37808734,"148 Huma Block Allama Iqbal Town , Lahore",https://www.businesslist.pk/company/191262/horizons-international,businesslist_pk,scrapy,industrial-equipment,2026-08-21T19:59:25.140024+00:00
Royal Furnishers,furniture manufacturers,https://www.facebook.com/royalfurnishers.gjt/,"(92 53) 3517303,  +92 53 3706182","Grand Trunk Rd, Gujrat, Punjab",https://www.businesslist.pk/company/188167/royal-furnishers,businesslist_pk,scrapy,furniture-manufacturers,2026-08-21T19:59:27.215419+00:00
Torch.com.pk,furniture manufacturers,https://torch.com.pk/,"042-35760481-2, +92-345-4055550","60-B Block, BI Gulberg III, Lahore, Pakistan, Lahore, Punjab",https://www.businesslist.pk/company/246952/torchcompk,businesslist_pk,scrapy,furniture-manufacturers,2026-08-21T19:59:29.162336+00:00
Appex Wood,furniture manufacturers,http://www.appexwood.com,03454449433,"Defence main ghazi road near millat chowk bismillah plaza lahore cantt, Lahore, Punjab",https://www.businesslist.pk/company/242827/appex-wood,businesslist_pk,scrapy,furniture-manufacturers,2026-08-21T19:59:30.207806+00:00
Woodco Furniture,furniture manufacturers,http://www.woodco.com.pk,"92431-290631-32, +92 333 3501800","Board of Intermediate &amp; Secondary Education, Faisal Town, Gujranwala, Punjab",https://www.businesslist.pk/company/111356/woodco-furniture,businesslist_pk,scrapy,furniture-manufacturers,2026-08-21T19:59:32.113900+00:00
Mini Cucine,furniture manufacturers,http://www.minicucinepk.com,009233318125253,"16 Hanif Centre Block B North Nazimabad, Karachi, Karachi, Sindh",https://www.businesslist.pk/company/246159/mini-cucine,businesslist_pk,scrapy,furniture-manufacturers,2026-08-21T19:59:33.946320+00:00
Decor designers,furniture manufacturers,http://decordesigners.blogspot.com,03217978598,"Rawalpindi Road, Khushab., Khushab, Punjab",https://www.businesslist.pk/company/242448/decor-designers,businesslist_pk,scrapy,furniture-manufacturers,2026-08-21T19:59:35.928559+00:00
M. Afzal Furniture,furniture manufacturers,https://www.facebook.com/mafzalfurniture/,"+92-47-6332531,  +92 47 6330866"," Shahrah e Quaid e Azam, Jhang, Chiniot, Punjab",https://www.businesslist.pk/company/110718/m-afzal-furniture,businesslist_pk,scrapy,furniture-manufacturers,2026-08-21T19:59:37.748888+00:00
Mughal Office Furniture,furniture manufacturers,https://www.facebook.com/mughalfurniture/,"(92 53) 2107732, +92 300 9625875,  +92 21 35842954","1st floor, MUGHAL GLASS STORE, Railway Road Area, Gujrat, Punjab",https://www.businesslist.pk/company/188120/mughal-office-furniture,businesslist_pk,scrapy,furniture-manufacturers,2026-08-21T19:59:39.340536+00:00
Durafoam (pvt) Ltd.,furniture manufacturers,https://www.durafoam.com.pk/,"9242-111666555, 9242-5811904, 9242- 5811901, 042-111-888-777","18.K.M.Ferozepur Road, Lahore, Punjab",https://www.businesslist.pk/company/110956/durafoam-pvt-ltd,businesslist_pk,scrapy,furniture-manufacturers,2026-08-21T19:59:41.138349+00:00
Mehtab Industri SS Golden Furniture,furniture manufacturers,https://ssgolden-furniturecom,03018404621,"Sherakot Lahore, Lahore, Punjab",https://www.businesslist.pk/company/253381/mehtab-industri-ss-golden-furniture,businesslist_pk,scrapy,furniture-manufacturers,2026-08-21T19:59:43.051542+00:00
Desires Interiors &amp; Furnishers,furniture manufacturers,http://www.desiresfurniture.com,"+92 42 35170476, +92 42 35222500, +92 42 35168048","Mochi pura Chowk, Main Maulana Shouqat Ali road, Faisal Town, Lahore, Lahore, Punjab",https://www.businesslist.pk/company/246090/desires-interiorsfurnishers,businesslist_pk,scrapy,furniture-manufacturers,2026-08-21T19:59:44.934690+00:00
ITI fiber glass and steel fabrication,furniture manufacturers,http://www.itipk.com,03134087239,"dera muhammad din,momin pura road,ring road,moaza hando,lahore, Lahore, Punjab",https://www.businesslist.pk/company/247655/iti-fiber-glass-and-steel-fabrication,businesslist_pk,scrapy,furniture-manufacturers,2026-08-21T19:59:46.626792+00:00
Dynamic Enterprises,furniture manufacturers,http://www.dynamicenterprises.com.pk,+923157010032,"Plot # 6-7, Amna Park, Canal View Phase 2, Multan Road, Lahore, Pakistan-54000, Lahore, Punjab",https://www.businesslist.pk/company/244581/dynamic-enterprises,businesslist_pk,scrapy,furniture-manufacturers,2026-08-21T19:59:48.425708+00:00
Boss Plastic Furniture,furniture manufacturers,http://www.bossplas.com,"+92-55-3842891, +92-55-3842897","49-A, S.I.E # 1, Grand Trunk Rd, Industrial Estate, Gujranwala, Punjab",https://www.businesslist.pk/company/110622/boss-plastic-furniture,businesslist_pk,scrapy,furniture-manufacturers,2026-08-21T19:59:50.381301+00:00
Lords Steel Plastic Furniture,furniture manufacturers,http://www.lordssteelfurniture.com/,+92-55-4244615,"Shabbir Street, Gala Kausar Fan, G.T. Road, Gujranwala - Pakistan, Gujranwala, Punjab",https://www.businesslist.pk/company/197492/lords-steel-plastic-furniture,businesslist_pk,scrapy,furniture-manufacturers,2026-08-21T19:59:52.575524+00:00
Woodcraft,furniture manufacturers,http://www.wood-craft.com.pk/,"(92 21) 35092824, (92 21) 35120403, UAN : (92 21) 111-128-786","Plot #3 &amp; 3-A,Sector 47,Korangi Creek Road,Near C.B.M. College, Karachi, Sindh",https://www.businesslist.pk/company/188000/woodcraft,businesslist_pk,scrapy,furniture-manufacturers,2026-08-21T19:59:53.865897+00:00
FurnitureHub.pk,furniture manufacturers,https://furniturehub.pk,0323 4876011,"62, 4th Floor, Madina Tower, Ferozepur Road, Lahore 54000, Lahore, Punjab",https://www.businesslist.pk/company/246405/furniturehubpk,businesslist_pk,scrapy,furniture-manufacturers,2026-08-21T19:59:55.690951+00:00
Diamond Foam,furniture manufacturers,http://www.diamondfoam.com,"9221- 2570955, +92 321 8225688,  111-111-666","Showroom # 1C, Hasan Mansion Block 7 F.B Area، Block 7 Gulberg Town, Karachi, Sindh",https://www.businesslist.pk/company/110951/diamond-foam,businesslist_pk,scrapy,furniture-manufacturers,2026-08-21T19:59:57.536248+00:00
K Furnitures (Khambati Steel Furnitures),furniture manufacturers,http://kfurnitures.com,+923002473114,"Plot #93, ST-13/1, Sector 6-B North Karachi Industrial Area, Karachi, Sindh",https://www.businesslist.pk/company/248592/k-furnitures-khambati-steel-furnitures,businesslist_pk,scrapy,furniture-manufacturers,2026-08-21T19:59:59.406353+00:00
HB Furniture,furniture manufacturers,http://hbfurniture.com.pk/,051 2344460-1,"Unit 7a &amp; 8a, Umer building, 76 West,Main Jinnah Avenue, Islamabad, Pakistan., Islamabad, Islamabad Capital Territory",https://www.businesslist.pk/company/245172/hb-furniture,businesslist_pk,scrapy,furniture-manufacturers,2026-08-21T20:00:00.746199+00:00
A.M International,food manufacturing,http://www.aminternational.pk,04237514454-3,"Industrial Area 16 km Multan Road, Lahore, Punjab",https://www.businesslist.pk/company/197644/am-international,businesslist_pk,scrapy,food-manufacturing,2026-08-21T20:00:02.878341+00:00
White Pearl Rice,food manufacturing,https://whitepearlgroup.com,+92 547 581022 - 33 - 44,"Solgin Kharl, Hafizabad, Punjab - Pakistan., Hafizabad, Punjab",https://www.businesslist.pk/company/249612/white-pearl-rice,businesslist_pk,scrapy,food-manufacturing,2026-08-21T20:00:04.496552+00:00
Kitchen On Fire,food manufacturing,http://www.facebook.com/kitchenonfirepk,03454678851,"Cricket Stadium Sabzazar, Lahore, Punjab",https://www.businesslist.pk/company/243020/kitchen-on-fire,businesslist_pk,scrapy,food-manufacturing,2026-08-21T20:00:06.698797+00:00
Crystal Shine Industries Private Limited,food manufacturing,https://www.crystalshinepk.com,0992370017,"Malik Plaza, KKH interchange, Qalandarabad, Abbottabad, Khyber Pakhtunkhwa",https://www.businesslist.pk/company/252985/crystal-shine-industries-private-limited,businesslist_pk,scrapy,food-manufacturing,2026-08-21T20:00:08.235868+00:00
Khurram Enterprise,food manufacturing,http://www.khurramenterprise.com.pk,9221-36821081 / 6375146,"Block-21 Federal B Industrial Area, Sindh, Karachi, Sindh",https://www.businesslist.pk/company/109221/khurram-enterprises,businesslist_pk,scrapy,food-manufacturing,2026-08-21T20:00:10.093588+00:00
Gravitas Packaging,food manufacturing,http://www.gravitaspackaging.com,+923472073269,"ROOM # 301, 3RD FLOOR, 54C, LANE-2, AL-MURTAZA COMMERCIAL, PHASE-(VIII), DEFENCE, KARACHI-PAKISTAN., Karachi, Sindh",https://www.businesslist.pk/company/247998/gravitas-packaging,businesslist_pk,scrapy,food-manufacturing,2026-08-21T20:00:12.195998+00:00
eKarobar.pk,food manufacturing,http://www.ekarobar.pk,03211234567,"Rawalpindi Saddar, Rawalpindi, Punjab",https://www.businesslist.pk/company/251666/ekarobarpk,businesslist_pk,scrapy,food-manufacturing,2026-08-21T20:00:13.798430+00:00
Quality Flavors (Pvt) Ltd,food manufacturing,https://www.quality-flavors.com,"0322-6814036, +92 0 317 170 3093","Plot # 43-A, Madni Chowk, 1-Km Katar Bund Road,Thokar Niaz Baig, Lahore, Punjab",https://www.businesslist.pk/company/250435/quality-flavors-pvt-ltd,businesslist_pk,scrapy,food-manufacturing,2026-08-21T20:00:15.890135+00:00
Palatable Flavours Company,food manufacturing,http://palatableflavours.com/,0223885139,"Site Area Hyderabad, Hyderabad, Sindh",https://www.businesslist.pk/company/248168/palatable-flavours-company,businesslist_pk,scrapy,food-manufacturing,2026-08-21T20:00:18.122203+00:00
MY FOODS Packers,food manufacturing,http://www.myfoodspk.com,0313-2295811,"SA-50 Block1 K.A.E.C.H.S, Karachi, Sindh",https://www.businesslist.pk/company/244903/my-foods-packers,businesslist_pk,scrapy,food-manufacturing,2026-08-21T20:00:20.101998+00:00
Nexter Floor,food manufacturing,http://www.nexter-floor.com,04236138200,"19 km multan road lahore, Lahore, Punjab",https://www.businesslist.pk/company/240110/nexter-floor,businesslist_pk,scrapy,food-manufacturing,2026-08-21T20:00:22.142376+00:00
International Fisheries Pak (Pvt) Ltd.,food manufacturing,http://coastalseafoods-pakistan.com/,+92 21 32312511,"A-33 Lane 2, W Wharf Rd, West Wharf, Karachi, Sindh",https://www.businesslist.pk/company/247979/international-fisheries-pak-pvt-ltd,businesslist_pk,scrapy,food-manufacturing,2026-08-21T20:00:23.534959+00:00
Jannat Corporation,food manufacturing,http://www.jannat.pk,021 32413110  -  02132413111,"2/25, Arkay Square, New Challi, Karachi, Sindh",https://www.businesslist.pk/company/235597/jannat-corporation,businesslist_pk,scrapy,food-manufacturing,2026-08-21T20:00:25.033540+00:00
4Seasons Group,food manufacturing,https://www.seasonsgroup.com.pk,"92-333-8118848, +92 42 35970758","35 Garden Town, P.O. Box: 52250, Gujranwala",https://www.businesslist.pk/company/217963/4seasons-group,businesslist_pk,scrapy,food-manufacturing,2026-08-21T20:00:27.194661+00:00
Salzinna,food manufacturing,http://www.salzinna.com,03001999137,"Skaser road Tehsil Quaidabad District Khushab Punjab Pakistan, Khushab, Punjab",https://www.businesslist.pk/company/253870/salzinna,businesslist_pk,scrapy,food-manufacturing,2026-08-21T20:00:28.823242+00:00
Baig Engineering,food manufacturing,http://www.fatek.com.pk,"(92 21) 35621989, 36057744, +92 21 34321920","Office #22,3rd Floor,Naseem Center,Saddar,Sohrab Katrik Road, Karachi",https://www.businesslist.pk/company/186038/baig-engineering,businesslist_pk,scrapy,food-manufacturing,2026-08-21T20:00:30.791032+00:00
Asia Dye-Tech(Pvt.)Ltd.,food manufacturing,http://www.asiafoodcolors.pk,0546507100,"1Km Kot Nawab Shah, Near Shahtaj Sugar Mills, Mandi Bahauddin, Punjab",https://www.businesslist.pk/company/247616/asia-dye-techpvtltd,businesslist_pk,scrapy,food-manufacturing,2026-08-21T20:00:32.282762+00:00
Procure Consulting &amp; Logistics,food manufacturing,http://www.procure.pk,92-514449555,"No. 5, City Archade Plaza I-8 Markaz , Islamabad, Islamabad Capital Territory",https://www.businesslist.pk/company/197540/procure-consultinglogistics,businesslist_pk,scrapy,food-manufacturing,2026-08-21T20:00:34.341729+00:00
Oasis Packaging Industies (Pvt) Ltd.,food manufacturing,http://www.oasispackaging.pk,04235297719,"Plot #. 199, Sunder Industrial Estate, Raiwind, Lahore, Lahore, Punjab",https://www.businesslist.pk/company/247479/oasis-packaging-industies-pvt-ltd,businesslist_pk,scrapy,food-manufacturing,2026-08-21T20:00:36.086998+00:00
Agrifood Pacific Company,food manufacturing,,84837673699,"413/41/3/9a Le Van Quoi, Binh Tan District, Ho Chi Minh City, Vietnam",https://www.businesslist.pk/company/235380/agrifood-pacific-company,businesslist_pk,scrapy,food-manufacturing,2026-08-21T20:00:37.877386+00:00
Mashup Exporters,textile,http://www.mashupexporters.com,+923368582075,"Mashup Exporters, Naseem hayat market # 1, Near Ramtlai Road, Sialkot 51310 Pakistan, Sialkot, Punjab",https://www.businesslist.pk/company/247826/mashup-exporters,businesslist_pk,scrapy,textile,2026-08-21T20:00:39.853939+00:00
Arshad Group,textile,https://www.araish.com/new-arrivals,"+9241111272474, +92 42 35711990","1088, JAIL ROAD, FAISALABAD, PAKISTAN, Faisalabad, Punjab",https://www.businesslist.pk/company/246210/arshad-group,businesslist_pk,scrapy,textile,2026-08-21T20:00:42.034669+00:00
Mughal grace hosiery,textile,http://www.mughalgracehosiery.com,0523250352,"Address: haji pura، Daska Rd, Muslim Colony Hajipura, Sialkot, Punjab 51310, Sialkot, Punjab",https://www.businesslist.pk/company/249673/mughal-grace-hosiery,businesslist_pk,scrapy,textile,2026-08-21T20:00:43.807250+00:00
NTZ Enterprises,textile,http://www.ntzsportsonline.com,(92 52) 4273843,"51-Ali Park, New Civil Lines, Sialkot, Punjab",https://www.businesslist.pk/company/195213/neo-technological-zone-ent,businesslist_pk,scrapy,textile,2026-08-21T20:00:45.782113+00:00
M.a. Enterprises,textile,http://www.maenterprise.net,"(92 21) 32422643, (92 21) 32432631","18 ADNAN CENTRE NICOL ROAD , Karachi, Sindh",https://www.businesslist.pk/company/110450/ma-enterprises,businesslist_pk,scrapy,textile,2026-08-21T20:00:47.965597+00:00
Royal Highness Textile,textile,http://www.royalhighnesstextile.com,+92311-4942742,"office # P525 Norani heights Jinnah Colony , Faisalabad., Faisalabad, Punjab",https://www.businesslist.pk/company/252995/royal-highness-textile,businesslist_pk,scrapy,textile,2026-08-21T20:00:49.366676+00:00
Dalal Industries (pvt) Ltd.,textile,http://www.dalalindustries.com,"2425931, 2423814,  +92 923 2567112","B-25/A Sindh Industrial Trading Estate, Karachi, Sindh",https://www.businesslist.pk/company/229578/dalal-industries-pvt-ltd,businesslist_pk,scrapy,textile,2026-08-21T20:00:51.430849+00:00
B.n. Textile Works,textile,http://www.bntextile.com,9252-3241066,"Hajipura, Punjab, Sialkot, Punjab",https://www.businesslist.pk/company/132934/bn-textile-works,businesslist_pk,scrapy,textile,2026-08-21T20:00:53.585777+00:00
Betterwearshop,textile,http://www.betterwearshop.com,+92-3258138,"daska road sialkot city pakistan, Sialkot, Punjab",https://www.businesslist.pk/company/250817/betterwearshop,businesslist_pk,scrapy,textile,2026-08-21T20:00:55.540705+00:00
Hometex Corporation,textile,http://www.facebook.com/hometexcorp,03006330508,"17, Kasi Vehari Raod, Multan, Punjab",https://www.businesslist.pk/company/209946/hometex-corporation,businesslist_pk,scrapy,textile,2026-08-21T20:00:57.487775+00:00
eTradePakistan,textile,https://etradepakistan.com/,+92-42-111-727-362,"Lahore, Lahore, Punjab",https://www.businesslist.pk/company/250731/etradepakistan,businesslist_pk,scrapy,textile,2026-08-21T20:00:59.494198+00:00
Noble Enterprises,textile,http://www.nobleenterprises.com.pk,"9221-4551587, 9221- 4555031","Ali Bhai Centre Shahrah-e-Quaideen, Sindh, Karachi, Sindh",https://www.businesslist.pk/company/125408/noble-enterprises,businesslist_pk,scrapy,textile,2026-08-21T20:01:01.524520+00:00
PK Bazaar Online Shopping,textile,http://pkbazaar.pk/,+923325296200,"125/2 Ferozepur Road, Lahore, Lahore, Punjab",https://www.businesslist.pk/company/251590/pk-bazaar-online-shopping,businesslist_pk,scrapy,textile,2026-08-21T20:01:03.665118+00:00
JJ Fabrics,textile,https://www.jjfabrics.com,+923219664864,"C-5, Eden Garden 208 Chak Road Faisalabad Pakistan, Faisalabad, Punjab",https://www.businesslist.pk/company/248819/jj-fabrics,businesslist_pk,scrapy,textile,2026-08-21T20:01:05.921321+00:00
Naseem Biker Wears,textile,http://www.naseembw.com,+92524272254,"Hunter Pura, Sialkot 51310, Sialkot, Punjab",https://www.businesslist.pk/company/241566/naseem-biker-wears,businesslist_pk,scrapy,textile,2026-08-21T20:01:08.138038+00:00
Garments and textile service provider (GTSP),textile,http://www.gtsphub.com,00923008204060,"Office No. A126, QTCHS, Scheme 33, Karachi, Sindh",https://www.businesslist.pk/company/251745/garments-and-textile-service-provider-gtsp,businesslist_pk,scrapy,textile,2026-08-21T20:01:10.155787+00:00
Bashir Ahmad Textiles,textile,http://bashirahmadtextiles.com,03000900385,"Maqbool Road Faisalabad, Faisalabad, Punjab",https://www.businesslist.pk/company/246553/bashir-ahmad-textiles,businesslist_pk,scrapy,textile,2026-08-21T20:01:12.062495+00:00
Haamitex Manufacturers,textile,http://www.haamitex.com.pk,"+92-41-5383778, +92-41-5380778","Chak # 208-RB, NEAR HASSAN VILLAS, Faisalabad, Punjab",https://www.businesslist.pk/company/190591/haamitex-manufacturers,businesslist_pk,scrapy,textile,2026-08-21T20:01:14.093322+00:00
Al-hamra Textile Industries (pvt) Ltd.,textile,https://alhamratextile.com/,"(92 41) 8729188, (92 41)  8534688,  (+92)- 41-2434222,  (+92)- 302-7338888"," Dost Street Samundri Road, Faisalabad, Punjab",https://www.businesslist.pk/company/196360/al-hamra-textile-industries-pvt-ltd,businesslist_pk,scrapy,textile,2026-08-21T20:01:16.334427+00:00
M.s.bilal Enterprises,textile,http://www.msbilal.com,00923338742720,"Haji pura daska road Sialkot, Sialkot, Punjab",https://www.businesslist.pk/company/245807/msbilal-enterprises,businesslist_pk,scrapy,textile,2026-08-21T20:01:18.312214+00:00
AAF Marketing.co,estate agents,,+923041116223,"Office No: FL 40 Block B 1st &amp; 2nd Floor Gulshan-e-Jamal Opp to Neuplex Cinema - Jouhar, Karachi, Karachi",https://www.businesslist.pk/company/258546/aaf-marketingco,businesslist_pk,scrapy,estate-agents,2026-08-21T20:01:20.619605+00:00
Gillani Estate &amp; Builders,estate agents,https://gillaniestate.com/,"+92518316552, +923335237398","Office No. 10, First Floor, Executive Complex , G-8 Markaz,, Islamabad, Islamabad Capital Territory",https://www.businesslist.pk/company/235501/gillani-estatebuilders,businesslist_pk,scrapy,estate-agents,2026-08-21T20:01:22.753889+00:00
Eighteen Pakistan,estate agents,,+92 51 111 11 1818,"Srinagar Highway Islamabad/ M1-M2 Link Road, Adjacent To Sector H-17, Islamabad, Islamabad",https://www.businesslist.pk/company/258333/eighteen-pakistan,businesslist_pk,scrapy,estate-agents,2026-08-21T20:01:24.314394+00:00
Aghaaz Housing,estate agents,,+92 42 111-111-313,"B2, Centro, 2nd Floor 81A, Off MM Alam Rd, Block B 1 Gulberg III, Lahore, Punjab, Lahore",https://www.businesslist.pk/company/258594/aghaaz-housing,businesslist_pk,scrapy,estate-agents,2026-08-21T20:01:26.421194+00:00
Sarfaraz Hamid Properties,estate agents,https://www.sarfrazhamid.com,042-111-366-366,"25-MB Phase 6 DHA, Lahore, Punjab",https://www.businesslist.pk/company/249886/sarfaraz-hamid-properties,businesslist_pk,scrapy,estate-agents,2026-08-21T20:01:27.899203+00:00
Ali Builders &amp; Developers,estate agents,https://www.alibuilders.net/,021-111-101-191,"Suite #: 33, Crown Center, SB-1, Block 13-C, Gulshan-e-Iqbal., Karachi, Sindh",https://www.businesslist.pk/company/250888/ali-buildersdevelopers,businesslist_pk,scrapy,estate-agents,2026-08-21T20:01:30.047261+00:00
Rea Estate,estate agents,,+92325 799 7711,"Office LG-1 Dragon Mall Harianwala Chowk D-Ground Faisalabad., Faisalabad",https://www.businesslist.pk/company/258572/rea-estate,businesslist_pk,scrapy,estate-agents,2026-08-21T20:01:31.143121+00:00
The Palm Residential Apartments,estate agents,http://www.thepalm.pk,03201112211,"523,Service Road West,Main Expressway,Islamabad, Islamabad, Islamabad Capital Territory",https://www.businesslist.pk/company/246539/the-palm-residential-apartments,businesslist_pk,scrapy,estate-agents,2026-08-21T20:01:33.151256+00:00
Saddam Estates,estate agents,http://www.saddamestates.com,04237861196,"Building No. 17-B, 2nd Floor, Main Commercial Area, Sector-C, Bahria Town, Lahore, Punjab",https://www.businesslist.pk/company/241348/saddam-estates,businesslist_pk,scrapy,estate-agents,2026-08-21T20:01:34.818878+00:00
Estate Bank,estate agents,https://www.estatebnk.pk,+92 307 2224429,"Plot No. 59 C, 2nd Floor, Lane 3, Al-Murtaza Commercial, Phase 8, DHA Karachi, Karachi, Sindh",https://www.businesslist.pk/company/257808/estate-bank,businesslist_pk,scrapy,estate-agents,2026-08-21T20:01:36.753951+00:00
Paradise Group of Companies,estate agents,,+923007776566,"Office No.18, Naqi Arcade, 71-The Mall Road, Lahore, Pakistan., Lahore",https://www.businesslist.pk/company/258399/paradise-group-of-companies,businesslist_pk,scrapy,estate-agents,2026-08-21T20:01:38.998435+00:00
Ejlaal,estate agents,,+923005456900,"Office Number18 Minhas Plaza City Housing Jhelum, Jhelum",https://www.businesslist.pk/company/258394/ejlaal,businesslist_pk,scrapy,estate-agents,2026-08-21T20:01:40.805623+00:00
Citi Housing Sialkot House For Sale,estate agents,,+923154609659,"Citi Housing Sialkot, Sialkot",https://www.businesslist.pk/company/258427/citi-housing-sialkot-house-for-sale,businesslist_pk,scrapy,estate-agents,2026-08-21T20:01:42.524389+00:00
Panther Developers,estate agents,,+923129888000,"House #7, Street #2, F-8/3 Islamabad, Pakistan 44000, Islamabad",https://www.businesslist.pk/company/258615/panther-developers,businesslist_pk,scrapy,estate-agents,2026-08-21T20:01:44.712929+00:00
Chanab Estate,estate agents,http://aurangzaib.best@gmail.com,0300-7795768,"4 #  Pakistan Plaza PH I,  CITI Housing (Pvt.) Ltd Gujranwala., Gujranwala, Punjab",https://www.businesslist.pk/company/243022/chanab-estate,businesslist_pk,scrapy,estate-agents,2026-08-21T20:01:46.712412+00:00
Lodhi Builders &amp; Estate,estate agents,http://www.lodhibuilders.com,00924236650826,"1-Rana Plaza, Opp. Rasheed (Aadil) Hospital, Main Boulevard, D.H.A. Lahore., Lahore, Punjab",https://www.businesslist.pk/company/242892/lodhi-builders-estate,businesslist_pk,scrapy,estate-agents,2026-08-21T20:01:48.762372+00:00
Urban Developers,estate agents,http://urbandevelopersgroup.com/,111-109-109,"P295-Urban Developers Complex DHA Phase 8 Lahore,, Lahore, Punjab",https://www.businesslist.pk/company/244981/urban-developers,businesslist_pk,scrapy,estate-agents,2026-08-21T20:01:50.847800+00:00
RightDeed.com | Pakistan Largest Property Portal,estate agents,https://www.rightdeed.com/,04235742252,"191 Street 11, Sector Y DHA Phase 3, Lahore,Punjab, Pakistan, Lahore, Punjab",https://www.businesslist.pk/company/250467/rightdeedcompakistan-largest-property-portal,businesslist_pk,scrapy,estate-agents,2026-08-21T20:01:52.642912+00:00
T2R (Time 2 Rent),estate agents,,+923275590760," 4th Floor, Plaza No 95, Bunyad Plaza, Paradise Commercial, Bahria Phase 4 Town, Islamabad, Punjab 44000, Islamabad",https://www.businesslist.pk/company/258338/t2r-time-2-rent,businesslist_pk,scrapy,estate-agents,2026-08-21T20:01:54.785465+00:00
Real estate,estate agents,,+92300 8261111,"Jaranwala Rd, Kohinoor City Faisalabad, Punjab, Faisalabad",https://www.businesslist.pk/company/258688/real-estate,businesslist_pk,scrapy,estate-agents,2026-08-21T20:01:56.666414+00:00
Akhtar Industries www.akhtarindustries.com.pk,industrial equipment,http//www.akhtarindustries.com.pk,0092-524-561010,"1775, Tariq Road.  Sialkot Cantt. 51300. Pakistan, Sialkot, Punjab",https://www.businesslist.pk/company/240407/akhtar-industries,businesslist_pk,scrapy,industrial-equipment,2026-08-21T20:01:58.834606+00:00
"AM TRADING, Ltd. - Bearings",industrial equipment,http://amtrading.business.bg,+359 32 575771,"66 Nikola Vaptzarov Blvd., Islamabad, Islamabad Capital Territory",https://www.businesslist.pk/company/245820/am-trading-ltd-bearings,businesslist_pk,scrapy,industrial-equipment,2026-08-21T20:02:00.359092+00:00
BARAKA ELEVATORRS (Aarib Group),industrial equipment,https://barakaelevators.wixsite.com/home,+92 300 514 6837,"Prism Arcade 2, Bahria Town, Phase 7, Islamabad, Rawalpindi, Punjab",https://www.businesslist.pk/company/246048/baraka-elevatorrs-aarib-group,businesslist_pk,scrapy,industrial-equipment,2026-08-21T20:02:01.789288+00:00
Ato Proximity Sensor,industrial equipment,https://www.ato.com/proximity-sensor,92 8694 256358952,"4 Coogee Avenue , Karachi, Sindh",https://www.businesslist.pk/company/252565/ato-proximity-sensor,businesslist_pk,scrapy,industrial-equipment,2026-08-21T20:02:03.652258+00:00
Potentia Engineering Solutions,industrial equipment,http://www.potentia.pk,+923335600079,"Office # 02, 1st Floor, Al-Rehman Plaza, Main Gulberg Greens, Islamabad, Islamabad, Punjab",https://www.businesslist.pk/company/243662/potentia-engineering-solutions,businesslist_pk,scrapy,industrial-equipment,2026-08-21T20:02:05.691868+00:00
Industrial Safety,industrial equipment,http://www.industrialsafety.com.pk,+92412692838-9,"P - 43, Kothi Sadat Road, Marzi Pura, Faisalabad, Pakistan, Faisalabad, Punjab",https://www.businesslist.pk/company/234981/industrial-safety,businesslist_pk,scrapy,industrial-equipment,2026-08-21T20:02:07.376833+00:00
FY Industries Pvt. Ltd,industrial equipment,http://fyindustries.com.pk/,042-35782081-85,"Office # 208, 2nd Floor Siddique Trqade Center, Main Boulavard, Gulberg-ll, Lahore Pakistan, Lahore, Punjab",https://www.businesslist.pk/company/248949/fy-industries-pvt-ltd,businesslist_pk,scrapy,industrial-equipment,2026-08-21T20:02:08.839921+00:00
Lightsandpoles.pk,industrial equipment,"http://lightsandpoles,pk",04236288707,"Office # G-8, Elahi Arcade, 26 ایمپرس روڈ، Muhammad Nagar گڑہی شاہو، لاہور, Lahore, پنجاب 54000, Office # G-6, Elahi Arcade, 26 ایمپرس روڈ، Muhammad Nagar گڑہی شاہو، لاہور, Lahore, پنجاب 54000, Office # G-6, Elahi Arcade, 26 ایمپرس روڈ، Muhammad Nagar گڑہ, Lahore, Punjab",https://www.businesslist.pk/company/252507/lightsandpolespk,businesslist_pk,scrapy,industrial-equipment,2026-08-21T20:02:10.677230+00:00
Shadenshelter,industrial equipment,http://www.grottos.pk,"04236314545, 03214994145","33 A shalimar road, Lahore, Punjab",https://www.businesslist.pk/company/242508/shadenshelter,businesslist_pk,scrapy,industrial-equipment,2026-08-21T20:02:12.703486+00:00
Al Sheikh Fans,industrial equipment,http://alsheikhfans.com/,+92-53-3513039-3535853,"Sheikh Industries   S.I.E ,GUJRAT,PUNJAB-PAKISTAN, Gujrat, Punjab",https://www.businesslist.pk/company/243261/al-sheikh-fans,businesslist_pk,scrapy,industrial-equipment,2026-08-21T20:02:14.905551+00:00
Aquadem International,industrial equipment,http://www.aquademintl.com,"021-34312372,73","suite no. 108 1st floor, Noor Estate, Shahra-e- Faisal  , Karachi, Sindh",https://www.businesslist.pk/company/249502/aquadem-international,businesslist_pk,scrapy,industrial-equipment,2026-08-21T20:02:16.957178+00:00
Barkaat Traders,industrial equipment,http://www.barkaat.com,92-42-37636085,"107 Railway Road, Lahore, Punjab",https://www.businesslist.pk/company/240753/barkaat-traders,businesslist_pk,scrapy,industrial-equipment,2026-08-21T20:02:18.853563+00:00
Ecotech instruments,industrial equipment,http://www.ecotechinstruments.com,+923328625269,"jammu road bhuj pur pakistan sialkot cantt, Sialkot, Punjab",https://www.businesslist.pk/company/241453/ecotech-instruments,businesslist_pk,scrapy,industrial-equipment,2026-08-21T20:02:21.043511+00:00
"Shanghai Hongken Industry Co., Ltd.",industrial equipment,http://www.pavcc.com,008602160518529," No. 1269, Hubeiqing Road, Qingpu District, Shanghai, China ",https://www.businesslist.pk/company/197449/shanghai-hongde-chemical-fiber-machinery-co-ltd,businesslist_pk,scrapy,industrial-equipment,2026-08-21T20:02:22.856084+00:00
Pneumatic Actuated Valve,industrial equipment,https://www.tool.com/pneumatic-actuated-valve,92 6789 896214563,"623 West End Avenue, Unit 4-A, Karachi, Sindh",https://www.businesslist.pk/company/252562/pneumatic-actuated-valve,businesslist_pk,scrapy,industrial-equipment,2026-08-21T20:02:24.802824+00:00
Latif Electrical Industry,industrial equipment,http://www.chenabfans.com,554296216,"Grand Trunk Rd, Qazi Town, Gujranwala, Punjab",https://www.businesslist.pk/company/240489/latif-electrical-industry,businesslist_pk,scrapy,industrial-equipment,2026-08-21T20:02:26.360070+00:00
Straightpoint Pakistan,industrial equipment,https://www.straightpoint.com.pk/,03342048248,"North Karachi, Karachi, Sindh",https://www.businesslist.pk/company/250196/straightpoint-pakistan,businesslist_pk,scrapy,industrial-equipment,2026-08-21T20:02:28.539364+00:00
APSOL (Pvt.) Ltd.,industrial equipment,http://www.apsol-ww.com,0092-42-35310942,"94 Expo Avenue Society Sher Ali Road, Opposite Expo Center Johar Town, Lahore, Punjab",https://www.businesslist.pk/company/239966/apsol-automationpower-solution,businesslist_pk,scrapy,industrial-equipment,2026-08-21T20:02:30.408586+00:00
Intertrade Distributors,industrial equipment,http://www.itdpk.com/,(021) 3524 2222,"The Forum, suite 214-215, 2nd floor, G20 block 9, Karachi, Sindh",https://www.businesslist.pk/company/250656/intertrade-distributors,businesslist_pk,scrapy,industrial-equipment,2026-08-21T20:02:32.403484+00:00
K.n Fabrication,industrial equipment,http://www.knfabrication.com,+92-321-7777541,"plot no 5 bagrian road near kot lakh pat , Lahore, Punjab",https://www.businesslist.pk/company/242353/kn-fabrication,businesslist_pk,scrapy,industrial-equipment,2026-08-21T20:02:34.098800+00:00
N Allied Engineering,furniture manufacturers,http://nalliedeng.blogspot.com,,"Sufia Abad Industrial Estate near Nescam Factory, 18-KM Ferozepur Road, Lahore., Lahore, Punjab",https://www.businesslist.pk/company/240859/n-allied-engineering,businesslist_pk,scrapy,furniture-manufacturers,2026-08-21T20:02:35.493617+00:00
Al Awal furniture and decors,furniture manufacturers,https://alawalfurniturekar.wixsite.com/alawalfurniture,+92 331 976 2995,"Express way to defence after IQRA university and BYCO petrol pump furniture market manzoor colony karachi, Karachi, Sindh",https://www.businesslist.pk/company/246432/al-awal-furniture-and-decors,businesslist_pk,scrapy,furniture-manufacturers,2026-08-21T20:02:36.740065+00:00
Portacabin,furniture manufacturers,http://portacabin.com.pk,03215166227,"Office 21, Plot 22, Saeed Plaza, Jinnah Ave, Islamabad, Islamabad Capital Territory",https://www.businesslist.pk/company/244076/portacabin,businesslist_pk,scrapy,furniture-manufacturers,2026-08-21T20:02:38.958514+00:00
Vision Interior &amp; Furnitures,furniture manufacturers,http://www.vifurnitures.com,+92-213-5864910,"F-44, Samwood Shopping Mall, Commercial 06, Opposite Bilawal House, Clifton Block # 2, karachi 75600, Pakistan, Karachi, Sindh",https://www.businesslist.pk/company/243042/vision-interior-furnitures,businesslist_pk,scrapy,furniture-manufacturers,2026-08-21T20:02:40.957698+00:00
Ba-noor digital printing,furniture manufacturers,http://www.ba-noor.com,35308341-3 Ext 27,"The Plaza,3rd floor,office #306.Clifton, Karachi, Sindh",https://www.businesslist.pk/company/244204/ba-noor-digital-printing,businesslist_pk,scrapy,furniture-manufacturers,2026-08-21T20:02:42.673685+00:00
Interwood Mobel Pvt Ltd,furniture manufacturers,https://www.interwood.pk/,04236549123,"56-Sultan Mehmood Road, Lahore, Punjab",https://www.businesslist.pk/company/232039/interwood-mobel-pvt-ltd,businesslist_pk,scrapy,furniture-manufacturers,2026-08-21T20:02:43.831497+00:00
Room Decoration and Furniture Store in Pakistan,furniture manufacturers,https://www.homedecorators.pk/,03250334995,"Office#11, Allama Iqbal Town , Asif Block, Lahore, Lahore, Punjab",https://www.businesslist.pk/company/254606/room-decoration-and-furniture-store-in-pakistan,businesslist_pk,scrapy,furniture-manufacturers,2026-08-21T20:02:45.995063+00:00
Palmiye Kocak Chair Furniture,furniture manufacturers,https://www.palmiyekocak.com,+ 92-51-2261175-6,"Aiwan-e-Sanat-o-Tijarat Road, Mauve Area, G-8/1, Islamabad, Islamabad Capital Territory",https://www.businesslist.pk/company/248529/palmiye-kocak-chair-furniture,businesslist_pk,scrapy,furniture-manufacturers,2026-08-21T20:02:47.737231+00:00
Urban Decor Furniture &amp; Interiors,furniture manufacturers,http://www.facebook.com/urbandecorideas,04237071970,"415-J3 Near Expo Center Opp Shell Johar Town Lahore, Lahore, Punjab",https://www.businesslist.pk/company/242731/urban-decor,businesslist_pk,scrapy,furniture-manufacturers,2026-08-21T20:02:50.031979+00:00
HomeDéco Pakistan,furniture manufacturers,http://homedeco.pk,0336 8459730,"Phase 2 Ext., D.H.A., Karachi, Karachi, Sindh",https://www.businesslist.pk/company/243627/homedeco-pakistan,businesslist_pk,scrapy,furniture-manufacturers,2026-08-21T20:02:51.524045+00:00
Montage Designbuild,furniture manufacturers,http://www.montagedesignbuild.com.pk,"0092 51 8356013, +923461888881","3A, STREET 70, F83, Islamabad, Islamabad, Islamabad Capital Territory",https://www.businesslist.pk/company/246290/montage-designbuild,businesslist_pk,scrapy,furniture-manufacturers,2026-08-21T20:02:53.792607+00:00
Shaukat Sons,furniture manufacturers,http://shaukatsons.pk,03215154740,"46 Golra Road Furniture Market Opposite CMT and SD Golra, Besides Audi and Inter-wood Islamabad., Islamabad, Islamabad Capital Territory",https://www.businesslist.pk/company/248434/shaukat-sons,businesslist_pk,scrapy,furniture-manufacturers,2026-08-21T20:02:55.460865+00:00
Kiddys Kraft,furniture manufacturers,http://kiddyskraft.com,+923008415667,"E-608, Makkah Electric Market, Shah Alam Market, Lahore., Lahore, Punjab",https://www.businesslist.pk/company/247693/kiddys-kraft,businesslist_pk,scrapy,furniture-manufacturers,2026-08-21T20:02:57.519108+00:00
Pakistan Steel Furniture,furniture manufacturers,http://www.pakistansf.com,"052 3251970, +92 -21-9 9264222","A/2-3 , Small Industries Estate, Sialkot, Punjab",https://www.businesslist.pk/company/245761/pakistan-steel-furniture,businesslist_pk,scrapy,furniture-manufacturers,2026-08-21T20:02:59.720056+00:00
"ABS Plastic Lockers Manufacturer Co., Ltd.",furniture manufacturers,http://www.toplockers.com,9221-5660731,"A-449, Block-3, Gulshan-E-Iqbal, Karachi, Sindh",https://www.businesslist.pk/company/244209/abs-plastic-lockers-manufacturer-co-ltd,businesslist_pk,scrapy,furniture-manufacturers,2026-08-21T20:03:01.044583+00:00
Standard Steel Product,furniture manufacturers,http://www.facebook.com/official.standardsteelproduct,02132218831,"C1 Panjrapore building Arambagh, Karachi, Sindh",https://www.businesslist.pk/company/248613/standard-steel-product,businesslist_pk,scrapy,furniture-manufacturers,2026-08-21T20:03:02.880329+00:00
Watan Furnitures Gujrat,furniture manufacturers,http://www.watanfurnitures.com,03338444604,"Eid Ghah Road, Near Railway Line Gujrat, Gujrat, Punjab",https://www.businesslist.pk/company/250448/watan-furnitures-gujrat,businesslist_pk,scrapy,furniture-manufacturers,2026-08-21T20:03:04.549485+00:00
RoseGold Furniture,furniture manufacturers,http://rosegoldfurniture.pk,03066203252,"14 Bridge block fortress stadium Lahore, Lahore, Punjab",https://www.businesslist.pk/company/249796/rosegold-furniture,businesslist_pk,scrapy,furniture-manufacturers,2026-08-21T20:03:06.608692+00:00
Beauty experts industry,furniture manufacturers,https://www.be-industry.com,92-52-4293454,"Street 4 Puran nagar, Sialkot, Punjab",https://www.businesslist.pk/company/251251/beauty-experts-industry,businesslist_pk,scrapy,furniture-manufacturers,2026-08-21T20:03:07.660339+00:00
Global Office World,furniture manufacturers,https://globalofficeworld.com,03362389035,"38-C, Lane 11, Khayaban-e-Muslim, D.H.A Phase 6 Karachi, 75500, Pakistan, Karachi, Sindh",https://www.businesslist.pk/company/253262/global-office-world,businesslist_pk,scrapy,furniture-manufacturers,2026-08-21T20:03:09.345015+00:00
Pak Pure-line,food manufacturing,http://www.pakpureline.com,03029150061,"Umer Town, Jaranwala Road, Faisalabad., Faisalabad, Punjab",https://www.businesslist.pk/company/241319/marjan-pure-line-enterprises,businesslist_pk,scrapy,food-manufacturing,2026-08-21T20:03:11.472535+00:00
Lemon Tree Pvt Ltd,food manufacturing,http://www.hai-wood.com,0622877376,"CA 369, Model Town A, Faiz Colony, Bahawalpur, Punjab",https://www.businesslist.pk/company/250356/lemon-tree-pvt-ltd,businesslist_pk,scrapy,food-manufacturing,2026-08-21T20:03:12.678605+00:00
A&amp;Y FOOD INDUSTRIES PVT LTD Exporter - Pakistan,food manufacturing,http://www.ayfoodindustries.com,+92-21-35130863,"PLOT #1 SECTOR A-3, KEPZA, KARACHI PAKISTAN, Karachi 75150, Pakistan, Karachi, Sindh",https://www.businesslist.pk/company/249868/ay-food-industries-pvt-ltd-exporter-pakistan,businesslist_pk,scrapy,food-manufacturing,2026-08-21T20:03:14.380134+00:00
SF Commodities,food manufacturing,http://www.sfcommodities.com,32143993,"1102, Uni Centre, I. I Chundrigar Road, Karachi, Sindh",https://www.businesslist.pk/company/242712/sf-commodities,businesslist_pk,scrapy,food-manufacturing,2026-08-21T20:03:15.858511+00:00
Omega Enterprises,food manufacturing,http://www.oeseafood.com,021-32316657,"F-1 fish harbour west wharf karachi, Karachi, Sindh",https://www.businesslist.pk/company/245616/omega-enterprises,businesslist_pk,scrapy,food-manufacturing,2026-08-21T20:03:18.212624+00:00
Jannat Corporation,food manufacturing,http://www.jannat.pk,92 21 32413110,"2/25, Arkay Square, New Challi, Karachi, Sindh",https://www.businesslist.pk/company/197532/jannat-corporation,businesslist_pk,scrapy,food-manufacturing,2026-08-21T20:03:20.396826+00:00
"Madina Dairy Equipment, Okara",food manufacturing,http://www.madinadairyequipments.com,0442525818,"9/4L Road near Bypas Canal Bridg, Okara, Okara, Punjab",https://www.businesslist.pk/company/247133/madina-dairy-equipment-okara,businesslist_pk,scrapy,food-manufacturing,2026-08-21T20:03:21.696196+00:00
CIAO Foods (Private) Limited,food manufacturing,http://www.ciaocheese.com,+92512321434,"Street # 01, Chak Shahzad, Islamabad, Islamabad Capital Territory",https://www.businesslist.pk/company/252759/ciao-foods-private-limited,businesslist_pk,scrapy,food-manufacturing,2026-08-21T20:03:23.210628+00:00
La&#039; Nature Food &amp; Beverages,food manufacturing,http://www.thelanature.com,+923174007480,"Head Office: Building no 97 Block J3 Johar town Lahore, Lahore, Punjab",https://www.businesslist.pk/company/251605/la-nature-foodbeverages,businesslist_pk,scrapy,food-manufacturing,2026-08-21T20:03:24.505530+00:00
Dastgir Engineering,food manufacturing,,92 42 36665140,"12A Lahore road Saddar Lahore Cantt, Lahore, Punjab",https://www.businesslist.pk/company/241700/dastgir-engineering,businesslist_pk,scrapy,food-manufacturing,2026-08-21T20:03:26.884138+00:00
Khawaja Rice Processors,food manufacturing,http://khawaja-rice.com/,"+92 - 42 - 37951252, +92 - 42 - 37951251","5 Km Narowal-Muridke Road, Muridke Sheikhupura, Punjab Pakistan, Shekhupura, Punjab",https://www.businesslist.pk/company/250970/khawaja-rice-processors,businesslist_pk,scrapy,food-manufacturing,2026-08-21T20:03:29.101375+00:00
Asian Packs,food manufacturing,http://www.facebook.com/asian.packs,"03214110978,03244034904,03174096755","Near Babu Sabu Interchange, Bund Road, Lahore., Lahore, Punjab",https://www.businesslist.pk/company/250507/asian-packs,businesslist_pk,scrapy,food-manufacturing,2026-08-21T20:03:30.780322+00:00
Keto Camp,food manufacturing,http://www.ketocamp.pk,923321525403,"Girja chowk, Lahore, Lahore, Punjab",https://www.businesslist.pk/company/253428/keto-camp,businesslist_pk,scrapy,food-manufacturing,2026-08-21T20:03:32.628618+00:00
Nida Trading,food manufacturing,http://www.nidatradings.com,+923324153354,"B-130 Block 6 Gulshan Iqbal , Karachi, Sindh",https://www.businesslist.pk/company/235065/nida-trading,businesslist_pk,scrapy,food-manufacturing,2026-08-21T20:03:34.347315+00:00
IJ FARM (SMC-PRIVATE) LIMITED,food manufacturing,http://ijfarmhouse.com,02134100556,"89 Dehkhanto Opp Lashari Goth Razzakabad Bin Qasim Town , Karachi, Sindh",https://www.businesslist.pk/company/245359/ij-farm-smc-private-limited,businesslist_pk,scrapy,food-manufacturing,2026-08-21T20:03:35.529319+00:00
Homemade Food in Lahore,food manufacturing,https://www.homemadefood.online/,+923071122074,"College Road, Township, Lahore, (Near UMT university), Lahore, Punjab",https://www.businesslist.pk/company/251878/homemade-food-in-lahore,businesslist_pk,scrapy,food-manufacturing,2026-08-21T20:03:37.473547+00:00
"Pacific Production Co., ltd",food manufacturing,http://www.pacificproductionco.com,0837673980,413/41/3/9a levanquoi st Binhtan dist,https://www.businesslist.pk/company/244675/pacific-pacific-production-co-ltd,businesslist_pk,scrapy,food-manufacturing,2026-08-21T20:03:39.550935+00:00
S F Sweets,food manufacturing,http://www.caringbridge.org/visit/sjfsweets/photos,0312432970,"Chungi Amarsidhu, Lahore, Punjab",https://www.businesslist.pk/company/241426/s-f-sweets,businesslist_pk,scrapy,food-manufacturing,2026-08-21T20:03:40.406324+00:00
Chachaa Daig Service,food manufacturing,https://chachaaa.com/product-category/daig-caterer/,03374666002,"C 84 Commerical Area Cavalry Ground Lahore Cantt, Lahore, Punjab",https://www.businesslist.pk/company/253007/chachaa-daig-service,businesslist_pk,scrapy,food-manufacturing,2026-08-21T20:03:42.445251+00:00
Gultex Online,textile,https://gultexonline.com/,+92-304-6369959,"959 Tareen Rd, Mohalla Qadirabad, Multan, Punjab, Pakistan, Multan, Punjab",https://www.businesslist.pk/company/253844/gultex-online,businesslist_pk,scrapy,textile,2026-08-21T20:03:44.340095+00:00
Brother Thread,textile,http://www.brotherthread.com/,+923212126942,"Plot # SD2/1, Block B North Nazimabad, Near Saima Bridge View Kaarchi (Pakistan), Karachi, Sindh",https://www.businesslist.pk/company/244816/brother-thread,businesslist_pk,scrapy,textile,2026-08-21T20:03:46.506276+00:00
AR Garments,textile,http://argarmentspk.com,04237312439,"3rd Madina Market, New Anarkali, Dhani ram road Lahore, Lahore, Punjab",https://www.businesslist.pk/company/243822/ar-garments,businesslist_pk,scrapy,textile,2026-08-21T20:03:48.672667+00:00
Rehman Tex International,textile,http://www.rehmangrouppk.com,923006607431,"7 chack road samana Pull sargodha road, Faisalabad, Punjab",https://www.businesslist.pk/company/235199/faizan-shahzad-pvt-limited,businesslist_pk,scrapy,textile,2026-08-21T20:03:50.859251+00:00
Glacier Fabrics,textile,http://www.glacierfabrics.com,"03121053373,03122696321","A7, Iqbal Cloth Market near new neham road Karachi, Karachi, Sindh",https://www.businesslist.pk/company/245246/glacier-fabrics,businesslist_pk,scrapy,textile,2026-08-21T20:03:52.797144+00:00
Biker Wears,textile,http://www.bikerswears.com,0092523255849,"Moh:Tukki Wala Fateh Sialkot 51310. Pakistan, Sialkot, Punjab",https://www.businesslist.pk/company/241245/biker-wears,businesslist_pk,scrapy,textile,2026-08-21T20:03:54.350817+00:00
White Line Textile Ltd,textile,http://whitelinetextile.com,0418756554,"Faisalabad, Jhumra Road, St1 Shamshabad, Faisalabad, Punjab",https://www.businesslist.pk/company/254027/white-line-textile-ltd,businesslist_pk,scrapy,textile,2026-08-21T20:03:56.185369+00:00
Urban Suiting Impex,textile,http://www.urbansuiting.com,+92526556032,"Ghuinke, 10 Km Daska Road, Sialkot, Punjab",https://www.businesslist.pk/company/247364/urban-suiting-impex,businesslist_pk,scrapy,textile,2026-08-21T20:03:58.225436+00:00
Esmail Towels &amp; Textiles,textile,http://www.esmailtowels.com,"02136411606, 02136411607","24/1, Sector 6A, North Karachi Industrial Area., Karachi, Sindh",https://www.businesslist.pk/company/243119/esmail-towels-textiles,businesslist_pk,scrapy,textile,2026-08-21T20:04:00.175927+00:00
Al-hasham Enterprises,textile,http://www.alhashament.com,0092412045810,"Haider House P-258/C Peoples Colony # 2 Faisalabad., Faisalabad, Punjab",https://www.businesslist.pk/company/240547/al-hasham-enterprises,businesslist_pk,scrapy,textile,2026-08-21T20:04:01.713648+00:00
512 International,textile,https://www.facebook.com/512-International-171703916630539/,0092524564477,"5 Al Noor Colony, Jammu Road, Sialkot, Punjab",https://www.businesslist.pk/company/244817/512-international,businesslist_pk,scrapy,textile,2026-08-21T20:04:03.771838+00:00
Magnus,textile,https://web.facebook.com/magnus.unit/,0092 3024006776,"Lahore, Lahore, Punjab",https://www.businesslist.pk/company/248280/magnus,businesslist_pk,scrapy,textile,2026-08-21T20:04:05.765440+00:00
FM Textile,textile,http://www.thefmtextile.com,(92-42) 35421026,"Ahbab colony, Multan Road, Lahore, Punjab",https://www.businesslist.pk/company/235332/fm-textile,businesslist_pk,scrapy,textile,2026-08-21T20:04:06.994185+00:00
Shakarganj Food Products Limited (SFPL),textile,http://shakarganjfood.com,"+92 42 3578 3801-4, +92 42 111 111 765","10th Floor, BOP Tower 10-B, Block E-2, Main Boulevard Gulberg III, Lahore., Lahore, Punjab",https://www.businesslist.pk/company/241457/shakarganj-food-products-limited-sfpl,businesslist_pk,scrapy,textile,2026-08-21T20:04:08.997437+00:00
SAU Associates,textile,,0523611318,"11/175, Neka Pura, Sialkot, 51300, Pakistan, Sialkot, Punjab",https://www.businesslist.pk/company/130467/sau-associates,businesslist_pk,scrapy,textile,2026-08-21T20:04:10.456890+00:00
Al-ghani International Terry Mills,textile,http://www.alghanitex.com,0092412435111,"216-BARA MUHAMMAD WALA 3-KM BY PASS JARANWALA ROAD FAISALABAD, Faisalabad, Punjab",https://www.businesslist.pk/company/251734/al-ghani-international-terry-mills,businesslist_pk,scrapy,textile,2026-08-21T20:04:12.434543+00:00
Nadir Saidjan Textiles (Pvt) Ltd.,textile,http://www.nsjtextiles.com,0092-42-35272611,"34-Km Ferozepur Road, Lahore, Punjab",https://www.businesslist.pk/company/241214/nadir-saidjan-textiles-pvt-ltd,businesslist_pk,scrapy,textile,2026-08-21T20:04:14.411749+00:00
Mundia Export,textile,https://www.mundiaexport.com,+92-21-2585413,"A-14, Manghopir Road, S.I.T.E., Karachi – 75700 – Pakistan, Karachi, Sindh",https://www.businesslist.pk/company/251530/mundia-export,businesslist_pk,scrapy,textile,2026-08-21T20:04:16.307286+00:00
King Fabrics,textile,http://kingfabrics.com/,+923008481078,"Katar Band Road Street No 2, Fair Line Silk Factory Thoker Niaz Baig Off Multan Road, Lahore, Punjab",https://www.businesslist.pk/company/248697/king-fabrics,businesslist_pk,scrapy,textile,2026-08-21T20:04:17.926427+00:00
SAAF International,textile,http://www.saafinter.com,+92 41 8720105,"P- 575, Block A, Millat Town, Faisalabad, Faisalabad, Punjab",https://www.businesslist.pk/company/241941/saaf-international,businesslist_pk,scrapy,textile,2026-08-21T20:04:20.089370+00:00
Emlak Estate B-17 Islamabad,estate agents,https://b17properties.pk,+923149642884,"Office#12,2nd Floor, Block A Multi Gardens B-17, Islamabad,44000, Islamabad, Islamabad Capital Territory",https://www.businesslist.pk/company/250843/emlak-estate-b-17-islamabad,businesslist_pk,scrapy,estate-agents,2026-08-21T20:04:21.919951+00:00
Mustafa Marketing and Real Estate,estate agents,https://mustafamarketing1.weebly.com/,+923153530711,"taiser town l 663 sector 36e , Karachi",https://www.businesslist.pk/company/258900/mustafa-marketing-and-real-estate,businesslist_pk,scrapy,estate-agents,2026-08-21T20:04:23.919865+00:00
Alee Associates Real Estate Investment Consultants,estate agents,https://aleeassociates.com/,0515916004,"Office # 4-A/27، Defence Business Bay, Sector F DHA Phase 1, Islamabad, Islamabad, Islamabad Capital Territory",https://www.businesslist.pk/company/244495/alee-associates-real-estate-investment-consultants,businesslist_pk,scrapy,estate-agents,2026-08-21T20:04:25.617838+00:00
Royal Business Solutions (RBS),estate agents,https://rbsland.com/,"+92 51 5172681, +923331111306","Plot 13, Adjacent D Mall, G.T. Rd, Sector A DHA Phase II Islamabad, Islamabad Capital Territory, Pakistan-44000, Rawalpindi, Punjab",https://www.businesslist.pk/company/252371/royal-business-solutions-rbs,businesslist_pk,scrapy,estate-agents,2026-08-21T20:04:27.740678+00:00
Nasar Estate,estate agents,http://nasarestate.com,"03004974631, 03434551474,03428625424","335-B, Iqbal Avenue Khyaban-e-jinah Road Near Shakut khanam Hospital Lahore, 54770, Lahore, Punjab",https://www.businesslist.pk/company/243907/nasar-estate,businesslist_pk,scrapy,estate-agents,2026-08-21T20:04:29.341738+00:00
Wadaan Enterprises,estate agents,,0213-5843526,"Plot 29 C Lane 6 Ittehad Commercial DHA Karachi, Karachi, Sindh",https://www.businesslist.pk/company/242599/wadaan-enterprises,businesslist_pk,scrapy,estate-agents,2026-08-21T20:04:31.185277+00:00
Jaidaadonline.com,estate agents,https://www.jaidaadonline.com,+923333223911,"Plot # SC-1, Suit # 12, Mohammadi Building Block A North Nazimabad, Karachi",https://www.businesslist.pk/company/258312/jaidaadonlinecom,businesslist_pk,scrapy,estate-agents,2026-08-21T20:04:33.429624+00:00
Arish Associates,estate agents,http://www.arish.com.pk,"02135347117,18","11-C Lane 7 Ittehad Commercial DHA Phase 6 Karachi, Karachi, Sindh",https://www.businesslist.pk/company/246719/arish-associates,businesslist_pk,scrapy,estate-agents,2026-08-21T20:04:34.908125+00:00
Realty Investments,estate agents,https://realtyinvestments.pk/,+923000732589,"Suite # 4, Ground Floor, Prime Beach View Apartments, Block-4, Clifton, Karachi, Pakistan, Karachi",https://www.businesslist.pk/company/258691/realty-investments,businesslist_pk,scrapy,estate-agents,2026-08-21T20:04:36.529096+00:00
Z.M Enterprises,estate agents,https://www.youtube.com/@z.menterprises3006,"03168595370, +923002106878","DHA Karachi , Karachi, Sindh",https://www.businesslist.pk/company/251414/zm-enterprises,businesslist_pk,scrapy,estate-agents,2026-08-21T20:04:37.915282+00:00
Ismail Estate,estate agents,http://ismailestate.blogspot.com/,92 03028118161,"Shop no :1 Plot # C4, Shop # 3, Zeenatabad Scheme -33, Karachi, Karachi, Sindh",https://www.businesslist.pk/company/243962/ismail-estate,businesslist_pk,scrapy,estate-agents,2026-08-21T20:04:39.892370+00:00
Rahman Property Dealer Timergara,estate agents,https://www.facebook.com/rahmanpropertydealer/,0945824030,"1st FLOOR LAST BLOCK ZEB CITY CENTER TIMERGARA DIR LOWER KPK PAKISTAN, Timergara, Khyber Pakhtunkhwa",https://www.businesslist.pk/company/245347/rahman-property-dealer,businesslist_pk,scrapy,estate-agents,2026-08-21T20:04:41.915720+00:00
Sigma Properties and Marketing Pvt Ltd,estate agents,https://sigmaproperties.com.pk/,051111477488,"4th Floor, Redco Plaza, Blue Area, Islamabad, Islamabad Capital Territory",https://www.businesslist.pk/company/252370/sigma-properties-and-marketing-pvt-ltd,businesslist_pk,scrapy,estate-agents,2026-08-21T20:04:43.861606+00:00
Summa Marketing Pvt Ltd,estate agents,https://summamarketing.com.pk/,+923202020101,"92-G DHA Phase 1, Lahore",https://www.businesslist.pk/company/258664/summa-marketing-pvt-ltd,businesslist_pk,scrapy,estate-agents,2026-08-21T20:04:45.773870+00:00
RealtorOnline,estate agents,https://realtoronline.pk,+923143334990,"A-4, 1st Floor, Toshi Square, Main University Rd, near Al Mustafa Medical Center, Block 13 C Gulshan-e-Iqbal, Karachi, 75300, Karachi",https://www.businesslist.pk/company/258785/realtoronline,businesslist_pk,scrapy,estate-agents,2026-08-21T20:04:47.858273+00:00
Nouman Estate &amp; Builders,estate agents,http://www.noumanestate.com,+92 42 35873700-01,"74-A-3, Block D1, Liberty Market, Near Capri Cinema, Gulberg III, lahore, Lahore, Punjab",https://www.businesslist.pk/company/245065/nouman-estatebuilders,businesslist_pk,scrapy,estate-agents,2026-08-21T20:04:50.092542+00:00
Arcon Associates,estate agents,http://www.arcon.pk,+92-42- 37169006,"Office No 1, First Floor Nehal Plaza KBHS Society New Airport Road Lahore Cantt., Lahore, Punjab",https://www.businesslist.pk/company/242841/arcon-associates,businesslist_pk,scrapy,estate-agents,2026-08-21T20:04:52.091301+00:00
Lion HDB,estate agents,https://lionhdb.com,+923111222977,"338 MB, Sector A, DHA Phase 6,, Lahore",https://www.businesslist.pk/company/258346/lion-hdb,businesslist_pk,scrapy,estate-agents,2026-08-21T20:04:54.261739+00:00
Executive Real Estate Group,estate agents,https://www.fb.me/executivegrouppk,03018626291,"178 Palm Commercial, Royal Palm City, Gujranwala, Gujranwala, Punjab",https://www.businesslist.pk/company/244632/executive-real-estate-group,businesslist_pk,scrapy,estate-agents,2026-08-21T20:04:56.511116+00:00
Graana - Smartest Property Portal,estate agents,https://www.graana.com,"111-555-555, +923335104007","Level 5, 44 East Plaza, Fazl ul Haq Road, Blue Area, Islamabad, Islamabad, Islamabad Capital Territory",https://www.businesslist.pk/company/248737/graana-smartest-property-portal,businesslist_pk,scrapy,estate-agents,2026-08-21T20:04:58.011606+00:00
AFNAN GEAR Manufacturers of Boxing,industrial equipment,http://www.afnangear.com,03328606035,"Building # 12/334 New Abadi Habib Pura Sialkot, Sialkot, Punjab",https://www.businesslist.pk/company/243433/afnan-gear-manufacturers-of-boxing,businesslist_pk,scrapy,industrial-equipment,2026-08-21T20:04:59.636093+00:00
GD Energy,industrial equipment,http://www.tinyurl.com/GDEnergy,+923399102023,"main GT road 347-3D DAROGAWALLA LAHORE, Lahore",https://www.businesslist.pk/company/258650/gd-energy,businesslist_pk,scrapy,industrial-equipment,2026-08-21T20:05:01.725851+00:00
Tek Engineering Services,industrial equipment,http://www.tek.com.pk,03214645081,"Plot No. 171, Sundar Industrial Estate, Lahore, Punjab",https://www.businesslist.pk/company/241496/tek-engineering-services,businesslist_pk,scrapy,industrial-equipment,2026-08-21T20:05:03.885024+00:00
Fair Weighing (pvt) Ltd,industrial equipment,https://www.weighpak.com/,92-21-5210295,"609 PANORAMA CENTRE, FATIMA JINNAH ROAD, SADDAR, KARACHI-PAKISTAN., Karachi, Sindh",https://www.businesslist.pk/company/249295/fair-weighing-pvt-ltd,businesslist_pk,scrapy,industrial-equipment,2026-08-21T20:05:05.746415+00:00
Vertex Electronics (Pvt.) Ltd.,industrial equipment,http://www.vertex.pk,032-35120190,"190/S, Q.I.E, Kot Lakhpat, Lahore., Lahore, Punjab",https://www.businesslist.pk/company/243468/vertex-electronics-pvt-ltd,businesslist_pk,scrapy,industrial-equipment,2026-08-21T20:05:07.769173+00:00
Hi Tech Engineering Works,industrial equipment,http://www.hitechint.net,"03005899041, +92 (42) 36311881","CB 76 / 27, Near Sharif Hospital , GT Road Wah Cantt , Rawalpindi.i, Rawalpindi, Punjab",https://www.businesslist.pk/company/244232/hi-tech-engineering-works,businesslist_pk,scrapy,industrial-equipment,2026-08-21T20:05:09.076962+00:00
S.s. Farooq Mechanical Industries,industrial equipment,https://www.facebook.com/ssfarooq,+92 300 6417722,"Liaquat Rd, near Islamia College Road, Garjakh, 52250, Gujranwala, Punjab",https://www.businesslist.pk/company/195299/ss-farooq-mechanical-industries,businesslist_pk,scrapy,industrial-equipment,2026-08-21T20:05:11.467540+00:00
Ahsan Corporation,industrial equipment,https://ahsancorporation.com/,"+92 21 32416037, +92 213 2415992","3rd Floor, State Life building, 6 Muhammad Ali Jinnah Rd, Karachi, Khyber Pakhtunkhwa",https://www.businesslist.pk/company/249840/ahsan-corporation,businesslist_pk,scrapy,industrial-equipment,2026-08-21T20:05:12.945470+00:00
New Hyderi Traders,industrial equipment,https://www.facebook.com/profile.php?id=100086620570543&mibextid=9R9pXO,+92 314 4492442,"Shop 404 ,Opposite Haji Shah Dargah, Saddar Bohri Bazar, Hyderabad, Sindh, Hyderabad, Sindh",https://www.businesslist.pk/company/126721/new-hydri-traders,businesslist_pk,scrapy,industrial-equipment,2026-08-21T20:05:14.915842+00:00
Avery Pakistan Pvt Ltd,industrial equipment,,"+923002012316, 92 213 4825479","AR 16, Block 10 Gulshan e Iqbal Karachi, Karachi",https://www.businesslist.pk/company/258452/avery-pakistan-pvt-ltd,businesslist_pk,scrapy,industrial-equipment,2026-08-21T20:05:17.010529+00:00
Multi-Task,industrial equipment,http://www.multitask.com.pk,00922136612888,"B-208, Hasrat Mohani Colony, Mangho Pir Road, Karachi-75700, Karachi, Sindh",https://www.businesslist.pk/company/245062/multi-task,businesslist_pk,scrapy,industrial-equipment,2026-08-21T20:05:19.076541+00:00
Kamadi Pakistan,industrial equipment,https://www.kamadi.pk,+923000526234,"A-40, Block C, P.R.E.C.H.S., Gulshan-e-Jamal, Karachi, Pakistan, Karachi",https://www.businesslist.pk/company/258859/kamadi-pakistan,businesslist_pk,scrapy,industrial-equipment,2026-08-21T20:05:21.044177+00:00
Pak Machinery,industrial equipment,http://www.pakmachinery.com,03332283898,"Suit # 33 &amp; 34 Gomal Higway Trade center Sohrab Goth Karachi, Karachi, Sindh",https://www.businesslist.pk/company/259005/pak-machinery,businesslist_pk,scrapy,industrial-equipment,2026-08-21T20:05:22.672723+00:00
Sbestore:Electronic store in Pakistan,industrial equipment,https://www.sbestore.com/,+92-347-5273005,"Floor no.1, 1/26 Dingha Singh Building, Beadon Rd, Lahore، Lahore 54000, Lahore, Punjab",https://www.businesslist.pk/company/247449/sbestoreelectronic-store-in-pakistan,businesslist_pk,scrapy,industrial-equipment,2026-08-21T20:05:24.252525+00:00
Properdex International,industrial equipment,http://www.properdexshop.com,+16034035822,"Georgetown, Taxes",https://www.businesslist.pk/company/253395/properdex-international,businesslist_pk,scrapy,industrial-equipment,2026-08-21T20:05:26.249753+00:00
Moss Electrical Conduit Pipe &amp; Fittings,industrial equipment,,+923322363784,"LF-32, Landhi Industrial Area, 74900, Karachi., Karachi",https://www.businesslist.pk/company/258855/moss-electrical-conduit-pipefittings,businesslist_pk,scrapy,industrial-equipment,2026-08-21T20:05:27.908206+00:00
Diesel Generators For sale and Rent in Islamabad,industrial equipment,,+923335435090,"3rd Floor Al asghar Plaza main blue area, Islamabad",https://www.businesslist.pk/company/258632/diesel-generators-for-sale-and-rent-in-islamabad,businesslist_pk,scrapy,industrial-equipment,2026-08-21T20:05:29.322145+00:00
Graphene industries,industrial equipment,,+92 306 1345448,"H# 342 (Lower Ground Floor).  Ravi Road,  G-8/2. Islamabad 44000 Pakistan., Islamabad",https://www.businesslist.pk/company/258376/graphene-industries,businesslist_pk,scrapy,industrial-equipment,2026-08-21T20:05:31.494238+00:00
Anz Traders Singapore,industrial equipment,,"6596225858, (092-42) 35831991","15 JALAN PINANG SINGAPORE 199147, Lahore",https://www.businesslist.pk/company/163490/anz-traders-singapore,businesslist_pk,scrapy,industrial-equipment,2026-08-21T20:05:33.332200+00:00
Minewoods,furniture manufacturers,,+92 320 4413983,"Opposite to shezan factory, multan road,lahore, Lahore",https://www.businesslist.pk/company/258789/minewoods,businesslist_pk,scrapy,furniture-manufacturers,2026-08-21T20:05:35.552012+00:00
Luxury Homes,furniture manufacturers,http://www.rosewood.com.pk,+922135879262,"6/c, 36th Street, Tauheed Commercial, Phase 5, DHA. (next to Sabs Salon), Karachi, Sindh",https://www.businesslist.pk/company/123202/seasons-of-forest-furniture,businesslist_pk,scrapy,furniture-manufacturers,2026-08-21T20:05:37.214370+00:00
Crafted Furniture,furniture manufacturers,https://craftedfurniture.pk/,03051044994,"33 F Main Market Gulberg, Lahore, Punjab",https://www.businesslist.pk/company/252761/crafted-furniture,businesslist_pk,scrapy,furniture-manufacturers,2026-08-21T20:05:38.890273+00:00
Leather Galleria,furniture manufacturers,https://www.leathergalleria.pk/,+92 339 4089453,"22 Fairways Commercial Phase – 6 DHA Raya Lahore., Lahore",https://www.businesslist.pk/company/258922/leather-galleria,businesslist_pk,scrapy,furniture-manufacturers,2026-08-21T20:05:41.022151+00:00
Defence Industries,furniture manufacturers,https://www.defencegarments.com,"+923256382756,+923006137553","FGFF+QX7, Hajipura, Sialkot, Punjab 51310, Pakistan, Sialkot",https://www.businesslist.pk/company/257697/defence-industries,businesslist_pk,scrapy,furniture-manufacturers,2026-08-21T20:05:43.086051+00:00
Home Desire Furniture,furniture manufacturers,http://www.ssempresa.com,042-35973223,"1st. Floor Saeed Mansion 180-F Ferozpur Road., Lahore, Punjab",https://www.businesslist.pk/company/241155/home-desire-furniture,businesslist_pk,scrapy,furniture-manufacturers,2026-08-21T20:05:44.744436+00:00
Khawajas.pk,furniture manufacturers,http://www.khawajas.pk,923217451111,"9/293 circuler road,rangpura, wasi shaheedan, Sialkot, Punjab",https://www.businesslist.pk/company/242327/khawajaspk,businesslist_pk,scrapy,furniture-manufacturers,2026-08-21T20:05:46.078344+00:00
Z Galleria,furniture manufacturers,https://zeegalleria.com/,+923104790949,"12-J Gulberg-III, Lahore, Lahore",https://www.businesslist.pk/company/258636/z-galleria-furnitures,businesslist_pk,scrapy,furniture-manufacturers,2026-08-21T20:05:47.615846+00:00
Maf International,furniture manufacturers,http://www.mafintl.com,00924235965697,"16 A Zaheer Avenue , Military Accounts , College Road Lahore, Lahore, Punjab",https://www.businesslist.pk/company/246483/maf-international,businesslist_pk,scrapy,furniture-manufacturers,2026-08-21T20:05:49.340753+00:00
MR Pvc Vanity Manufacturer,furniture manufacturers,https://www.facebook.com/MR.PVC.VANITY.MANUFACTURER?mibextid=kFxxJD,+923178400269,"Thoker Niaz Baig Multan Road Lahore , Lahore",https://www.businesslist.pk/company/258397/mr-pvc-vanity-manufacturer,businesslist_pk,scrapy,furniture-manufacturers,2026-08-21T20:05:50.615352+00:00
Hayat Galleria,furniture manufacturers,http://hayatgalleria.com/,03008307509,"Sifwat Ghayur road univeristy town, Peshawar, Khyber Pakhtunkhwa",https://www.businesslist.pk/company/241689/hayat-galleria,businesslist_pk,scrapy,furniture-manufacturers,2026-08-21T20:05:52.323949+00:00
Waseeh Online Store,furniture manufacturers,https://www.waseeh.com/,+92 320 1111782,"Hall No 2, opposite to House # 58, Block B OPF Housing Scheme, Lahore, Pakistan, Lahore, Punjab",https://www.businesslist.pk/company/259014/waseeh-online-store,businesslist_pk,scrapy,furniture-manufacturers,2026-08-21T20:05:53.902112+00:00
Mehboob Interior,furniture manufacturers,,+923166300000,"House # 300, H-2, Johar Town, Lahore, Lahore",https://www.businesslist.pk/company/258612/mehboob-interior,businesslist_pk,scrapy,furniture-manufacturers,2026-08-21T20:05:55.652217+00:00
FINK,furniture manufacturers,,"+923112003000,+923322550918","Nishat Commercial DHA phase 6, Karachi",https://www.businesslist.pk/company/258654/fink,businesslist_pk,scrapy,furniture-manufacturers,2026-08-21T20:05:56.977028+00:00
Edge Kitchens &amp; Cabinetry,furniture manufacturers,https://edgekitchens.ca/Home,+92 321 9461610,"510-511 J Block, Gulshan-e-Ravi, Bund Road, Lahore, Punjab",https://www.businesslist.pk/company/235417/edge-kitchenscabinetry,businesslist_pk,scrapy,furniture-manufacturers,2026-08-21T20:05:59.009262+00:00
Penterwood,furniture manufacturers,https://www.penterwood.com,+923369454114,"Street 49, Shop 5, Bilal Market, E-11/4, Islamabad, Islamabad",https://www.businesslist.pk/company/258965/penterwood,businesslist_pk,scrapy,furniture-manufacturers,2026-08-21T20:06:00.662956+00:00
KC Interiors,furniture manufacturers,http://www.kcinterior.net,02136646850,"16 Hanif Centre, Block-B, North Nazimabad, Karachi, Karachi, Sindh",https://www.businesslist.pk/company/245508/kc-interiors,businesslist_pk,scrapy,furniture-manufacturers,2026-08-21T20:06:02.875813+00:00
First Floor Office World,furniture manufacturers,http://www.firstfloor.com.pk,021-35304261-3 (03 lines),"20-C, Touheed Commercial Area, main 26th Street, Phase 5, DHA., Karachi, Sindh",https://www.businesslist.pk/company/245387/first-floor-office-world,businesslist_pk,scrapy,furniture-manufacturers,2026-08-21T20:06:04.795156+00:00
Alpial Furniture,furniture manufacturers,http://www.alpialfurniture.com,+923145556659,"Minar Road, Lala Rukh, Wah, Wah Cantonment, Punjab",https://www.businesslist.pk/company/249312/alpial-furniture,businesslist_pk,scrapy,furniture-manufacturers,2026-08-21T20:06:07.009422+00:00
Facility Management Associates,furniture manufacturers,http://www.facilitymanagementassociates.com,04237330871,"110 R Lalik Chowk Phase 2 DHA Lahore, Lahore, Punjab",https://www.businesslist.pk/company/241837/facility-management-associates,businesslist_pk,scrapy,furniture-manufacturers,2026-08-21T20:06:08.555520+00:00
Brilliant Management system,food manufacturing,http://www.bmspk.org/,+92-21-34551799,"Suite No. S-9, 2nd Floor, Zain Mall, Tariq Road, Block 2, PECHS, Karachi., Karachi, Sindh",https://www.businesslist.pk/company/241142/brilliant-management-system,businesslist_pk,scrapy,food-manufacturing,2026-08-21T20:06:09.900487+00:00
CRISpyNest Foods.,food manufacturing,https://CrispyNastFood.com.pk,+92 3348000289,"Khuwaja Gunj Bazar ,Sikandari Road , Mardan Kpk, Mardan, Khyber Pakhtunkhwa",https://www.businesslist.pk/company/257923/jailani-traders,businesslist_pk,scrapy,food-manufacturing,2026-08-21T20:06:11.433297+00:00
World Tech Machinery (Pvt) Ltd.,food manufacturing,,+92-321-8461706,"Plot No.641, Gate No.1, Sunder Industrial Estate,, Lahore, Punjab",https://www.businesslist.pk/company/127147/world-tech-machinery-pvt-ltd,businesslist_pk,scrapy,food-manufacturing,2026-08-21T20:06:13.490458+00:00
Love Cooppa Food Products,food manufacturing,,+923211005607,"Kacha Eimnabad Road, Shadman Colony, Gujranwala. , Gujranwala",https://www.businesslist.pk/company/258365/love-cooppa-food-products,businesslist_pk,scrapy,food-manufacturing,2026-08-21T20:06:15.708192+00:00
Ahmad Usman Enterprises Private Limited,food manufacturing,https://aue.com.pk,+92 323 4151727,"Plot # 208, 209, Block A 1 China Scheme, Lahore, Punjab",https://www.businesslist.pk/company/253286/ahmad-usman-enterprises-private-limited,businesslist_pk,scrapy,food-manufacturing,2026-08-21T20:06:17.668447+00:00
Himalayan Salt Group,food manufacturing,,+923417979790,"Gulshan-e-Kaneez Fatma, Scheme#33, Postal Code 75300, Karachi, Sindh, Pakistan, Karachi",https://www.businesslist.pk/company/258400/himalayan-salt-group,businesslist_pk,scrapy,food-manufacturing,2026-08-21T20:06:19.100952+00:00
Al Khair Plastics,food manufacturing,https://www.facebook.com/alkhairplastics/,"+923321136703, +92 -42-111-111-043","Plot 196, Sector 24 Korangi Industrial Area, Karachi, Sindh",https://www.businesslist.pk/company/241673/al-khair-plastics,businesslist_pk,scrapy,food-manufacturing,2026-08-21T20:06:21.069851+00:00
Haaniya Sauces and Foods Pvt Ltd,food manufacturing,,+923233666448,"Khyber Block Iqbal Town Lahore, Lahore",https://www.businesslist.pk/company/258800/haaniya-sauces-and-foods-pvt-ltd,businesslist_pk,scrapy,food-manufacturing,2026-08-21T20:06:22.988377+00:00
Hima Salt &amp; Foods,food manufacturing,http://himasaltnfoods.com,+923008244433,"Office R-625, Dastagir, F.B Area , Block 15, Karachi, Pakistan, Karachi",https://www.businesslist.pk/company/258527/hima-saltfoods,businesslist_pk,scrapy,food-manufacturing,2026-08-21T20:06:24.150244+00:00
Suzhou Huilide Machine Co Ltd,food manufacturing,http://www.hldmachine.com,8651280813856,"No. 555,Beiling Rd.,Beiqiao,Xiangcheng,Suzhou,China, Gujrat, Azad Jammu Kashmir",https://www.businesslist.pk/company/197427/fengqi-industry-co-ltd,businesslist_pk,scrapy,food-manufacturing,2026-08-21T20:06:26.380632+00:00
Adwork Offset Printing Press,food manufacturing,,+92 321 9222014,"Plot No. C-31, Block 4, K.A.E.C.H.S, Karachi, Pakistan, Karachi, Sindh",https://www.businesslist.pk/company/242216/adwork-offset-printing-press,businesslist_pk,scrapy,food-manufacturing,2026-08-21T20:06:28.157089+00:00
Marvi Trade Links (MTL),food manufacturing,http://mtlgroup.wixsite.com/marvitradelinks,03213111366,"Plot No. RB 11 / 16, Ashfaq-un-Nisa Manzil, Line no.1, Ratan Talaw, Near Urdu Bazaar, Karachi, 74200, Pakistan., Karachi, Sindh",https://www.businesslist.pk/company/249246/marvi-trade-links-mtl,businesslist_pk,scrapy,food-manufacturing,2026-08-21T20:06:30.264892+00:00
Epets.pk,food manufacturing,,+923134145165,"Lahore City, Pakistan, Lahore",https://www.businesslist.pk/company/258849/epetspk,businesslist_pk,scrapy,food-manufacturing,2026-08-21T20:06:32.326377+00:00
Amna Packages,food manufacturing,https://www.amnapackages.com.pk/,+923240427193,"Plot B-273, Sector 6-F, Mehran Town, Near Korangi License Branch, Karachi., Karachi, Sindh",https://www.businesslist.pk/company/258271/amnapackages,businesslist_pk,scrapy,food-manufacturing,2026-08-21T20:06:34.414063+00:00
Abbas Fumigation,food manufacturing,http://www.abbasfumigation.webs.com,03002543136,"47, 17/2 Defence View Appartments, Near Iqra University, Defence View, Karachi, Sindh",https://www.businesslist.pk/company/243512/abbas-fumigation,businesslist_pk,scrapy,food-manufacturing,2026-08-21T20:06:36.360382+00:00
Bunny&#039;s (pvt) Ltd.,food manufacturing,http://bunnys.com.pk/,"+92 42 111 44 2222 , +92 42 35117672","105/A, Quaid-e-Azam Industrial Estate, Kot Lakhpat, Lahore, Punjab",https://www.businesslist.pk/company/108954/bunnys-pvt-ltd,businesslist_pk,scrapy,food-manufacturing,2026-08-21T20:06:38.289643+00:00
Ayan Citrus (private) Limited,food manufacturing,http://www.ayancitrus.com,+92 48 3720009,"House No# 96-98 Block No J Istaqlal Abad Colony Sargodha, Pakistan Post Code 40100, Sargodha, Punjab",https://www.businesslist.pk/company/240161/ayancitrus-private-limited,businesslist_pk,scrapy,food-manufacturing,2026-08-21T20:06:39.789672+00:00
W K Food Industries,food manufacturing,https://wkfis.com.pk,+923338822939,"Suit #14 KDA Offices, Block &quot;A&quot; North Nazimabad, Karachi",https://www.businesslist.pk/company/258663/w-k-food-industries,businesslist_pk,scrapy,food-manufacturing,2026-08-21T20:06:42.035483+00:00
Dcan  Company,food manufacturing,,+923333490199,"Gulshan Iqbal block 3 Kda market Karachi, Sindh, Pakistan-74500, Karachi",https://www.businesslist.pk/company/258877/dcan-company,businesslist_pk,scrapy,food-manufacturing,2026-08-21T20:06:43.990764+00:00
Puro Food,food manufacturing,https://www.puro.pk,+92 3 111 636 111,"156 / M-Block Johar Town Lahore, Pakistan, Lahore, Punjab",https://www.businesslist.pk/company/249114/puro-food,businesslist_pk,scrapy,food-manufacturing,2026-08-21T20:06:45.606293+00:00
Radyes Trading Company,textile,http://www.radyes.com,"+92-42-35210662 , 35210663","1.1 km off defence road, Rohi Nala Rd, adjacent The global care company, Lahore, Punjab",https://www.businesslist.pk/company/221946/radyes-trading-company,businesslist_pk,scrapy,textile,2026-08-21T20:06:47.244331+00:00
Sami Rags Enterprises,textile,,+923492028164,"PLOT NO. C.I - 376 SECTOR 16-B NORTH KARACHI INDUSTRIAL AREA KARACHI PAKISTAN, Karachi, Sindh",https://www.businesslist.pk/company/246661/sami-rags-enterprises,businesslist_pk,scrapy,textile,2026-08-21T20:06:49.322176+00:00
New Madina Colours,textile,https://newmadinacolours.com/,+92 321 1044538,"20 km main Ferozpur road, near Dullukhurd  metro Station, Asif town, Lahore, Punjab",https://www.businesslist.pk/company/259010/new-madina-colours,businesslist_pk,scrapy,textile,2026-08-21T20:06:51.544364+00:00
BELPAK - Furious Gear,textile,http://www.belpak.com.pk,92-52-6948104,"Haadi Town, Defence Road, Sialkot, Punjab",https://www.businesslist.pk/company/234908/belpak-international,businesslist_pk,scrapy,textile,2026-08-21T20:06:52.728017+00:00
MK Textile Corp,textile,https://mktextilecorp.com/,+923330552203,"A-15/D-1 SITE INDUSTRIAL AREA Karachi West ,Sindh Pakistan , Karachi",https://www.businesslist.pk/company/258806/mk-textile-corp,businesslist_pk,scrapy,textile,2026-08-21T20:06:54.352086+00:00
Garments Experts,textile,http://www.garmentsexperts.com,0092 52 3574650,"MOHALLAH REHMAN PURA RANA MAJEED STREET FATEH GARH, Sialkot, Punjab",https://www.businesslist.pk/company/240993/garments-experts,businesslist_pk,scrapy,textile,2026-08-21T20:06:56.104640+00:00
AM International,textile,http://www.am92-intl.com,+92523252111,"Noor Pura Khadim Ali Road Street Hakeem Khadim Ali, Sialkot, Punjab",https://www.businesslist.pk/company/242774/am-international,businesslist_pk,scrapy,textile,2026-08-21T20:06:58.129047+00:00
Kamal Traders Medical Equipment&#039;s,textile,http://kamallimited.com/,"03036781474, +92 42 37186471","Raiwind Road, Lahore, Lahore, Punjab",https://www.businesslist.pk/company/243855/al-aziz-importex-global,businesslist_pk,scrapy,textile,2026-08-21T20:06:59.875012+00:00
Orbis Impex,textile,http://www.orbisimpex.com,00923214541509,"Korangi Industrial Area , Karachi, Sindh",https://www.businesslist.pk/company/248336/orbis-impex,businesslist_pk,scrapy,textile,2026-08-21T20:07:01.811211+00:00
Best Textile Industries,textile,https://www.besttextileindustries.com/,+92 300 7592208,"Street No. 2, Near Nawaz Sharif Chowk, Ansar Colony, Multan, Punjab",https://www.businesslist.pk/company/252752/best-textile-industries,businesslist_pk,scrapy,textile,2026-08-21T20:07:03.852981+00:00
F.M TEXTILE- socks unit,textile,http://www.fmtextile.com.pk,+924235297651,"Plot#106,Sundar Industrial Estate Raiwind, Lahore, Punjab",https://www.businesslist.pk/company/241834/fm-textile,businesslist_pk,scrapy,textile,2026-08-21T20:07:05.447920+00:00
FastLeather.PK,textile,http://fastleather.pk/,0317 0305053,"F-22, Ellahi Shopping Center, Meer Karam Ali Talpur Road Saddar، Karachi 74400, Karachi, Sindh",https://www.businesslist.pk/company/245439/fastleatherpk,businesslist_pk,scrapy,textile,2026-08-21T20:07:07.413847+00:00
(NCMP) New Century Metal Products,textile,http://facebook.com/NewCenturyMetalProducts,+923412616488,"Karachi, Karachi, Sindh",https://www.businesslist.pk/company/243234/new-century-metal-products,businesslist_pk,scrapy,textile,2026-08-21T20:07:09.428625+00:00
BizShip,textile,http://bizship.com,+92 300 965 4787,"46 Off Raiwind Road, Lahore, Punjab",https://www.businesslist.pk/company/248003/bizship,businesslist_pk,scrapy,textile,2026-08-21T20:07:11.863765+00:00
Naseem Silk Mills,textile,http://nascosilk@gmail.com,0344-3600800,"Sector 27, Korangi Industrial Area, Karachi, Karachi, Sindh",https://www.businesslist.pk/company/241368/naseem-silk-mills,businesslist_pk,scrapy,textile,2026-08-21T20:07:13.943647+00:00
AL Farooq Enterprises,textile,http://www.alfarooqenterprises.com,+92-49-2761572," Chiragh Shah Town, Punjab, Kasur, Punjab",https://www.businesslist.pk/company/131483/al-farooq-enterprises,businesslist_pk,scrapy,textile,2026-08-21T20:07:14.898230+00:00
Khan International Textiles,textile,http://www.textilesexporterpakistan.com,923336116598,"Thermal Power Road bilal Nager colony, Multan, Punjab",https://www.businesslist.pk/company/235610/khan-international-textiles,businesslist_pk,scrapy,textile,2026-08-21T20:07:16.906081+00:00
Ali Textiles Multan,textile,http://www.alitextiles.com,03217300174,"sharif pura b aziz colony stree 2 multan pakistan, aziz colony stree 2 multan pakistan, Multan, Punjab",https://www.businesslist.pk/company/252011/ali-textiles-multan,businesslist_pk,scrapy,textile,2026-08-21T20:07:18.728112+00:00
Self Industry,textile,http://selfsportsind.com,+923446060799,"new abadi sunyara wall pul sialkot, Sialkot, Punjab",https://www.businesslist.pk/company/252646/self-industry,businesslist_pk,scrapy,textile,2026-08-21T20:07:20.402937+00:00
Pine.pk | Garden Landscape Services,construction services,http://pine.pk,03346645650,"The Foundation, 3rd Floor SDSB Building, Lahore University of Management Sciences, DHA Lahore, Lahore, Punjab",https://www.businesslist.pk/company/245356/pinepkgarden-landscape-services,businesslist_pk,scrapy,construction-services,2026-08-21T20:07:57.085109+00:00
Alhadint,construction services,http://www.alhadiint.com,04237502802,"19/2nd  floor , Khawaja Arcade, Wahdat Road, Lahore, Lahore, Punjab",https://www.businesslist.pk/company/251624/alhadint,businesslist_pk,scrapy,construction-services,2026-08-21T20:07:58.453279+00:00
Elite Constructions,construction services,http://www.eliteconstructions.pk,03007010300,"Square Commercial Area Bahria Town, Islamabad Capital Territory",https://www.businesslist.pk/company/251988/elite-constructions,businesslist_pk,scrapy,construction-services,2026-08-21T20:08:04.375638+00:00
Glorious Builders,construction services,http://www.gloriousbuilders.com,03239999450,"3-B Jinnah Ave, Sector C Commercial, Bahria Town, Lahore, Punjab",https://www.businesslist.pk/company/250432/glorious-builders,businesslist_pk,scrapy,construction-services,2026-08-21T20:08:06.583104+00:00
ALI &amp; KHALID KARWAN-E-IBRAHEEM (Pvt) Ltd,construction services,http://www.akki.com.pk,042-37502963,"Office # 26, Ist Floor Abrar Center Wahdat Road Lahore, Lahore, Punjab",https://www.businesslist.pk/company/240384/alikhalid-karwan-e-ibraheem-pvt-ltd,businesslist_pk,scrapy,construction-services,2026-08-21T20:08:14.949724+00:00
MWP Business and Presentation Pvt.Ltd.,construction services,http://www.mwpbnp.com,+92-51-448-5888,"Near Sihala Steel Corporation, Sihala Bagh, Sihala, Islamabad., Islamabad, Islamabad Capital Territory",https://www.businesslist.pk/company/235389/mwp-business-and-presentation-pvtltd,businesslist_pk,scrapy,construction-services,2026-08-21T20:08:16.401681+00:00
High Logistic Trades,construction services,http://www.hl-trades.com,(92 21) 35341233,"Suite # 302, Building 37-C, Bukhari Commercial Lane 8, (facing) Khayaban-e-Muslim, Phase VI, DHA., Karachi, Sindh",https://www.businesslist.pk/company/159045/high-logistic-trades,businesslist_pk,scrapy,construction-services,2026-08-21T20:08:23.549229+00:00
Transmark International (Pvt) Ltd,construction services,http://www.transmark.com.pk,"924235773830, +92 42 35773830-31","TRANSMARK INTERNATIONAL (Pvt) Ltd. Big City Plaza, 4th Floor, Office #21  Liberty Square, Main Boulevard Gulberg-Lahore, PAKISTAN, Lahore, Punjab",https://www.businesslist.pk/company/106631/transmark-international-pvt-ltd,businesslist_pk,scrapy,construction-services,2026-08-21T20:08:24.940463+00:00
Ikan Engineering Services,construction services,http://www.ikan.com.pk,"(92 42) 35310273, 35310271, +92 423 5380462 5","82-B, Judicial Colony, Phase-I, Raiwind RoadLahore, Lahore",https://www.businesslist.pk/company/143213/ikan-engineering-services,businesslist_pk,scrapy,construction-services,2026-08-21T20:08:32.298996+00:00
Ammar groups,construction services,https://www.ammargroups.com,(+92) 031-111-26627,"Gulshan-e-Iqbal, Block 13, Oppo. Federal Urdu University, Karachi., Karachi, Sindh",https://www.businesslist.pk/company/249171/ammar-groups,businesslist_pk,scrapy,construction-services,2026-08-21T20:08:34.349010+00:00
Bahria Town Peshawar,realtors,,923319840145,"Office # C-1, Jasim Arcade, Square commercial, Bahria Town Phase 7, Rawalpindi, Pakistan, Islamabad, Islamabad Capital Territory",https://www.businesslist.pk/company/251980/bahria-town-peshawar,businesslist_pk,scrapy,realtors,2026-08-21T20:08:36.562881+00:00
Iqbal Memon Associates,property development,,"(92 21) 35651010, 35211211","Suite #403,Madina City Mall,Abdullah Haroon Road,Saddar, Karachi",https://www.businesslist.pk/company/183223/iqbal-memon-associates,businesslist_pk,scrapy,property-development,2026-08-21T20:08:38.488848+00:00
AJQ Enterprises,construction services,,042-35443097,"Suite #7, 3rd floor, 32-B Link Arcade, Model Town Link Road, Lahore, Punjab",https://www.businesslist.pk/company/244621/ajq-enterprises,businesslist_pk,scrapy,construction-services,2026-08-21T20:08:39.926819+00:00
Studio Tariq Hasan,construction services,https://studiotariqhasan.com,+9221 35820028 29,"12 - A, Hasan Homes, B1 - 5, Clifton, Karachi, Pakistan.، B1 - 5 Nehr-e-Khayyam St, Block 5 Clifton, Karachi, Karachi City, Sindh 74400, Karachi",https://www.businesslist.pk/company/257270/studio-tariq-hasan,businesslist_pk,scrapy,construction-services,2026-08-21T20:08:41.183513+00:00
AAA Associates,construction services,https://aaaassociates.com/,+92 331 205 5520,"Office No 26-28, 2nd Floor, Asian Business Center, Bahria Town Phase 7 Entrance، Rawalpindi, 46000, Rawalpindi",https://www.businesslist.pk/company/257862/aaa-associates,businesslist_pk,scrapy,construction-services,2026-08-21T20:08:43.358952+00:00
MA Engineering Solution,construction services,https://maengineeringsolution.pk/,+92324 7935887," 95R2+QFG, Maraka Village, Lahore, Punjab 54500, Lahore",https://www.businesslist.pk/company/258129/ma-engineering-solution,businesslist_pk,scrapy,construction-services,2026-08-21T20:08:44.984518+00:00
Usman Associates,construction services,,03211447987,"DHA,LAHORE,CANTT.,PAKISTAN, Lahore, Punjab",https://www.businesslist.pk/company/247232/usman-associates,businesslist_pk,scrapy,construction-services,2026-08-21T20:08:47.181605+00:00
Hanjra Constructions,construction services,http://hanjra.com.pk/,+923007400340,"st floor garden tower barket market lahore, Lahore",https://www.businesslist.pk/company/258194/hanjra-constructions,businesslist_pk,scrapy,construction-services,2026-08-21T20:08:49.346244+00:00
GT Engineering,construction services,http://www.gt-engg.com,02134530755,"Office-502, Fifth Floor, Fortune Centre, Block-6, PECHS, Shahrah-e-Faisal, Karachi, Sindh",https://www.businesslist.pk/company/244674/gt-engineering,businesslist_pk,scrapy,construction-services,2026-08-21T20:08:51.459827+00:00
Khawaja Enterprise,construction services,https://khawajaenterprise.net/,+923178222701,"42-C, 21st Commerical Street Phase II, Ext, DHA, Karachi",https://www.businesslist.pk/company/257737/khawaja-enterprise,businesslist_pk,scrapy,construction-services,2026-08-21T20:08:52.988916+00:00
Foundation Studio,construction services,https://www.facebook.com/MyFoundationStudio,+923042220161,"Foundation Studio Hospital Road, Sadiqabad",https://www.businesslist.pk/company/254808/foundation-studio,businesslist_pk,scrapy,construction-services,2026-08-21T20:08:55.025046+00:00
BRIXX International,construction services,http://www.brixxintl.com,+92 51 5411 039,"Mezzanine Floor, Saleem Plaza, Jinnad Avenue, Blue Area Pakistan, Islamabad, Punjab",https://www.businesslist.pk/company/241929/brixx-international,businesslist_pk,scrapy,construction-services,2026-08-21T20:08:57.067262+00:00
Aventen Builders,construction services,http://www.aventenbuilders.com,+923070217771,"Office# 101, Building 45-C, Zulfiqar Comm St. No.1, DHA Phase 8, Karachi., Karachi",https://www.businesslist.pk/company/258139/aventen-builders,businesslist_pk,scrapy,construction-services,2026-08-21T20:08:58.720359+00:00
Bismillah Property &amp; Construction Company,construction services,https://www.facebook.com/bismillahproperty13d1/,+923008248977,"Suite No. 07 &amp; 08, Plot No. A145, Block 13D1, Gulshan-e-Iqbal, Karachi, Karachi",https://www.businesslist.pk/company/255142/bismillah-propertyconstruction-company,businesslist_pk,scrapy,construction-services,2026-08-21T20:09:00.836572+00:00
Horizon lab services,construction services,https://horizonproperties.pk/lab-services/,03218221488,"plot 270 mir muhammad gabool goth near usmania restaurant main Karachi - Hyderabad Motorway Karachi 75340, Karachi, Sindh",https://www.businesslist.pk/company/253232/horizon-lab-services,businesslist_pk,scrapy,construction-services,2026-08-21T20:09:02.855922+00:00
Akhtar Rasool Architects,construction services,http://akhtarrasool.com,+923111418111,"2nd Floor, 285 MB, Sector H DHA Phase 6,, Lahore",https://www.businesslist.pk/company/257578/akhtar-rasool-architects,businesslist_pk,scrapy,construction-services,2026-08-21T20:09:04.909728+00:00
Kohinoorenterprises     (kohinoorbuilders),construction services,https://kohinoorbuilders.pk,+923320006637," Plot # 438, Street 10, Link Street 14, Industrial Area I 9/2 Islamabad, 44000, Islamabad",https://www.businesslist.pk/company/257822/kohinoorenterprises-kohinoorbuilders,businesslist_pk,scrapy,construction-services,2026-08-21T20:09:06.694682+00:00
The Building Consultants,construction services,https://thebuildingconsultants.com/,+92 339 4080822,"341 MB, 3rd Floor, DHA Phase 6, Lahore",https://www.businesslist.pk/company/258030/the-building-consultants,businesslist_pk,scrapy,construction-services,2026-08-21T20:09:08.856722+00:00
TKS Construction,construction services,https://www.facebook.com/homebuildersabbottabad/,03350980844,"office # 37 , phase 1, Jadoon plaza, Mandian, Abbottabad, Khyber Pakhtunkhwa",https://www.businesslist.pk/company/248136/tks-construction,businesslist_pk,scrapy,construction-services,2026-08-21T20:09:10.217928+00:00
Riaz ud din engineering Pvt Ltd,construction services,http://www.riazuddin.com,03007741425,"188 A street # 10 cavalry ground lahore, Lahore, Punjab",https://www.businesslist.pk/company/185152/reco-steel-door-windows-systemsfurniture,businesslist_pk,scrapy,construction-services,2026-08-21T20:09:11.855258+00:00
Mapia.pk,construction services,https://mapia.pk,+92 3001119876,"Office No 2, Nehal Plaza, Khuda Buksh Colony KB Society, Lahore, Punjab 54810",https://www.businesslist.pk/company/255478/mapiapk,businesslist_pk,scrapy,construction-services,2026-08-21T20:09:13.967451+00:00
Euro Builders &amp; Developers,property development,,"(92 21) 36642826, (92 21) 36647794","D-1, Block-f, North Nazimabad, Karachi, Sindh",https://www.businesslist.pk/company/236176/euro-buildersdevelopers,businesslist_pk,scrapy,property-development,2026-08-21T20:09:15.921371+00:00
Mak Dhedhi Ventures,property development,,(92 51) 2113692,"Al-Mustafa Towers,F-10 Markaz, Islamabad",https://www.businesslist.pk/company/183227/mak-dhedhi-ventures,businesslist_pk,scrapy,property-development,2026-08-21T20:09:17.935878+00:00
UK Real Estate,property development,,02136704010,"Ofiice # 2, Adeel Plaza, Block H, North Nazimabad, Karachi, Sindh",https://www.businesslist.pk/company/247362/uk-real-estate,businesslist_pk,scrapy,property-development,2026-08-21T20:09:20.056083+00:00
Land Care,property development,,"051-2299615,051-2100894","Office no#10,Shalimar Plaza,  F-10,  Markaz,  Islamabad,  Capital,  Pakistan, Islamabad",https://www.businesslist.pk/company/159462/land-care,businesslist_pk,scrapy,property-development,2026-08-21T20:09:21.754751+00:00
Din Developers (pvt) Ltd,property development,,"(92 21) 35610001, 35610003","Din House, 35-a/1, Lalazar Area, Opp. Beach Luxury Hotel, P.o.box 4696, Karachi",https://www.businesslist.pk/company/236174/din-developers-pvt-ltd,businesslist_pk,scrapy,property-development,2026-08-21T20:09:23.362934+00:00
M. Kamil Builders &amp; Developers,property development,,"(92 21) 35432090, (92 21) 35432091,  +92 300 9217562","E-74/1، Madina Street Generation Road, Block B North Nazimabad Town, Karachi, Sindh",https://www.businesslist.pk/company/236186/m-kamil-buildersdevelopers,businesslist_pk,scrapy,property-development,2026-08-21T20:09:25.281649+00:00
Tabani Group of Companies,property development,,"(92 21) 34531921, 34531923, UAN : (92 21) 111-111-786","43-J,Block-6,P.E.C.H.S, Karachi",https://www.businesslist.pk/company/183274/tabani-group-of-companies,businesslist_pk,scrapy,property-development,2026-08-21T20:09:27.049861+00:00
Al-falah Group,property development,,"(92 21) 35880465, 35880466","Ground Floor, Plot 4-c, 15th Commercial Street, Phase-ii(ext), D.h.a, Karachi",https://www.businesslist.pk/company/236163/al-falah-group,businesslist_pk,scrapy,property-development,2026-08-21T20:09:28.515174+00:00
Hanisons Traders,property development,,(92 21) 34490313,"Sd-30, D.o.h.s., Phase-ii, Malir Cantt, Karachi",https://www.businesslist.pk/company/236179/hanisons-traders,businesslist_pk,scrapy,property-development,2026-08-21T20:09:30.453822+00:00
Falaknaz Group of Companies,property development,,"(92 21) 34582070, 34582047, UAN : (92 21) 111-362-253","Shop #10, Falaknaz Arcade, Opp:airport Police Station, Shahrah-e-faisal, Karachi",https://www.businesslist.pk/company/236177/falaknaz-group-of-companies,businesslist_pk,scrapy,property-development,2026-08-21T20:09:31.330812+00:00
The Innovator,property development,,"(92 21) 34660123, 34660124","Sb-08, Block 3-a, Scheme-36, Gulistan-e-jauhar, Karachi",https://www.businesslist.pk/company/236205/the-innovator,businesslist_pk,scrapy,property-development,2026-08-21T20:09:32.665440+00:00
Professional Construction Services (pvt) Ltd.,property development,,"(92 42) 35835162, 35857243","8G/F,Akbar Market,Kalma Chowk,2-L,Gulberg  III, Lahore",https://www.businesslist.pk/company/183268/professional-construction-services-pvt-ltd,businesslist_pk,scrapy,property-development,2026-08-21T20:09:34.137569+00:00
Tricon Developers,property development,,"(92 42) 36288491, 36288492, UAN : (92 42) 111-115-511","8-K Main Boulevard,Gulberg-II, Lahore",https://www.businesslist.pk/company/183275/tricon-developers,businesslist_pk,scrapy,property-development,2026-08-21T20:09:36.291758+00:00
Burjview,property development,,"(92 21) 36723916, 36723917","Sc-13, Block-h, North Nazimabad, Karachi",https://www.businesslist.pk/company/236171/burjview,businesslist_pk,scrapy,property-development,2026-08-21T20:09:38.447330+00:00
Plotlo,property development,,03400545775,"Blue area, Islamabad, Islamabad, Islamabad Capital Territory",https://www.businesslist.pk/company/248972/plotlo,businesslist_pk,scrapy,property-development,2026-08-21T20:09:40.676862+00:00
Imperial Homes,property development,,"(92 21) 34937744, 34938877","Shop #5, Al-rehman Square, Opp. Sharfaabad School, Karachi",https://www.businesslist.pk/company/236182/imperial-homes,businesslist_pk,scrapy,property-development,2026-08-21T20:09:42.622625+00:00
Landmark Marketing,property development,,"(92 21) 34989712, 34989713","1/10 &amp; 1/11,Hassan Square,Block 13-A,Gulshan-e-Iqbal, Karachi, Sindh",https://www.businesslist.pk/company/191603/landmark-marketing,businesslist_pk,scrapy,property-development,2026-08-21T20:09:44.837671+00:00
Estate Zone,property development,,0812833221,"M.A JINNAH ROAD QUETTA, Quetta, Balochistan",https://www.businesslist.pk/company/235129/estate-zone,businesslist_pk,scrapy,property-development,2026-08-21T20:09:46.376063+00:00
Godune Builders &amp; Developers,property development,,"(92 21) 34538820, 34538821","357,Block-B,Adamjee Nagar,K.C.H.S. Ghazi Salahuddin Road, Karachi",https://www.businesslist.pk/company/183217/godune-buildersdevelopers,businesslist_pk,scrapy,property-development,2026-08-21T20:09:48.556905+00:00
PakeProperty,realtors,,,"Office # 21,Crown Plaza Commercial Market,Chandni Chowk,",https://www.businesslist.pk/company/246099/pakeproperty,businesslist_pk,scrapy,realtors,2026-08-21T20:09:49.951185+00:00
RightWay Properties Private Limited,realtors,,0515402262,"HeadOffice # 104 &amp; 105 1st Floor Asian Arcade Opposite Zoo, Bahria Enclave Islamabad, Islamabad, Islamabad Capital Territory",https://www.businesslist.pk/company/249274/rightway-properties-private-limited,businesslist_pk,scrapy,realtors,2026-08-21T20:09:51.720146+00:00
B.F. Modaraba,realtors,http://www.bf-modarba.com.pk,"9221-111786878 / 2425224 / 2426993, +92-21) 111-229-269","4th Floor, M.A.Jinnah Road, Sindh, Karachi, Sindh",https://www.businesslist.pk/company/95145/bf-modaraba,businesslist_pk,scrapy,realtors,2026-08-21T20:09:53.820475+00:00
Avenue Marketing,realtors,,+923041112033,"Rahat Com DHA Phase 6 Khi, Karachi",https://www.businesslist.pk/company/257644/avenue-marketing,businesslist_pk,scrapy,realtors,2026-08-21T20:09:56.168692+00:00
StrategistHub,realtors,https://www.strategisthub.com/,0092-300-1684041,"Punjab, Lahore",https://www.businesslist.pk/company/255812/strategisthub,businesslist_pk,scrapy,realtors,2026-08-21T20:09:58.017790+00:00
SA Systems,realtors,https://www.sasystems.solutions,+92 3-434-666636,"Plot 158-CCA, DHA Phase 6, Lahore, 54000, Lahore",https://www.businesslist.pk/company/255563/sa-systems,businesslist_pk,scrapy,realtors,2026-08-21T20:10:00.072151+00:00
Iconic International,realtors,,+92-42-37182007,"4th Floor, CCA 151, Block C, Phase 6, DHA, Lahore, Pakistan, Lahore, Punjab",https://www.businesslist.pk/company/251514/iconic-international,businesslist_pk,scrapy,realtors,2026-08-21T20:10:02.081276+00:00
Aik So Aik | 101 Propertties,realtors,,009234345444455,"Alvi Grand Mall, LG 13, 14 Zarrar Shaheed Road, Cantt, Lahore, Lahore, Punjab",https://www.businesslist.pk/company/252596/aik-so-aik101-propertties,businesslist_pk,scrapy,realtors,2026-08-21T20:10:03.723171+00:00
Afridi Associates,realtors,,"92215384045, +92 3234701232","Shop No. 3, Plot No. 48-F, 21st Commercial Street, Phase Ii (Ext), Karachi, Karachi, Sindh",https://www.businesslist.pk/company/171640/afridi-associates,businesslist_pk,scrapy,realtors,2026-08-21T20:10:05.796999+00:00
ZAR Estate and Builders,realtors,,118/D broadway dha phase 8 lahore,"13 Rehman Street Smanabad Lahore, , Lahore, Punjab",https://www.businesslist.pk/company/254202/zar-estate-and-builders,businesslist_pk,scrapy,realtors,2026-08-21T20:10:07.053261+00:00
IHA Rent,realtors,,03224162355,"House. 22, St. 2, Block C DHA Villas Phase 8, Lahore, 54792, Lahore, Punjab",https://www.businesslist.pk/company/252039/iha-rent,businesslist_pk,scrapy,realtors,2026-08-21T20:10:09.222048+00:00
The Land Associates,realtors,http://thelandassociates.com/,+923311444007,"http://thelandassociates.com/, Peshawar, Khyber Pakhtunkhwa",https://www.businesslist.pk/company/251852/the-land-associates,businesslist_pk,scrapy,realtors,2026-08-21T20:10:11.193451+00:00
Midas Realty,realtors,,0308 208 7171,"4th Floor, Plaza 123 CC 10 Sector T, Phase 8 DHA Lahore, Lahore, Punjab",https://www.businesslist.pk/company/252446/midas-realty,businesslist_pk,scrapy,realtors,2026-08-21T20:10:13.313126+00:00
Rightway,realtors,,0515402262,"bahria enclave, Islamabad, Islamabad Capital Territory",https://www.businesslist.pk/company/249762/rightway,businesslist_pk,scrapy,realtors,2026-08-21T20:10:15.401143+00:00
CHak92,realtors,,03349211192,"Office #9, 6th Floor, Central Plaza Barkat Market, Lhr, Lahore, Punjab",https://www.businesslist.pk/company/250838/chak92,businesslist_pk,scrapy,realtors,2026-08-21T20:10:17.234344+00:00
Sirmaya.com,realtors,,0800 800 80,"Gulberg 3 Lahore, Lahore, Punjab",https://www.businesslist.pk/company/253152/sirmayacom,businesslist_pk,scrapy,realtors,2026-08-21T20:10:19.153126+00:00
APEX Properties,realtors,,+923041111739,"House 588 D2, Block D1 Gulberg III, Lahore, Punjab 54000, Lahore",https://www.businesslist.pk/company/257897/apex-properties,businesslist_pk,scrapy,realtors,2026-08-21T20:10:20.897130+00:00
Pak Property,realtors,,+923111502922,"Flat No. 08, block No. 09 Sector G-11/4, Islamabad, Islamabad Capital Territory",https://www.businesslist.pk/company/249281/pak-property,businesslist_pk,scrapy,realtors,2026-08-21T20:10:22.139331+00:00
Beachworks LLC,realtors,,2062199447,"PO Box 55309,, Seattle, WA 98155, Bahawalpur, Gilgit-Baltistan",https://www.businesslist.pk/company/249726/beachworks-llc,businesslist_pk,scrapy,realtors,2026-08-21T20:10:24.102790+00:00
Multiconstruction,construction services,http://multiconstruction.net/,&amp;nbsp;+92 321 8404127,"367 # N Main Boulevard, Johar Town, Lahore. Pakistan, Lahore, Punjab",https://www.businesslist.pk/company/252010/multiconstruction,businesslist_pk,scrapy,construction-services,2026-08-21T20:10:25.898170+00:00
Mughal Steel,construction services,http://www.mughalsteel.com,"9242-111000007 / 7970326, +92 42-3596-0841"," Badami Bagh, Punjab, Lahore, Punjab",https://www.businesslist.pk/company/124249/mughal-steel,businesslist_pk,scrapy,construction-services,2026-08-21T20:10:27.841216+00:00
Flying Cement Ltd,construction services,http://www.flyingcement.com,"92-42-6666781, +92 42 3667 43 01-5","103 Fazil Road, Saint John, P.O. Box: 54000, Punjab",https://www.businesslist.pk/company/226563/flying-cement-ltd,businesslist_pk,scrapy,construction-services,2026-08-21T20:10:29.953769+00:00
The City Tiles,construction services,http://www.Thecitytiles.com,+92 (21) 35820475-6,"Plot # F41/3, Block # 4, Clifton, Karachi., Karachi, Sindh",https://www.businesslist.pk/company/246311/the-city-tiles,businesslist_pk,scrapy,construction-services,2026-08-21T20:10:32.056193+00:00
Imgc Global (pvt) Ltd.,construction services,http://www.imgc-global.com,"(92 21) 35662098, 35662054, +92-021-3430-52718","1106-10,11th Floor,Kashif Centre,Shahrah-e-Faisal, Karachi",https://www.businesslist.pk/company/194092/imgc-global-pvt-ltd,businesslist_pk,scrapy,construction-services,2026-08-21T20:10:33.234591+00:00
Fahim Nanji &amp; Desouza - Fnd,construction services,http://www.fnd.com.pk,"(92 21) 35211542, 35211535, + 92 21 3563 7878 82","10, Ilaco House, Abdullah Haroon Road, Saddar Karachi, Karachi",https://www.businesslist.pk/company/160683/fahim-nanjidesouza-fnd,businesslist_pk,scrapy,construction-services,2026-08-21T20:10:34.490784+00:00
Luxury Gates,construction services,http://luxurygates.pk/,+92-35156048,"Office # 5, Plot 48C, Bukhari Commerical, Lane 13, Phase 6, DHA, Karachi, Karachi, Sindh",https://www.businesslist.pk/company/241666/luxury-estate,businesslist_pk,scrapy,construction-services,2026-08-21T20:10:36.468736+00:00
HiCon International,construction services,https://hiconinternational.com.pk/,03135482624,"G-568, johar town, lahore pakistan., Lahore, Punjab",https://www.businesslist.pk/company/254641/hicon-international,businesslist_pk,scrapy,construction-services,2026-08-21T20:10:37.419058+00:00
Mir Engineering Consultants,construction services,https://usman-mir.business.site,04235758318,"83-P Gulberg-ll, Lahore, Punjab",https://www.businesslist.pk/company/249476/mir-engineering-consultants,businesslist_pk,scrapy,construction-services,2026-08-21T20:10:39.640307+00:00
2MS Engineering,construction services,https://2mseng.com.pk/,03223359941,"B 97 iblagh e amaa CHS Gulistan e johar 8 khi, Karachi, Sindh",https://www.businesslist.pk/company/245080/2ms-engineering,businesslist_pk,scrapy,construction-services,2026-08-21T20:10:40.609826+00:00
Mukhtar Sons Construction Pvt Ltd,construction services,http://mukhtarsons.pk,04235134877,"47-N Commercial area, Lahore, Valencia Town,  Lahore, Lahore, Punjab",https://www.businesslist.pk/company/250708/mukhtar-sons-construction-pvt-ltd,businesslist_pk,scrapy,construction-services,2026-08-21T20:10:42.523708+00:00
Technep KP,construction services,http://www.technepkp.com,051-2306888,"G-13/1 Markaz,Fortune Arcade Flat-10 Islamabad, Islamabad, Islamabad Capital Territory",https://www.businesslist.pk/company/246530/technep-kp,businesslist_pk,scrapy,construction-services,2026-08-21T20:10:44.652080+00:00
Evocon,property development,,(92 21) 34541730,"19,D.A.C.H.S.,Block 7&amp;8, Karachi",https://www.businesslist.pk/company/183214/evocon,businesslist_pk,scrapy,property-development,2026-08-21T20:10:46.792600+00:00
Zaitoon Developers,property development,,0800 11011,"Main Boulevard, New Lahore City, Canal Bank Road Lahore, Pakistan, Lahore, Punjab",https://www.businesslist.pk/company/250755/zaitoon-developers,businesslist_pk,scrapy,property-development,2026-08-21T20:10:48.494683+00:00
Deal Marketing,property development,,"(92 21) 34124458, 34124459, UAN : (92 21) 111-274-723","#731,7th Floor,Mashriq Centre,Block-14,Gulshan-e-Iqbal,Near Civic Centre, Karachi",https://www.businesslist.pk/company/183210/deal-marketing,businesslist_pk,scrapy,property-development,2026-08-21T20:10:50.681036+00:00
Rafiq Shafiq Associates,property development,,0616773792,"Property # 3, Hometex Export Zone , Near Ansari Chowk Multan, Multan, Punjab",https://www.businesslist.pk/company/243776/rafiq-shafiq-associates,businesslist_pk,scrapy,property-development,2026-08-21T20:10:52.160568+00:00
Arkaa Consultants,property development,,03111127522,"Latif Center, Office # 7 5th, 3 Main Boulevard Gulberg, Lahore, 54500, Lahore, Punjab",https://www.businesslist.pk/company/253635/arkaa-consultants,businesslist_pk,scrapy,property-development,2026-08-21T20:10:53.886095+00:00
Sapphire Corporation (R),property development,,+ 92-41-24-11-111,"1086 Factory Area, P.O. Box: 78080, Faisalabad, Punjab",https://www.businesslist.pk/company/223391/sapphire-corporation-r,businesslist_pk,scrapy,property-development,2026-08-21T20:10:55.537673+00:00
A.a. Quality Builders &amp; Surveyors,property development,,"(92 21) 34533881, 34533883","C-6,Block-7,Gulshan-e-Iqbal, Karachi",https://www.businesslist.pk/company/183193/aa-quality-builderssurveyors,businesslist_pk,scrapy,property-development,2026-08-21T20:10:57.240745+00:00
neweraexperts,property development,,0418503570,"office no 125 first floor, center point kohinoor city, jaranwala road , Faisalabad, Punjab",https://www.businesslist.pk/company/247335/neweraexperts,businesslist_pk,scrapy,property-development,2026-08-21T20:10:59.302486+00:00
Pelican Enterprises(Pvt.)Limited,property development,,+92(331)4991717,"H#22,Cheema Town,Gulberg Road,, Bahawalpur, Punjab",https://www.businesslist.pk/company/244585/pelican-enterprisespvtlimited,businesslist_pk,scrapy,property-development,2026-08-21T20:11:00.274448+00:00
Blue Chip Builders,property development,,(92 21) 34823606,"Suite #3, A-5, Osif Arcade, Block 15, Near Pia Planetanium, Gulshan-e-iqbal, Karachi",https://www.businesslist.pk/company/236169/blue-chip-builders,businesslist_pk,scrapy,property-development,2026-08-21T20:11:01.972918+00:00
Emaar Pakistan,property development,,"(92 21) 8003622, +92512098311","Crescent Bay,DHA Phase-III, Karachi",https://www.businesslist.pk/company/183213/emaar-pakistan,businesslist_pk,scrapy,property-development,2026-08-21T20:11:03.332455+00:00
Lahore DHA Property,property development,,03244864171,"DHA Lahore, Lahore, Punjab",https://www.businesslist.pk/company/244730/lahore-dha-property,businesslist_pk,scrapy,property-development,2026-08-21T20:11:05.386476+00:00
Aden Builders &amp; Developers,property development,,"(92 21) 32003954, 32003956, UAN : (92 21) 111-236-111","#1,SB-39,Provisional Trade Ctr,Opp.Bait-ul-Mukarram Masjid,Gulshan-e-Iqbal, Karachi",https://www.businesslist.pk/company/183197/aden-buildersdevelopers,businesslist_pk,scrapy,property-development,2026-08-21T20:11:07.418015+00:00
Mazyood Giga International Construction CO,property development,,"(92 21) 34131000, 34131004","39/3, Hussaini Coop. H. Society, Alamgir Road, Karachi",https://www.businesslist.pk/company/236188/mazyood-giga-international-construction-co,businesslist_pk,scrapy,property-development,2026-08-21T20:11:09.653299+00:00
AH Electrical Assesiries,property development,,03070401390,"Gulistan colony, Faisalabad, Punjab",https://www.businesslist.pk/company/244640/ah-electrical-assesiries,businesslist_pk,scrapy,property-development,2026-08-21T20:11:11.495661+00:00
Uffaq Multi Service / Builder,property development,,,"Office No.10 A Satlite Shoping Center Satlie Town Rawalpindi, Rawalpindi, Punjab",https://www.businesslist.pk/company/242474/uffaq-multi-service-builder,businesslist_pk,scrapy,property-development,2026-08-21T20:11:13.327843+00:00
Alwassay-ul-badi (pvt) Ltd.,property development,,"(92 51) 4430815, 4430816","Plot #64,Street-3,Sec. #I/10-3,Steel Fabricators Workshops,Industrial Area, Islamabad",https://www.businesslist.pk/company/181940/alwassay-ul-badi-pvt-ltd,businesslist_pk,scrapy,property-development,2026-08-21T20:11:15.341996+00:00
Estate Craft Marketing,property development,,+92 3232 4444 66,"Punjab, Lahore",https://www.businesslist.pk/company/256250/estate-craft-marketing,businesslist_pk,scrapy,property-development,2026-08-21T20:11:17.387674+00:00
TopCity-1,property development,,+92-(0)51-111-169-000,"Islamabad, Islamabad",https://www.businesslist.pk/company/257099/topcity-1,businesslist_pk,scrapy,property-development,2026-08-21T20:11:18.781344+00:00
Alpine Construction CO,property development,,"(92 21) 34028811, 34028822","328-c, Block-10, Gulistan-e-jauhar, Karachi",https://www.businesslist.pk/company/236167/alpine-construction-co,businesslist_pk,scrapy,property-development,2026-08-21T20:11:20.633436+00:00
LeadsEstates,realtors,,+92 321 409 9888,"A-90, Broadway commercial Phase VIII (Phase 8) D.H.A Lahore Cant Pakistan, Lahore, Punjab",https://www.businesslist.pk/company/249155/leadsestates,businesslist_pk,scrapy,realtors,2026-08-21T20:11:21.616285+00:00
Habib Construction Services (Pvt) Limited,realtors,http://hcs.com.pk,(042) 111 123 427,"15-A Main, Canal Rd, Block G 1 Phase 1 Johar Town, Lahore, Punjab 54782, Lahore",https://www.businesslist.pk/company/256883/habib-construction-services-pvt-limited,businesslist_pk,scrapy,realtors,2026-08-21T20:11:23.846311+00:00
4 Star Real Estate,realtors,https://4starrealestate.com/,+92544634444,"G.T Road Dina, Jhelum, Punjab",https://www.businesslist.pk/company/253264/4-star-real-estate,businesslist_pk,scrapy,realtors,2026-08-21T20:11:25.541008+00:00
Horizon properties,realtors,,0300-8245922,"Suite No 1102- 11th Floor, Dominion Business Center-1,Bahria town karachi 75340, Karachi, Sindh",https://www.businesslist.pk/company/252423/horizon-properties,businesslist_pk,scrapy,realtors,2026-08-21T20:11:27.641866+00:00
Housify Properties,realtors,https://housifyproperties.com,+922134656631,"Shop # 5, Malik Residency, Malik Commercial Road, Gulshan-e-Waseem Sector 16 A Buffer Zone, Karachi, Karachi City, Sindh 75300, Karachi",https://www.businesslist.pk/company/255636/housify-properties,businesslist_pk,scrapy,realtors,2026-08-21T20:11:29.804069+00:00
Aura Properties,realtors,https://www.aurabizz.com,+92311333765,"3rd Floor Office No.1, Al Asghar Plaza, 1 Jinnah Ave, Blue Area, Islamabad",https://www.businesslist.pk/company/254835/aura-properties,businesslist_pk,scrapy,realtors,2026-08-21T20:11:31.732389+00:00
Dolce,realtors,,+923208288999,"Legacy Commercial, Street 2, Karachi, 75340, Karachi, Sindh",https://www.businesslist.pk/company/252795/dolce,businesslist_pk,scrapy,realtors,2026-08-21T20:11:33.324261+00:00
Ali saqlain,realtors,https://www.alisaqlain.com/,03048477092,"25-26/A Sector C Commercial Area Bahria Town Lahore., Lahore, Punjab",https://www.businesslist.pk/company/252093/ali-saqlain,businesslist_pk,scrapy,realtors,2026-08-21T20:11:35.077423+00:00
CoastWay Gwadar,realtors,,35880733,"Phase-2 Ext، 9-C 24th Commercial St, Phase 2 Commercial Area Defence Housing Authority, Karachi,, Karachi, Sindh",https://www.businesslist.pk/company/250958/coastway-gwadar,businesslist_pk,scrapy,realtors,2026-08-21T20:11:37.379263+00:00
Hur Developer,realtors,,37583751,"Bahira orchard lahore, Lahore, Punjab",https://www.businesslist.pk/company/251979/hur-developer,businesslist_pk,scrapy,realtors,2026-08-21T20:11:39.111654+00:00
Renaissance group,realtors,,0347 8856898,"Plot 66, Ahmed Block Garden Town, Lahore, Punjab, Lahore, Punjab",https://www.businesslist.pk/company/252998/renaissance-group,businesslist_pk,scrapy,realtors,2026-08-21T20:11:41.080239+00:00
Sawa Builders,realtors,https://sawa-builders.com,92 321 222 6998,"Bahria Town Karachi, Pakistan, Karachi, Sindh",https://www.businesslist.pk/company/253752/sawa-builders,businesslist_pk,scrapy,realtors,2026-08-21T20:11:43.309707+00:00
Riseup Int Estate and Builders (SMC-PVT)LTD,realtors,,03325652291,"office 1, first floor, sector j, dha 2 islamabad, Islamabad, Islamabad Capital Territory",https://www.businesslist.pk/company/249527/riseup-int-estate-and-builders-smc-pvtltd,businesslist_pk,scrapy,realtors,2026-08-21T20:11:45.567621+00:00
Mimar Sinan Architect &amp; Contractor Company,realtors,http://www.msabcco.weebly.com,"0512229714, (+92) 300 511 2990","G-01, Fatima Shopping Plaza, D-17 Markaz, D-17, Islamabad, Islamabad Capital Territory",https://www.businesslist.pk/company/242647/mimar-sinan-architect-contractor-company,businesslist_pk,scrapy,realtors,2026-08-21T20:11:47.563091+00:00
Anzo Marketing,realtors,https://anzomarketing.com/,+92 331 1111 080,"Office #501, 5th Floor, Buland Markaz, Plot 33-W Jinnah Ave, near D-Chowk, Block A G 6/3 Blue Area, Islamabad, Islamabad Capital Territory 44010, Islamabad",https://www.businesslist.pk/company/255946/anzo-marketing,businesslist_pk,scrapy,realtors,2026-08-21T20:11:48.848680+00:00
Pakistan Properties,realtors,,+92 321/300 8484862,"55 K CCA DHA Phase 1, Lahore Pakistan, Punjab",https://www.businesslist.pk/company/252103/pakistan-properties,businesslist_pk,scrapy,realtors,2026-08-21T20:11:50.885875+00:00
Flowtronix (Pvt) Ltd.,construction services,http://www.flowtronix.com.pk,+9235215611,"101/S, Quaid-e-Azam Industrial Estate, Kot Lakhpat, Lahore, Lahore, Punjab",https://www.businesslist.pk/company/244976/flowtronix-pvt-ltd,businesslist_pk,scrapy,construction-services,2026-08-21T20:11:52.692820+00:00
Advance Engineering Pvt. Ltd,construction services,http://www.advanceengineering.pk/,Phone: +92 51 493 8227,"Office No. 13, 2nd Floor, Executive Center, I-8 Markaz, Islamabad Pakistan, Islamabad, Islamabad Capital Territory",https://www.businesslist.pk/company/242894/advance-engineering-pvt-ltd,businesslist_pk,scrapy,construction-services,2026-08-21T20:11:54.686132+00:00
Pak Machinery,construction services,http://www.pakmachinery.com,+923332283898,"33, 34 Gomal Highway Trade Center, Karachi, Sindh",https://www.businesslist.pk/company/247776/pak-machinery,businesslist_pk,scrapy,construction-services,2026-08-21T20:11:56.117229+00:00
Winds International,construction services,https://www.windsinternational.com,"+924235690913,14,15,16","2nd floor 161-H block commercial area phase 1 DHA lahore, Lahore, Punjab",https://www.businesslist.pk/company/242501/winds-international,businesslist_pk,scrapy,construction-services,2026-08-21T20:11:58.090733+00:00
Brisk International (Pvt) Ltd.,construction services,http://www.brisk.com.pk,"03035677648, +92 300 8100 979","H# 421 St 9 Phase 5 Bahria Town Islamabad, Islamabad, Islamabad Capital Territory",https://www.businesslist.pk/company/241167/brisk-international-pvt-ltd,businesslist_pk,scrapy,construction-services,2026-08-21T20:11:59.248677+00:00
Naksha.com.pk,construction services,http://www.naksha.com.pk,03227034353,"Bolan Block,DC Colony Cantt Gujranwala, Gujranwala, Punjab",https://www.businesslist.pk/company/252467/nakshacompk,businesslist_pk,scrapy,construction-services,2026-08-21T20:12:01.486843+00:00
Almusawir Group,construction services,,0812864488,"Off No:1, Commercial, Chaman Housing Scheme, Near VIP Bakery, Quetta., Quetta, Balochistan",https://www.businesslist.pk/company/245940/almusawir-group,businesslist_pk,scrapy,construction-services,2026-08-21T20:12:03.152242+00:00
ADCS | architectural design consultancy services,construction services,http://www.adcs.pk/,0313 8491849,"2nd Floor, 314-MB, Sector B DHA Phase 6, Lahore, Punjab, Lahore, Punjab",https://www.businesslist.pk/company/254074/adcsarchitectural-design-consultancy-services,businesslist_pk,scrapy,construction-services,2026-08-21T20:12:04.703949+00:00
ArcsNinterior,construction services,http://www.arcsninterior.com,03342634491,"Office # 1, Sector # Z-4, Sub Sector # 3,Gulshan-e-Maymar, Karachi, Sindh",https://www.businesslist.pk/company/247380/arcsninterior,businesslist_pk,scrapy,construction-services,2026-08-21T20:12:06.083183+00:00
Glorious Builders,construction services,https://www.gloriousbuilders.com/,+923239999450,"263 J - block Valencia Town - Lahore, Lahore, Punjab",https://www.businesslist.pk/company/251955/glorious-builders,businesslist_pk,scrapy,construction-services,2026-08-21T20:12:07.973878+00:00
Material Provider,construction services,http://materialprovider.com,0427862166,"203/A, Gulmohar Block, Sector C, Bahria Town Lahore, Lahore, Punjab",https://www.businesslist.pk/company/249827/material-provider,businesslist_pk,scrapy,construction-services,2026-08-21T20:12:09.899183+00:00
Unique pools and maintenance co.,construction services,http://www.uniquepools.com,03082882852,"Unnamed Road, D.H.A Phase II Extension Phase 2 Commercial Area Defence Housing Authority, Karachi, Karachi City, Sindh 75500, Karachi, Sindh",https://www.businesslist.pk/company/247996/unique-pools-and-maintenance-co,businesslist_pk,scrapy,construction-services,2026-08-21T20:12:11.994575+00:00
Shaheen Services (pvt) Ltd.,construction services,http://www.shaheen-services.com,"(92 21) 34961086, 34976655","C-14,Block-5,Gulshan-e-Iqbal, Karachi",https://www.businesslist.pk/company/183578/shaheen-services-pvt-ltd,businesslist_pk,scrapy,construction-services,2026-08-21T20:12:13.983666+00:00
Protocalz Group,property development,,03343256754,"R-10 Sectore ground floor 15-B Buffer zone , Karachi, Sindh",https://www.businesslist.pk/company/244342/protocalz-group,businesslist_pk,scrapy,property-development,2026-08-21T20:12:16.153129+00:00
SparkSmart City,property development,,03154441479,"Spark smart city is Located on Motorway (M2) with close access with new Islamabad International Airport and twins Cities., Islamabad, Islamabad Capital Territory",https://www.businesslist.pk/company/254282/sparksmart-city,businesslist_pk,scrapy,property-development,2026-08-21T20:12:18.298465+00:00
Nasar Estate,property development,http://nasarestate.com,03004974631,"Wapda Town Lahore, Lahore, Punjab",https://www.businesslist.pk/company/244993/nasar-estate,businesslist_pk,scrapy,property-development,2026-08-21T20:12:19.383784+00:00
Novel Ideas,property development,,+92 -51-2355028,"Islamabad, Islamabad",https://www.businesslist.pk/company/257037/novel-ideas,businesslist_pk,scrapy,property-development,2026-08-21T20:12:20.752523+00:00
Trust Modaraba,property development,http://www.trustmodaraba.com,+(92-21)35876651-52,"104-106 Kassam Court,BC-9, Block 5 Clifton, Karachi, Karachi",https://www.businesslist.pk/company/257209/trust-modaraba,businesslist_pk,scrapy,property-development,2026-08-21T20:12:22.542009+00:00
ImlakOnline.com,property development,,0300 9709109,"DHA 2 Islamabad, Islamabad, Islamabad Capital Territory",https://www.businesslist.pk/company/249224/imlakonlinecom,businesslist_pk,scrapy,property-development,2026-08-21T20:12:24.453179+00:00
DHA Islamabad Rawalpindi,property development,,+92-51-111-555-400,"Islamabad, Islamabad",https://www.businesslist.pk/company/256962/dha-islamabad-rawalpindi,businesslist_pk,scrapy,property-development,2026-08-21T20:12:26.223941+00:00
DAO PropTech,property development,,+92 3143267767,"Islamabad, Islamabad",https://www.businesslist.pk/company/255292/dao-proptech,businesslist_pk,scrapy,property-development,2026-08-21T20:12:28.298236+00:00
Smart Properties Consultant,property development,,0092-3315278957,"Karachi, Karachi, Sindh",https://www.businesslist.pk/company/245695/smart-properties-consultant,businesslist_pk,scrapy,property-development,2026-08-21T20:12:29.563606+00:00
ZM Groups,property development,,03217333352,"DHA Phase 2,6,S Commercial Area Near Attock Pump, Ghazi Road Lahore., Lahore, Punjab",https://www.businesslist.pk/company/247206/zm-groups,businesslist_pk,scrapy,property-development,2026-08-21T20:12:31.153310+00:00
Azad Boring &amp; Drilling,property development,,03004607285,"Mughalpura, Lahore, Paksitan, Lahore, Punjab",https://www.businesslist.pk/company/248239/azad-boringdrilling,businesslist_pk,scrapy,property-development,2026-08-21T20:12:33.382119+00:00
Softsys Private Limited,property development,http://www.softsys.com.pk,92-51-2820751,"4th Floor, ATS Centre, Fazal-e-Haq Road, Blue Area, Islamabad, Islamabad Capital Territory",https://www.businesslist.pk/company/222260/softsys-private-limited,businesslist_pk,scrapy,property-development,2026-08-21T20:12:35.196566+00:00
Jumani Group of Companies (pvt) Ltd.,property development,https://jumanigroup.com/,"(92 21) 34931020, 34937809, +92 21 35250131-5","Jumani Arcade, Plot No.ST-10/D, Block-14, University Road Karachi, Karachi",https://www.businesslist.pk/company/144001/jumani-group-of-companies-pvt-ltd,businesslist_pk,scrapy,property-development,2026-08-21T20:12:37.417434+00:00
Creative Garden solutions,property development,,"0333-2189847, 0300-2613601","Plot No. 16-C, Main Kh-Ittehad, DHA Karachi, Karachi, Sindh",https://www.businesslist.pk/company/197529/creative-garden-solutions,businesslist_pk,scrapy,property-development,2026-08-21T20:12:38.753654+00:00
Sardar And Co.,property development,,051-4575375-6,"Ares Tower shamsabad Muree Road, Rawalpindi, Punjab",https://www.businesslist.pk/company/241975/sardar-and-co,businesslist_pk,scrapy,property-development,2026-08-21T20:12:40.641371+00:00
Chapal Builders,property development,https://www.chapals.com/,+9221111242725,"SB-10, University Road, Block 13-B, Gulshan-e-Iqbal, Karachi, Sindh",https://www.businesslist.pk/company/243124/chapal-builders,businesslist_pk,scrapy,property-development,2026-08-21T20:12:42.544250+00:00
Bahria Town Phase 8 Rawalpindi,realtors,https://www.bahriatownphase8.com/,0318 5000318,"53 Street 3, Sector F Phase 8 Bahria Town, Rawalpindi, Punjab",https://www.businesslist.pk/company/253796/bahria-town-phase-8-rawalpindi,businesslist_pk,scrapy,realtors,2026-08-21T20:12:44.838772+00:00
The Life Residencia,realtors,https://thelife.com.pk/,051111543311,"Plot# 01, Mohri Khatraan, Fateh Jang Road, Rawalpindi – Pakistan, Islamabad, Islamabad Capital Territory",https://www.businesslist.pk/company/253964/the-life-residencia,businesslist_pk,scrapy,realtors,2026-08-21T20:12:46.051419+00:00
Tajarat Properties,realtors,https://tajarat.com.pk,+92 0332 199 9552,"JRP9+P88, Block H AWT D-18, Islamabad, Rawalpindi, Punjab, Islamabad",https://www.businesslist.pk/company/255719/tajarat-properties,businesslist_pk,scrapy,realtors,2026-08-21T20:12:48.052366+00:00
US Builders &amp; Consultants,realtors,http://usgroupofcompaniespk.com/,+923041114414,"Office No 2-B ,Second Floor, Paris plaza, Plot No 38, F-11 Markaz Islamabad  Pakistan, Islamabad, Islamabad Capital Territory",https://www.businesslist.pk/company/255102/us-buildersconsultants,businesslist_pk,scrapy,realtors,2026-08-21T20:12:49.741507+00:00
Leadsestates,realtors,,"+92 320 8412227, +92 300-8422212","A-90 Broadway Commercial Phase-8, DHA, Lahore, Punjab",https://www.businesslist.pk/company/244212/leadsestates,businesslist_pk,scrapy,realtors,2026-08-21T20:12:50.994516+00:00
SensViz,realtors,https://sensviz.com,+92-3134681527,"976-C Maulana Shaukat Ali Rd, Block C Faisal Town, Lahore, Punjab 54700, Lahore",https://www.businesslist.pk/company/255513/sensviz,businesslist_pk,scrapy,realtors,2026-08-21T20:12:52.655109+00:00
Al-Baraka Estate,realtors,,+923218417766,"118 CCA, Phase 4, DHA, Lahore, Lahore, Punjab",https://www.businesslist.pk/company/249495/al-baraka-estate,businesslist_pk,scrapy,realtors,2026-08-21T20:12:54.001925+00:00
Wirasat,realtors,https://wirasat.com/,+92 304 1111 618,"Office No. 33 , Third Floor Al-Ghaffar Mall, G-11 Markaz Islamabad, 44000, Islamabad",https://www.businesslist.pk/company/258091/wirasat,businesslist_pk,scrapy,realtors,2026-08-21T20:12:56.063382+00:00
RightWay Properties,realtors,,0515402262,"Bahria Enclave Islamabad, Islamabad, Islamabad Capital Territory",https://www.businesslist.pk/company/249301/rightway-properties,businesslist_pk,scrapy,realtors,2026-08-21T20:12:58.287995+00:00
Right Deed,realtors,https://rightdeed.com/,+92 305 6666227,"191 Street 11, Sector Y DHA Phase 3, Lahore,Punjab, Pakistan, Lahore, Punjab",https://www.businesslist.pk/company/248675/right-deed,businesslist_pk,scrapy,realtors,2026-08-21T20:13:00.336339+00:00
NOVUS Marketing Real estate consultant,realtors,,03336205353,"Office no.14, 2nd floor Al Anayat Mall G11 Markaz, Islamabad, Islamabad Capital Territory",https://www.businesslist.pk/company/254413/novus-marketing-real-estate-consultant,businesslist_pk,scrapy,realtors,2026-08-21T20:13:01.933082+00:00
Makkaan,realtors,https://makkaan.com/,+923311111049,"Jackson Heights, Near Army Check Post, Grand Trunk Road, Rawalpindi, Rawalpindi",https://www.businesslist.pk/company/254761/makkaan,businesslist_pk,scrapy,realtors,2026-08-21T20:13:03.277805+00:00
Reall.PK,realtors,https://www.reall.pk/,0518316041,"Shakeel Center, 2nd Floor, Above Bank Alfalah, Faizabad, Rawalpindi,, Rawalpindi, Punjab",https://www.businesslist.pk/company/253233/reallpk,businesslist_pk,scrapy,realtors,2026-08-21T20:13:05.111194+00:00
Cpec City KP - Government Housing Plan,realtors,https://cpeccity.com.pk/,+923377900009,"Near Karnel Sher khan Interchange rashakai Kp, Mardan, Khyber Pakhtunkhwa",https://www.businesslist.pk/company/251137/cpec-city-kp-government-housing-plan,businesslist_pk,scrapy,realtors,2026-08-21T20:13:07.216450+00:00
Times Group,realtors,http://timesgroup.com.pk/,"02135882203, +92-311-118-4637","1C , 19th Commercial Street, Phase II Ext, DHA, Karachi, Sindh",https://www.businesslist.pk/company/247594/times-group,businesslist_pk,scrapy,realtors,2026-08-21T20:13:09.261135+00:00
Blue Group of Companies,realtors,https://bluegroupofcompanies.com,+92-42-111-22-3456,"Buildings No1-4, Commercial Area, TECH Society,, Tech Society, Lahore, Punjab 54590, Lahore",https://www.businesslist.pk/company/257235/blue-group-of-companies,businesslist_pk,scrapy,realtors,2026-08-21T20:13:11.291741+00:00
BLT,construction services,http://www.decon.com.pk/wp2/,+92 42 3521 3356-7,"38-Block-1, Sector B-1, Township,, Lahore, Punjab",https://www.businesslist.pk/company/247530/blt,businesslist_pk,scrapy,construction-services,2026-08-21T20:13:13.408125+00:00
Alfawin,construction services,http://www.alfawin.com.pk,02134330509,"7,Muslim Town,Main Shaheed-e-Millat Road ,Near City School Karachi - Pakistan, Karachi, Sindh",https://www.businesslist.pk/company/241943/alfawin,businesslist_pk,scrapy,construction-services,2026-08-21T20:13:15.556066+00:00
Electro Engineers,construction services,http://www.electro-engineers.com,03113337222,"Office No 8 ,3rd Floor , Laraib Center G-9 Markaz, Islamabad, Islamabad Capital Territory",https://www.businesslist.pk/company/247892/electro-engineers,businesslist_pk,scrapy,construction-services,2026-08-21T20:13:17.350547+00:00
Sleek Designs Private Limited,construction services,http://www.sleekdesigns.com.pk,0512615745,"Office # 2, second floor,Ahmed plaza, Near taramri Chowk Lahtarar Road Islamabad , Islamabad, Islamabad Capital Territory",https://www.businesslist.pk/company/249135/sleek-designs-private-limited,businesslist_pk,scrapy,construction-services,2026-08-21T20:13:19.325466+00:00
NGM&amp;B Constructions,construction services,http://www.ngmandbrothers.com/,+923463691117,"House No: B-499,Gushan Hadeed Phase-II,Bin Qasim Town,Karachi, Karachi, Sindh",https://www.businesslist.pk/company/242793/ngm-b-constructions,businesslist_pk,scrapy,construction-services,2026-08-21T20:13:21.626700+00:00
Rockrete,construction services,http://www.rockrete.com.pk,35308341-3 Ext 27,"The Plaza,3rd floor,office #306.Clifton, Karachi, Sindh",https://www.businesslist.pk/company/244199/rockrete,businesslist_pk,scrapy,construction-services,2026-08-21T20:13:22.792614+00:00
Shalimar Group of Companies,construction services,https://www.shalimarco.com/,03204403891,"731/A Gulberg Avenue Gulberg City Sargodha, Punjab, Pakistan-40, Lahore, Punjab",https://www.businesslist.pk/company/252703/shalimar-group-of-companies,businesslist_pk,scrapy,construction-services,2026-08-21T20:13:24.063367+00:00
GEMCON Engineering Pvt. Ltd,construction services,http://www.gemconengineering.com,0515750474,"Office#56, Ismail Jee Market, Jinnah Road Rawalpindi, Rawalpindi, Punjab",https://www.businesslist.pk/company/251408/gemcon-engineering-pvt-ltd,businesslist_pk,scrapy,construction-services,2026-08-21T20:13:25.656601+00:00
Sohail,construction services,http://www.zumvotv.com,03334285056,"23G3 Market Wapda Town, Lahore, Punjab",https://www.businesslist.pk/company/245242/sohail,businesslist_pk,scrapy,construction-services,2026-08-21T20:13:27.559098+00:00
CGL Technologies,construction services,http://www.cgl.com.pk,+92-333-0276717,"cgltech.info@gamil.com, Karachi, Sindh",https://www.businesslist.pk/company/248058/cgl-technologies,businesslist_pk,scrapy,construction-services,2026-08-21T20:13:29.578671+00:00
Al naafay construction company lahore,construction services,https://www.constructioncompanylahore.com,03004192356,"434 j3 block johar town lahore, Lahore, Punjab",https://www.businesslist.pk/company/251549/al-naafay-construction-company-lahore,businesslist_pk,scrapy,construction-services,2026-08-21T20:13:31.456114+00:00
S.M.Engineering,construction services,http://www.smeng.pk,+92-21-34325331,"Sute # 423, 4th Floor, Anum Blassing, Main Shahrah-e-Faisal,, Karachi, Sindh",https://www.businesslist.pk/company/197458/smengineering,businesslist_pk,scrapy,construction-services,2026-08-21T20:13:33.047949+00:00
Hadeed Brothers,construction services,http://www.hadeedbrothers.com,03325420786,"A-1311 Gulshan-e-Hadeed Phase-1 Bin Qasim Karachi 75010, Karachi, Sindh",https://www.businesslist.pk/company/244448/hadeed-brothers,businesslist_pk,scrapy,construction-services,2026-08-21T20:13:34.600690+00:00
Cube Design Studio,construction services,http://www.cubedesignstudio.org/,"02135899166, +92 331 8911333","Mezzanine Floor, Plot no 14c, Sunset Commercial Street 4, Phase 4, DHA , Karachi, Sindh",https://www.businesslist.pk/company/240611/cube-design-studio,businesslist_pk,scrapy,construction-services,2026-08-21T20:13:36.040253+00:00
Pakistan Steel Builder Multan,property development,,03030-817916,"M.A.JINNAH ROAD SHORKOOT BASTI GULRAIZ TOWN MULTAN, Multan, Punjab",https://www.businesslist.pk/company/245493/pakistan-steel-builder-multan,businesslist_pk,scrapy,property-development,2026-08-21T20:13:37.427224+00:00
E-World Estate,property development,,0515970664,"Office#1, ist Bilal Arcade, Main PWD Road Pakistan Town Phase 1 Islamabad, Islamabad, Islamabad Capital Territory",https://www.businesslist.pk/company/244847/e-world-estate,businesslist_pk,scrapy,property-development,2026-08-21T20:13:39.475275+00:00
KS Estate &amp; Builders,property development,,00923216085848,"Office No. 3, Orchard Tower, 17-km Raiwind Road, Bahria Orchard, Lahore-Pakistan, Lahore, Punjab",https://www.businesslist.pk/company/244163/ks-estatebuilders,businesslist_pk,scrapy,property-development,2026-08-21T20:13:41.559371+00:00
Indigo Developers.,property development,http://www.indigodevelopers.com.pk,04235772401,"3 C3, Main Noor Jehan Road Gulberg III,Lahore, Pakistan, Lahore, Punjab",https://www.businesslist.pk/company/247474/indigo-developers,businesslist_pk,scrapy,property-development,2026-08-21T20:13:43.474697+00:00
Muhammad Ali Housing Scheme,property development,,"041-2562956, 041-2563056, 041-2563156","Off Main Bazar, Nisar Colony, Faisalabad, Faisalabad, Punjab",https://www.businesslist.pk/company/242572/muhammad-ali-housing-scheme,businesslist_pk,scrapy,property-development,2026-08-21T20:13:45.499413+00:00
Pak Properties,property development,http://pakproperties.pk/property/,+92-324-7000444," 113-B,Sector C Bahria Town Lahore, Lahore - 54770, Punjab, Pakistan, Lahore, Punjab",https://www.businesslist.pk/company/243846/pak-properties,businesslist_pk,scrapy,property-development,2026-08-21T20:13:47.084135+00:00
Real Estate Marketing Company | Fair Marketing,property development,,021-341013955,"Head Office Karachi Naseer tower, Main University Road, Gulistan-e-Johar Block-1, Karachi, Pakistan., Karachi, Sindh",https://www.businesslist.pk/company/248140/real-estate-marketing-companyfair-marketing,businesslist_pk,scrapy,property-development,2026-08-21T20:13:49.252636+00:00
Shah Estate,property development,http://shahestate.com,051-5400336-39," 74, Sardar Arcade, Spring North Commercial, Bahria Expressway, Phase - VII, Bahria Town, Islamabad, Islamabad Capital Territory",https://www.businesslist.pk/company/242728/shah-estate,businesslist_pk,scrapy,property-development,2026-08-21T20:13:50.584672+00:00
Icon Garden,property development,,0515970664,"Kangota Sayedan Japan Road Islamabad, Islamabad, Islamabad Capital Territory",https://www.businesslist.pk/company/245012/icon-garden,businesslist_pk,scrapy,property-development,2026-08-21T20:13:51.821721+00:00
A&amp;K Construction,property development,,,"Bungalow no:188,Judicial Officers Co-operative Housing Society Limited,Air Port Road Kohsar Hyderabad, Pakistan, Hyderabad, Sindh",https://www.businesslist.pk/company/242496/a-k-construction,businesslist_pk,scrapy,property-development,2026-08-21T20:13:53.844584+00:00
Lahore Fortress,property development,,92-42-32500333,"Lahore Fortress Apartment Homes at Maryam Town Near Bahria Orchard Main Raiwind Road Lahore., Lahore, Punjab",https://www.businesslist.pk/company/247606/lahore-fortress,businesslist_pk,scrapy,property-development,2026-08-21T20:13:55.825036+00:00
Jay Gee Associates,property development,,,"Phase 3 DHA Lahore, Lahore, Punjab",https://www.businesslist.pk/company/244176/jay-gee-associates,businesslist_pk,scrapy,property-development,2026-08-21T20:13:56.622520+00:00
Ittehad Elevators Engineering,property development,,+923012743394,"Lahore Islamabad, Islamabad, Islamabad Capital Territory",https://www.businesslist.pk/company/246571/ittehad-elevators-engineering,businesslist_pk,scrapy,property-development,2026-08-21T20:13:58.411731+00:00
Citydeal Real Estate Marketing,property development,http://www.citydeal.com.pk,,"Office no. 202, Capital Plaza, G-11 Markaz, Islamabad, Islamabad, Islamabad Capital Territory",https://www.businesslist.pk/company/243883/citydeal-real-estate-marketing,businesslist_pk,scrapy,property-development,2026-08-21T20:14:00.499208+00:00
Mega City Gujar Khan,property development,https://www.megacity.com.pk,92080099911,"21 A, Boulevard, Sector F, Business Bay, Islamabad - Rawalpindi., Rawalpindi",https://www.businesslist.pk/company/255018/mega-city-gujar-khan,businesslist_pk,scrapy,property-development,2026-08-21T20:14:02.305945+00:00
Dha City Karachi,property development,,0300-2916773,"Sector 5-B DHA VII Karachi Pakistan, Karachi, Sindh",https://www.businesslist.pk/company/244818/dha-city-karachi,businesslist_pk,scrapy,property-development,2026-08-21T20:14:04.388610+00:00
Emirate City Islamabad,property development,https://www.emiratecity.pk,+92 3331184116,"Suite no. 25, 3rd Floor, Al Anayat Mall, Markaz G 11 Markaz G-11, Islamabad, Islamabad Capital Territory 44000, Islamabad",https://www.businesslist.pk/company/255675/emirate-city-islamabad,businesslist_pk,scrapy,property-development,2026-08-21T20:14:05.813244+00:00
AppTechTics,realtors,https://www.apptechtics.com,+92311 758 9048,"Office 18-C, 3rd Floor, Dolmen Estate Building, next to ALCOP House, Block A Bangalore Town, Karachi, Karachi City, Sindh 75350, Karachi",https://www.businesslist.pk/company/255601/apptechtics,businesslist_pk,scrapy,realtors,2026-08-21T20:14:07.511171+00:00
Ansaar Management Company,realtors,http://amcpakistan.org/,+924235855651,"H Block, 31/10a Abu Bakar Rd, Abu Bakar Block Garden Town, Lahore, Punjab, Lahore",https://www.businesslist.pk/company/256850/ansaar-management-company,businesslist_pk,scrapy,realtors,2026-08-21T20:14:08.460960+00:00
Future Estate &amp; Builders,realtors,https://www.facebook.com/dhafuturerealestate,+923001407800,"Oppsite Jamshed Market Main Gt Road Rahwali Cantt, Gujranwala, 52280, Pakistan, Gujranwala",https://www.businesslist.pk/company/258092/future-estatebuilders,businesslist_pk,scrapy,realtors,2026-08-21T20:14:10.418506+00:00
Colabs,realtors,https://colabs.pk/,+92-300-8496079,"50-N Gurumangat Rd, Block N Gulberg 2, Lahore, Punjab, Lahore",https://www.businesslist.pk/company/255228/colabs,businesslist_pk,scrapy,realtors,2026-08-21T20:14:12.161894+00:00
Arazi Ventures,realtors,http://araziventures.com,+92 42 37309755,"277 CCA, Phase 4 (Sector FF), DHA, Sector FF Dha Phase 4, Lahore, Punjab, Lahore",https://www.businesslist.pk/company/255997/arazi-ventures,businesslist_pk,scrapy,realtors,2026-08-21T20:14:14.247905+00:00
Agency21,realtors,https://agency21.com.pk,+92 51 111 021 111,"2nd Floor, Deen Pavilion, 94-East, Blue Area, Islamabad, Islamabad",https://www.businesslist.pk/company/255933/agency21,businesslist_pk,scrapy,realtors,2026-08-21T20:14:15.571258+00:00
Greenz Homes,realtors,http://www.greenzhomes.com,0304-1119200,"6 Z second floor Commercial Phase 3 DHA, Lahore, Punjab",https://www.businesslist.pk/company/249310/greenz-homes,businesslist_pk,scrapy,realtors,2026-08-21T20:14:17.731868+00:00
Bashir Sons Estate &amp; Buliders,realtors,http://www.earthpk.com/agent-detail.php?uId=42,"92-42-35186289-90, +92 -423-5189330","Suite# 25, E2 Market,Wapda Town,, Lahore, Punjab",https://www.businesslist.pk/company/240351/bashir-sons-estatebuliders,businesslist_pk,scrapy,realtors,2026-08-21T20:14:19.376779+00:00
Izhar Monnoo Developers,realtors,https://izharmonnoo.com,+92 08 001 1463,"Defence Rd, Dream Gardens Dream Gardens Housing Society, Lahore, Punjab, Lahore",https://www.businesslist.pk/company/256428/izhar-monnoo-developers,businesslist_pk,scrapy,realtors,2026-08-21T20:14:21.325953+00:00
Evantagesoft,realtors,http://www.evantagesoft.com,"(92 21) 34520667, 0092 213 455590-91","601, Anum Blessing, Block 7/8, K.C.H.S.U., Shahrah-e-Faisal Karachi, Karachi",https://www.businesslist.pk/company/158423/evantagesoft,businesslist_pk,scrapy,realtors,2026-08-21T20:14:23.548441+00:00
Emark Realty,realtors,https://emarkrealty.com,923006812612,"Office # 9, Al-Madina Commercial Centre, Airport Road, near Meezan Bank, Bahawalpur Cantt, Bahawalpur, Punjab 63100, Pakistan, Bahawalpur",https://www.businesslist.pk/company/254893/emark-realty,businesslist_pk,scrapy,realtors,2026-08-21T20:14:24.557087+00:00
ASCO Properties (Private) Limited,realtors,http://www.ascoproperties.com,+92512120202,"8-B, Gulistan Khan House, Block F, Near Tehzeeb Bakers, AK Fazal-ul-Haq Road, Blue Area Islamabad, Islamabad, Islamabad Capital Territory",https://www.businesslist.pk/company/252871/asco-properties-private-limited,businesslist_pk,scrapy,realtors,2026-08-21T20:14:26.643341+00:00
Omega Residencia- Jaga Marketing,realtors,https://goo.gl/maps/mux2sq78grhx5bqk6,"0314 4647814, 03092255111","Omega Residencia Lahore-Jaranwala Road near Motorway Faizpur Interchange, Lahore, Punjab",https://www.businesslist.pk/company/250088/omega-residencia-jaga-marketing,businesslist_pk,scrapy,realtors,2026-08-21T20:14:28.349485+00:00
ModulusTech,realtors,https://www.modulus-tech.com/,0335 2261864,"C-32, Mehran Town Sector 6 F Korangi Industrial Area, Karachi, Karachi City, Sindh, Karachi",https://www.businesslist.pk/company/256009/modulustech,businesslist_pk,scrapy,realtors,2026-08-21T20:14:29.273489+00:00
AdSpace,realtors,http://www.adspace.pk,+923244552667,"Level 9, ARFA Tower, Lahore – Kasur Rd, Nishtar Town, Lahore, Punjab, Lahore",https://www.businesslist.pk/company/256015/adspace,businesslist_pk,scrapy,realtors,2026-08-21T20:14:31.259333+00:00
Doorstep Services,construction services,http://www.dsspak.pk,03234774396,"3/2A Main Gulburg Ayesha Siddiqa Road, Lahore, Pakistan., Lahore, Punjab",https://www.businesslist.pk/company/248946/doorstep-services,businesslist_pk,scrapy,construction-services,2026-08-21T20:14:32.955219+00:00
GEMCON Engineering Pvt. Ltd,construction services,http://www.gemconengineering.com,+92-51-5750474,"Office#56, Ismail Jee Market, Jinnah Road Rawalpindi, Rawalpindi, Islamabad Capital Territory",https://www.businesslist.pk/company/251415/gemcon-engineering-pvt-ltd,businesslist_pk,scrapy,construction-services,2026-08-21T20:14:35.066191+00:00
Baigs Decor,construction services,http://www.baigsdecor.com,04235968789,"PCSIR (Staff), Ameer Chowk, College Road, Lahore, Punjab",https://www.businesslist.pk/company/244955/baigs-decor,businesslist_pk,scrapy,construction-services,2026-08-21T20:14:36.814008+00:00
The Wow Architects,construction services,http://www.thewowarchitects.com/,+923315123713`,"Apartment 6, Block 6, 2nd floor, PHA 1, Hanna Road, G-8/4 , Islamabad, Islamabad Capital Territory",https://www.businesslist.pk/company/243880/the-wow-architects,businesslist_pk,scrapy,construction-services,2026-08-21T20:14:38.354318+00:00
"SARN Consulting, Inc.",construction services,http://sarnconsulting.com,03370646536,"G-11, Markaz, Islamabad, Islamabad Capital Territory",https://www.businesslist.pk/company/244637/sarn-consulting-inc,businesslist_pk,scrapy,construction-services,2026-08-21T20:14:39.910062+00:00
Ozone Construction &amp; Technologies,construction services,http://www.facebook.com/ozonepk1,,"AUTOBHAN ROAD LATIFABAD, Hyderabad, Sindh",https://www.businesslist.pk/company/197680/ozone-constructiontechnologies,businesslist_pk,scrapy,construction-services,2026-08-21T20:14:41.817783+00:00
First City Associates,construction services,http://firstcityassociates.com,042354552917,"9/B-1 Main Boulevard Pia Housing Society Lahore, Lahore, Punjab",https://www.businesslist.pk/company/249573/first-city-associates,businesslist_pk,scrapy,construction-services,2026-08-21T20:14:43.945957+00:00
Blue Line Fiberglass,construction services,http://www.bluelinefiberglass.com/,03453329556,"7B, Westland Trade Center, Shahra-e-Faisal, Karachi, Sindh",https://www.businesslist.pk/company/247313/blue-line-fiberglass,businesslist_pk,scrapy,construction-services,2026-08-21T20:14:45.497287+00:00
Shaheen Construction,construction services,http://www.shaheenconstruction.ltd,03445155963,"216.B Akbar Colony Near Satellite Town, Bahawalpur, Punjab",https://www.businesslist.pk/company/243443/shaheen-construction,businesslist_pk,scrapy,construction-services,2026-08-21T20:14:47.283987+00:00
Mughal Archit Studio,construction services,,03128587781,"KHADIM ALI ROAD NEAR KHAWAJA FAZAL CENTER , SIALKOT, Sialkot, Punjab",https://www.businesslist.pk/company/254628/mughal-archit-studio,businesslist_pk,scrapy,construction-services,2026-08-21T20:14:49.535326+00:00
Buildzup,construction services,http://www.buildzup.com/,0321-1011118,"MA Dolla Trade Center 80 Feet Road  Marghzar Colony Multan Road Lahore, Lahore, Punjab",https://www.businesslist.pk/company/245368/buildzup,businesslist_pk,scrapy,construction-services,2026-08-21T20:14:51.483141+00:00
Waris,construction services,http://www.waris.pk/,"0512305807, +92-300-6405778","Office # 105, First Floor, Madina Arcade, Street # 110, G-13/1, Islamabad, Islamabad Capital Territory",https://www.businesslist.pk/company/248007/waris,businesslist_pk,scrapy,construction-services,2026-08-21T20:14:53.603627+00:00
Qidwai Associates Pakistan,construction services,https://www.qidwaiassociates.com.pk/,+92-342-6813131,"Office#10, Sialvi Market, Shalimar Link Road, Lahore, Lahore, Punjab",https://www.businesslist.pk/company/247299/qidwai-associates-pakistan,businesslist_pk,scrapy,construction-services,2026-08-21T20:14:55.885179+00:00
Azhar Builders &amp; Real Estate,construction services,http://azharbuilders.com/,042-35340859,"835 F Jubliee Town, Lahore, Punjab",https://www.businesslist.pk/company/243727/azhar-buildersreal-estate,businesslist_pk,scrapy,construction-services,2026-08-21T20:14:57.895388+00:00
Golden Jubilee Enterprises (Pvt) Ltd.,construction services,http://www.gje.com.pk,0512155084,"E11/1 street 92, Islamabad, Islamabad Capital Territory",https://www.businesslist.pk/company/251823/golden-jubilee-enterprises-pvt-ltd,businesslist_pk,scrapy,construction-services,2026-08-21T20:14:58.676921+00:00
Architect Ahsan,property development,,03137199853,"p-14 first floor Al fatah plaza opposite muncipal library Faisalabad, Faisalabad, Punjab",https://www.businesslist.pk/company/247774/architect-ahsan,businesslist_pk,scrapy,property-development,2026-08-21T20:15:00.687200+00:00
AQ Builders &amp; Developers,property development,https://abulqasim.pk/,+923322334933,"Main jinnah avenue of Bahria Town Karachi, Karachi",https://www.businesslist.pk/company/257740/aq-buildersdevelopers,businesslist_pk,scrapy,property-development,2026-08-21T20:15:02.192014+00:00
Edwags Architecture and Interior Designers,property development,,04237135532,"Plaza No.280, Block MB, DHA Phase 6, Lahore, Lahore, Punjab",https://www.businesslist.pk/company/251557/edwags-architecture-and-interior-designers,businesslist_pk,scrapy,property-development,2026-08-21T20:15:03.642689+00:00
Saeban Builders,property development,,92-51-5879475,"Office No F-7 first flour Arshad Shreef Plaza G-11 Markaz, Islamabad, Islamabad, Islamabad Capital Territory",https://www.businesslist.pk/company/242443/saeban-builders,businesslist_pk,scrapy,property-development,2026-08-21T20:15:05.715819+00:00
Mahkat,property development,,0512813118,"Suit 01.ground floor.green tower.blue area, Islamabad, Islamabad Capital Territory",https://www.businesslist.pk/company/243053/mahkat,businesslist_pk,scrapy,property-development,2026-08-21T20:15:07.660034+00:00
Dolmen Group,property development,https://www.dolmengroup.com,+92 21 3529 6062--4,"Dolmen City, HC-3, sea view road, Marine Promenade, Karachi, Karachi",https://www.businesslist.pk/company/257170/dolmen-group,businesslist_pk,scrapy,property-development,2026-08-21T20:15:09.213264+00:00
Master City Gujranwala | KonstructMarketingPk,property development,,04237167444,"1st Floor Plaza No.2-A, 4th Avenue Phase-6, DHA Lahore. , Gujranwala, Punjab",https://www.businesslist.pk/company/247627/master-city-gujranwalakonstructmarketingpk,businesslist_pk,scrapy,property-development,2026-08-21T20:15:11.068266+00:00
B&amp;H International (Pvt) Ltd.,property development,,9221-4984014 / 4984012 / 4984016 / 4984026,"B &amp; H House, Block-15 Main University Road, Sindh, Karachi, Sindh",https://www.businesslist.pk/company/107594/bh-international-pvt-ltd,businesslist_pk,scrapy,property-development,2026-08-21T20:15:12.924875+00:00
White Pearl Thermopore,property development,,055 4808160,"Sanat Road Gujranwala, Gujranwala, Punjab",https://www.businesslist.pk/company/242159/white-pearl-thermopore,businesslist_pk,scrapy,property-development,2026-08-21T20:15:14.748034+00:00
Zakod.com,property development,http://www.zakod.com,(+92) 42 3569 4456,"126 CCA, Sector-DD, Phase 4, DHA, Lahore, Punjab",https://www.businesslist.pk/company/240787/zakodcom,businesslist_pk,scrapy,property-development,2026-08-21T20:15:16.555345+00:00
Triple-M Group Of Industries,property development,https://triplemgoi.com,+92 301 786 21 14,"W Canal Rd, Raza Town, Faisalabad, Punjab 38000, Faisalabad",https://www.businesslist.pk/company/255850/triple-m-group-of-industries,businesslist_pk,scrapy,property-development,2026-08-21T20:15:17.885499+00:00
Lahore Fortress Apartment Homes,property development,http://www.lahorefortress.com,042-32500333,"Lahore Fortress Apartment Homes at Maryam Town Near Bahria Orchard Main Raiwind Road Lahore., Lahore, Punjab",https://www.businesslist.pk/company/247948/lahore-fortress-apartment-homes,businesslist_pk,scrapy,property-development,2026-08-21T20:15:19.862007+00:00
Premier Choice,property development,https://www.premierchoiceint.com,+92 051 8738545,"Greenvalley, Second Floor, 4 Theme Park Avenue Springs North Bahria Town Phase 7, After, Bahria Town Intellectual Village, Islamabad, Rawalpindi, Islamabad Capital Territory 46000, Islamabad",https://www.businesslist.pk/company/256571/premier-choice,businesslist_pk,scrapy,property-development,2026-08-21T20:15:22.048643+00:00
Berq Properties,property development,,"+923215203455, +92 314 5358938","Bahria Town Phase 8, Rawalpindi, Rawalpindi, Punjab",https://www.businesslist.pk/company/245393/berq-properties,businesslist_pk,scrapy,property-development,2026-08-21T20:15:24.084652+00:00
Sahara City Housing Scheme in Pakpattan,property development,,04237167455,"4KM from Jamal Chowk, 8KM from Sahiwal Road, Pakistan, Islamabad, Pakpattan, Punjab",https://www.businesslist.pk/company/247629/sahara-city-housing-scheme-in-pakpattan,businesslist_pk,scrapy,property-development,2026-08-21T20:15:26.005821+00:00
AL Huda Builders Ltd,property development,http://al-hudabuilders.com.pk/,+9251111263264,"Office 3 &amp; 4, 1st Floor , Galaxy Arcade ,G-11 Markaz, Islamabad, Islamabad Capital Territory",https://www.businesslist.pk/company/243275/al-huda-builders-ltd,businesslist_pk,scrapy,property-development,2026-08-21T20:15:28.126223+00:00
Z.A.Z Real Estate Marketing (Pvt) Ltd,realtors,https://z-a-z-real-estate-marketing-pvt-ltd.business.site/?m=true,344-5060355,"Office No. 105, 2nd Floor Ghauri Mall, Kalma Chowk, Phase 4a, Ghauri Town, Islamabad, Islamabad, Islamabad Capital Territory",https://www.businesslist.pk/company/248703/zaz-real-estate-marketing-pvt-ltd,businesslist_pk,scrapy,realtors,2026-08-21T20:15:29.821774+00:00
Kings Park Gwadar,realtors,http://www.kingsparkgwadar.com,042-111111780,"3A, XX KHYABAN-E-IQBAL PHASE 3, DHA, Lahore, Punjab",https://www.businesslist.pk/company/249031/kings-park-gwadar,businesslist_pk,scrapy,realtors,2026-08-21T20:15:32.039727+00:00
Lionhdb,realtors,https://lionhdb.com/,+92-322-4111-168,"4th Floor 92 MB, Phase 6 DHA Lahore., Lahore, Punjab",https://www.businesslist.pk/company/250106/lionhdb,businesslist_pk,scrapy,realtors,2026-08-21T20:15:34.119680+00:00
ITZ Solution,realtors,https://www.pakeproperty.com/,051 873 128 8,"Office # 21, Crown Plaza Commercial Market, Chandni Chowk, Rawalpindi, Rawalpindi, Punjab",https://www.businesslist.pk/company/251889/itz-solution,businesslist_pk,scrapy,realtors,2026-08-21T20:15:35.901355+00:00
PAKeProperty,realtors,https://www.pakeproperty.com/,051 873 128 8,"Office # 21, Crown Plaza Commercial Market, Chandni Chowk, Rawalpindi, Rawalpindi, Punjab",https://www.businesslist.pk/company/250811/pakeproperty,businesslist_pk,scrapy,realtors,2026-08-21T20:15:37.397183+00:00
Gwadar Golf City,realtors,http://gwadargolfcityofficial.pk/,03217733269,"Phase-2 Ext، 9-C 24th Commercial St, Phase 2 Commercial Area Defe, Karachi, Sindh",https://www.businesslist.pk/company/249798/gwadar-golf-city,businesslist_pk,scrapy,realtors,2026-08-21T20:15:38.926871+00:00
Zee Khan Enterprises,realtors,http://wwww.facebook.com/ZeeKhanEnterprises,02136638425,"SB-32, Block K, North Nazimabad, Karachi, Karachi, Sindh",https://www.businesslist.pk/company/169376/zee-khan-estateconstruction,businesslist_pk,scrapy,realtors,2026-08-21T20:15:41.103804+00:00
AROM ASSOCIATES Pvt. Ltd,construction services,http://www.aromassociates.com,04235773881,"LG-1, Big City Plaza, Main Boulevard, Gulberg Lahore, Lahore, Punjab",https://www.businesslist.pk/company/252234/arom-associates-pvt-ltd,businesslist_pk,scrapy,construction-services,2026-08-21T20:15:43.301185+00:00
Stepup Engineering Services,construction services,http://stepupengineering.com/,02136880120,"B-20 SECTOR-1 AHSANABAD KARACHI, Karachi, Sindh",https://www.businesslist.pk/company/249877/stepup-engineering-services,businesslist_pk,scrapy,construction-services,2026-08-21T20:15:44.439924+00:00
Multi Construction Services,construction services,http://www.multiconstruction.net,03218404127,"Plot# 367 Block N Main Boulevard Johar Town Lahore, Lahore, Punjab",https://www.businesslist.pk/company/241903/multi-construction-services,businesslist_pk,scrapy,construction-services,2026-08-21T20:15:46.393892+00:00
Stone Crush Supply Company,construction services,http://www.facebook.com/crushsupplier,"+923145363909, 03105252675","Safa Stone Crusher, Baba Farid Goods. Opposit Police Check Post. G.T Road Margala Hills. Taxila (Islamabad), Taxila, Punjab",https://www.businesslist.pk/company/248836/stone-crush-supply-company,businesslist_pk,scrapy,construction-services,2026-08-21T20:15:47.737108+00:00
Menhir,construction services,http://www.menhir.com.pk,+92-51-4918449,"UG-150, DEFENSE RESIDENCY, DHA 2, ISLAMABAD, PAKISTAN., Islamabad, Islamabad Capital Territory",https://www.businesslist.pk/company/235431/menhir,businesslist_pk,scrapy,construction-services,2026-08-21T20:15:49.852617+00:00
MonoLine Architects &amp; Design Studio,construction services,http://monolinearchitects.com/,03324135201,"56 c dha phase 1 lahore cantt, Lahore, Punjab",https://www.businesslist.pk/company/250472/monoline-architectsdesign-studio,businesslist_pk,scrapy,construction-services,2026-08-21T20:15:52.023164+00:00
Ecobox Designs,construction services,http://www.ecoboxdesigns.com,042-35707509,"73-T, 2nd floor, commercial area, phase-2, DHA, Lahore, Lahore, Punjab",https://www.businesslist.pk/company/243465/ecobox-designs,businesslist_pk,scrapy,construction-services,2026-08-21T20:15:54.158479+00:00
TrustNest Constructions (Pvt) Ltd,construction services,http://www.trustnestconstructions.com,03234343923,"2A, Commercial, Sector E, Bahria Town, Lahore, Lahore, Punjab",https://www.businesslist.pk/company/248899/trustnest-constructions-pvt-ltd,businesslist_pk,scrapy,construction-services,2026-08-21T20:15:56.147223+00:00
IEC international,construction services,http://iecinternational.com.pk/,+92-42-35969-822," IEC International, 26-C, BOR Society, Johar Town Lahore, Punjab, Pakistan, Lahore, Punjab",https://www.businesslist.pk/company/247233/iec-international,businesslist_pk,scrapy,construction-services,2026-08-21T20:15:58.049038+00:00
Abbasi Builders &amp; Property Consultants,construction services,http://facebook.com/Abbasibuilders,923365311751,"Office#8, First floor, Capital tower, G-15 Markaz, Islamabad, Islamabad Capital Territory",https://www.businesslist.pk/company/235629/abbasi-buildersproperty-consultants,businesslist_pk,scrapy,construction-services,2026-08-21T20:15:59.850301+00:00
New Star Rolling Shutters,construction services,http://www.newstarrolling.com,36826634,"Suite No 21 2nd Floor Bazar e Faisal Building Karimabad Karachi, Karachi, Sindh",https://www.businesslist.pk/company/245167/new-star-rolling-shutters,businesslist_pk,scrapy,construction-services,2026-08-21T20:16:01.807163+00:00
Serani Chemical waterproofing company,construction services,,03100786221,"Shop 3 Batha Town Peoples colony, North nazimabad, Karachi city, Karachi, Sindh",https://www.businesslist.pk/company/257440/serani-chemical-services-waterproofing-company,businesslist_pk,scrapy,construction-services,2026-08-21T20:16:03.889134+00:00
Sahulat4u | Interior Design,construction services,http://www.sahulat4u.pk,"0303,3000074","DHA Phase 1, Karachi, Pakistan, Karachi, Sindh",https://www.businesslist.pk/company/248807/sahulat4uinterior-design,businesslist_pk,scrapy,construction-services,2026-08-21T20:16:05.811156+00:00
Ahmed Construction Company in Pakistan,construction services,http://www.acco.com.pk,03228000190,"2, 3rd Floor, BIG CITY PLAZA  Main Boulevard Gulberg III Lahore Pakistan., Lahore, Punjab",https://www.businesslist.pk/company/241511/ahmed-construction-company-in-pakistan,businesslist_pk,scrapy,construction-services,2026-08-21T20:16:07.742640+00:00
Bilal Steel Mills pvt ltd,property development,http://www.bilalsteelmills.com,0423-7168704-7," 23-km, Lahore - Sheikhupura Road, Lahore, Punjab",https://www.businesslist.pk/company/242490/bilal-steel-mills-pvt-ltd,businesslist_pk,scrapy,property-development,2026-08-21T20:16:09.774579+00:00
Menhir,property development,http://www.menhir.com.pk,+92-51-4918449,"UG-150, Defence Residency, DHA Phase 2, Islamabad, Pakistan, Islamabad, Islamabad Capital Territory",https://www.businesslist.pk/company/102929/menhir,businesslist_pk,scrapy,property-development,2026-08-21T20:16:11.986806+00:00
Jh interior,property development,https://www.facebook.com/interiors.pk,0515148249,"jinnah gardan, Rawalpindi, Punjab",https://www.businesslist.pk/company/241970/jh-interior,businesslist_pk,scrapy,property-development,2026-08-21T20:16:13.813418+00:00
Indigo Developers,property development,http://www.indigoheights.com,"111-808-000, 042-35757413, 042-35757414","Office #3C3 Noor Jehan Road, Gulberg III, Lahore, Lahore, Punjab",https://www.businesslist.pk/company/242931/indigo-developers,businesslist_pk,scrapy,property-development,2026-08-21T20:16:16.112870+00:00
Ali And Co,realtors,,03111000204,"78-A, Main Boulevard, Model Town, Northern Bypass Multan, Multan, Punjab",https://www.businesslist.pk/company/251905/ali-and-co,businesslist_pk,scrapy,realtors,2026-08-21T20:16:17.833317+00:00
Dynamic Technical Services,realtors,https://dynamic.com.pk,051557123,"Adyala Road Jarahi, Rawalpindi, Rawalpindi, Punjab",https://www.businesslist.pk/company/251989/dynamic-technical-services,businesslist_pk,scrapy,realtors,2026-08-21T20:16:19.942602+00:00
GlobbizAvenue,realtors,https://www.globbizavenue.com/,+92 341 4444 067,"3rd Floor, Almas Tower, 3-R, M.M. Alam Road, Gulberg, Lahore-Pakistan, Lahore, Punjab",https://www.businesslist.pk/company/250498/globbizavenue,businesslist_pk,scrapy,realtors,2026-08-21T20:16:21.873537+00:00
Gwadar springs,realtors,https://www.gwadarsprings.com.pk/,042111727000,"13-XX, Khayaban-e-Iqbal, Commercial Sector XX DHA Phase 3, Lahore, Punjab, Lahore, Punjab",https://www.businesslist.pk/company/249288/gwadar-springs,businesslist_pk,scrapy,realtors,2026-08-21T20:16:23.601754+00:00
Earth Associates,realtors,https://www.piaochs.com/,051-8990423,"Earth Associates Office# 02 2nd floor Shauq 8 plaza Business, Islamabad, Islamabad Capital Territory",https://www.businesslist.pk/company/251334/earth-associates,businesslist_pk,scrapy,realtors,2026-08-21T20:16:24.734149+00:00
Go Green Gulberg,realtors,https://gogreengulberg.com,+92 343 9649688,"Gulberg Greens Gulberg Greens Block B Gulberg Greens, Islamabad, Islamabad Capital Territory, Pakistan, Islamabad, Islamabad Capital Territory",https://www.businesslist.pk/company/251477/go-green-gulberg,businesslist_pk,scrapy,realtors,2026-08-21T20:16:26.622705+00:00
Royal Architecture and Builders,property management,,+923423425451," Muslim Town B-Block Block A Lasani Town, Faisalabad, Punjab 38850, Pakistan, Faisalabad",https://www.businesslist.pk/company/254957/royal-architecture-and-builders,businesslist_pk,scrapy,property-management,2026-08-21T20:16:28.559023+00:00
Real Estate In Defence Karachi - Sadaf Estate,property management,,"92 300 2200511 , + 92 321 2200511,  + 92 213 584 9419","Office #M2, Plot 19-C, Lane 2,Commercial Area Bukhari Commercial, DHA Phase 6, Defence Housing Authority, Karachi, Sindh 75500 Pakistan, Karachi, Sindh",https://www.businesslist.pk/company/250168/real-estate-in-defence-karachi-sadaf-estate,businesslist_pk,scrapy,property-management,2026-08-21T20:16:30.701796+00:00
Pakistan Estate Links,property management,,+92 300 867 2205,"Adjacent Giga Head Office, Downtown Giga, Office No.3, DHA phase 2, Gate No. 2 Islamabad, Islamabad, Islamabad Capital Territory",https://www.businesslist.pk/company/249223/pakistan-estate-links,businesslist_pk,scrapy,property-management,2026-08-21T20:16:32.407232+00:00
HomesPakistan,property management,,+92 (42) 35781936-9,"Gulberg 3, Lahore, Lahore, Punjab",https://www.businesslist.pk/company/249076/homespakistan,businesslist_pk,scrapy,property-management,2026-08-21T20:16:34.101426+00:00
Evershine Heights,property management,,0321 8500145,"537, Phase 8 Business District Bahria Town, Rawalpindi, Punjab, Rawalpindi, Punjab",https://www.businesslist.pk/company/252200/evershine-heights,businesslist_pk,scrapy,property-management,2026-08-21T20:16:36.324903+00:00
Arazi.Pk,property management,,,"Punjab, Lahore",https://www.businesslist.pk/company/256243/arazipk,businesslist_pk,scrapy,property-management,2026-08-21T20:16:37.880752+00:00
Karachi Hills,property management,,021-32361271,"Karachi Hyderabad Main Super Highway, Karachi, Sindh",https://www.businesslist.pk/company/249960/karachi-hills,businesslist_pk,scrapy,property-management,2026-08-21T20:16:40.040572+00:00
Property Wise,property management,,03224288111,"Office # 10/B-1, B-2, Ground Floor Javed Plaza, Ghalib Market Gulberg-3 Lahore., Lahore, Punjab",https://www.businesslist.pk/company/251219/property-wise,businesslist_pk,scrapy,property-management,2026-08-21T20:16:41.096118+00:00
Karachi Hills,property management,,0322 8233244,"M9 Motorway, between DHA City &amp; Naval Anchorage, Hyderabad, Sindh",https://www.businesslist.pk/company/249914/karachi-hills,businesslist_pk,scrapy,property-management,2026-08-21T20:16:42.999417+00:00
Smartaraazi,property management,,+92 321 7530450,"F 11 Markaz F-11, Islamabad, Islamabad Capital Territory, Lahore, Islamabad Capital Territory",https://www.businesslist.pk/company/253652/smartaraazi,businesslist_pk,scrapy,property-management,2026-08-21T20:16:45.101106+00:00
Property Management Solutions,property management,,03353991100,"Hayatabad, Peshawar, Khyber Pakhtunkhwa",https://www.businesslist.pk/company/253556/property-management-solutions,businesslist_pk,scrapy,property-management,2026-08-21T20:16:47.015948+00:00
Lahore Pak Properties,property management,,+92 321 7576742 | +92 321 4786164,"2# commercial block A phase 6 DHA Lahore., Lahore, Punjab",https://www.businesslist.pk/company/249825/lahore-pak-properties,businesslist_pk,scrapy,property-management,2026-08-21T20:16:48.400691+00:00
Fast Marketing Online,property management,https://fastmarketingonline.com,+92 341 1115222,"Khayaban-e-Jinnah, Lahore, Pakistan، 17-C OPF Housing Society Al-Khalidi Chowk, Block B Opf Housing Scheme, Lahore, Punjab 54000, Lahore",https://www.businesslist.pk/company/256944/fast-marketing-online,businesslist_pk,scrapy,property-management,2026-08-21T20:16:50.016104+00:00
M.B Estate &amp; Builders,property management,,+92 300 989 9901,"Islamabad, Islamabad",https://www.businesslist.pk/company/256521/mb-estatebuilders,businesslist_pk,scrapy,property-management,2026-08-21T20:16:52.040027+00:00
Earthlink,property management,,+92 51 111 777 771,"Islamabad, Islamabad",https://www.businesslist.pk/company/257205/earthlink,businesslist_pk,scrapy,property-management,2026-08-21T20:16:53.805272+00:00
Property Knowledge Pvt Ltd.,property management,,+923145217086,"Office # 12, 5th floor, Feroz Center, Block D G 6/2 Blue Area, Islamabad, Islamabad Capital Territory 44010, Islamabad",https://www.businesslist.pk/company/255139/property-knowledge-pvt-ltd,businesslist_pk,scrapy,property-management,2026-08-21T20:16:55.540142+00:00
Picic Insurance Limited,insurance companies,http://www.picicinsurance.com,"(92 21) 32219555, 32219560, +92-21-32410781","8th Floor,Shaheen Complex,M.R.Kiyani Road, Karachi",https://www.businesslist.pk/company/190100/picic-insurance-limited,businesslist_pk,scrapy,insurance-companies,2026-08-21T20:16:57.674639+00:00
Silver Star Insurance Co. Ltd.,insurance companies,,"(92 42) 37324488, 37355614","2nd Floor,Silver Star House,5-Bank Square,P.O.Box 2533, Lahore",https://www.businesslist.pk/company/190105/silver-star-insurance-co-ltd,businesslist_pk,scrapy,insurance-companies,2026-08-21T20:16:59.697198+00:00
Safco Support Foundation,insurance companies,https://safcosupport.org,+92 -22-2102130,"House No. C 415/416, behind Byco Petrol Pump, Hyderabad, Hyderabad",https://www.businesslist.pk/company/256857/safco-support-foundation,businesslist_pk,scrapy,insurance-companies,2026-08-21T20:17:01.915198+00:00
Jubilee General Insurance Co. Ltd.,insurance companies,,"(92 51) 2270365, 2270367, UAN : (92 51) 111-654-111, +92-21324-160-2226","26-D,1st Floor,Kashmir Plaza,Jinnah Avenue,Blue Area, Islamabad, Karachi",https://www.businesslist.pk/company/190096/jubilee-general-insurance-co-ltd,businesslist_pk,scrapy,insurance-companies,2026-08-21T20:17:03.390036+00:00
Askari General Insurance Co. Ltd.,insurance companies,,"9255-3266324, +92 51 9272425-7","1st Floor, G.T. Road, Punjab, Gujranwala, Punjab",https://www.businesslist.pk/company/121414/askari-general-insurance-co-ltd,businesslist_pk,scrapy,insurance-companies,2026-08-21T20:17:05.497479+00:00
Efu General Insurance,insurance companies,,"92212201567, + 9221 323 13471 - 90","Efu House, Karachi, Karachi, Sindh",https://www.businesslist.pk/company/168586/efu-general-insurance,businesslist_pk,scrapy,insurance-companies,2026-08-21T20:17:07.431887+00:00
Fidelity Insurance brokers,insurance companies,,+92 21 3514 7565 70,"Sindh, Karachi",https://www.businesslist.pk/company/256640/fidelity-insurance-brokers,businesslist_pk,scrapy,insurance-companies,2026-08-21T20:17:09.623913+00:00
Pakistan Reinsurance Company Ltd.,insurance companies,http://www.pakre.com.pk,"9221-9202915 / 9202908 / 9202909 / 9202910, +92-21- 99202908-14","PIC Towers, Lalazar Drive Off M.T. Khan Road P.O.Box No.4777, Sindh, Karachi, Sindh",https://www.businesslist.pk/company/121499/pakistan-reinsurance-company-ltd,businesslist_pk,scrapy,insurance-companies,2026-08-21T20:17:11.677242+00:00
New Jubilee Life,insurance companies,,"+92 41 85 00 558, +92 (21) 111-111-554"," KARACHI, Punjab, Faisalabad, Punjab",https://www.businesslist.pk/company/121366/new-jubilee-life,businesslist_pk,scrapy,insurance-companies,2026-08-21T20:17:13.695458+00:00
IGI Life Insurance,insurance companies,,(+92) 21-35360040,"Sindh, Karachi",https://www.businesslist.pk/company/257202/igi-life-insurance,businesslist_pk,scrapy,insurance-companies,2026-08-21T20:17:14.721149+00:00
InXureHub,insurance companies,,+923366999991,"F7, 1st Floor, Zam Zam Tower, 29E Main Market Rd, Main Market, Lahore",https://www.businesslist.pk/company/257854/inxurehub,businesslist_pk,scrapy,insurance-companies,2026-08-21T20:17:16.593255+00:00
TPL Corp,insurance companies,https://tplcorp.com/,+922137130227,"Tower 75, 4th Floor, L Block, Gulberg III, Kalma Chowk, Main Lahore – Kasur Rd, Block E 2 Gulberg III, Lahore, Punjab, Karachi",https://www.businesslist.pk/company/256897/tpl-corp,businesslist_pk,scrapy,insurance-companies,2026-08-21T20:17:18.690700+00:00
Al-falah Insurance Co. Ltd.,insurance companies,http://www.alfalahinsurance.com,"(92 42) 35774313, 35774316, UAN : (92 42) 111-786-234, +92 42 111-234-222","5,Saint Marry,Main Boulevard,Gulberg, Lahore",https://www.businesslist.pk/company/190083/al-falah-insurance-co-ltd,businesslist_pk,scrapy,insurance-companies,2026-08-21T20:17:20.708499+00:00
InXureHub,insurance companies,,+923366999991,"F7, 1st Floor, Zam Zam Tower, 29E Main Market Rd, Main Market, Lahore",https://www.businesslist.pk/company/257855/inxurehub,businesslist_pk,scrapy,insurance-companies,2026-08-21T20:17:22.361316+00:00
AenZay Interiors &amp; Architects,construction services,https://aenzay.com,0300 0607705,"AenZay, 59-U New, Aibak Block Garden Town, Lahore, 54700, Pakistan, Lahore, Punjab",https://www.businesslist.pk/company/182015/aenzay-interiorarchitecture,businesslist_pk,scrapy,construction-services,2026-08-21T20:17:23.934200+00:00
Al Adnan Enterprises,construction services,http://www.aladnanenterprises.com.pk,+922134977775,"KDA Overseas Apartments Office # B-4 , Opp Urdu Science College , Main University Road, Gulshan e Iqbal , Karachi, Karachi, Sindh",https://www.businesslist.pk/company/242147/al-adnan-enterprises,businesslist_pk,scrapy,construction-services,2026-08-21T20:17:25.550188+00:00
Dream Design Architect,construction services,http://www.facebook.com/dreamdesignarchitect,+923360098585,"Malik plaza Opp Majeed honda Aimanabad Road Sialkot, Sialkot, Punjab",https://www.businesslist.pk/company/242781/dream-design-architect,businesslist_pk,scrapy,construction-services,2026-08-21T20:17:26.807484+00:00
Atlasarc,construction services,,+92518823935,"Office # 1, 3rd floor, D-Markaz Gulberg Residencia, Islamabad, Islamabad, Islamabad Capital Territory",https://www.businesslist.pk/company/253449/atlasarc,businesslist_pk,scrapy,construction-services,2026-08-21T20:17:28.228710+00:00
IHA Design Works,construction services,http://www.ihadesignworks.com,03224253253,"52 B-1, Abu Bakr Block, New Garden Town, Lahore. , Lahore, Punjab",https://www.businesslist.pk/company/246359/iha-design-works,businesslist_pk,scrapy,construction-services,2026-08-21T20:17:30.198841+00:00
A.W. Associates,construction services,,0333-8629246,"Hub Commercial, Bahria Town, Phase-VIII, Islamabad, Islamabad Capital Territory",https://www.businesslist.pk/company/241865/aw-associates,businesslist_pk,scrapy,construction-services,2026-08-21T20:17:32.378188+00:00
JA Construction &amp; Decor,construction services,https://jatechnicalgroup.com,04235751331,"P2-23 JEFF HEIGHTS, Main Boulevard Gulberg III, Lahore, Punjab",https://www.businesslist.pk/company/252136/ja-constructiondecor,businesslist_pk,scrapy,construction-services,2026-08-21T20:17:33.941280+00:00
Dawah Engineering,construction services,,"03007888447,03007888449","64 H DHA Rahbar Phase 11 Sector 2 New defence Road Lahore, Lahore, Punjab",https://www.businesslist.pk/company/252326/dawah-engineering,businesslist_pk,scrapy,construction-services,2026-08-21T20:17:35.708752+00:00
Prestige Power Machinery Equipments,construction services,,+9203114730265," 1, Ground Floor, Professional Arcade Plaza, Markaz, MPCHS E-11/3 MPCHS E 11/3 E-11, Islamabad, Islamabad Capital Territory 44000, Islamabad",https://www.businesslist.pk/company/258700/prestige-power-machinery-equipments,businesslist_pk,scrapy,construction-services,2026-08-21T20:17:37.432275+00:00
ArcoDesk I Architectural Design Services,construction services,http://www.arcodesk.com,+923004945873,"Office No. 15,2nd Floor,Capital  Plaza, G 11  Markaz  ,Islamabad, Islamabad, Islamabad Capital Territory",https://www.businesslist.pk/company/250332/arcodesk-i-architectural-design-services,businesslist_pk,scrapy,construction-services,2026-08-21T20:17:39.668318+00:00
CSP,construction services,http://www.cspfilm.com,+92-51-2535304,"Suite#215, 2nd Floor, Capital Business Center, F10 Markaz, Islamabad, Islamabad, Islamabad Capital Territory",https://www.businesslist.pk/company/235344/csp,businesslist_pk,scrapy,construction-services,2026-08-21T20:17:40.816477+00:00
Adeel Shahzad Architects &amp; Associates,construction services,,03339485559,"Wali house 494, Pir Saddu Chowk, Lahori Gate, Peshawar, Peshawar, Khyber Pakhtunkhwa",https://www.businesslist.pk/company/251648/adeel-shahzad-architectsassociates,businesslist_pk,scrapy,construction-services,2026-08-21T20:17:42.947004+00:00
Mohsin Shaheen Construction Company,construction services,http://www.mscc.pk,03334266756,"OFFICE#15, 1st Floor, leeds center, Near Center Point, Gulberg 3, Lahore, Punjab",https://www.businesslist.pk/company/243200/mohsin-shaheen-construction-company,businesslist_pk,scrapy,construction-services,2026-08-21T20:17:44.445266+00:00
Company19,construction services,https://www.facebook.com/compny19,03 320 250 300,"Office No. 2, Near Aims, Said Gul Road, Shakrial, Rawalpindi, Punjab",https://www.businesslist.pk/company/251282/company19,businesslist_pk,scrapy,construction-services,2026-08-21T20:17:46.326201+00:00
Miran Builders,construction services,http://miranbuilders.com/,+92 321 4821936,"Off# 7, 2nd Floor, Chaman Arcade, Wapda Town, Lahore, Punjab",https://www.businesslist.pk/company/241718/miran-builders,businesslist_pk,scrapy,construction-services,2026-08-21T20:17:48.516862+00:00
Flowmaster Jopic,construction services,http://flowmasterjopic.com,+923004285099 +923088880511,"28- M Zainab Tower Link Road Model Town, Lahore, Punjab",https://www.businesslist.pk/company/240277/flowmaster-jopic,businesslist_pk,scrapy,construction-services,2026-08-21T20:17:50.221122+00:00
Qatalytic Engineers,construction services,https://qatalyticengineers.wixsite.com/electrical?fbclid=iwar04bbhj_io43bvbzf59tsqvx3dqmf-hs8-n1jxdoidw6us_h1z2v9fyvva,+92317-4319476,"B-20-09, Eden Homes, Lahore, Lahore, Punjab",https://www.businesslist.pk/company/249523/qatalytic-engineers,businesslist_pk,scrapy,construction-services,2026-08-21T20:17:51.831524+00:00
ALLIED CABLE ( allied industries pvt limited),construction services,http://www.alliedcables.net,"041-8780123 , 041-8780127","33-shaheed-e-milat market milat chok gulistan colony # 2 Faisalabad, Faisalabad, Punjab",https://www.businesslist.pk/company/240854/allied-cableallied-industries-pvt-limited,businesslist_pk,scrapy,construction-services,2026-08-21T20:17:53.131630+00:00
Blue Properties.com,property development,https://blueproperties.com/,042-111-44-3456,"Al Hafeez Executive, Ground Floor, Block C3, Gulberg III, Lahore., Lahore, Punjab",https://www.businesslist.pk/company/254698/blue-propertiescom,businesslist_pk,scrapy,property-development,2026-08-21T20:17:55.314149+00:00
Global Technologies,property development,http://globaltech.com.pk/,042 353 153 92,"J-550 Muhammad Ali Johar Town Lahore, Lahore, Punjab",https://www.businesslist.pk/company/241519/global-tech,businesslist_pk,scrapy,property-development,2026-08-21T20:17:57.267685+00:00
Absolute Holdings Ltd.,property development,http://www.absolute.com.pk,111 - 565 - 111,"Office 4A, 4th Floor, 37-C Bukhari Commercial Lane 4 &amp; 11 ( Corner ) Phase VI, D.H.A , Karachi, Sindh",https://www.businesslist.pk/company/243099/absoluteholdingsltd,businesslist_pk,scrapy,property-development,2026-08-21T20:17:58.935454+00:00
Prime Constructions,realtors,http://www.primeconstructions.pk,061-6782999,"Near Sultan Ghee Mill, Vehari Road Multan, Multan, Punjab",https://www.businesslist.pk/company/249197/prime-constructions,businesslist_pk,scrapy,realtors,2026-08-21T20:18:00.996191+00:00
Chak92,realtors,http://chak92.com,+923349211192,"Office #9, 6th Floor, Central Plaza Barkat Market, Lhr, Lahore, Punjab",https://www.businesslist.pk/company/250874/chak92,businesslist_pk,scrapy,realtors,2026-08-21T20:18:03.160472+00:00
Ali Rathore Associates,realtors,http://www.alirathore.com,04235690900,"156, 1st Floor, G Block, Commercial Market, Phase 1, DHA, Lahore, Lahore, Punjab",https://www.businesslist.pk/company/249675/ali-rathore-associates,businesslist_pk,scrapy,realtors,2026-08-21T20:18:04.166113+00:00
Gulberg Islamabad,realtors,https://berqproperties.com/gulberg-islamabad/,03145358938,"Bahria town phase 7, Islamabad, Islamabad Capital Territory",https://www.businesslist.pk/company/250976/gulberg-islamabad,businesslist_pk,scrapy,realtors,2026-08-21T20:18:06.364654+00:00
Y.S Constructions,realtors,http://www.constructiondragons.com,0300 445 5400,"173A Shah Jamal, Lahore, Punjab",https://www.businesslist.pk/company/251215/ys-constructions,businesslist_pk,scrapy,realtors,2026-08-21T20:18:08.297811+00:00
Hundred Alpha,property management,https://hundredalpha.com,+92 213 713 1669,"Suite # 622, Mashreq Center, Block 14 Gulshan-e-Iqbal, Karachi, Karachi City, Sindh, Karachi",https://www.businesslist.pk/company/256177/hundred-alpha,businesslist_pk,scrapy,property-management,2026-08-21T20:18:10.480962+00:00
Get Property,property management,http://getproperty.pk/,+92 333 3554867,"B-11, Block-15, Al-Raee Avenue Near Mumtaz Manzil, Gulshan-e-Iqbal, Karachi, Karachi, Sindh",https://www.businesslist.pk/company/251684/get-property,businesslist_pk,scrapy,property-management,2026-08-21T20:18:12.466252+00:00
Khita.com.pk,property management,,03469717337,"Daska Sialkot Road Citi Housing Society Commercial Area A block, Sialkot, Punjab",https://www.businesslist.pk/company/254253/khitacompk,businesslist_pk,scrapy,property-management,2026-08-21T20:18:14.374932+00:00
Jaga.pk,property management,https://jaga.pk,00923035532489,"C-39 Etihad Town, Raiwind Rd, Lahore, 54000, Lahore",https://www.businesslist.pk/company/255583/jagapk,businesslist_pk,scrapy,property-management,2026-08-21T20:18:16.500395+00:00
Gulberggreens,property management,https://gulberggreens.com/,0303 2109933,"Gulberg Greens Islamabad, Islamabad, Islamabad Capital Territory",https://www.businesslist.pk/company/251453/gulberggreens,businesslist_pk,scrapy,property-management,2026-08-21T20:18:17.628716+00:00
Infinity Properties,property management,,+92 301 510 1111,"Islamabad, Islamabad",https://www.businesslist.pk/company/256649/infinity-properties,businesslist_pk,scrapy,property-management,2026-08-21T20:18:19.795779+00:00
HKF Realestate &amp; Builders,property management,http://hkfglobalconsults.com,+923088436237,"First Floor, Near Shimla Bakers and Sweets, Main Wahad Road, Lahore, Lahore, Punjab",https://www.businesslist.pk/company/254526/hkf-realestatebuilders,businesslist_pk,scrapy,property-management,2026-08-21T20:18:21.920292+00:00
Eproperty,property management,http://eproperty.pk/,"92-42-7187447-6, +92 3111042111","23 (MB) Shabir Sharif Road Phase 6 DHA Lahore, Lahore, Punjab",https://www.businesslist.pk/company/230092/eproperty,businesslist_pk,scrapy,property-management,2026-08-21T20:18:24.267536+00:00
Instakin,property management,,(021)38943690,"Suite #2, 61-C, 27th Street, Tauheed Commercial Area, DHA Karachi, Pakistan, Karachi, Sindh",https://www.businesslist.pk/company/252148/instakin,businesslist_pk,scrapy,property-management,2026-08-21T20:18:26.399738+00:00
Ashiyaan,property management,https://ashiyaan.com,+923252888900,"City Centre, Darawaish Coloney, Shahre- Faisal, Karachi, Karachi",https://www.businesslist.pk/company/257625/ashiyaan,businesslist_pk,scrapy,property-management,2026-08-21T20:18:28.545745+00:00
Rightdeed,property management,http://www.rightdeed.com,(042) 35742252,"191 Street 11, Sector Y DHA Phase 3, Lahore,Punjab, Pakistan, Lahore, Punjab",https://www.businesslist.pk/company/249824/rightdeed,businesslist_pk,scrapy,property-management,2026-08-21T20:18:30.140725+00:00
Thaheem Construction Company,property management,https://thaheemgroup.co/,04235846056,"100 Auragzeb Block New Garden Town, Lahore, Lahore, Lahore, Punjab",https://www.businesslist.pk/company/251144/thaheem-construction-company,businesslist_pk,scrapy,property-management,2026-08-21T20:18:31.674588+00:00
Midcity Islamabad,property management,https://midcityislamabad.com/,+9242111002739,"Corporate Office Address: Royal Plaza, A.K. Fazal e Haq Road, D-Chowk, Blue Area, Islamabad, Islamabad",https://www.businesslist.pk/company/257706/midcity-islamabad,businesslist_pk,scrapy,property-management,2026-08-21T20:18:33.782192+00:00
Aarz.pk,property management,http://www.aarz.pk,03000341341,"Block C 11, PHA Flats Sector G-11/3, Islamabad 44000, Islamabad, Islamabad Capital Territory",https://www.businesslist.pk/company/244545/aarzpk,businesslist_pk,scrapy,property-management,2026-08-21T20:18:35.802355+00:00
High Rise Marketing,property management,,"+92 3024545922, +923001249023","92, Broadway Commercial, Park View City, Lahore, 54000 , Lahore",https://www.businesslist.pk/company/257442/high-rise-marketing,businesslist_pk,scrapy,property-management,2026-08-21T20:18:38.157545+00:00
Qita Developers,property management,https://qita.pk,03041117482,"1358-B Main Chen One Road, Faisalabad, 38000, Faisalabad, Punjab",https://www.businesslist.pk/company/253164/qita-developers,businesslist_pk,scrapy,property-management,2026-08-21T20:18:40.313931+00:00
Zameen.com,property management,http://www.zameen.com,"(+92) 42 3577 5777, +92 42 38354444","19 A-I, E-II, Gulberg-III, Lahore, Pakistan, Lahore, Punjab",https://www.businesslist.pk/company/235641/zameencom,businesslist_pk,scrapy,property-management,2026-08-21T20:18:41.778013+00:00
Saad Ahsan Immigration Law Firm,property management,,923334427858,"44 A, New Muslim Town Lahore Pakistan, Lahore, Punjab",https://www.businesslist.pk/company/253066/saad-ahsan-immigration-law-firm,businesslist_pk,scrapy,property-management,2026-08-21T20:18:43.227129+00:00
Askari General Insurance,insurance companies,https://www.agico.com.pk,+92-315-8440007,"3rd Floor, AWT Plaza, Saddar Rawalpindi, Rawalpindi",https://www.businesslist.pk/company/257664/askari-general-insurance,businesslist_pk,scrapy,insurance-companies,2026-08-21T20:18:45.570411+00:00
Igi Insurance Limited,insurance companies,http://www.igiinsurance.com.pk,+92-42-111308308,"First Floor, 5-F.C.C., Gulberg, Punjab, Lahore, Punjab",https://www.businesslist.pk/company/121375/igi-insurance-limited,businesslist_pk,scrapy,insurance-companies,2026-08-21T20:18:46.275206+00:00
Indus International Insurance Company Ltd.,insurance companies,,"9242-5865579 / 5865769, +92 21 111 642 642"," Indus House Model Town, Punjab, Lahore, Punjab",https://www.businesslist.pk/company/121455/indus-international-insurance-company-ltd,businesslist_pk,scrapy,insurance-companies,2026-08-21T20:18:48.277362+00:00
Ernst &amp; Young Ford Rhodes Sidat Hyder,insurance companies,http://www.ey.com,"(92 21) 35650007, 35650011, (92-21) 3569 3521-30","601,602,603,Progressive Plaza,Beaumont Road,P.O.Box 15541, Karachi",https://www.businesslist.pk/company/183805/ernstyoung-ford-rhodes-sidat-hyder,businesslist_pk,scrapy,insurance-companies,2026-08-21T20:18:49.623295+00:00
Habib Insurance Co. Ltd.,insurance companies,https://www.habibinsurance.net,"9251-5510739 / 5564302, +92 (21) 111-03-03-03"," Bank Road Post Box 237, Punjab, Rawalpini, Punjab",https://www.businesslist.pk/company/121452/habib-insurance-co-ltd,businesslist_pk,scrapy,insurance-companies,2026-08-21T20:18:50.569630+00:00
Efu Life Assurance Ltd,insurance companies,,"+92-42-5871239, +92 21 111 338 111","43-L MM ALAM ROAD GULBERG II LAHORE, Punjab, Lahore, Punjab",https://www.businesslist.pk/company/121371/efu-life-assurance-ltd,businesslist_pk,scrapy,insurance-companies,2026-08-21T20:18:52.670511+00:00
The Crescent Star Insurance Company Ltd.,insurance companies,http://www.cstarinsurance.com,"9242-7233696 / 7234092 / 7356742, +92 21 38771100"," Mall Mansion 30 Shahrah-e-Quaid-e-Azam, Punjab, Lahore, Punjab",https://www.businesslist.pk/company/121539/the-crescent-star-insurance-company-ltd,businesslist_pk,scrapy,insurance-companies,2026-08-21T20:18:54.787632+00:00
Unique-Links,insurance companies,https://www.unique-links.com.pk/,"+92-544-225043, +92-306-1627290","Bhutta Arcade, Block C, Citi Housing, Jhelum., Jhelum, Punjab",https://www.businesslist.pk/company/247729/unique-links,businesslist_pk,scrapy,insurance-companies,2026-08-21T20:18:56.715959+00:00
PakQatar Family &amp; General Takaful,insurance companies,http://www.pakqatar.com.pk,"(051) - 2804133-40, +92-21-343-80357","E-104, 3rd Floor Chenab Centre,  Blue Area, Jinnah Avenue, Islamabad., Islamabad, Islamabad Capital Territory",https://www.businesslist.pk/company/241466/pakqatar-familygeneral-takaful,businesslist_pk,scrapy,insurance-companies,2026-08-21T20:18:58.228620+00:00
TPL Life Insurance,insurance companies,https://tpllife.com,+92 111-000-330,"Plot 19 B, Ground Floor, Karachi, Karachi",https://www.businesslist.pk/company/256096/tpl-life-insurance,businesslist_pk,scrapy,insurance-companies,2026-08-21T20:18:59.631889+00:00
Asia Insurance Company Ltd,insurance companies,http://www.asiainsurance.com.pk,"9242-5858534 / 5858533, +92 042-35865574","178/A, Gulberg-II, Punjab, Lahore, Punjab",https://www.businesslist.pk/company/121409/asia-insurance-company-ltd,businesslist_pk,scrapy,insurance-companies,2026-08-21T20:19:01.870247+00:00
Salaam Takaful,insurance companies,https://www.salaamtakaful.com/,+92 2-111-187-5111,"6th Floor, Plot, Business Center, Shahrah-e-Faisal Rd, Pakistan Employees Co-Operative Housing Society #19-1-A Block 6 PECHS, Karachi, Karachi City, Sindh 75400, Karachi",https://www.businesslist.pk/company/257033/salaam-takaful,businesslist_pk,scrapy,insurance-companies,2026-08-21T20:19:03.864611+00:00
Takaful Bazaar,insurance companies,,+92 327 2055033,"Office # 1401, 14th floor, Emerald Tower, 2 Talwar Clifton, Karachi., Karachi",https://www.businesslist.pk/company/258919/takaful-bazaar,businesslist_pk,scrapy,insurance-companies,2026-08-21T20:19:06.062257+00:00
Tpl Direct Insurance Ltd.,insurance companies,http://www.tplinsurance.com,"(92 21) 34322555, UAN : (92 21) 111-003-301, +92-213-713-0223","172-B/2,3rd Floor,Najeeb Centre,P.E.C.H.S.,Shahrah-e-Quaideen, Karachi",https://www.businesslist.pk/company/190107/tpl-direct-insurance-ltd,businesslist_pk,scrapy,insurance-companies,2026-08-21T20:19:07.592705+00:00
Ozoned Digital,insurance companies,https://ozoneddigital.com,+92 312 6789875,"Plot C 46, Sector Z DHA Phase 3, Lahore, Punjab, Lahore",https://www.businesslist.pk/company/255333/ozoned-digital,businesslist_pk,scrapy,insurance-companies,2026-08-21T20:19:09.563654+00:00
Smartchoice.pk,insurance companies,http://smartchoice.pk/,+92-21-111-212-212,"3rd Floor, 104-C Khayaban-e-Ittehad Road, D.H.A Phase II Extension Phase 2 Commercial Area Defence Housing Authority, Karachi, Karachi City, Sindh 75500, Karachi",https://www.businesslist.pk/company/255873/smartchoicepk,businesslist_pk,scrapy,insurance-companies,2026-08-21T20:19:10.852273+00:00
The United Insurance Company of Pakistan Limited,insurance companies,https://www.theunitedinsurance.com/,(042) 111-000-014,"Head Office:  UIG House, 2nd Floor, 6-D, Upper Mall, Lahore, Pakistan., Lahore, Punjab",https://www.businesslist.pk/company/250116/the-united-insurance-company-of-pakistan-limited,businesslist_pk,scrapy,insurance-companies,2026-08-21T20:19:13.205575+00:00
Easyinsurance,insurance companies,http://www.easyinsurance.com.pk,+923161616187,"National Incubation Center, Street 6, H-9, Islamabad, Islamabad, Islamabad Capital Territory",https://www.businesslist.pk/company/248371/easyinsurance,businesslist_pk,scrapy,insurance-companies,2026-08-21T20:19:15.003034+00:00
The Value &amp; Resource Mobilizer,construction services,http://www.vrmob.com,"(92 21) 34251151, +92 321 5821127","Office: 223 Nh, Lab Square, Landhi, Mehran Highway, Bin Qasim Town, Karachi",https://www.businesslist.pk/company/236643/the-valueresource-mobilizer,businesslist_pk,scrapy,construction-services,2026-08-21T20:19:17.121987+00:00
NSViolet,construction services,http://nsviolet.com/,+44 (0) 7877 287275,"4A, 3rd Gizri Lane, Phase IV, D.H.A, Karachi, Sindh",https://www.businesslist.pk/company/252373/nsviolet,businesslist_pk,scrapy,construction-services,2026-08-21T20:19:18.395523+00:00
Structech Construction | Engineering,construction services,https://structech.pk,+923001117823,"Block 13 B Gulshan-e-Iqbal, Karachi, Karachi",https://www.businesslist.pk/company/258769/structech-constructionengineering,businesslist_pk,scrapy,construction-services,2026-08-21T20:19:20.401096+00:00
Riser Builders Pvt Ltd,construction services,http://www.riserbuilders.com,+92-331-8818484,"3rd Floor, Office #4, Abdullah Trade Center, Kachehri Rd, Prem Nagar, opposite 1122 office, Sialkot, Punjab",https://www.businesslist.pk/company/250499/riser-builders-pvt-ltd,businesslist_pk,scrapy,construction-services,2026-08-21T20:19:22.557991+00:00
Carigar 24/7,construction services,https://carigar247.com/,+923338232175,"Suit no 11, 2nd Floor, Al-Karam Plaza, F-11 Markaz, Islamabad, Islamabad",https://www.businesslist.pk/company/258371/carigar-247,businesslist_pk,scrapy,construction-services,2026-08-21T20:19:23.943206+00:00
Interior Selection,construction services,https://interior-selection.com,+92 311 2215175,"R-33 street 6, 33 Main University Rd, scheme Karachi, 75500, Karachi",https://www.businesslist.pk/company/258384/interior-selection,businesslist_pk,scrapy,construction-services,2026-08-21T20:19:26.242143+00:00
4th Dimension Studio - Architects &amp; Designers,construction services,https://www.facebook.com/4th.dimension.studio.pk/,+923225000090,"1-C 1st Floor Al-Kabir Town, Lahore, Lahore, Punjab",https://www.businesslist.pk/company/243997/4th-dimension-studio,businesslist_pk,scrapy,construction-services,2026-08-21T20:19:28.151214+00:00
Zarea,construction services,https://zarea.pk/,+923145163363,"1 Sarwar Rd, Cantt, Lahore, Fotress, Punjab 54900, Pakistan, Lahore",https://www.businesslist.pk/company/258614/zarea,businesslist_pk,scrapy,construction-services,2026-08-21T20:19:30.132091+00:00
A R Mirza and Company,construction services,http://www.armcobuilder.com,0300 8626291,"Usman plaza near bank of punjab,citi housing scheme, Gujranwala, Punjab",https://www.businesslist.pk/company/240881/mirza-and-company,businesslist_pk,scrapy,construction-services,2026-08-21T20:19:32.342599+00:00
ME Architects,construction services,http://www.mearchitects.org,02135250702,"office no.301 plot no 44-c lane 4 shahbaz commercial phase 6 dha karachi, Karachi, Sindh",https://www.businesslist.pk/company/242212/mearchitects,businesslist_pk,scrapy,construction-services,2026-08-21T20:19:34.544296+00:00
Prudential Properties and Builders,construction services,,"0423-5694057, +92 333 7783765","111-CCA, Phase-4, DHA,  Lahore., Lahore, Punjab",https://www.businesslist.pk/company/243176/prudential-properties-and-builders,businesslist_pk,scrapy,construction-services,2026-08-21T20:19:36.298921+00:00
Archern Architecture and Design,construction services,https://archern.com,+923335147752,"Plot# 94, Block F, D-18, Islamabad, Islamabad",https://www.businesslist.pk/company/258314/archern-architecture-and-design,businesslist_pk,scrapy,construction-services,2026-08-21T20:19:37.725585+00:00
Spaces And Places,construction services,https://www.livingbysnp.com/,+923001999967,"1st Floor Plaza, 50, Sector A DHA Phase 6, Lahore, Punjab, Lahore",https://www.businesslist.pk/company/258685/spaces-and-places,businesslist_pk,scrapy,construction-services,2026-08-21T20:19:39.667648+00:00
Mwpbnp.com,construction services,https://www.mwpbnp.com/,+92 51 44 85 888,"Near Sihala Steel Corporation, Haji Choudhry Abdul Rauf Market, Sihala Bagh, Near Capital University (Islamabad Campus), Islamabad, Pakistan., Islamabad, Islamabad Capital Territory",https://www.businesslist.pk/company/248095/mwpbnpcom,businesslist_pk,scrapy,construction-services,2026-08-21T20:19:41.563040+00:00
Unique Transformations,construction services,https://uniquetransformations.pk/,+923332199290,"D-8 Block-5, Sea Breeze Center, (Boat Basin) Clifton, Karachi, Pakistan, Karachi",https://www.businesslist.pk/company/258410/unique-transformations,businesslist_pk,scrapy,construction-services,2026-08-21T20:19:43.618280+00:00
Perfect Inegrated Pest Management services,construction services,http://www.ipmpk.com,03356032559,"Office No 5 First Floor Shairanwala Complex Near Mezan Bank PIA Town Lahore, Lahore, Punjab",https://www.businesslist.pk/company/246652/perfect-inegrated-pest-management-services,businesslist_pk,scrapy,construction-services,2026-08-21T20:19:45.646864+00:00
Ace Solutions (Pvt.) Limited,construction services,https://www.facebook.com/ace.solutions.757584?mibextid=ZbWKwL,+923343635597,"AREA 4-C, LANDHI NO. 6, KARACHI, Karachi",https://www.businesslist.pk/company/258505/ace-solutions-pvt-limited,businesslist_pk,scrapy,construction-services,2026-08-21T20:19:46.813711+00:00
Galaxy International Engineers and builders,construction services,http://www.galaxyinternational.pk,0515421425,"1st floor,danyal plaza, main double road ,PWD, Islamabad, Islamabad Capital Territory",https://www.businesslist.pk/company/244498/galaxy-international-engineers-and-builders,businesslist_pk,scrapy,construction-services,2026-08-21T20:19:48.174387+00:00
Ittefaq Tiles,construction services,https://ittefaqtiles.com/,03004012218,"St# 1 Plot# 24 B Block, Mehar Fiaz  Colony Fath Garh Lahore, Pakistan, Lahore, Punjab",https://www.businesslist.pk/company/247368/ittefaq-tiles,businesslist_pk,scrapy,construction-services,2026-08-21T20:19:49.162731+00:00
Waterproof.PK ( Roof Waterproofing Services ),construction services,https://waterproof.pk,+92-21-34800119,"Shop # N40 , Near shanpakwan , Sahba Akhtar Road , Gulshan-e-Iqbal Block 13 D 2, Karachi, Sindh",https://www.businesslist.pk/company/253877/waterproofpkroof-waterproofing-services-,businesslist_pk,scrapy,construction-services,2026-08-21T20:19:51.027767+00:00
Archi Designer,property development,http://www.archi-designers.business.site,03041693070,"Office no.2 ,opposite Aslam Iron, Muhammad abad Satyana Road Faisalabad., Faisalabad, Punjab",https://www.businesslist.pk/company/246324/archi-designer,businesslist_pk,scrapy,property-development,2026-08-21T20:19:52.356940+00:00
Niazi Builders,property development,,0423727848,"Ok done, Lahore, Punjab",https://www.businesslist.pk/company/241995/niazi-builders,businesslist_pk,scrapy,property-development,2026-08-21T20:19:54.344816+00:00
Indus corps,property development,,+923158124543,"Site karachi, Karachi",https://www.businesslist.pk/company/258912/indus-corps,businesslist_pk,scrapy,property-development,2026-08-21T20:19:56.518197+00:00
Spell Vision (smc-pvt) Limited,property development,,042-37212209,"M/s. Spell Vision Second Floor, Computer Center, 03-Court Street, Lower Mall, Lahore , Lahore, Punjab",https://www.businesslist.pk/company/234881/spell-vision,businesslist_pk,scrapy,property-development,2026-08-21T20:19:57.732465+00:00
Areva Interiors And Building Contractors,property development,https://arevaworldwide.blogspot.com,+92 300 956 92 88," E-11/3 Markaz, Islamabad, Islamabad, Islamabad Capital Territory",https://www.businesslist.pk/company/181381/areva-worldwide-pvt-ltd,businesslist_pk,scrapy,property-development,2026-08-21T20:19:59.850238+00:00
Gharbaar.com,realtors,http://gharbaar.com/blue-world-city,8746137,"16th Floor Tower B, Centaurus Mall, F-8, Islamabad, Islamabad, Islamabad Capital Territory",https://www.businesslist.pk/company/251446/gharbaarcom,businesslist_pk,scrapy,realtors,2026-08-21T20:20:02.077921+00:00
Tariq Gul,realtors,http://www.tariqgul.com,021-32859683,"Office # 10,1st Floor, Al-Rehman Trade Center Timber Pond Keamari Karachi, Karachi, Sindh",https://www.businesslist.pk/company/249750/tariq-gul,businesslist_pk,scrapy,realtors,2026-08-21T20:20:04.139050+00:00
Universal Marketing Inc.,property management,http://www.universalmktginc.com,0092-301-9208146,"Suite No.15, 5th Floor, City Star Shopping Plaza, Maulana Shaukat Ali Road, Link Model Town, Lahore, Punjab",https://www.businesslist.pk/company/253403/universal-marketing-inc,businesslist_pk,scrapy,property-management,2026-08-21T20:20:06.207259+00:00
Zameen for you,property management,https://www.zameenforyou.com/,+923228440055,"20 A Faiz Road Old Muslim Town Lahore Pakistan, Lahore, Punjab",https://www.businesslist.pk/company/249073/zameen-for-you,businesslist_pk,scrapy,property-management,2026-08-21T20:20:08.345154+00:00
AAA Realestate Pvt Ltd,property management,https://aaa-realestate.com/,051-4917292,"Office no 20/21, 2nd Floor, Asian Business Center, Bahria Town Phase 7 Entrance, G. T Road, Rawalpindi, Punjab",https://www.businesslist.pk/company/251737/aaa-realestate-pvt-ltd,businesslist_pk,scrapy,property-management,2026-08-21T20:20:09.834814+00:00
Mustafa Maketing,property management,https://www.mustafamarketing.com,+923153530711,"house L-663 sector 36-e taiser town karachi, Karachi",https://www.businesslist.pk/company/258626/mustafa-maketing,businesslist_pk,scrapy,property-management,2026-08-21T20:20:11.943941+00:00
House for sale in Islamabad,property management,https://web.facebook.com/blue-world-city-islamabad-686337135140122/?modal=admin_todo_tour,+923115191387,"masco plaza blue area Islamabad, Islamabad, Islamabad Capital Territory",https://www.businesslist.pk/company/250609/house-for-sale-in-islamabad,businesslist_pk,scrapy,property-management,2026-08-21T20:20:14.174667+00:00
Hewad Karegar,property management,https://hewadkarigarservices.com/handyman-services-pakistan/,03339461094,"Flate No. 301, 3rd Floor, Park Lane Building, E-11/2, Islamabad  , Islamabad, Islamabad Capital Territory",https://www.businesslist.pk/company/246575/hewad-karegar,businesslist_pk,scrapy,property-management,2026-08-21T20:20:15.805423+00:00
Eman Enterprises,property management,http://www.emanenterprises.com.pk,03068084838,"OPPOSITE CHENAB GATE RAHWALI CANTT GUJRANWALA, Gujranwala, Punjab",https://www.businesslist.pk/company/252635/eman-enterprises,businesslist_pk,scrapy,property-management,2026-08-21T20:20:16.837887+00:00
"Furnished Houses for Rent in Lahore, IHA Rent",property management,http://www.harentacar.com/,"0322 4162355, +92 321 5552572","House. 22, St. 2, Block C DHA Villas Phase 8, Lahore, 54792, Lahore, Punjab",https://www.businesslist.pk/company/251884/furnished-houses-for-rent-in-lahore-iha-rent,businesslist_pk,scrapy,property-management,2026-08-21T20:20:18.282103+00:00
Propertyrelation,property management,http://www.propertyrelation.com/,03008229904,"Shop #1 # 8C, Bukhari Commercial, Lane 8, Phase-6, DHA, Karachi, Karachi, Sindh",https://www.businesslist.pk/company/248936/propertyrelation,businesslist_pk,scrapy,property-management,2026-08-21T20:20:19.884622+00:00
Al-waris Goc,property management,,+923310000045,"BVIII House 147 Khanapul, Rawalpindi",https://www.businesslist.pk/company/258712/al-waris-goc,businesslist_pk,scrapy,property-management,2026-08-21T20:20:21.572363+00:00
Hope Drug treatment Center,doctors and clinics,https://www.hope-pak.com,051-2233220,"House # 3, Street # 1, Bank Colony, Simly Dam Road,  Near Siri Chowk, Bharakahu, Islamabad, Islamabad, Federally Administered Tribal Areas",https://www.businesslist.pk/company/253343/hope-drug-treatment-center,businesslist_pk,scrapy,doctors-and-clinics,2026-08-21T20:21:28.998723+00:00
Aman Medical Center,doctors and clinics,https://aman-medical-center.business.site/,03004999855,"A.block، Main Bazar Canal Park, Block A Nespak Housing Society Phase 2 NESPAK Housing Society Phase II Site 1, Lahore, Punjab, Pakistan, Lahore, Punjab",https://www.businesslist.pk/company/249082/aman-medical-center,businesslist_pk,scrapy,doctors-and-clinics,2026-08-21T20:21:38.678003+00:00
BM (pvt) Ltd.,doctors and clinics,http://www.bm-hp.com,"9242-5274355 / 5272002, +92 042 35950401","22, Main Anum Road, Ferozpur Road, Punjab, Lahore, Punjab",https://www.businesslist.pk/company/114557/bm-pvt-ltd,businesslist_pk,scrapy,doctors-and-clinics,2026-08-21T20:21:40.653023+00:00
Ndlc-Ific Bank (Nib),banks credit unions,,9221-111333111 / 2417155 / 2416361 / 2422090 / 2416205,"Muhammadi House I.I.Chundrigar Road, Sindh, Karachi, Sindh",https://www.businesslist.pk/company/95491/ndlc-ific-bank-nib,businesslist_pk,scrapy,banks-credit-unions,2026-08-21T20:21:42.654780+00:00
Wallstreet Exchange Company (pvt) Ltd.,audit and accounting,,"(92 41) 2624510, 2624511","P-87/3, Katchery Bazar, Opp: Bank Of Punjab Faisalabad",https://www.businesslist.pk/company/147618/wallstreet-exchange-company-pvt-ltd,businesslist_pk,scrapy,audit-and-accounting,2026-08-21T20:21:44.263902+00:00
Physiotherapy Center Lahore | Physiotherapists,doctors and clinics,http://www.physiotherapy.org.pk/,03171172688,"61 R1 M.A. Johar Town,(Near Shahdiwal Chowk) Lahore, Lahore, Punjab",https://www.businesslist.pk/company/246500/physiotherapy-in-lahorechinese-physiotherapy,businesslist_pk,scrapy,doctors-and-clinics,2026-08-21T20:21:46.165565+00:00
Shahzad Textile Mills Ltd.,doctors and clinics,http://www.shaheencotton.com,9242-5754027 / 5754024 / 5758203 / 5879626,"19-A, Gulberg-V, Punjab, Lahore, Punjab",https://www.businesslist.pk/company/135853/shahzad-textile-mills-ltd,businesslist_pk,scrapy,doctors-and-clinics,2026-08-21T20:21:48.113495+00:00
Lahore Hospital,doctors and clinics,http://www.lahorehospital.pk,03154399942,"Johar, Town, Lahore, Punjab",https://www.businesslist.pk/company/248917/lahore-hospital,businesslist_pk,scrapy,doctors-and-clinics,2026-08-21T20:21:50.182208+00:00
Physiotherapy Hospital in Lahore,doctors and clinics,http://www.physiotherapy.org.pk,03171172688,"61/R1 M.A. Johar Town, (Near Shahdiwal Chowk) Lahore-Pakistan, Lahore, Punjab",https://www.businesslist.pk/company/246426/physiotherapy-hospital-in-lahore,businesslist_pk,scrapy,doctors-and-clinics,2026-08-21T20:21:52.110119+00:00
Malak Traders Pharmaceutical Distributors,doctors and clinics,http://www.twitter.com/malaktraderspk,03116326539,"2nd floor Sabaun Chowk bypass timergara Distt Dir Lower, Timergara, Khyber Pakhtunkhwa",https://www.businesslist.pk/company/247304/malak-traders-pharmaceutical-distributors,businesslist_pk,scrapy,doctors-and-clinics,2026-08-21T20:21:54.041007+00:00
Skn Cosmetics,doctors and clinics,https://www.skncosmetics.com/cosmetic-surgery/facelift/,"03401489907, +92 332 5488777","F-7, Islamabad, Islamabad Capital Territory",https://www.businesslist.pk/company/249757/skn-cosmetics,businesslist_pk,scrapy,doctors-and-clinics,2026-08-21T20:21:55.418516+00:00
Hira Medical Centre (pvt) Ltd.,doctors and clinics,https://www.facebook.com/HIRAMEDICAL/,"(92 71) 5614555, +92 71 5614111","Barrage Colony Sukkur, Sindh, Sukkur, Sindh",https://www.businesslist.pk/company/189568/hira-medical-centre-pvt-ltd,businesslist_pk,scrapy,doctors-and-clinics,2026-08-21T20:21:57.416056+00:00
Prof. Dr. Ikram Ullah Khan Skin Clinic,doctors and clinics,http://www.drikram.com,"(+92) 51 2211779, (+92) 51 2211762","House 518, Margalla road, Service Road North, F-10/2 Islamabad, Islamabad, Islamabad Capital Territory",https://www.businesslist.pk/company/249052/prof-dr-ikram-ullah-khan-skin-clinic,businesslist_pk,scrapy,doctors-and-clinics,2026-08-21T20:21:59.697760+00:00
Javeria Mehmood Nutritionist &amp; Dietitian Pakistan,doctors and clinics,http://javeriamehmood.com/,0321 6055557,"PC Lahore, Mall Rd Lahore, Pakistan, Lahore, Punjab",https://www.businesslist.pk/company/246431/javeria-mehmood-nutritionistdietitian-pakistan,businesslist_pk,scrapy,doctors-and-clinics,2026-08-21T20:22:01.001023+00:00
Rehman Medical Institute (Pvt) Ltd.,doctors and clinics,http://www.rmi.edu.pk,"9291-5843292 / 5810051, +92 111 734 626","B-5/2, Hayatabad Town, NWFP, Peshawar",https://www.businesslist.pk/company/113172/rehman-medical-institute-pvt-ltd,businesslist_pk,scrapy,doctors-and-clinics,2026-08-21T20:22:02.310521+00:00
Nazeer Hospital,doctors and clinics,https://nazeerhospital.com/,+92-51-8742883,"311/2 Peshawar Rd, Rawalpindi, Punjab 46000, Pakistan, Rawalpindi, Punjab",https://www.businesslist.pk/company/252979/nazeer-hospital,businesslist_pk,scrapy,doctors-and-clinics,2026-08-21T20:22:04.525362+00:00
Iffat Anwar Medical Complex,doctors and clinics,http://www.iamchealth.com,+92-42-35183595-96,"16 - Awaisia SocietyNear Ghazi Chowk, College Road, Township., Lahore, Punjab",https://www.businesslist.pk/company/244026/iffat-anwar-medical-complex,businesslist_pk,scrapy,doctors-and-clinics,2026-08-21T20:22:06.621269+00:00
Physiotherapy Center Lahore | Physiotherapy Clinic,doctors and clinics,http://www.physiotherapy.org.pk,03171172688,"61/R1 M.A. Johar Town,(Near Shahdiwal Chowk) Lahore, Lahore, Punjab",https://www.businesslist.pk/company/246491/physiotherapy-center-lahore,businesslist_pk,scrapy,doctors-and-clinics,2026-08-21T20:22:08.475869+00:00
Mednise.com,doctors and clinics,http://www.mednise.com,051 5708306,"National Police Foundation Islamabad, Islamabad, Islamabad Capital Territory",https://www.businesslist.pk/company/250208/mednisecom,businesslist_pk,scrapy,doctors-and-clinics,2026-08-21T20:22:10.527031+00:00
Safe Pharmaceuticals (pvt) Ltd.,doctors and clinics,https://www.safepharmaceutical.com,"(92 21) 36905641, 36905642","Plot # Cl-20,Sector 6-B,North Karachi Industrial Area, Karachi",https://www.businesslist.pk/company/192898/safe-pharmaceuticals-pvt-ltd,businesslist_pk,scrapy,doctors-and-clinics,2026-08-21T20:22:12.752747+00:00
Islamabad dermatologist,doctors and clinics,https://islamabaddermatologist.com/,03101239007,"Opposite Maroof Int’l Hospital Main Parking F-10 Markaz Islamabad, 44000, Islamabad, Islamabad Capital Territory",https://www.businesslist.pk/company/250567/islamabad-dermatologist,businesslist_pk,scrapy,doctors-and-clinics,2026-08-21T20:22:14.395846+00:00
Oladoc,doctors and clinics,https://oladoc.com/,042 32500977,"290 CCA Sector FF, DHA Phase IV, Lahore, Pakistan, Lahore, Punjab",https://www.businesslist.pk/company/249028/oladoc,businesslist_pk,scrapy,doctors-and-clinics,2026-08-21T20:22:16.231518+00:00
Mass Pharma (pvt) Ltd.,doctors and clinics,http://www.masspharma.com,"9242-5168996 / 5168995 / 5824881 / 5824884, +92 42 35824881 4"," Faisal Town, Punjab, Lahore, Punjab",https://www.businesslist.pk/company/115434/mass-pharma-pvt-ltd,businesslist_pk,scrapy,doctors-and-clinics,2026-08-21T20:22:18.425939+00:00
Leading Edge Physiotherapy &amp; Rehabilitation,doctors and clinics,https://lepr.com.pk/,0518990722,"Center point plaza # 57 opposite DHA-1 Bridge Bahria Town Phase 7, ISLAMABAD, Islamabad, Islamabad Capital Territory",https://www.businesslist.pk/company/254092/leading-edge-physiotherapyrehabilitation,businesslist_pk,scrapy,doctors-and-clinics,2026-08-21T20:22:20.516331+00:00
Sidat Hyder Morshed Associates (pvt) Ltd.,audit and accounting,,"(92 21) 35693530, 35693521","601, 6th Floor, Beaumont Plaza, P.O. Box: 75530 Karachi, Karachi",https://www.businesslist.pk/company/147477/sidat-hyder-morshed-associates-pvt-ltd,businesslist_pk,scrapy,audit-and-accounting,2026-08-21T20:22:22.587939+00:00
SRM Consulting,audit and accounting,,+92-21-37255428,"Mithani House, C-19, Block-7, University Road., Sindh, Karachi, Sindh",https://www.businesslist.pk/company/95023/srm-consulting,businesslist_pk,scrapy,audit-and-accounting,2026-08-21T20:22:24.016640+00:00
Eccountbook ERP Solution,audit and accounting,,+923004460469,"Grand Estate Society,First Left Side Home #1, Muridke, 39000, Pakistan, Lahore",https://www.businesslist.pk/company/254718/eccountbook-erp-solution,businesslist_pk,scrapy,audit-and-accounting,2026-08-21T20:22:25.503354+00:00
PayFast,audit and accounting,,+92 21 37132793,"Fakhri Trade Center SR 6/10, Shahrah-e-Liaquat New Challi, Karachi-74200, Pakistan, Karachi, Sindh",https://www.businesslist.pk/company/253779/payfast,businesslist_pk,scrapy,audit-and-accounting,2026-08-21T20:22:27.571170+00:00
Sidat Hyder Morshed Associates (pvt) Ltd.,audit and accounting,,"(92 51) 2654883, 2654881","House No.11, Street No.1, Hill Side Road, Sector E-7 Islamabad",https://www.businesslist.pk/company/147478/sidat-hyder-morshed-associates-pvt-ltd,businesslist_pk,scrapy,audit-and-accounting,2026-08-21T20:22:29.868503+00:00
Total Consulting (pvt.) Limited,audit and accounting,,0512361611,"Office 9, First Floor, Raja Haq Nawaz Plaza, G-11 Markaz, Islamaabd, Islamabad, Islamabad Capital Territory",https://www.businesslist.pk/company/242505/total-consulting-pvt-limited,businesslist_pk,scrapy,audit-and-accounting,2026-08-21T20:22:31.138600+00:00
Malik Currency Exchange,audit and accounting,,"(92 91) 2566520, (92 91) 2212761","Zain Market, Near Allied Bank, Chowk Yadgar Peshawar, Peshawar, Khyber Pakhtunkhwa",https://www.businesslist.pk/company/147191/malik-currency-exchange,businesslist_pk,scrapy,audit-and-accounting,2026-08-21T20:22:33.297283+00:00
Zarco Exchange Co. (pvt) Ltd.,audit and accounting,,"(92 91) 5285404, 5285407","UG/67, Deans Trade Centre, Sadar Road Peshawar, Peshawar",https://www.businesslist.pk/company/147640/zarco-exchange-co-pvt-ltd,businesslist_pk,scrapy,audit-and-accounting,2026-08-21T20:22:35.471369+00:00
Taseer Hadi Khalid &amp; Co.,audit and accounting,,9221-5685847," Beaumont Road, Sindh, Karachi, Sindh",https://www.businesslist.pk/company/95690/taseer-hadi-khalidco,businesslist_pk,scrapy,audit-and-accounting,2026-08-21T20:22:37.287791+00:00
Future Consultancy Services,audit and accounting,,+92-331-4845138,"Jail Road, Punjab, Lahore, Punjab",https://www.businesslist.pk/company/94994/future-consultancy-services,businesslist_pk,scrapy,audit-and-accounting,2026-08-21T20:22:39.377353+00:00
Tariq Abdul Ghani &amp; Co.,audit and accounting,,"(92 21) 34322582, 34322583","173-W, Block 2, PECHS Karachi, Karachi",https://www.businesslist.pk/company/147553/tariq-abdul-ghanico,businesslist_pk,scrapy,audit-and-accounting,2026-08-21T20:22:41.303647+00:00
Altaf Noor Ali,audit and accounting,,02135830696," Block-7, Clifton, Karachi, Karachi, Sindh",https://www.businesslist.pk/company/95102/altaf-noor-ali,businesslist_pk,scrapy,audit-and-accounting,2026-08-21T20:22:42.729127+00:00
Securities &amp; Exchange Commission of Pakistan,audit and accounting,,+92-51-4472258,"63-Jinnah Avenue, 4th Floor, Finance Department, Islamabad, Punjab, Islamabad, Punjab",https://www.businesslist.pk/company/95018/securitiesexchange-commission-of-pakistan,businesslist_pk,scrapy,audit-and-accounting,2026-08-21T20:22:44.191144+00:00
Aamer Amin &amp; Co.,audit and accounting,,9291-5272223 / 5279728,"Suit # 29, Saddar Road, NWFP, Peshawar",https://www.businesslist.pk/company/95042/aamer-aminco,businesslist_pk,scrapy,audit-and-accounting,2026-08-21T20:22:46.167101+00:00
Sidat Hyder Morshed Associates (Pvt) Ltd.,audit and accounting,,9221-5693530 / 5693521 / 5693522 / 5693523,"# 601, Beaumont PlazaBeaumont Road, Sindh, Karachi, Sindh",https://www.businesslist.pk/company/95621/sidat-hyder-morshed-associates-pvt-ltd,businesslist_pk,scrapy,audit-and-accounting,2026-08-21T20:22:48.331412+00:00
Value Resource Consulting,audit and accounting,,,"65 L, Model Town Extension, Lahore, Pakistan., Lahore, Punjab",https://www.businesslist.pk/company/242093/value-resource-consulting,businesslist_pk,scrapy,audit-and-accounting,2026-08-21T20:22:49.313201+00:00
Forenax Technologies,audit and accounting,,+923331633700,"Punjab, Lahore",https://www.businesslist.pk/company/255678/forenax-technologies,businesslist_pk,scrapy,audit-and-accounting,2026-08-21T20:22:51.376723+00:00
Birbal &amp; Co,audit and accounting,,00923312243288,"Defense Garden Phase1, Karachi, Sindh",https://www.businesslist.pk/company/244530/birbalco,businesslist_pk,scrapy,audit-and-accounting,2026-08-21T20:22:53.065931+00:00
Virtual Bookkeeping Firm,audit and accounting,,+0923009550813,"Islamabad, Islamabad",https://www.businesslist.pk/company/256752/virtual-bookkeeping-firm,businesslist_pk,scrapy,audit-and-accounting,2026-08-21T20:22:55.017028+00:00
Pak Oman Investment Company,banks credit unions,,9221-5660472 / 5660475 / 5674151 / 5660477," Tower A Finance &amp; Trade Centre Shahrah-e-Faisal, Sindh, Karachi, Sindh",https://www.businesslist.pk/company/95515/pak-oman-investment-company,businesslist_pk,scrapy,banks-credit-unions,2026-08-21T20:22:57.041214+00:00
Metropolitan Bank Ltd.,banks credit unions,,9221-111181818 / 2636759 / 2636740 / 2636741 / 2636742," Spencer&amp;#39;s BuildingI.I.Chundrigar Road, Sindh, Karachi, Sindh",https://www.businesslist.pk/company/95443/metropolitan-bank-ltd,businesslist_pk,scrapy,banks-credit-unions,2026-08-21T20:22:59.352627+00:00
Metropolitan Bank Ltd.,banks credit unions,,9242-111181818 / 6279064 / 6279062 / 6279063,"Associated House 7-Egerton Road, Punjab, Lahore, Punjab",https://www.businesslist.pk/company/95442/metropolitan-bank-ltd,businesslist_pk,scrapy,banks-credit-unions,2026-08-21T20:23:01.204306+00:00
Mcb Bank Ltd.,banks credit unions,,9221-5652165 / 5652161," Shaikh Sultan Bldg. Beaumont Road, Sindh, Karachi, Sindh",https://www.businesslist.pk/company/95419/mcb-bank-ltd,businesslist_pk,scrapy,banks-credit-unions,2026-08-21T20:23:02.861768+00:00
Pakistan Premier Fund Limited,banks credit unions,,9221-111222000 / 2635501," Trade Centre I.I. Chundrigar Road, Sindh, Karachi, Sindh",https://www.businesslist.pk/company/95522/pakistan-premier-fund-limited,businesslist_pk,scrapy,banks-credit-unions,2026-08-21T20:23:04.808114+00:00
Pak-Libya Holding Co. (Pvt) Ltd.,banks credit unions,,9221-111111115 / 5651559 / 5651556 / 5651557 / 5651558,"5th Floor, F.T.C. Shahrah-e-Faisal, Sindh, Karachi, Sindh",https://www.businesslist.pk/company/95517/pak-libya-holding-co-pvt-ltd,businesslist_pk,scrapy,banks-credit-unions,2026-08-21T20:23:06.760856+00:00
Orix Investment Bank Pakistan Ltd.,banks credit unions,,9221-5861266,"Islamic Chamber Bldg., 2nd Flr.ST-2/A, Clifton, Sindh, Karachi, Sindh",https://www.businesslist.pk/company/95507/orix-investment-bank-pakistan-ltd,businesslist_pk,scrapy,banks-credit-unions,2026-08-21T20:23:08.607283+00:00
Meezan Bank Ltd.,banks credit unions,,9221-111331331 / 5650771 / 5610582 / 5611468," PNSC Building M.T. Khan Road, Sindh, Karachi, Sindh",https://www.businesslist.pk/company/95438/meezan-bank-ltd,businesslist_pk,scrapy,banks-credit-unions,2026-08-21T20:23:10.422461+00:00
National Bank of Pakistan,banks credit unions,,9281-2825482 / 2825481," Jinnah Road, Balochistan, Quetta, Balochistan",https://www.businesslist.pk/company/95471/national-bank-of-pakistan,businesslist_pk,scrapy,banks-credit-unions,2026-08-21T20:23:12.645465+00:00
National Bank of Pakistan,banks credit unions,,9221-111333786 / 9212150 / 9212100 / 9212259 / 9212787,"President Secretariat, NBP Building I.I.Chundrigar Road, Sindh, Karachi, Sindh",https://www.businesslist.pk/company/95472/national-bank-of-pakistan,businesslist_pk,scrapy,banks-credit-unions,2026-08-21T20:23:14.489078+00:00
Pakistan Kuwait Investment Co. (Pvt) Ltd.,banks credit unions,,9221-111611611 / 5678569 / 5660740 / 5660746 / 5660742,"F.T.C., Block-C Shahrah-e-Faisal, Sindh, Karachi, Sindh",https://www.businesslist.pk/company/95521/pakistan-kuwait-investment-co-pvt-ltd,businesslist_pk,scrapy,banks-credit-unions,2026-08-21T20:23:15.600179+00:00
Pak Oman Investment Company,banks credit unions,,9242-5714426 / 5714427," Gulberg-II, Punjab, Lahore, Punjab",https://www.businesslist.pk/company/95514/pak-oman-investment-company,businesslist_pk,scrapy,banks-credit-unions,2026-08-21T20:23:17.782113+00:00
"National Ict R&amp;d Fund, Ministry of Information Technology",banks credit unions,,"(92 51) 9215360, 9215365","6th Floor,HBL Tower,Jinnah Avenue,Blue Area, Islamabad",https://www.businesslist.pk/company/182714/national-ict-rd-fund-ministry-of-information-technology,businesslist_pk,scrapy,banks-credit-unions,2026-08-21T20:23:19.309626+00:00
Meezan Bank Ltd.,banks credit unions,,9221-9250695 / 9250691 / 9250692 / 9250693,"3rd Floor, Al-Karam Center Plot No.BC1, Clifton, Sindh, Karachi, Sindh",https://www.businesslist.pk/company/95437/meezan-bank-ltd,businesslist_pk,scrapy,banks-credit-unions,2026-08-21T20:23:20.286899+00:00
National Investment Trust Ltd.,banks credit unions,,9221-111648648 / 2412059 / 2422722 / 2424969 / 2419061," N.B.P. Building I.I.Chundrigar Road, Sindh, Karachi, Sindh",https://www.businesslist.pk/company/95480/national-investment-trust-ltd,businesslist_pk,scrapy,banks-credit-unions,2026-08-21T20:23:21.963129+00:00
Mybank Ltd.,banks credit unions,,9221-111443111 / 2440100 / 2410851 / 2446236,"Business &amp; Finance Centre I.I. Chundrigar Road Opp State Bank, Sindh, Karachi, Sindh",https://www.businesslist.pk/company/95463/mybank-ltd,businesslist_pk,scrapy,banks-credit-unions,2026-08-21T20:23:23.821554+00:00
Mybank Ltd.,banks credit unions,,9281-2824966,"Bolan Bank Building Jinnah Road, Balochistan, Quetta, Balochistan",https://www.businesslist.pk/company/95462/mybank-ltd,businesslist_pk,scrapy,banks-credit-unions,2026-08-21T20:23:25.567665+00:00
NBP Funds,banks credit unions,,0800-20002,"7th Floor, Clifton Diamond Building Block No. 4, Scheme No. 5, Clifton, Karachi., Karachi, Sindh",https://www.businesslist.pk/company/253058/nbp-funds,businesslist_pk,scrapy,banks-credit-unions,2026-08-21T20:23:27.450788+00:00
Nib Bank Ltd.,banks credit unions,,"(92 21) 32637161, 32637172","1st Floor,Spencer Building,I.I. Chundrigar Road, Karachi",https://www.businesslist.pk/company/182717/nib-bank-ltd,businesslist_pk,scrapy,banks-credit-unions,2026-08-21T20:23:29.646737+00:00
Dr. Kausar Rehman,doctors and clinics,https://drkausar.com/,+92 311 2274058,"St-1 Shahrah-e-Firdousi, Block 3 Clifton,, Karachi, Sindh",https://www.businesslist.pk/company/253290/dr-kausar-rehman,businesslist_pk,scrapy,doctors-and-clinics,2026-08-21T20:23:30.790696+00:00
Fue hair transplant clinic Pakistan,doctors and clinics,http://www.fuehairtransplantpakistan.com,+924235874530,"31 Ali Zeb Road Block C- 3 Gulberg 3 , Lahore, Punjab",https://www.businesslist.pk/company/246919/fue-hair-transplant-clinic-pakistan,businesslist_pk,scrapy,doctors-and-clinics,2026-08-21T20:23:32.652419+00:00
Asaaf Hospital,doctors and clinics,http://asaafhospital.com/,+92-42-35201201-3,"244-E-I, Block E1 Block E 1 Phase 1 Johar Town, Lahore, Punjab, Pakistan, Lahore, Punjab",https://www.businesslist.pk/company/249507/asaaf-hospital,businesslist_pk,scrapy,doctors-and-clinics,2026-08-21T20:23:34.446377+00:00
Brookes Pharmaceutical Laboratories (pakistan) Ltd.,doctors and clinics,http://www.brookespharma.com,9221-5066282 / 5066280 / 5066281 / 5064469," Sector No.15 Korangi Industrial Area, Sindh, Karachi, Sindh",https://www.businesslist.pk/company/114573/brookes-pharmaceutical-laboratories-pakistan-ltd,businesslist_pk,scrapy,doctors-and-clinics,2026-08-21T20:23:36.517997+00:00
Chai,doctors and clinics,https://web.facebook.com/ChaiConsulting,03104534643,"32-D Commercial, DHA EME Sector, Multan Road, Lahore, Punjab",https://www.businesslist.pk/company/244784/chai,businesslist_pk,scrapy,doctors-and-clinics,2026-08-21T20:23:37.392783+00:00
Barrett Hodgson Pakistan (Pvt) Ltd.,doctors and clinics,http://www.barrethodgson.com,"9221-2568810 / 2568820 / 2570646 / 2570645, +92 21 32570651"," S.I.T.E., Sindh, Karachi, Sindh",https://www.businesslist.pk/company/114510/barrett-hodgson-pakistan-pvt-ltd,businesslist_pk,scrapy,doctors-and-clinics,2026-08-21T20:23:38.793255+00:00
Hilton Pharma (pvt) Ltd.,doctors and clinics,https://hiltonpharma.com,"9242-6304403 / 6304401 / 6304402 / 6371536, +92 21 111 123 000"," Nizam Chambers Queens Road, Punjab, Lahore, Punjab",https://www.businesslist.pk/company/115083/hilton-pharma-pvt-ltd,businesslist_pk,scrapy,doctors-and-clinics,2026-08-21T20:23:41.019526+00:00
Drwajid,doctors and clinics,https://drwajid.com,+92 301 8471177,"National Hospital, Sector L Dha Phase 1, Lahore, Punjab, Pakistan, Lahore, Punjab",https://www.businesslist.pk/company/251459/drwajid,businesslist_pk,scrapy,doctors-and-clinics,2026-08-21T20:23:43.192318+00:00
Cosmo Pharma int. (pvt) Ltd.,doctors and clinics,http://www.cosmopharmaint.com,+923333393392,"FL 17/12, Block 13/A, Gulshan e iqbal, Karachi, Sindh",https://www.businesslist.pk/company/249594/cosmo-pharma-int-pvt-ltd,businesslist_pk,scrapy,doctors-and-clinics,2026-08-21T20:23:45.125187+00:00
Doctor Obesity Clinic,doctors and clinics,https://doctorobesity.com/,0336 5836583,"Pasha Hospital, 2nd Floor, Nursery, Off, 191-E Shahrah-e-Faisal, Block 2 PECHS, Karachi, 75400, Karachi, Sindh",https://www.businesslist.pk/company/254125/doctor-obesity-clinic,businesslist_pk,scrapy,doctors-and-clinics,2026-08-21T20:23:46.650403+00:00
Hashmanis Hospital,doctors and clinics,http://www.hashmanis.com.pk,"(92 21) 35866042, 35866043","G-18,Ch.Khaliq-uz-Zaman Road,Block-8,Clifton, Karachi, Sindh",https://www.businesslist.pk/company/186533/hashmanis-hospital,businesslist_pk,scrapy,doctors-and-clinics,2026-08-21T20:23:48.769433+00:00
Bilqees Sarwar Hospital,doctors and clinics,https://www.facebook.com/bilqeessarwarhospital,+92 42 34500005,"Service Road 27 km Main Ferozpur Road, Lahore, Punjab",https://www.businesslist.pk/company/246712/bilqees-sarwar-hospital,businesslist_pk,scrapy,doctors-and-clinics,2026-08-21T20:23:50.394508+00:00
3d lifestyle,doctors and clinics,https://3dlifestyle.pk/,04235895081,"200 Y Phase 3 DHA Lahore, Lahore, Punjab",https://www.businesslist.pk/company/245957/3d-lifestyle,businesslist_pk,scrapy,doctors-and-clinics,2026-08-21T20:23:52.722329+00:00
Famco International Inc.,doctors and clinics,http://www.famco-inc.com,9252-3561478 / 3258385 / 3258386 / 3258387," Ugoki Road S.I.E., Punjab, Sialkot, Punjab",https://www.businesslist.pk/company/108111/famco-international-inc,businesslist_pk,scrapy,doctors-and-clinics,2026-08-21T20:23:54.424242+00:00
Galaxy Pharma (pvt) Ltd,doctors and clinics,http://www.galaxypharma.com,"(92 21) 35148111, 35148115, +92 21 35148111 5","D-180, Rojhan Street, Block-5, Clifton, Karachi",https://www.businesslist.pk/company/238734/galaxy-pharma-pvt-ltd,businesslist_pk,scrapy,doctors-and-clinics,2026-08-21T20:23:56.343393+00:00
Bajaj Skin &amp; Antiaging Clinic,doctors and clinics,http://www.bajajskincare.pk.net.co,+923002076504,"CMH Road Saddar, Hyderabad, Sindh",https://www.businesslist.pk/company/243981/bajaj-skinantiaging-clinic,businesslist_pk,scrapy,doctors-and-clinics,2026-08-21T20:23:58.689492+00:00
Ali General Hospital,doctors and clinics,https://www.facebook.com/physioconjaranwala/,"+92-41-4310277,  +92 307 4514905","Mehmood Colony, Faisalabad Road, Jaranwala, Punjab",https://www.businesslist.pk/company/112715/ali-general-hospital,businesslist_pk,scrapy,doctors-and-clinics,2026-08-21T20:24:00.720666+00:00
Rauf Ayoob &amp; Company,audit and accounting,,"(92 21) 32444471, 32444472","504, Business Plaza, Off I.I.Chundrigar Road Karachi, Karachi",https://www.businesslist.pk/company/147355/rauf-ayoobcompany,businesslist_pk,scrapy,audit-and-accounting,2026-08-21T20:24:02.388501+00:00
Aamer Amin &amp; Co; Chartered Accountants,audit and accounting,,+92915279728,"Suite 29, Cantonment Plaza, NWFP, Peshawar",https://www.businesslist.pk/company/94976/aamer-aminco-chartered-accountants,businesslist_pk,scrapy,audit-and-accounting,2026-08-21T20:24:04.374660+00:00
Riaz Ahmad and Company,audit and accounting,,"(92 41) 8861042, 8863644","560-F, Raja Road, Gulistan Colony Faisalabad",https://www.businesslist.pk/company/147363/riaz-ahmad-and-company,businesslist_pk,scrapy,audit-and-accounting,2026-08-21T20:24:06.476707+00:00
Hyder Bhimji &amp; Co. Member of Kreston International,audit and accounting,,(92 41) 2615632,"206, 1st Floor, Business Centre, New Civil Line Faisalabad",https://www.businesslist.pk/company/147094/hyder-bhimjico-member-of-kreston-international,businesslist_pk,scrapy,audit-and-accounting,2026-08-21T20:24:08.608851+00:00
Long Term Venture Capital Modaraba,audit and accounting,,"(92 42) 35876907, 35876908","32-B Gulberg-II Lahore, Lahore, Punjab",https://www.businesslist.pk/company/147168/long-term-venture-capital-modaraba,businesslist_pk,scrapy,audit-and-accounting,2026-08-21T20:24:09.609728+00:00
"Riaz Ahmad, Saqib, Gohar &amp; Co.",audit and accounting,,(92 21) 34945427,"5, Nasim C.H.S., Major Nazir Bhatti Road,  Off Shaheed-e-Millat Rd. Karachi, Karachi",https://www.businesslist.pk/company/147372/riaz-ahmad-saqib-goharco,businesslist_pk,scrapy,audit-and-accounting,2026-08-21T20:24:11.115415+00:00
SADAAT Chartered Accountants,audit and accounting,,+971-6-5689697,"P.O.Box: 63145, Sharjah, Emirates",https://www.businesslist.pk/company/95016/sadaat-chartered-accountants,businesslist_pk,scrapy,audit-and-accounting,2026-08-21T20:24:13.202755+00:00
Ebrahim &amp; CO,audit and accounting,,"(92 51) 2271816, 2876670","3rd Floor Saeed Plaza, 22-east Blue Area, Islamabad",https://www.businesslist.pk/company/236347/ebrahimco,businesslist_pk,scrapy,audit-and-accounting,2026-08-21T20:24:15.217087+00:00
"Riaz Ahmad, Saqib, Gohar &amp; CO",audit and accounting,,(92 51) 2530566,"#3, 1st Floor, Rubbani Plaza, Judicial Colony, Islamabad",https://www.businesslist.pk/company/236395/riaz-ahmad-saqib-goharco,businesslist_pk,scrapy,audit-and-accounting,2026-08-21T20:24:16.584721+00:00
Horwath Hussain Chaudhury &amp; Co.,audit and accounting,,"(92 42) 35759223, UAN : (92 42) 111-111-442","25-E, Main Market, Gulberg II Lahore, Lahore",https://www.businesslist.pk/company/147087/horwath-hussain-chaudhuryco,businesslist_pk,scrapy,audit-and-accounting,2026-08-21T20:24:18.602525+00:00
Riaz Ahmad and Company,audit and accounting,,"(92 42) 35718137, 35718139","10-B, Saint Mary Park, Main Boulevard, Gulberg-III Lahore, Lahore",https://www.businesslist.pk/company/147362/riaz-ahmad-and-company,businesslist_pk,scrapy,audit-and-accounting,2026-08-21T20:24:19.966009+00:00
Riaz Ahmad and Company,audit and accounting,,051-2274122 / 2274121,"2-A,  ATS Centre,  30-West Fazal-ul-Haq Road,  Blue Area,  Islamabad,  Capital,  Pakistan",https://www.businesslist.pk/company/147370/riaz-ahmad-and-company,businesslist_pk,scrapy,audit-and-accounting,2026-08-21T20:24:21.603303+00:00
F.R.A.N.T.S. &amp; Co. Chartered Accountants,audit and accounting,,+92 213 244 4471,"504,5th Floor, Business Plaza, Mumtaz Hasan Road, Karachi, Karachi, Sindh",https://www.businesslist.pk/company/147023/frantsco-chartered-accountants,businesslist_pk,scrapy,audit-and-accounting,2026-08-21T20:24:23.483721+00:00
A.f. Ferguson &amp; CO,audit and accounting,,"(92 21) 32426682, 32426685","State Life Building No.1-c, I.i.chundrigar Road, P.o.box 4716, Karachi",https://www.businesslist.pk/company/236336/af-fergusonco,businesslist_pk,scrapy,audit-and-accounting,2026-08-21T20:24:25.255713+00:00
Professional Consultants Limited,audit and accounting,,2206996-98,"104 Ginza Centre, Jinnah Avenue, Islamabad, Islamabad, Islamabad Capital Territory",https://www.businesslist.pk/company/235343/professional-consultants-limited,businesslist_pk,scrapy,audit-and-accounting,2026-08-21T20:24:27.111387+00:00
National Commodity Exchange Limited,audit and accounting,,"(92 21) 35611220, UAN : (92 21) 111-623-623","9th Floor, PIC Towers, 32-A, Lalazar Drive, M.T.Khan Road Karachi, Karachi, Sindh",https://www.businesslist.pk/company/147242/national-commodity-exchange-limited,businesslist_pk,scrapy,audit-and-accounting,2026-08-21T20:24:28.811106+00:00
Ford Rhodes Sidat Hyder &amp; CO,audit and accounting,,"(92 42) 37211538, 37211536","The Mall View Building, 4 Bank Square, Lahore",https://www.businesslist.pk/company/236352/ford-rhodes-sidat-hyderco,businesslist_pk,scrapy,audit-and-accounting,2026-08-21T20:24:30.822435+00:00
Bdo Ebrahim &amp; CO,audit and accounting,,"(92 21) 35683030, 35683189","2nd Floor, Block-c, Lakson Square Bldg. #1, Sarwar Shaheed Road, Karachi",https://www.businesslist.pk/company/236345/bdo-ebrahimco,businesslist_pk,scrapy,audit-and-accounting,2026-08-21T20:24:32.435390+00:00
Mcb Bank Ltd.,banks credit unions,,022-2780453 / 2782483,"1st Floor,  Balouch Centre Near Faran Hotel,  Saddar P.O.Box:507,  Hyderabad,  Sindh,  Pakistan, Hyderabad",https://www.businesslist.pk/company/146900/mcb-bank-ltd,businesslist_pk,scrapy,banks-credit-unions,2026-08-21T20:24:34.299884+00:00
Jahangir Siddiqui Investment Bank Ltd,banks credit unions,,9221-2429450 / 2429445 / 2431188 / 2431181,"1301-1303, Hasrat Mohani Rd., Sindh, Karachi, Sindh",https://www.businesslist.pk/company/95378/jahangir-siddiqui-investment-bank-ltd,businesslist_pk,scrapy,banks-credit-unions,2026-08-21T20:24:36.269621+00:00
Khushhali Microfinance Bank,banks credit unions,https://www.khushhalibank.com.pk,+92 (51) 111 092 092,"Ufone Tower, Plot No. 55-C, 7th Floor, Jinnah Ave, F 7/1 Blue Area, Islamabad, Islamabad Capital Territory 44000, Islamabad",https://www.businesslist.pk/company/256867/khushhali-microfinance-bank,businesslist_pk,scrapy,banks-credit-unions,2026-08-21T20:24:38.641768+00:00
Mcb Bank Ltd.,banks credit unions,,0544-622614 / 622613,"Prime Square,  Railway Road,  Jhelum,  Punjab,  Pakistan, Jhelum",https://www.businesslist.pk/company/146897/mcb-bank-ltd,businesslist_pk,scrapy,banks-credit-unions,2026-08-21T20:24:40.719786+00:00
Mcb Bank Ltd.,banks credit unions,,0992-337386 / 337180,"Chowk Jinnah Road,  Abbottabad,  NWFP,  Pakistan, Abbottabad",https://www.businesslist.pk/company/146903/mcb-bank-ltd,businesslist_pk,scrapy,banks-credit-unions,2026-08-21T20:24:42.755196+00:00
Mcb Bank Ltd.,banks credit unions,,021-5652165 / 5652161,"1st Floor,  Shaikh Sultan Bldg. Beaumont Road,  Karachi,  Sindh,  Pakistan, Karachi",https://www.businesslist.pk/company/146895/mcb-bank-ltd,businesslist_pk,scrapy,banks-credit-unions,2026-08-21T20:24:44.673512+00:00
Mcb Bank Ltd.,banks credit unions,,021-5681512 / 5657580 / 5657581 / 5657582,"Shaikh Sultan Trust Building 6th Floor,  Beaumont Road,  Karachi,  Sindh,  Pakistan, Karachi",https://www.businesslist.pk/company/146896/mcb-bank-ltd,businesslist_pk,scrapy,banks-credit-unions,2026-08-21T20:24:46.568533+00:00
Mcb Bank Ltd.,banks credit unions,,044-2521040,"Sahiwal Road,  Okara,  Punjab,  Pakistan, Sahiwal",https://www.businesslist.pk/company/146898/mcb-bank-ltd,businesslist_pk,scrapy,banks-credit-unions,2026-08-21T20:24:48.750325+00:00
Mcb Bank Ltd.,banks credit unions,,9221-5681512 / 5657580 / 5657581 / 5657582," Beaumont Road, Sindh, Karachi, Sindh",https://www.businesslist.pk/company/95435/mcb-bank-ltd,businesslist_pk,scrapy,banks-credit-unions,2026-08-21T20:24:50.771457+00:00
Mcb Bank Ltd.,banks credit unions,,040-4460414 / 4460412,"Mission Chowk,  Jinnah Road,  Sahiwal,  Punjab,  Pakistan, Sahiwal",https://www.businesslist.pk/company/146901/mcb-bank-ltd,businesslist_pk,scrapy,banks-credit-unions,2026-08-21T20:24:52.295498+00:00
Kasb Bank Limited,banks credit unions,,9221-111555666 / 2472189 / 2446005 / 2446010 / 2446783," S.R.I. I.I.Chundrigar Road, Sindh, Karachi, Sindh",https://www.businesslist.pk/company/95385/kasb-bank-limited,businesslist_pk,scrapy,banks-credit-unions,2026-08-21T20:24:54.397229+00:00
Mcb Bank Ltd.,banks credit unions,,061-4510398 / 4510397 / 4570976,"28-Qasim Road,  Cantt.,  Multan,  Punjab,  Pakistan, Multan",https://www.businesslist.pk/company/146902/mcb-bank-ltd,businesslist_pk,scrapy,banks-credit-unions,2026-08-21T20:24:56.093218+00:00
Mashreqbank Psc,banks credit unions,,"(92 21) 35656830, 35656831","Pakistan Liaison Office,29,G.Floor,Sdico Avenue Centre,264,R.A.Lines, Karachi",https://www.businesslist.pk/company/182710/mashreqbank-psc,businesslist_pk,scrapy,banks-credit-unions,2026-08-21T20:24:57.302031+00:00
JS Bank Limited,banks credit unions,,"(92 21) 34833290, 34823294, UAN : (92 21) 111-572-265","Shop #1,2,3,Saima Plaza,Near Disco Bakery,Gulshan-e-Iqbal, Karachi",https://www.businesslist.pk/company/182709/js-bank-limited,businesslist_pk,scrapy,banks-credit-unions,2026-08-21T20:24:58.692871+00:00
Islamic Investment Bank Ltd.,banks credit unions,,9221-5675306 / 5675302 / 5675392," Mezzanine Floor Progressive Plaza Beaumont Road, Sindh, Karachi, Sindh",https://www.businesslist.pk/company/95376/islamic-investment-bank-ltd,businesslist_pk,scrapy,banks-credit-unions,2026-08-21T20:24:59.981596+00:00
Mcb Bank Ltd.,banks credit unions,,9221-111000111 / 2636101 / 2414099," 17th Floor I.I.Chundrigar Road, Sindh, Karachi, Sindh",https://www.businesslist.pk/company/95421/mcb-bank-ltd,businesslist_pk,scrapy,banks-credit-unions,2026-08-21T20:25:01.397741+00:00
Jcr-vis Credit Rating Co. Ltd.,banks credit unions,,"9221-5680766 / 5680996 / 5671822 / 5671833, +92-21-353-118-61"," First Floor M.T.Khan Road, Sindh, Karachi, Sindh",https://www.businesslist.pk/company/95382/jcr-vis-credit-rating-co-ltd,businesslist_pk,scrapy,banks-credit-unions,2026-08-21T20:25:03.586236+00:00
Kasb Bank Ltd.,banks credit unions,,9251-5527843 / 5527841,"32, Cantt., Punjab, Rawalpini, Punjab",https://www.businesslist.pk/company/95389/kasb-bank-ltd,businesslist_pk,scrapy,banks-credit-unions,2026-08-21T20:25:05.814740+00:00
Mcb Bank Ltd.,banks credit unions,,071-5623646 / 5625328 / 5624163,"Marich Bazar,  Sukkur,  Sindh,  Pakistan, Sukkur",https://www.businesslist.pk/company/146899/mcb-bank-ltd,businesslist_pk,scrapy,banks-credit-unions,2026-08-21T20:25:07.131469+00:00
Islamic Investment Bank Ltd.,banks credit unions,,9251-2651527 / 2651520," Markaz F-7 Shalimar, Capital, Islamabad",https://www.businesslist.pk/company/95377/islamic-investment-bank-ltd,businesslist_pk,scrapy,banks-credit-unions,2026-08-21T20:25:09.282905+00:00
Healthginie.com,doctors and clinics,https://www.healthginie.com/,+92 42 111 432 446,"Healthginie 9B Kiran Villas, Aziz Avenue, Gulberg 5, Lahore Pakistan, Lahore, Punjab",https://www.businesslist.pk/company/245568/healthginiecom,businesslist_pk,scrapy,doctors-and-clinics,2026-08-21T20:25:11.280079+00:00
Dr Asad Toor Hair Transplant Clinic,doctors and clinics,https://drasadtoor.com/,+92-42-35879702,"42-A, Block B-II, Ghalib Road, Ghalib Market, Gulberg III, Lahore, Pakistan, Lahore, Punjab",https://www.businesslist.pk/company/252349/dr-asad-toor-hair-transplant-clinic,businesslist_pk,scrapy,doctors-and-clinics,2026-08-21T20:25:13.259818+00:00
Dr. Abdullah Clinic,doctors and clinics,http://drabdullahclinic.com,03333308499,"Street 6-E, Main Mehmodabad Road, Near Sitara Bakery, Opposite Baldia School, Karachi, Sindh",https://www.businesslist.pk/company/251621/dr-abdullah-clinic,businesslist_pk,scrapy,doctors-and-clinics,2026-08-21T20:25:14.568339+00:00
Easytvshop,doctors and clinics,http://www.easytvshop.com,03005554971,"G11 markaz , Islamabad, Islamabad Capital Territory",https://www.businesslist.pk/company/243030/easytvshop,businesslist_pk,scrapy,doctors-and-clinics,2026-08-21T20:25:16.477327+00:00
ABI Veterinary,doctors and clinics,https://www.abi-vet.com,923127220344,"Sialkot cantt, Sialkot, Punjab",https://www.businesslist.pk/company/249434/abi-veterinary,businesslist_pk,scrapy,doctors-and-clinics,2026-08-21T20:25:18.719896+00:00
United Gases,doctors and clinics,http://www.unitedgases.net,02132585826,"Plot no # E-05 Site Industrial Area Gani chowrangi Opposite Suzuki Showroom Naseer Auto Chemitex Industry Mangopir Road Karachi, Pakistan, Karachi, Sindh",https://www.businesslist.pk/company/253325/united-gases,businesslist_pk,scrapy,doctors-and-clinics,2026-08-21T20:25:20.952680+00:00
Dr Rashid Saeed,doctors and clinics,https://drrashidsaeed.com/,042111171819,"National Hospital, DHA Phase 1,, Lahore, Punjab",https://www.businesslist.pk/company/252204/dr-rashid-saeed,businesslist_pk,scrapy,doctors-and-clinics,2026-08-21T20:25:22.449819+00:00
HTV - Pakistan,doctors and clinics,http://htv.com.pk/,021-35305446-9,"ST-4/B, Block-6, Scheme 5, Clifton, karachi, Karachi, Sindh",https://www.businesslist.pk/company/242143/htv-pakistan,businesslist_pk,scrapy,doctors-and-clinics,2026-08-21T20:25:24.728819+00:00
MedCity International Hospital &amp; Plastic Surgery,doctors and clinics,https://medcityhospital.pk/,(051) 2817233,"PMC Plaza, Ayub Market, Near Islamabad Kacheri F8 Markaz Islamabad,, Islamabad, Islamabad Capital Territory",https://www.businesslist.pk/company/250791/medcity-international-hospitalplastic-surgery,businesslist_pk,scrapy,doctors-and-clinics,2026-08-21T20:25:26.568406+00:00
Great Mughal Industries,doctors and clinics,http://www.gmind.co.uk,"0092526927704, +92-52-3250075","Gunjianwali Khurd, P.O. Head Office, Sialkot, Punjab",https://www.businesslist.pk/company/235038/great-mughal-industries,businesslist_pk,scrapy,doctors-and-clinics,2026-08-21T20:25:28.633283+00:00
OLYNTH Instruments CO.,doctors and clinics,http://www.olynth-instruments.com,"9252-3530364 , 3306006","Kotli Loharan West P.O.Box: 2916, Punjab, Sialkot, Punjab",https://www.businesslist.pk/company/112661/olynth-surgico,businesslist_pk,scrapy,doctors-and-clinics,2026-08-21T20:25:30.207253+00:00
Aga Khan Family Health Centre and Dental Unit Islamabad,doctors and clinics,http://www.akdn.org,"051-2255623, +922134930051","Plot#96, St#32, I&amp;T Centre, Sector G-9/1 Islamabad, Islamabad, Islamabad Capital Territory",https://www.businesslist.pk/company/242174/aga-khan-family-health-centre-and-dental-unit-islamabad,businesslist_pk,scrapy,doctors-and-clinics,2026-08-21T20:25:32.532708+00:00
Advanced Pain Centers USA,doctors and clinics,,04235445667,"465 G3, Khokar Chowk Johar Town Lahore., Lahore, Punjab",https://www.businesslist.pk/company/242181/advanced-pain-centers-usa,businesslist_pk,scrapy,doctors-and-clinics,2026-08-21T20:25:34.064616+00:00
Multan Medical Complex,doctors and clinics,https://multanmedicalcomplex.wordpress.com,+92 61 4513243,"Ghaus ul Azam Road, Chungi No.1, Multan, Punjab",https://www.businesslist.pk/company/240998/multan-medical-complex,businesslist_pk,scrapy,doctors-and-clinics,2026-08-21T20:25:35.656097+00:00
Dr. Masood Homoeopathic Pharmaceuticals,doctors and clinics,http://masood.com.pk/,"0423-5156202, +92 304 111 3647","56 – Industrial Area, Quaid-E-Azam Industrial Estate, Kot Lakh Pat, Lahore – 54760, Pakistan, Lahore, Punjab",https://www.businesslist.pk/company/247683/dr-masood-homoeopathic-pharmaceuticals,businesslist_pk,scrapy,doctors-and-clinics,2026-08-21T20:25:37.248772+00:00
Men&#039;s Care,doctors and clinics,https://menscareclinics.com/,02134965050,"Address:Men&#039;s Care, 805, 8th Floor, Al Khaleej Tower, Shaheed e Millat Road, Near Medicare  Hospital Karachi, Karachi, Sindh",https://www.businesslist.pk/company/249250/mens-care,businesslist_pk,scrapy,doctors-and-clinics,2026-08-21T20:25:39.146477+00:00
ACIMC Infertility Center,doctors and clinics,https://acimc.org/,03041112229,"116-A Babar Block, Barkat Market, New Garden Town , Lahore, Lahore, Punjab",https://www.businesslist.pk/company/250482/acimc-infertility-center,businesslist_pk,scrapy,doctors-and-clinics,2026-08-21T20:25:41.255996+00:00
Diabetes TeleCare,doctors and clinics,https://www.diabetestelecare.com,03233004420,"41/430/2, Saddar, Hyderabad, Sindh, Hyderabad",https://www.businesslist.pk/company/257771/diabetes-telecare,businesslist_pk,scrapy,doctors-and-clinics,2026-08-21T20:25:43.493850+00:00
SALHAWAT &amp; CO. Cost &amp; Management Accountant,audit and accounting,,0345-4272429,"Central Plaza, Barkat Market, Lahore., Lahore, Punjab",https://www.businesslist.pk/company/246942/salhawatco-costmanagement-accountant,businesslist_pk,scrapy,audit-and-accounting,2026-08-21T20:25:45.023011+00:00
Amy Consultants,audit and accounting,,03000575922,"RAWALPINDI, Rawalpindi, Punjab",https://www.businesslist.pk/company/242063/amy-consultants,businesslist_pk,scrapy,audit-and-accounting,2026-08-21T20:25:46.203614+00:00
Soft Accounting,audit and accounting,,+92 .300.529.6200,"Punjab, Lahore",https://www.businesslist.pk/company/257146/soft-accounting,businesslist_pk,scrapy,audit-and-accounting,2026-08-21T20:25:47.826819+00:00
Cryssol,audit and accounting,,,"Punjab, Lahore",https://www.businesslist.pk/company/256721/cryssol,businesslist_pk,scrapy,audit-and-accounting,2026-08-21T20:25:49.843141+00:00
M. Sanaullah and CO Regd,audit and accounting,,"9252-3555441 / 3555442 / 3555443, +92 21 3433000204","P.O.Box 2454 110/111-C Small Industrial Estate, Punjab, Sialkot, Punjab",https://www.businesslist.pk/company/128535/m-sanaullah-and-co-regd,businesslist_pk,scrapy,audit-and-accounting,2026-08-21T20:25:51.635627+00:00
KS Associates,audit and accounting,,03144738419,"Duburji Mallian Daska Road Sialkot., Sialkot, Punjab",https://www.businesslist.pk/company/252513/ks-associates,businesslist_pk,scrapy,audit-and-accounting,2026-08-21T20:25:53.845250+00:00
AMC (Accounts &amp; Management Consultant),audit and accounting,,0321-2890075,"205,Anum Blessing, KCHS shahrah-e-Faisal Khi., Karachi, Sindh",https://www.businesslist.pk/company/246045/amc-accountsmanagement-consultant,businesslist_pk,scrapy,audit-and-accounting,2026-08-21T20:25:55.814599+00:00
Hasan Associates,audit and accounting,,0318-1977378,"Office No. 1-B, 2nd Floor, Poonch House Complex, Adamjee Road, Saddar, Rawalpindi, Punjab",https://www.businesslist.pk/company/242565/hasan-associates,businesslist_pk,scrapy,audit-and-accounting,2026-08-21T20:25:57.889324+00:00
Nadeem Akhtar &amp; Co. - CMAs,audit and accounting,,+923005007908,"M-36, First Floor, Malik Arcade, Ghauri Town, Phase V, Islamabad",https://www.businesslist.pk/company/255170/nadeem-akhtarco-cmas,businesslist_pk,scrapy,audit-and-accounting,2026-08-21T20:25:59.977283+00:00
Tariq Mian Ramazan Arshad &amp; Co.,audit and accounting,,(+92) 3225224567,"Office # 2, 2nd Floor, Executive Center, I-8 Markaz, Islamabad, Pakistan., Islamabad",https://www.businesslist.pk/company/254798/tariq-mian-ramazan-arshadco,businesslist_pk,scrapy,audit-and-accounting,2026-08-21T20:26:01.665356+00:00
mKhata,audit and accounting,,,"Punjab, Lahore",https://www.businesslist.pk/company/255311/mkhata,businesslist_pk,scrapy,audit-and-accounting,2026-08-21T20:26:03.616630+00:00
Usmani &amp; Co,audit and accounting,,+92 213-227-7011,"Sindh, Karachi",https://www.businesslist.pk/company/257108/usmanico,businesslist_pk,scrapy,audit-and-accounting,2026-08-21T20:26:05.489925+00:00
Universal Bookkeeping,audit and accounting,,923016644696,"350 , 5th Avenue, Lahore, Punjab",https://www.businesslist.pk/company/245966/universal-bookkeeping,businesslist_pk,scrapy,audit-and-accounting,2026-08-21T20:26:07.177837+00:00
Soltax Private Limited,audit and accounting,,+9203004884669,"Office 17, 3rd Floor, Leeds Centre, Main Boulevard Gulberg, Gulberg III, Lahore, 54000, Lahore",https://www.businesslist.pk/company/258268/soltax-private-limited,businesslist_pk,scrapy,audit-and-accounting,2026-08-21T20:26:08.788627+00:00
Umair Ashraf and Co Chartered Accountants,audit and accounting,http://uashraf.com/,0336 5060256,"Plaza #246 Spring North , Phase 7 Bahria Town Intellectual Village, Islamabad, Islamabad, Islamabad Capital Territory",https://www.businesslist.pk/company/250224/umair-ashraf-and-co-chartered-accountants,businesslist_pk,scrapy,audit-and-accounting,2026-08-21T20:26:10.521649+00:00
Habib Qatar International Exchange Pakistan (pvt) Ltd.,audit and accounting,,"(92 21) 32215862, 32215863, +92 021 32215862 3","B-1003, Saima Trade Towers, I.I. Chundrigar Road Karachi, Karachi",https://www.businesslist.pk/company/147070/habib-qatar-international-exchange-pakistan-pvt-ltd,businesslist_pk,scrapy,audit-and-accounting,2026-08-21T20:26:12.507469+00:00
Soan Valley Shelters (pvt) Ltd.,audit and accounting,,"(92 51) 5568262, 5568848","309-Poonch House, Adamjee Road Rawalpindi, Rawalpindi",https://www.businesslist.pk/company/144355/soan-valley-shelters-pvt-ltd,businesslist_pk,scrapy,audit-and-accounting,2026-08-21T20:26:14.283879+00:00
Paragon Exchange,audit and accounting,,+92 42 36610101 06,"Punjab, Lahore",https://www.businesslist.pk/company/256576/paragon-exchange,businesslist_pk,scrapy,audit-and-accounting,2026-08-21T20:26:16.369811+00:00
Habib Bank Ltd.,banks credit unions,,9221-2441493 / 2418000 / 2418000 / 2401059,"19-Habib Bank Plaza I.I.Chundrigar Road, Sindh, Karachi, Sindh",https://www.businesslist.pk/company/95308/habib-bank-ltd,businesslist_pk,scrapy,banks-credit-unions,2026-08-21T20:26:18.624248+00:00
First Women Bank Ltd.,banks credit unions,,9221-111676767 / 5657687 / 5657684 / 5657630," Beaumont Road Civil Lines, Sindh, Karachi, Sindh",https://www.businesslist.pk/company/95281/first-women-bank-ltd,businesslist_pk,scrapy,banks-credit-unions,2026-08-21T20:26:20.696834+00:00
Islamic Investment Bank Ltd.,banks credit unions,,9242-5710579 / 5710578," Main Gulberg Road, Punjab, Lahore, Punjab",https://www.businesslist.pk/company/95373/islamic-investment-bank-ltd,businesslist_pk,scrapy,banks-credit-unions,2026-08-21T20:26:22.554488+00:00
Invest Capital Investment Bank Ltd.,banks credit unions,,(92 21) 35396109,"#102,1st Floor,Plot #129/II,Speedy Tower Phase-I,D.H.A, Karachi",https://www.businesslist.pk/company/182705/invest-capital-investment-bank-ltd,businesslist_pk,scrapy,banks-credit-unions,2026-08-21T20:26:24.046445+00:00
First Credit &amp; Investment Bank Ltd.,banks credit unions,,"(92 21) 35658750, 35658752","2nd Floor,Tower &#039;C&#039;,Sidco Centre,Stretchen Road, Karachi",https://www.businesslist.pk/company/182697/first-creditinvestment-bank-ltd,businesslist_pk,scrapy,banks-credit-unions,2026-08-21T20:26:26.054582+00:00
Faysal Bank Limited,banks credit unions,,9221-111747747 / 2211780 / 2638011 / 2638020 / 2638014," Trade Centre I.I. Chundrigar Road, Sindh, Karachi, Sindh",https://www.businesslist.pk/company/95239/faysal-bank-limited,businesslist_pk,scrapy,banks-credit-unions,2026-08-21T20:26:28.283868+00:00
First Women Bank Ltd.,banks credit unions,,9242-5891333 / 5724981,"11-G, Phase-I L.C.C.H.S., Punjab, Lahore, Punjab",https://www.businesslist.pk/company/95279/first-women-bank-ltd,businesslist_pk,scrapy,banks-credit-unions,2026-08-21T20:26:29.532168+00:00
"Govt.of Pakistan,ministry of Info.tech National Ict R&amp;d Fund",banks credit unions,,"(92 51) 9215360, 9215365","6th Floor, Hbl Tower, Jinnah Avenue, Blue Area, Islamabad",https://www.businesslist.pk/company/236043/govtof-pakistanministry-of-infotech-national-ict-rd-fund,businesslist_pk,scrapy,banks-credit-unions,2026-08-21T20:26:31.428456+00:00
Ipdf - Infrastructure Project Development Facility,banks credit unions,,"(92 51) 2270771, 2270772","House No.2,Street No.59,F-7/4, Islamabad",https://www.businesslist.pk/company/182708/ipdf-infrastructure-project-development-facility,businesslist_pk,scrapy,banks-credit-unions,2026-08-21T20:26:33.446256+00:00
Habib Bank Ag Zurich,banks credit unions,,9251-111141414 / 5522044 / 5522022 / 5522033 / 5516272,"9, Cantt., Punjab, Rawalpini, Punjab",https://www.businesslist.pk/company/95304/habib-bank-ag-zurich,businesslist_pk,scrapy,banks-credit-unions,2026-08-21T20:26:35.247363+00:00
Habibmetro Bank Ltd,banks credit unions,,"(92 41) 2649906, 2649903, UAN : (92 41) 111-181-818","P-36, Kutchery Bazar, Faisalabad",https://www.businesslist.pk/company/236044/habibmetro-bank-ltd,businesslist_pk,scrapy,banks-credit-unions,2026-08-21T20:26:37.296481+00:00
Islamic Investment Bank Ltd.,banks credit unions,,9291-5273583,"Cantonment Plaza Fakhr-e-Alam Road, NWFP, Peshawar",https://www.businesslist.pk/company/95375/islamic-investment-bank-ltd,businesslist_pk,scrapy,banks-credit-unions,2026-08-21T20:26:39.420782+00:00
Escorts Investment Bank Ltd.,banks credit unions,,9242-6303151 / 6306150 / 6305524 / 6305525," 26 Davis Road, Punjab, Lahore, Punjab",https://www.businesslist.pk/company/95235/escorts-investment-bank-ltd,businesslist_pk,scrapy,banks-credit-unions,2026-08-21T20:26:41.561646+00:00
First International Investment Bank Ltd.,banks credit unions,,9242-111234234 / 5753416 / 5753414 / 5753415,"5, F.C.C., Gulberg, Punjab, Lahore, Punjab",https://www.businesslist.pk/company/95265/first-international-investment-bank-ltd,businesslist_pk,scrapy,banks-credit-unions,2026-08-21T20:26:43.760441+00:00
Habib Bank AG Zurich,banks credit unions,,9221-111141414 / 2633325 / 2633311 / 2633399 / 2636388," First Floor I.I.Chundrigar Road, Sindh, Karachi, Sindh",https://www.businesslist.pk/company/95307/habib-bank-ag-zurich,businesslist_pk,scrapy,banks-credit-unions,2026-08-21T20:26:45.809821+00:00
Habibsons Bank Ltd.,banks credit unions,,9221-5687683 / 5687681," 2nd Floor Dr.Ziauddin Ahmed Road, Sindh, Karachi, Sindh",https://www.businesslist.pk/company/95337/habibsons-bank-ltd,businesslist_pk,scrapy,banks-credit-unions,2026-08-21T20:26:47.951104+00:00
Faysal Bank Limited,banks credit unions,,9241-111747747 / 2644485 / 2644481 / 2644482 / 2644483," Civil Lines, Punjab, Faisalabad, Punjab",https://www.businesslist.pk/company/95241/faysal-bank-limited,businesslist_pk,scrapy,banks-credit-unions,2026-08-21T20:26:50.163356+00:00
Dawood Bank Limited,banks credit unions,,9221-5686001," Dawood Centre M.T. Khan Road, Sindh, Karachi, Sindh",https://www.businesslist.pk/company/95212/dawood-bank-limited,businesslist_pk,scrapy,banks-credit-unions,2026-08-21T20:26:52.242343+00:00
First International Investment Bank Ltd.,banks credit unions,,9221-111234234 / 2639046 / 2639042," Shaheen Complex Dr.Ziauddin Ahmed Road, Sindh, Karachi, Sindh",https://www.businesslist.pk/company/95266/first-international-investment-bank-ltd,businesslist_pk,scrapy,banks-credit-unions,2026-08-21T20:26:53.998763+00:00
Escorts Investment Bank Ltd.,banks credit unions,,9221-9204929 / 9204924 / 9204925 / 9204926," G.Floor M.T. Khan Road, Sindh, Karachi, Sindh",https://www.businesslist.pk/company/95236/escorts-investment-bank-ltd,businesslist_pk,scrapy,banks-credit-unions,2026-08-21T20:26:56.181539+00:00
Fair Marketing Services,pharmacies,,(92 21) 34404653,"A-33,Kala Board,Malir, Karachi",https://www.businesslist.pk/company/183861/fair-marketing-services,businesslist_pk,scrapy,pharmacies,2026-08-21T20:26:57.830746+00:00
A.m. Hafiz &amp; Co.,pharmacies,,9242-7356944 / 7123282,"106-New Anarkali, Punjab, Lahore, Punjab",https://www.businesslist.pk/company/108024/am-hafizco,businesslist_pk,scrapy,pharmacies,2026-08-21T20:26:59.450462+00:00
Taiba Medicos,pharmacies,,(92 21) 32634712,"30 Wahab Arcade,Denso Hall,M.A.Jinnah Road, Karachi",https://www.businesslist.pk/company/183866/taiba-medicos,businesslist_pk,scrapy,pharmacies,2026-08-21T20:27:01.329216+00:00
Hans International Surgical Instruments,doctors and clinics,http://hanssurgical.com/,0524568863,"74805, Sialkot, Punjab",https://www.businesslist.pk/company/250845/hans-international-surgical-instruments,businesslist_pk,scrapy,doctors-and-clinics,2026-08-21T20:27:02.973649+00:00
NutriAdvise,doctors and clinics,https://nutriadvise.com/,+923234244727,"Shop 4-156A Faisal Town Opposite Jinnah Hospital Lahore, Lahore, Punjab",https://www.businesslist.pk/company/248736/nutriadvise,businesslist_pk,scrapy,doctors-and-clinics,2026-08-21T20:27:05.172836+00:00
A-1 VERITAS Surgident Co.,doctors and clinics,http://www.a1v-surgident.com,03328410237,"Muslim Street#17, Khan Mehal Road,Talwara, Sialkot, Sialkot, Punjab",https://www.businesslist.pk/company/251626/a-1-veritas-surgident-co,businesslist_pk,scrapy,doctors-and-clinics,2026-08-21T20:27:06.972013+00:00
Altamash Hospital,doctors and clinics,https://altamashhospital.com,+92 21-35187000,"ST-9/A, Clifton Block 1, Karachi, Sindh",https://www.businesslist.pk/company/249600/altamash-hospital,businesslist_pk,scrapy,doctors-and-clinics,2026-08-21T20:27:08.878294+00:00
Willing Ways Lahore,doctors and clinics,https://willingways.org,+92 42 35408416-,"71-A, Jail Road, Near Apwa College Lahore, Pakistan, Lahore, Punjab",https://www.businesslist.pk/company/251129/willing-ways-lahore,businesslist_pk,scrapy,doctors-and-clinics,2026-08-21T20:27:11.216673+00:00
Dental Instruments Co.,doctors and clinics,http://www.dentalinstrumentsco.com,"03328778678, +92 524-272-512","Chirstian Town Sialkot-pakistan, Sialkot, Punjab",https://www.businesslist.pk/company/245478/dental-instruments-co,businesslist_pk,scrapy,doctors-and-clinics,2026-08-21T20:27:12.755642+00:00
The Physio Junction,doctors and clinics,http://www.thephysiojunction.com,02135147318,"Jason VIP Apartments, Ground Floor, Main MAikolachi Road, Near Boatbasin, Clifton Block 7, Karachi, Sindh",https://www.businesslist.pk/company/249007/the-physio-junction,businesslist_pk,scrapy,doctors-and-clinics,2026-08-21T20:27:14.559718+00:00
Herbion Naturals,doctors and clinics,https://www.pk.herbion.com/,+92 (21) 111503111,"Plot # 30, Sector 28, Korangi Industrial Area, Karachi- Pakistan, Karachi, Sindh",https://www.businesslist.pk/company/250586/herbion-naturals,businesslist_pk,scrapy,doctors-and-clinics,2026-08-21T20:27:16.216467+00:00
JRJ Instruments,doctors and clinics,http://www.jrjinstruments.weebly.com,0092524365000,"Air port road mughal pura, Sialkot, Punjab",https://www.businesslist.pk/company/245625/jrj-instruments,businesslist_pk,scrapy,doctors-and-clinics,2026-08-21T20:27:17.269946+00:00
Instacare,doctors and clinics,https://instacare.pk/,"0310 0002273, +923224995562","149 B Main Broadway, DHA Phase 8, Lahore, Lahore, Punjab",https://www.businesslist.pk/company/252488/instacare,businesslist_pk,scrapy,doctors-and-clinics,2026-08-21T20:27:19.167906+00:00
Ali Medical Center-Cardiology,doctors and clinics,http://www.alimedical.org,(051)8090200,"F-8 Markaz Islamabad, Islamabad, Islamabad Capital Territory",https://www.businesslist.pk/company/244559/ali-medical-center-cardiology,businesslist_pk,scrapy,doctors-and-clinics,2026-08-21T20:27:20.986832+00:00
ZAI Ultrasound Clinic,doctors and clinics,http://zaiultrasound.com,+92512806144,"5 Ground Floor, Ghulam Rasool Plaza, 107 Blue Area, Islamabad, Islamabad Capital Territory",https://www.businesslist.pk/company/235272/zai-ultrasound-clinic,businesslist_pk,scrapy,doctors-and-clinics,2026-08-21T20:27:23.075218+00:00
Advanced Laparoscopic and Obesity Surgery Centre,doctors and clinics,http://www.facebook.com/aloscentre,03016062612,"Dr. Shahzad Amjad Khan, United Hospital, Off Kashmir Bridge, Eden Garden Road, Faisalabad, Faisalabad, Punjab",https://www.businesslist.pk/company/239908/advanced-laparoscopic-and-obesity-surgery-centre,businesslist_pk,scrapy,doctors-and-clinics,2026-08-21T20:27:24.868730+00:00
Bridge Consultants Foundation,doctors and clinics,http://www.bridgeresearch.org.pk,"+92-21-34535912, 34382758.","250/D, PECHS Block 6,Nursery Karachi, Sindh, Karachi, Sindh",https://www.businesslist.pk/company/102830/bridge-consultants-foundation,businesslist_pk,scrapy,doctors-and-clinics,2026-08-21T20:27:25.932212+00:00
Dar Al Shifa Medical &amp; Dental Center,doctors and clinics,http://www.daralshifamdc.com,021-35171191,"Mezzanine Floor, Plot no. 16-C, Khayaban-e-Sehar, Commercial Lane 4, Phase 7, DHA, Karachi, Karachi, Sindh",https://www.businesslist.pk/company/242823/dar-al-shifa-medical-dental-center,businesslist_pk,scrapy,doctors-and-clinics,2026-08-21T20:27:27.846373+00:00
Rehman Clinic,doctors and clinics,http://www.rehmanclinic.com.pk,92 053 3606520,"Bhimber Road, Gujrat, Punjab",https://www.businesslist.pk/company/240882/rehman-clinic,businesslist_pk,scrapy,doctors-and-clinics,2026-08-21T20:27:29.511270+00:00
Al-hussain Hospital,doctors and clinics,https://www.facebook.com/pg/AHHRwp,(051) 8466648,"Harley Street, Dhamial Road, Near Rose Marriage Hall, Rawalpindi, Punjab",https://www.businesslist.pk/company/246278/al-hussain-hospital,businesslist_pk,scrapy,doctors-and-clinics,2026-08-21T20:27:31.777638+00:00
Dar Al Shifa Medical &amp; Dental Center,doctors and clinics,http://www.daralshifamdc.com,00922135171191,"Mezzanine Floor, Plot no. 16-C, Khayaban-e-Sehar, Commercial Lane 4, Phase 7, DHA, Karachi, Karachi, Sindh",https://www.businesslist.pk/company/242828/dar-al-shifa-medical-dental-center,businesslist_pk,scrapy,doctors-and-clinics,2026-08-21T20:27:33.730737+00:00
Zaib Hospital &amp; Medical Center,doctors and clinics,http://www.chinesehospital.pk,03171172688,"61 R1 Block Johar Town, Lahore, Punjab",https://www.businesslist.pk/company/251780/zaib-hospitalmedical-center,businesslist_pk,scrapy,doctors-and-clinics,2026-08-21T20:27:35.253713+00:00
Aims Associates,audit and accounting,http://www.aimsassociates.com,"(92 21) 34526165, 34526166","Office No.710, 7th Floor, Portway Trade Center, S.M.C.H.S,  Main Shahra-e-Faisal, Karachi, Karachi, Sindh",https://www.businesslist.pk/company/160808/aims-associates,businesslist_pk,scrapy,audit-and-accounting,2026-08-21T20:27:36.987682+00:00
"Registration, SECP, FBR,  Property &amp; Visa",audit and accounting,,00923122255999,"Office# 11, Second Floor, Umair Plaza Near PSO Pump I-10 Markaz Islamabad , Islamabad, Islamabad Capital Territory",https://www.businesslist.pk/company/253377/registration-secp-fbr-propertyvisa,businesslist_pk,scrapy,audit-and-accounting,2026-08-21T20:27:38.593684+00:00
Tariq Qazi Management Consulting (TQMC),audit and accounting,http://www.tqmc.com.pk,+92514864787,"Office 5, 2nd Floor, Ahmed Center, I-8 Markaz, Islamabad, Pakistan, Islamabad, Islamabad Capital Territory",https://www.businesslist.pk/company/244193/tariq-qazi-management-consulting-tqmc,businesslist_pk,scrapy,audit-and-accounting,2026-08-21T20:27:40.115939+00:00
S.A.Farooqi &amp; Co,audit and accounting,http://www.safarooqi.com,+923345269448,"house no 4 , street 5A royal avenue, Park Road, Chak Shahzad, Islamabad, Islamabad, Islamabad Capital Territory",https://www.businesslist.pk/company/243892/safarooqico,businesslist_pk,scrapy,audit-and-accounting,2026-08-21T20:27:41.862660+00:00
Feroz Nisar Saeed &amp; Co.,audit and accounting,http://www.fnsca.com,(92 21) 32734401,"Suite #1,6th Floor,Rimpa Plaza,M.A.Jinnah Road, Karachi",https://www.businesslist.pk/company/183806/feroz-nisar-saeedco,businesslist_pk,scrapy,audit-and-accounting,2026-08-21T20:27:43.758423+00:00
Wallstreet Exchange Company (pvt) Ltd.,audit and accounting,,"(92 42) 36307770, 36367747, +92 -21-34326522","Shop No.15-17, Naqi Arcade, 71 The Mall Lahore, Lahore",https://www.businesslist.pk/company/147619/wallstreet-exchange-company-pvt-ltd,businesslist_pk,scrapy,audit-and-accounting,2026-08-21T20:27:45.563637+00:00
fastaccounts.pk,audit and accounting,https://fastaccounts.io/,+92 042 111 008 339,"62 T, Ground Floor, Block 6, Plot, P.E.C.H.S. Karachi, 75400, Lahore",https://www.businesslist.pk/company/255449/fastaccountspk,businesslist_pk,scrapy,audit-and-accounting,2026-08-21T20:27:47.746247+00:00
LedgerMax Accounting Software,audit and accounting,,+92 21 34559516-7,"Office # 602, Plot 5-Azyaam Plaza SMCHS Block A, Shahra-e-Faisal, Karachi, Sindh",https://www.businesslist.pk/company/249015/ledgermax-accounting-software,businesslist_pk,scrapy,audit-and-accounting,2026-08-21T20:27:49.583940+00:00
FixIT ConsulTech,audit and accounting,,+92 315 5255851,"Plot No. 360, Street # 5, I-9/3, Islamabad, Islamabad",https://www.businesslist.pk/company/255163/fixit-consultech,businesslist_pk,scrapy,audit-and-accounting,2026-08-21T20:27:50.936590+00:00
Sky Exchange,audit and accounting,,051-5566726,"Office # 17 and 39, Mall Plaza, The Mall, Saddar, Rawalpindi Cantt., Islamabad, Islamabad Capital Territory",https://www.businesslist.pk/company/253690/sky-exchange,businesslist_pk,scrapy,audit-and-accounting,2026-08-21T20:27:53.107412+00:00
Health Insurance in Pakistan,audit and accounting,,04235304444,"4 Sunflower Society, Block J1 Johar Town, Lahore, Lahore, Punjab",https://www.businesslist.pk/company/251040/health-insurance-in-pakistan,businesslist_pk,scrapy,audit-and-accounting,2026-08-21T20:27:54.782808+00:00
Q2 Solutions Pvt Ltd,audit and accounting,,+923337772737,"I-8, Markaz, Islamabad, Islamabad, Islamabad Capital Territory",https://www.businesslist.pk/company/250625/q2-solutions-pvt-ltd,businesslist_pk,scrapy,audit-and-accounting,2026-08-21T20:27:56.635921+00:00
BizTancy,audit and accounting,,32244464,"Karachi, Karachi, Sindh",https://www.businesslist.pk/company/245309/biztancy,businesslist_pk,scrapy,audit-and-accounting,2026-08-21T20:27:58.571798+00:00
ERP System | ERP Software Consulting,audit and accounting,,+92 311 1222815,"61 XX, Khayaban e Iqbal, Commercial DHA, Sector XX DHA Phase 3, Lahore, Punjab 54972, Pakistan, Lahore, Punjab",https://www.businesslist.pk/company/249183/erp-systemerp-software-consulting,businesslist_pk,scrapy,audit-and-accounting,2026-08-21T20:28:00.254272+00:00
Usman Rasheed and Co Chartered Accountants,audit and accounting,https://urcapk.com/,"0518899468,","EOBI House, URCA, 7th Floor, Service Road South, G-10/4 Islamabad, Islamabad",https://www.businesslist.pk/company/254996/usman-rasheed-and-co-chartered-accountants,businesslist_pk,scrapy,audit-and-accounting,2026-08-21T20:28:02.025520+00:00
Owais Law Associates,audit and accounting,,03200470870,"Kapoor Thalla House, Lake Road, Lahore, Lahore, Punjab",https://www.businesslist.pk/company/245520/owais-law-associates,businesslist_pk,scrapy,audit-and-accounting,2026-08-21T20:28:04.273530+00:00
Chartered accountant company,audit and accounting,,+92 21 3569-393-3,"Office # 105, First Floor, Al-Fatima Chambers, Near Passport Office, Saddar, Karachi, Karachi, Sindh",https://www.businesslist.pk/company/247978/chartered-accountant-company,businesslist_pk,scrapy,audit-and-accounting,2026-08-21T20:28:06.486581+00:00
Gensoft,audit and accounting,,0222786380,"saddar hyderabad , Hyderabad, Sindh",https://www.businesslist.pk/company/252287/gensoft,businesslist_pk,scrapy,audit-and-accounting,2026-08-21T20:28:08.149044+00:00
Ghazi &amp; Co.,audit and accounting,,"9261-4510441, +92 61 4581801"," Inner City, Multan, Punjab",https://www.businesslist.pk/company/95291/ghazico,businesslist_pk,scrapy,audit-and-accounting,2026-08-21T20:28:10.172063+00:00
Credit Agricole Indosuez (suisse) S.A.,banks credit unions,,"(92 21) 35878698, 35878697","D-118/2,Kehkeshan 5,Clifton, Karachi",https://www.businesslist.pk/company/182692/credit-agricole-indosuez-suisse-sa,businesslist_pk,scrapy,banks-credit-unions,2026-08-21T20:28:11.575822+00:00
Crescent Commercial Bank Ltd.,banks credit unions,,9221-111999333 / 5685317 / 5686468 / 5688008," Sidco Avenue Centre Maulana Deen M. Wafai Road, Sindh, Karachi, Sindh",https://www.businesslist.pk/company/95202/crescent-commercial-bank-ltd,businesslist_pk,scrapy,banks-credit-unions,2026-08-21T20:28:13.826622+00:00
Citibank N.A.,banks credit unions,,9241-111555555 / 2636050 / 2636041 / 2636042 / 2636043," Regency Arcade The Mall, Punjab, Faisalabad, Punjab",https://www.businesslist.pk/company/95189/citibank-na,businesslist_pk,scrapy,banks-credit-unions,2026-08-21T20:28:14.763701+00:00
Bank Alfalah Limited,banks credit unions,,048-3724139 / 3724138 / 3740600,"Liaquat Road Opp Jamia Masjid Hamid Ali,  Sargodha,  Punjab,  Pakistan, Sargodha",https://www.businesslist.pk/company/146827/bank-alfalah-limited,businesslist_pk,scrapy,banks-credit-unions,2026-08-21T20:28:16.965186+00:00
Bank Alfalah Limited,banks credit unions,,9221-111777786 / 2414040 / 2414030 / 2414031 / 2414032,"B.A. Building I.I.Chundrigar Road, Sindh, Karachi, Sindh",https://www.businesslist.pk/company/95158/bank-alfalah-limited,businesslist_pk,scrapy,banks-credit-unions,2026-08-21T20:28:18.787784+00:00
Crescent Standard Investment Bank Limited,banks credit unions,,9242-111912912 / 5875915 / 5875916,"Crescent Standard Tower, Gulberg III, Punjab, Lahore, Punjab",https://www.businesslist.pk/company/95209/crescent-standard-investment-bank-limited,businesslist_pk,scrapy,banks-credit-unions,2026-08-21T20:28:20.708032+00:00
Bank Alfalah Limited,banks credit unions,,9281-2827567 / 2841189," M.A. Jinnah Road, Balochistan, Quetta, Balochistan",https://www.businesslist.pk/company/95168/bank-alfalah-limited,businesslist_pk,scrapy,banks-credit-unions,2026-08-21T20:28:22.594875+00:00
Crescent Commercial Bank Ltd.(closed),banks credit unions,,"(92 21) 35689322, UAN : (92 21) 111-999-333","6th Floor,Sidco Avenue Centre,Maulana Deen M.Wafai Road, Karachi",https://www.businesslist.pk/company/182694/crescent-commercial-bank-ltdclosed,businesslist_pk,scrapy,banks-credit-unions,2026-08-21T20:28:24.679545+00:00
Bank Alfalah Limited,banks credit unions,,9241-111777786 / 2617439 / 2617436 / 2617433," State Life Bldg. Liaquat Road, Punjab, Faisalabad, Punjab",https://www.businesslist.pk/company/95164/bank-alfalah-limited,businesslist_pk,scrapy,banks-credit-unions,2026-08-21T20:28:26.673092+00:00
Bank Alfalah Limited,banks credit unions,,041-111777786 / 2617439 / 2617436 / 2617433,"Ground Floor,  State Life Bldg. Liaquat Road,  Faisalabad,  Punjab,  Pakistan",https://www.businesslist.pk/company/146833/bank-alfalah-limited,businesslist_pk,scrapy,banks-credit-unions,2026-08-21T20:28:28.834683+00:00
Bank Alfalah Limited,banks credit unions,,022-2786022 / 2786020 / 2784242,"Saddar Contonment Area Near Faran Hotel,  Hyderabad,  Sindh,  Pakistan, Hyderabad",https://www.businesslist.pk/company/146829/bank-alfalah-limited,businesslist_pk,scrapy,banks-credit-unions,2026-08-21T20:28:30.587872+00:00
Crescent Standard Investment Bank,banks credit unions,,9291-5284732 / 5284731,"1st Floor, The Mall, NWFP, Peshawar",https://www.businesslist.pk/company/95208/crescent-standard-investment-bank,businesslist_pk,scrapy,banks-credit-unions,2026-08-21T20:28:32.510069+00:00
Crescent Standard Investment Bank Ltd.,banks credit unions,,"(92 42) 35875915, 35875916, UAN : (92 42) 111-912-912","Crescent Standard Tower,10-B,Block E-2,Gulberg III, Lahore",https://www.businesslist.pk/company/182695/crescent-standard-investment-bank-ltd,businesslist_pk,scrapy,banks-credit-unions,2026-08-21T20:28:33.948358+00:00
Bank Alfalah Limited,banks credit unions,,041-8556674 / 8556673,"25-Z-101,  Susan Road Madina Town,  Faisalabad,  Punjab,  Pakistan",https://www.businesslist.pk/company/146825/bank-alfalah-limited,businesslist_pk,scrapy,banks-credit-unions,2026-08-21T20:28:35.760423+00:00
Bank Alfalah Limited,banks credit unions,,9255-3255516 / 3255556," G.T. Road Behind General Bus Stand, Punjab, Gujranwala, Punjab",https://www.businesslist.pk/company/95165/bank-alfalah-limited,businesslist_pk,scrapy,banks-credit-unions,2026-08-21T20:28:37.147159+00:00
Bank Alfalah Limited,banks credit unions,,042-111777786 / 5872711,"# 66,  Main Boulevard Gulberg,  Lahore,  Punjab,  Pakistan, Lahore",https://www.businesslist.pk/company/146828/bank-alfalah-limited,businesslist_pk,scrapy,banks-credit-unions,2026-08-21T20:28:39.164466+00:00
Bank Alfalah Limited,banks credit unions,,055-3255516 / 3255556,"Naqvi Building,  G.T. Road Behind General Bus Stand,  Gujranwala,  Punjab,  Pakistan, Gujranwala",https://www.businesslist.pk/company/146831/bank-alfalah-limited,businesslist_pk,scrapy,banks-credit-unions,2026-08-21T20:28:41.304817+00:00
Bank Alfalah Limited,banks credit unions,,051-2206987 / 2206986 / 2274703,"1-B,  Awan Arcade,  Jinnah Avenue Blue Area,  Islamabad,  Capital,  Pakistan",https://www.businesslist.pk/company/146830/bank-alfalah-limited,businesslist_pk,scrapy,banks-credit-unions,2026-08-21T20:28:43.363600+00:00
Bank Alfalah Limited,banks credit unions,,071-5628175 / 5628173 / 5624753,"B-2833/B-2851,  Frere Road (Sarrafa Bazar),  Sukkur,  Sindh,  Pakistan, Sukkur",https://www.businesslist.pk/company/146826/bank-alfalah-limited,businesslist_pk,scrapy,banks-credit-unions,2026-08-21T20:28:45.287457+00:00
Bank Alfalah Limited,banks credit unions,,9241-8556674 / 8556673," Susan Road Madina Town, Punjab, Faisalabad, Punjab",https://www.businesslist.pk/company/95159/bank-alfalah-limited,businesslist_pk,scrapy,banks-credit-unions,2026-08-21T20:28:46.735129+00:00
Abdul Rauf &amp; Sons,pharmacies,,9251-3410331,"The Mall, Punjab, Punjab",https://www.businesslist.pk/company/114190/abdul-raufsons,businesslist_pk,scrapy,pharmacies,2026-08-21T20:28:48.925655+00:00
Al-shifa Medicos,pharmacies,,(92 21) 32752521,"Opp: Anklesaria Hospital,Garden Road, Karachi",https://www.businesslist.pk/company/183858/al-shifa-medicos,businesslist_pk,scrapy,pharmacies,2026-08-21T20:28:50.551767+00:00
A.R. Traders,pharmacies,,9221-2761567 / 2722496,"Ireland Road Siddiq Wahab Road, Sindh, Karachi, Sindh",https://www.businesslist.pk/company/96756/ar-traders,businesslist_pk,scrapy,pharmacies,2026-08-21T20:28:52.639039+00:00
Kohs Pharmaceuticals (pvt.)Limited,pharmacies,,92-0223-880522,"P/8, S. I. T. E, P.O. Box: 75000, Hyderabad",https://www.businesslist.pk/company/212095/kohs-pharmaceuticals-pvtlimited,businesslist_pk,scrapy,pharmacies,2026-08-21T20:28:54.790008+00:00
Daew &amp; Co. Pharmaceuticals,pharmacies,,(92 21) 35651717,"1-Sunny Side Villa,15-C/L-8,Belgrave Street,Civil Lines,Near Clifton Bridge, Karachi",https://www.businesslist.pk/company/183860/daewco-pharmaceuticals,businesslist_pk,scrapy,pharmacies,2026-08-21T20:28:56.326114+00:00
Sunny Medico,pharmacies,,+92 21 35892781," Commercial Area, Korangi Road, Commercial Area A Phase 2 Defence Housing Authority, Karachi, Sindh",https://www.businesslist.pk/company/207095/sunny-medico,businesslist_pk,scrapy,pharmacies,2026-08-21T20:28:58.541652+00:00
E. Plomer &amp; CO,pharmacies,,"(92 42) 37353446, 37237100","26-shahrah-e-quaid-e-azam, Lahore",https://www.businesslist.pk/company/236456/e-plomerco,businesslist_pk,scrapy,pharmacies,2026-08-21T20:29:00.540474+00:00
Al-Abbas Chemist,pharmacies,,9221-6642935," Near Habib Bank North Nazimabad, Sindh, Karachi, Sindh",https://www.businesslist.pk/company/114274/al-abbas-chemist,businesslist_pk,scrapy,pharmacies,2026-08-21T20:29:02.015601+00:00
chemiclsshop,pharmacies,,002376307406,"12streetav, Gujrat, Balochistan",https://www.businesslist.pk/company/234882/chemiclsshop,businesslist_pk,scrapy,pharmacies,2026-08-21T20:29:03.887939+00:00
Abbas Medical Hall,pharmacies,,9281-2842876," Jinnah Road, Balochistan, Quetta, Balochistan",https://www.businesslist.pk/company/114185/abbas-medical-hall,businesslist_pk,scrapy,pharmacies,2026-08-21T20:29:05.408676+00:00
BioMed Pharmaceuticals,pharmacies,,92-21-4592476,"R-57/103 Asifabad Green Town, P.O. Box: 75000, Karachi, Sindh",https://www.businesslist.pk/company/226313/biomed-pharmaceuticals,businesslist_pk,scrapy,pharmacies,2026-08-21T20:29:06.810381+00:00
Ahmad Medical Store,pharmacies,,40244,"Rex City,Satiana Road",https://www.businesslist.pk/company/162760/ahmad-medical-store,businesslist_pk,scrapy,pharmacies,2026-08-21T20:29:08.415612+00:00
New S.j. Ghani,pharmacies,,(92 21) 37724439,"Opp:Ankelsaria Hospital,Garden Road, Karachi",https://www.businesslist.pk/company/183865/new-sj-ghani,businesslist_pk,scrapy,pharmacies,2026-08-21T20:29:10.164500+00:00
Ahmad Whole Sale Medicos,pharmacies,,021-5454417,"Main Metrovell Road, Frontier Chowk, S.I.T.E Karachi., Karachi",https://www.businesslist.pk/company/162761/ahmad-whole-sale-medicos,businesslist_pk,scrapy,pharmacies,2026-08-21T20:29:11.994842+00:00
Guardian Pharmacy,pharmacies,,"(92 42) 35870539, 35871796","59-A,C/3,Gulberg-III,Near Govt.College for Women, Lahore",https://www.businesslist.pk/company/183863/guardian-pharmacy,businesslist_pk,scrapy,pharmacies,2026-08-21T20:29:14.096504+00:00
Akbar &amp; Mohsin Store,pharmacies,,710966,"Arambagh Road, Karachi",https://www.businesslist.pk/company/162762/akbarmohsin-store,businesslist_pk,scrapy,pharmacies,2026-08-21T20:29:16.224842+00:00
Azam Medical Store,pharmacies,,+92 992 3814850,"Mansehra Road, Mandian, (Opp. Shafiq Medical Centre), Abbottabad, Khyber Pakhtunkhwa",https://www.businesslist.pk/company/228269/azam-medical-store,businesslist_pk,scrapy,pharmacies,2026-08-21T20:29:18.201835+00:00
Kay Chemists,pharmacies,,92-21-2639233,"Khwaja House, 1, Aram Bagh Road, P.O. Box: 74200, Karachi, Sindh",https://www.businesslist.pk/company/211688/kay-chemists,businesslist_pk,scrapy,pharmacies,2026-08-21T20:29:19.792188+00:00
Ahmed Medicos,pharmacies,,9242-5755775 / 5713345," Gulberg-III, Punjab, Lahore, Punjab",https://www.businesslist.pk/company/114253/ahmed-medicos,businesslist_pk,scrapy,pharmacies,2026-08-21T20:29:22.025825+00:00
Amazai Enterprises,pharmacies,,03319226241,"Setthi Market, Bank Road Mardan Pakistan, Mardan, Khyber Pakhtunkhwa",https://www.businesslist.pk/company/181436/amazai-enterprises,businesslist_pk,scrapy,pharmacies,2026-08-21T20:29:23.677429+00:00
Smcg By Marco-grande Abc &amp; Products,doctors and clinics,https://www.marcogrande.com,"+92 331 2334555, +92 51 8491112","Office # 3, Panther Plaza, F-8 Markaz , Islamabad, Islamabad Capital Territory",https://www.businesslist.pk/company/253005/smcg-by-marco-grande-abcproducts,businesslist_pk,scrapy,doctors-and-clinics,2026-08-21T20:29:24.982207+00:00
Dr.Hamid General Homoeo(Pvt)Ltd,doctors and clinics,http://www.drhamidstore.com,042-35700350,"LG-12 Divine Mega 2 Defence New Airport Road Opp Honda Point Lahore Cantt, Lahore, Punjab",https://www.businesslist.pk/company/249356/drhamid-general-homoeopvtltd,businesslist_pk,scrapy,doctors-and-clinics,2026-08-21T20:29:27.301327+00:00
HealthyLife.pk,doctors and clinics,http://www.healthylife.pk,0334 4325849,"Gulshan-e-Iqbal, Karachi, Sindh, Pakistan, Karachi, Sindh",https://www.businesslist.pk/company/243509/healthylifepk,businesslist_pk,scrapy,doctors-and-clinics,2026-08-21T20:29:28.576027+00:00
Pak surgical,doctors and clinics,http://www.paksurgical.com,0523254012,"abdullah street fateh garh sialkot, Sialkot, Punjab",https://www.businesslist.pk/company/246794/pak-surgical,businesslist_pk,scrapy,doctors-and-clinics,2026-08-21T20:29:30.803550+00:00
Hair Transplant In Lahore,doctors and clinics,http://www.snhc.com.pk/index.php,+92-42-35180533,"11 - C, Valancia Town, Lahore, Lahore, Punjab",https://www.businesslist.pk/company/241439/super-natural-hair-clinic,businesslist_pk,scrapy,doctors-and-clinics,2026-08-21T20:29:32.833902+00:00
KKT International Orthopedic Spine Center,doctors and clinics,http://www.kktpakistan.com,042111222558,"200,  Y Commercial Area, DHA, Phase III, Lahore, Punjab",https://www.businesslist.pk/company/244542/kkt-international-orthopedic-spine-center,businesslist_pk,scrapy,doctors-and-clinics,2026-08-21T20:29:34.844935+00:00
Pacific Impex,doctors and clinics,http://www.pacificsurgicalspk.com,03227453782,"ALLAH Ditta street, Gohad Pur, Sialkot, Punjab",https://www.businesslist.pk/company/244078/pacific-impex,businesslist_pk,scrapy,doctors-and-clinics,2026-08-21T20:29:37.013615+00:00
Islamabad Gastroenterology Associates,doctors and clinics,https://www.islamabadgastroenterologyassociates.com/,"051 2287720,  051 2287730","House no.9, Kaghan Road, F-8/3 Islamabad, Islamabad, Islamabad Capital Territory",https://www.businesslist.pk/company/249388/islamabad-gastroenterology-associates,businesslist_pk,scrapy,doctors-and-clinics,2026-08-21T20:29:39.074732+00:00
Hospital near me,doctors and clinics,https://hospitals.aku.edu/pakistan/,+92 21 111 911 911,"National Stadium Rd, Aga Khan University Hospital, Karachi, Karachi City, Sindh 74800, Pakistan, Karachi, Sindh",https://www.businesslist.pk/company/247493/hospital-near-me,businesslist_pk,scrapy,doctors-and-clinics,2026-08-21T20:29:41.037297+00:00
Aesthetics Cosmetic Centre,doctors and clinics,http://aestheticscosmeticcentre.com,"042 35871002-3, +92 (0320) 4112222","42/A, C/1 Gulberg III, Lahore, Punjab",https://www.businesslist.pk/company/244514/aesthetics-cosmetic-centre,businesslist_pk,scrapy,doctors-and-clinics,2026-08-21T20:29:42.922858+00:00
Dr Rashid Saeed,doctors and clinics,https://drrashidsaeed.com/,0305-7740294,"National Hospital, DHA Phase 1, Lahore, Punjab",https://www.businesslist.pk/company/251877/dr-rashid-saeed,businesslist_pk,scrapy,doctors-and-clinics,2026-08-21T20:29:45.087318+00:00
Prof. DR Zubair Ahmed,doctors and clinics,http://entspecialistdrzubair.com,0332-222-3438,"1 Zafar Ali Road, Surgimed Hospital, Lahore, Punjab",https://www.businesslist.pk/company/245455/prof-dr-zubair-ahmed,businesslist_pk,scrapy,doctors-and-clinics,2026-08-21T20:29:46.992149+00:00
Dawakhana Hakim Ajmal Khan,doctors and clinics,http://ajmal.pk,"+924235123379, +92 42 111 125 625","155-M, Quaid-e-Azam Industrial Estate, Lahore - Pakistan, Lahore, Punjab",https://www.businesslist.pk/company/251563/dawakhana-hakim-ajmal-khan,businesslist_pk,scrapy,doctors-and-clinics,2026-08-21T20:29:48.542079+00:00
Nasim laser Skin Aesthetic,doctors and clinics,https://nasimlasercenter.com/,03003332024,"house 4 h block Johar Town, Canal Road،, Block H Phase 2, Johar Town, Lahore, Punjab, Lahore, Punjab",https://www.businesslist.pk/company/252286/nasim-laser-skin-aesthetic,businesslist_pk,scrapy,doctors-and-clinics,2026-08-21T20:29:50.685255+00:00
Myetsymart,doctors and clinics,https://myetsymart.com/,+923003861222,"Street No 7 Near SPS Gate Ahmadpur Road Bahawalpur, Bahawalpur, Punjab",https://www.businesslist.pk/company/251197/myetsymart,businesslist_pk,scrapy,doctors-and-clinics,2026-08-21T20:29:52.056525+00:00
Baunus Enterprise,doctors and clinics,http://www.baunus.net,+923216164683,"Tonken PO Gulbahar Chaprar Road Sialkot 51310 Pakistan, Sialkot, Punjab",https://www.businesslist.pk/company/250409/baunus-enterprise,businesslist_pk,scrapy,doctors-and-clinics,2026-08-21T20:29:54.211455+00:00
Services Mix,doctors and clinics,,34985167-34822522,"Suite # 15, 2nd Floor, H.J Center, Block 13-B, Gulshan-E-Iqbal., Karachi, Sindh",https://www.businesslist.pk/company/235222/services-mix,businesslist_pk,scrapy,doctors-and-clinics,2026-08-21T20:29:55.892408+00:00
Lahore Medical Instruments (PVT) LTD,doctors and clinics,http://www.lmi.com.pk/,+92492716118,"48 Km, Lahore Kasur Road, Lahore, Kasur, Punjab",https://www.businesslist.pk/company/246704/lahore-medical-instruments-pvt-ltd,businesslist_pk,scrapy,doctors-and-clinics,2026-08-21T20:29:57.607671+00:00
Biovision,doctors and clinics,http://www.biovision.com.pk,+923008630220,"16 M Block, Near Khokar chowk,beside Silk bank, Johar Town, Lahore, Punjab",https://www.businesslist.pk/company/240416/biovision,businesslist_pk,scrapy,doctors-and-clinics,2026-08-21T20:29:59.845249+00:00
SJ Dental Hospital,doctors and clinics,https://sjdental.pk/,051 8432163,"Main Service Rd, NPF E 11/4, Islamabad, Islamabad, Islamabad Capital Territory",https://www.businesslist.pk/company/252264/sj-dental-hospital,businesslist_pk,scrapy,doctors-and-clinics,2026-08-21T20:30:01.966540+00:00
RSM Islamabad,audit and accounting,,051 2114096,"H#136-B, Street 43, F-10/4, Islamabad, Islamabad Capital Territory",https://www.businesslist.pk/company/246193/rsm-islamabad,businesslist_pk,scrapy,audit-and-accounting,2026-08-21T20:30:04.125892+00:00
TMR Consulting (pvt) ltd.,audit and accounting,,423516003334,"house no. 246-A, HBFC GOR V, Faisal Town Lahore, Pakistan, Lahore, Punjab",https://www.businesslist.pk/company/251493/tmr-consulting-pvt-ltd,businesslist_pk,scrapy,audit-and-accounting,2026-08-21T20:30:05.199637+00:00
Mazdoo Accounting &amp; Bookkeeping Service,audit and accounting,,03003581527,"Business Center SITE Avenue Karachi, Karachi, Sindh",https://www.businesslist.pk/company/244842/mazdoo-accountingbookkeeping-service,businesslist_pk,scrapy,audit-and-accounting,2026-08-21T20:30:06.906023+00:00
Agha Mujeeb &amp; Co. Chartered Accountants,audit and accounting,https://aghamujeeb.com/,+92515562582,"Mall Plaza Annexe, Mall Rd, opp. PTCL exchange, Saddar, Rawalpindi, Punjab 46000, Rawalpindi",https://www.businesslist.pk/company/255013/agha-mujeebco-chartered-accountants,businesslist_pk,scrapy,audit-and-accounting,2026-08-21T20:30:08.140101+00:00
Accounting Bookkeepers,audit and accounting,https://accountingbookkeepers.com/,+92-213-452-4696,"Suit 107&amp;108, Kings Trade Center, behind Bank Alfalah, Block 3 Block 3 A Gulistan-e-Johar, Karachi, Karachi City, Sindh, Karachi",https://www.businesslist.pk/company/256151/accounting-bookkeepers,businesslist_pk,scrapy,audit-and-accounting,2026-08-21T20:30:10.271569+00:00
Exifo Business Solutions,audit and accounting,https://exifosolutions.wordpress.com/our-team/,+923453746418,"Saunset Lane I, DHA Phase II Ext. Karachi, Karachi, Sindh",https://www.businesslist.pk/company/242703/exifo-business-solutions,businesslist_pk,scrapy,audit-and-accounting,2026-08-21T20:30:11.923566+00:00
Australia &amp; Pakistan Educational | Health | Legal,audit and accounting,,+9221-34170412-3-4,"Haroon Royal City, Block-17, Gulistan-e-Jauhar,, Karachi, Sindh",https://www.businesslist.pk/company/248715/australiapakistan-educationalhealthlegal,businesslist_pk,scrapy,audit-and-accounting,2026-08-21T20:30:13.611877+00:00
Astro Associates Islamabad,audit and accounting,http://www.astroassociates.com/,00923336346404,"Flat No 8 ,2nd Floor Aghaz Plaza F-8 Markz Islamabad, Pakpattan, Islamabad Capital Territory",https://www.businesslist.pk/company/245777/astro-associates-islamabad,businesslist_pk,scrapy,audit-and-accounting,2026-08-21T20:30:15.724047+00:00
B.Shaheer &amp; Co.,audit and accounting,,+92-3318660745,"2nd Floor Fazal Building Kutchery Road, Sialkot, Punjab",https://www.businesslist.pk/company/243974/bshaheerco,businesslist_pk,scrapy,audit-and-accounting,2026-08-21T20:30:17.206090+00:00
TMR Consulting (pvt) ltd.,audit and accounting,,423516003334,"house no. 246-A, HBFC GOR V, Faisal Town Lahore, Pakistan, Lahore, Punjab",https://www.businesslist.pk/company/251452/tmr-consulting-pvt-ltd,businesslist_pk,scrapy,audit-and-accounting,2026-08-21T20:30:18.780849+00:00
Maqbool Haroon Shahid Safdar &amp; Co.,audit and accounting,https://www.mhssco.com/,+924235759501-3,"71 C-3, Gulberg III, Lahore, Lahore, Punjab",https://www.businesslist.pk/company/247795/maqbool-haroon-shahid-safdarco,businesslist_pk,scrapy,audit-and-accounting,2026-08-21T20:30:20.500622+00:00
TMR Consulting (pvt) ltd.,audit and accounting,,042-35160033-34,"246 HBFC GOR V, Faisal Town Lahore, Lahore, Punjab",https://www.businesslist.pk/company/251275/tmr-consulting-pvt-ltd,businesslist_pk,scrapy,audit-and-accounting,2026-08-21T20:30:22.191339+00:00
The Bank of Punjab,audit and accounting,https://www.bop.com.pk,"9261-4511384 / 4511385, +92 42 35783700","Cantt., Punjab, Multan, Punjab",https://www.businesslist.pk/company/95700/the-bank-of-punjab,businesslist_pk,scrapy,audit-and-accounting,2026-08-21T20:30:23.989713+00:00
IMnS Associates,audit and accounting,https://www.imnsassociates.com/,+92 213 2464106,"607, KS Trade Tower, Shahrah-e-Liaquat, Seari Quarters, Karachi, Karachi City, Sindh 74000, Karachi",https://www.businesslist.pk/company/256825/imns-associates,businesslist_pk,scrapy,audit-and-accounting,2026-08-21T20:30:26.021316+00:00
Total Consulting (pvt.) Limited,audit and accounting,http://www.totalconsultingintl.com,03005395466,"OFFICE 9, FIRST FLOOR, RAJA HAQ NAWAZ PLAZA, G-11 MARKAZ, ISLAMABAD, Islamabad, Islamabad Capital Territory",https://www.businesslist.pk/company/245083/total-consulting-pvt-limited,businesslist_pk,scrapy,audit-and-accounting,2026-08-21T20:30:28.097880+00:00
J Tax (Income Tax and Sales Tax Consultancy),audit and accounting,,03036262367,"District Courts Faisalabad, Faisalabad, Punjab",https://www.businesslist.pk/company/252429/j-tax-income-tax-and-sales-tax-consultancy,businesslist_pk,scrapy,audit-and-accounting,2026-08-21T20:30:30.205247+00:00
Hussain Associates,audit and accounting,http://www.hussainassociate.com,0300-2689730,"Haidery, North Nazimabad, Karachi, Sindh",https://www.businesslist.pk/company/241767/hussain-associates,businesslist_pk,scrapy,audit-and-accounting,2026-08-21T20:30:32.122744+00:00
Meritorious Consultants,audit and accounting,,03014622472,"HOUSE 21, ST 8 A, MUHAMMAD PURA ICHHRA, LAHORE, Lahore, Punjab",https://www.businesslist.pk/company/246387/meritorious-consultants,businesslist_pk,scrapy,audit-and-accounting,2026-08-21T20:30:33.544154+00:00
Akram and Company,audit and accounting,http://akramandco.com,00923009663451,"Upper Storey, HBL, Adjacent to Toyota Faisalabad Motors, West Canal Road, Faisalabad, Faisalabad, Punjab",https://www.businesslist.pk/company/243360/akram-and-company,businesslist_pk,scrapy,audit-and-accounting,2026-08-21T20:30:35.417805+00:00
American Express Bank Ltd.,banks credit unions,,9221-111786111 / 2630349 / 2630343 / 2631372 / 2630340,"Shaheen Commercial Complex Dr. Ziauddin Ahmed Road, Sindh, Karachi, Sindh",https://www.businesslist.pk/company/95104/american-express-bank-ltd,businesslist_pk,scrapy,banks-credit-unions,2026-08-21T20:30:37.433888+00:00
Atlas Investment Bank Ltd.,banks credit unions,,9221-5866820 / 5866817 / 5866919,"3rd Floor, Clifton, Sindh, Karachi, Sindh",https://www.businesslist.pk/company/95137/atlas-investment-bank-ltd,businesslist_pk,scrapy,banks-credit-unions,2026-08-21T20:30:38.797688+00:00
Bank Alfalah Limited,banks credit unions,,9242-111777786 / 5872711," Main Boulevard Gulberg, Punjab, Lahore, Punjab",https://www.businesslist.pk/company/95156/bank-alfalah-limited,businesslist_pk,scrapy,banks-credit-unions,2026-08-21T20:30:39.567907+00:00
Askari Commercial Bank Ltd.,banks credit unions,,9251-111000787 / 9045203 / 9272150 / 9272153 / 9272152," The Mall, Punjab, Rawalpini, Punjab",https://www.businesslist.pk/company/95120/askari-commercial-bank-ltd,businesslist_pk,scrapy,banks-credit-unions,2026-08-21T20:30:42.178513+00:00
Al-Meezan Mutual Fund Limited,banks credit unions,,9221-5660736 / 5660735,"4th Floor, Block-C, Shahrah-e-Faisal, Sindh, Karachi, Sindh",https://www.businesslist.pk/company/95058/al-meezan-mutual-fund-limited,businesslist_pk,scrapy,banks-credit-unions,2026-08-21T20:30:42.884263+00:00
Al-meezan Investment Bank Ltd.,banks credit unions,,9221-5650776 / 5650771 / 5660738 / 5660739,"4th Floor, FTC Shahra-e-Faisal, Sindh, Karachi, Sindh",https://www.businesslist.pk/company/95057/al-meezan-investment-bank-ltd,businesslist_pk,scrapy,banks-credit-unions,2026-08-21T20:30:44.710206+00:00
T.c. Ziraat Bankasi A.s.,banks credit unions,,(92 21) 35610448,"Ground Floor,Bahria Complex-I,M.T.Khan Road, Karachi, Sindh",https://www.businesslist.pk/company/182735/tc-ziraat-bankasi-as,businesslist_pk,scrapy,banks-credit-unions,2026-08-21T20:30:46.713261+00:00
Askari Commercial Bank Ltd.,banks credit unions,,9222-2783618 / 2783620 / 2783616,"333 Saddar Bazar, Sindh, Faisalabad, Sindh",https://www.businesslist.pk/company/95116/askari-commercial-bank-ltd,businesslist_pk,scrapy,banks-credit-unions,2026-08-21T20:30:48.859908+00:00
Askari Commercial Bank Ltd.,banks credit unions,,9281-2833988 / 2833889," Cantt., Balochistan, Quetta, Balochistan",https://www.businesslist.pk/company/95126/askari-commercial-bank-ltd,businesslist_pk,scrapy,banks-credit-unions,2026-08-21T20:30:49.793133+00:00
Abn-amro Bank,banks credit unions,,9221-111112233 / 5683097 / 5687580 / 5687581 / 5687582,"16 Abdullah Haroon Road Near Karachi Marriott Hotel P.O.Box 4096, Sindh, Karachi, Sindh",https://www.businesslist.pk/company/95047/abn-amro-bank,businesslist_pk,scrapy,banks-credit-unions,2026-08-21T20:30:51.626723+00:00
Bank Al-habib Ltd.,banks credit unions,,9221-111786110 / 2412421 / 2412986 / 2412989," Mackinnons Building I.I.Chundrigar Road, Sindh, Karachi, Sindh",https://www.businesslist.pk/company/95154/bank-al-habib-ltd,businesslist_pk,scrapy,banks-credit-unions,2026-08-21T20:30:53.810824+00:00
Virtual Credit Card Solution in Pakistan - Vccsale,banks credit unions,,+92-3008003966,"13 - 2nd Floor Al-Hafeez Shopping Center Shop # 24 Gulberg Lahore Lahore, Pakistan, Lahore",https://www.businesslist.pk/company/240507/virtual-credit-card-solution-in-pakistan-vccsale,businesslist_pk,scrapy,banks-credit-unions,2026-08-21T20:30:55.347074+00:00
Askari Bank Ltd.,banks credit unions,,"(92 21) 39232565, 39232568","Zeenat Terrace,265 Block No.3,Bahadurabad, Karachi",https://www.businesslist.pk/company/182687/askari-bank-ltd,businesslist_pk,scrapy,banks-credit-unions,2026-08-21T20:30:56.504568+00:00
mass corp,banks credit unions,,92-3212110343,"4-C, Mezzanine floor, Ittehad Lane 12, Phase II Ext, D.H.A, Pakistan, sind, Karachi",https://www.businesslist.pk/company/95004/mass-corp,businesslist_pk,scrapy,banks-credit-unions,2026-08-21T20:30:57.463545+00:00
Al-meezan Investment Management Limited,banks credit unions,,"(92 42) 35783605, 35783612","Office #1,Ground Floor,Leeds Center,Gulberg-III,Main Boulevard Road, Lahore",https://www.businesslist.pk/company/182159/al-meezan-investment-management-limited,businesslist_pk,scrapy,banks-credit-unions,2026-08-21T20:30:58.459837+00:00
Askari Commercial Bank Ltd.,banks credit unions,,9221-111000786 / 2630330 / 2630731 / 2636260 / 2630733," AWT Plaza I.I.Chundrigar Road, Sindh, Karachi, Sindh",https://www.businesslist.pk/company/95123/askari-commercial-bank-ltd,businesslist_pk,scrapy,banks-credit-unions,2026-08-21T20:31:00.716543+00:00
Al-meezan Investment Bank Ltd.(changed TO Meezan Bank Ltd),banks credit unions,,"(92 21) 35650776, 35650771","4th Floor,Block-C,FTC,Shahra-e-Faisal, Karachi",https://www.businesslist.pk/company/182685/al-meezan-investment-bank-ltdchanged-to-meezan-bank-ltd,businesslist_pk,scrapy,banks-credit-unions,2026-08-21T20:31:02.106048+00:00
Telenor Microfinance Bank (TMB),banks credit unions,,+9221111826337,"Sindh, Karachi",https://www.businesslist.pk/company/256840/telenor-microfinance-bank-tmb,businesslist_pk,scrapy,banks-credit-unions,2026-08-21T20:31:03.978203+00:00
Zarai Taraqiati Bank Limited,banks credit unions,,9221-4613695 / 4612801 / 4613617,"ST-4/3, Scheme #36 Gulistan-e-Jauhar, Sindh, Karachi, Sindh",https://www.businesslist.pk/company/95754/zarai-taraqiati-bank-limited,businesslist_pk,scrapy,banks-credit-unions,2026-08-21T20:31:06.309383+00:00
Bank Al-habib Ltd.,banks credit unions,,9241-111786110 / 2624128,"Bank Square Outside Kutchery Bazar, Punjab, Faisalabad, Punjab",https://www.businesslist.pk/company/95151/bank-al-habib-ltd,businesslist_pk,scrapy,banks-credit-unions,2026-08-21T20:31:07.258955+00:00
Medicos Marketing,pharmacies,,(92 21) 32780369,"126,1st Floor,Al-Amna Plaza,Opp Capri Cinema,M.A. Jinnah Road, Karachi, Sindh",https://www.businesslist.pk/company/183864/medicos-marketing,businesslist_pk,scrapy,pharmacies,2026-08-21T20:31:09.303590+00:00
SafeWay Pharma,pharmacies,,3252610302,"21 liberty rd, Dera Ghazi Khan, Gilgit-Baltistan",https://www.businesslist.pk/company/246966/safeway-pharma,businesslist_pk,scrapy,pharmacies,2026-08-21T20:31:10.728271+00:00
"Wuhu Huahai Biological engineering Co., Ltd.",pharmacies,,86-0553-3826710,"7/L,NO.82,North Zhongshan road, Karachi",https://www.businesslist.pk/company/197544/wuhu-huahai-biological-engineering-co-ltd,businesslist_pk,scrapy,pharmacies,2026-08-21T20:31:12.579520+00:00
United Meds Shop,pharmacies,,+1-323-455-4676,"1699 Olazu Square, United State, Abbottabad, Islamabad Capital Territory",https://www.businesslist.pk/company/253525/united-meds-shop,businesslist_pk,scrapy,pharmacies,2026-08-21T20:31:14.867939+00:00
"Wuhan Fulai Pharmaceutical Technology Co.,Ltd",pharmacies,,0086-27-83338487,"Longxin Industrial Park,Wuhan City,Hubei Province,China",https://www.businesslist.pk/company/197577/wuhan-fulai-pharmaceutical-technology-coltd,businesslist_pk,scrapy,pharmacies,2026-08-21T20:31:16.847722+00:00
W. Wilson Chemists,pharmacies,,+92 515700095,"Al Amin Plaza, 10 Mall Rd, Saddar, Rawalpindi, Punjab",https://www.businesslist.pk/company/148183/w-wilson-chemists,businesslist_pk,scrapy,pharmacies,2026-08-21T20:31:18.583587+00:00
Sanofi-aventis Pakistan Ltd.,pharmacies,,"(92 61) 6538254, 6538251, +92 21 35060221-35","Plot No.1/C-7, Industrial Area, Near Bilal Cotton Factory Multan, Multan",https://www.businesslist.pk/company/117956/sanofi-aventis-pakistan-ltd,businesslist_pk,scrapy,pharmacies,2026-08-21T20:31:20.732857+00:00
Care Pharma +,pharmacies,http://www.facebook.com/carepharmaplus,0685877103,"5-Jail Road, Opposite Emergency Sh.Zayyed Hospital, Rahim Yar Khan, Punjab",https://www.businesslist.pk/company/246422/care-pharma-,businesslist_pk,scrapy,pharmacies,2026-08-21T20:31:22.927927+00:00
Fazal Din &amp; Sons,pharmacies,,+92 306 1556999,"53 Shahrah-e-Quaid-e-Azam, Lahore, Punjab",https://www.businesslist.pk/company/114896/fazal-dinsons,businesslist_pk,scrapy,pharmacies,2026-08-21T20:31:24.515041+00:00
Ent specialist Nasheed Baig,pharmacies,,051 5481172,"Maryam Memorial Hospital, Peshawar Road, Rawalpindi, Punjab",https://www.businesslist.pk/company/244370/ent-specialist-nasheed-baig,businesslist_pk,scrapy,pharmacies,2026-08-21T20:31:26.534582+00:00
"Manley Biological Technology Co.,LTD",pharmacies,,15265412562,"5123 annue street, Gojra, Islamabad Capital Territory",https://www.businesslist.pk/company/246287/manley-biological-technology-coltd,businesslist_pk,scrapy,pharmacies,2026-08-21T20:31:28.882857+00:00
Ryan,pharmacies,,+922133575684,"338 Garden park ave, Gujrat",https://www.businesslist.pk/company/257409/ryan,businesslist_pk,scrapy,pharmacies,2026-08-21T20:31:30.744304+00:00
Rukha Pharmaceuticals,pharmacies,,"92-42-5715260, +92 322 7172645","Sundar Industrial Estate, Lahore, Punjab",https://www.businesslist.pk/company/222650/rukha-pharmaceuticals,businesslist_pk,scrapy,pharmacies,2026-08-21T20:31:32.531384+00:00
"Gaosheng Biotechnology Co., Ltd",pharmacies,,453682357496,"5123 anue street, Dera Ghazi Khan, Federally Administered Tribal Areas",https://www.businesslist.pk/company/244850/gaosheng-biotechnology-co-ltd,businesslist_pk,scrapy,pharmacies,2026-08-21T20:31:34.723250+00:00
Afro Asia Trading Company,pharmacies,,+92 3342996677,"305, 3rd Floor, Chapal Plaza, Hasrat Mohani Road, Karachi",https://www.businesslist.pk/company/257930/afro-asia-trading-company,businesslist_pk,scrapy,pharmacies,2026-08-21T20:31:36.522761+00:00
Rehman Drug Agency,pharmacies,,"9252-4595673, 052-4594597, 052-3554330, 052-3550302","Locus Building, opposite Allied Bank Khadim Ali road, Sialkot, Sialkot, Punjab",https://www.businesslist.pk/company/115994/rehman-drug-agencies,businesslist_pk,scrapy,pharmacies,2026-08-21T20:31:38.557676+00:00
Makenchemstore ltd,pharmacies,,+1 213 935 9834,"avenue na 1, Gujranwala, Gilgit-Baltistan",https://www.businesslist.pk/company/246428/makenchemstore-ltd,businesslist_pk,scrapy,pharmacies,2026-08-21T20:31:40.667277+00:00
Medical Store,pharmacies,,0323-6334225,"Karachi, Pakistan, Karachi, Sindh",https://www.businesslist.pk/company/251416/medical-store,businesslist_pk,scrapy,pharmacies,2026-08-21T20:31:42.803601+00:00
Multicare Distribution Services Pvt Ltd,pharmacies,,,"Room No. 95, 7th Floor, Ghafur Chambers, Abdullah Haroon Road., Karachi, Sindh",https://www.businesslist.pk/company/117636/multicare-distribution-services-company,businesslist_pk,scrapy,pharmacies,2026-08-21T20:31:44.531983+00:00
international pharma labs,pharmacies,,0092- 321 –4466882,"1 K.M TOWARDS KAHNA DEFENCE ROAD BHOBTIAN CHOWK RAIWIND ROAD LAHORE  PAKISTAN. , Lahore, Punjab",https://www.businesslist.pk/company/240509/international-pharma-labs,businesslist_pk,scrapy,pharmacies,2026-08-21T20:31:45.774870+00:00
Wada Clinic,doctors and clinics,https://wadaclinic.blogspot.com,"+92 333 5433822, 051-4834530","5 Holy Family Hospital Gate No.1, Block E Satellite Town, Rawalpindi, Punjab",https://www.businesslist.pk/company/112747/wada-clinic,businesslist_pk,scrapy,doctors-and-clinics,2026-08-21T20:31:48.059212+00:00
Hayaat.pk,doctors and clinics,https://hayaat.pk/,"042-32532266, +923400004399","26A, Block J3, Johar Town Near Expo Center, Lahore, Punjab",https://www.businesslist.pk/company/246247/hayaatpk,businesslist_pk,scrapy,doctors-and-clinics,2026-08-21T20:31:50.173671+00:00
Leading Fertility Gynaecologist,doctors and clinics,https://www.bestgynaecologistlahore.com/,423008085150,"Opp. Governor House Main Gate, 2 Shahrah Aiwan-e-Sanat-o-Tijarat, G.O.R. - I, Lahore, Punjab",https://www.businesslist.pk/company/250289/leading-fertility-gynaecologist,businesslist_pk,scrapy,doctors-and-clinics,2026-08-21T20:31:51.228822+00:00
Dazzling Star International,doctors and clinics,http://www.dazzlingstar.com.pk,+92 52 3560749,"Pul Aik, Daska Road, Street Fahad Munir, Sialkot-Pakistan., Sialkot, Punjab",https://www.businesslist.pk/company/245898/dazzling-star-international,businesslist_pk,scrapy,doctors-and-clinics,2026-08-21T20:31:53.188669+00:00
ZhongBa Hospital,doctors and clinics,http://www.andrology.pk/,+923064112299,"ZhongBa Hospital  61/R1 M.A. Johar Town, Shahdiwal Chowk Lahore-Pakistan, Lahore, Punjab",https://www.businesslist.pk/company/245097/zhongba-hospital,businesslist_pk,scrapy,doctors-and-clinics,2026-08-21T20:31:55.404183+00:00
MediCamp Distributor- MCD,doctors and clinics,http://www.medicampint.com/,0092-51-4252033,"177/C Sarwar Road , Rawalpindi- Pakistan, Rawalpindi, Punjab",https://www.businesslist.pk/company/241404/medicamp-distributor-mcd,businesslist_pk,scrapy,doctors-and-clinics,2026-08-21T20:31:57.422897+00:00
CME Consultants CHINA MBBS,doctors and clinics,http://www.mbbschina.asia,091-5603239,"Head Office FF-447 Deans Trade Center Peshawar Cantt Peshawar Cantt KPK Pakistan, 25000, Peshawar, Khyber Pakhtunkhwa",https://www.businesslist.pk/company/248223/cme-consultants-china-mbbs,businesslist_pk,scrapy,doctors-and-clinics,2026-08-21T20:31:59.622329+00:00
Dr. Nakhoda&#039;s Skin Institute,doctors and clinics,http://drnakhodas.com/,+92-302-2935606,"Block 9, Clifton, Behind Sofitel (Ocean) Towers Karachi - 75600, Pakistan, Karachi, Sindh",https://www.businesslist.pk/company/248016/dr-nakhodas-skin-institute,businesslist_pk,scrapy,doctors-and-clinics,2026-08-21T20:32:01.647372+00:00
Neurosurgeon (Brain &amp; Spine Specialist) - Headache/Backpain,doctors and clinics,,04236817857,"Shalimar Hospital Lahore., Lahore, Punjab",https://www.businesslist.pk/company/244511/best-neurosurgeon,businesslist_pk,scrapy,doctors-and-clinics,2026-08-21T20:32:02.789447+00:00
Denticon Surgical Instruments,doctors and clinics,http://www.denticon.com.pk,92 52 3259425,"Green Town Bograh, Haji Pura, Daska Road,51310 Sialkot-Pakistan, Sialkot, Punjab",https://www.businesslist.pk/company/251422/denticon-surgical-instruments,businesslist_pk,scrapy,doctors-and-clinics,2026-08-21T20:32:04.691389+00:00
Glute white,doctors and clinics,https://glutathione-pills-price-in-pakistan.blogspot.com/,03134991116,"pakistan, Lahore, Punjab",https://www.businesslist.pk/company/245904/glute-white,businesslist_pk,scrapy,doctors-and-clinics,2026-08-21T20:32:06.832194+00:00
Mericon Enterprise,doctors and clinics,http://www.mericonenterprise.webs.com.pk,03223394736," SADDAR KARACHI, Karachi, Sindh",https://www.businesslist.pk/company/241188/mericon-enterprise,businesslist_pk,scrapy,doctors-and-clinics,2026-08-21T20:32:08.501376+00:00
ZAMAHA Dental Supplies,doctors and clinics,http://www.zamaha.com/new,923338615589,"P.O.Box 2382, Sialkot, Punjab",https://www.businesslist.pk/company/234879/zamaha-dental-supplies,businesslist_pk,scrapy,doctors-and-clinics,2026-08-21T20:32:10.732460+00:00
Optimum Kidney Dialysis &amp; Health Services,doctors and clinics,https://www.facebook.com/OKDHS/,02135801925,"Building No. 100C, 1st Floor, Main Khayaban e Ittehad road, Phase II- Ext, DHA, Karachi, Pakistan. , Karachi, Sindh",https://www.businesslist.pk/company/244020/optimum-kidney-dialysishealth-services,businesslist_pk,scrapy,doctors-and-clinics,2026-08-21T20:32:12.718019+00:00
Naaday Ali Surgical,doctors and clinics,http://naadayalisurgical.com/,+923014761404,"Kalowali Syedan P/O Qilla Ahmad Abad, Teh. Pasrur, Distt. Sialkot, Sialkot, Punjab",https://www.businesslist.pk/company/249793/naaday-ali-surgical,businesslist_pk,scrapy,doctors-and-clinics,2026-08-21T20:32:14.846054+00:00
Pakistan Physio and Rehab Center,doctors and clinics,http://pakistanphysioandrehabcenter.com,"03331979899,03314951157","1-Commercial, E Block, Al-Abbas Hieghts, Canal Gardens,Lahore, Lahore, Punjab",https://www.businesslist.pk/company/250057/pakistan-physio-and-rehab-center,businesslist_pk,scrapy,doctors-and-clinics,2026-08-21T20:32:16.699371+00:00
Anorectal Hospital,doctors and clinics,http://www.anorectal.net/,03360158888,"61/R1 Johar town near Meezan Bank Shadiwal Chowk, Lahore, Punjab",https://www.businesslist.pk/company/248898/anorectal-hospital,businesslist_pk,scrapy,doctors-and-clinics,2026-08-21T20:32:18.079576+00:00
Sams Health Spa and Wellness Center,doctors and clinics,http://www.sams.pk,0092-42-35714240/41 or 0092-42-35707427/28 or 03224107350,"40 B1 , gulberg 3, off M.M Alam road, Lahore, Pakistan, Lahore, Punjab",https://www.businesslist.pk/company/240898/sams-health-spa-and-wellness-center,businesslist_pk,scrapy,doctors-and-clinics,2026-08-21T20:32:20.005419+00:00
Elixir Hair Transplant Clinic Islamabad,doctors and clinics,http://www.elixir.org.pk/,300 9055660,"House No.5-A, Double Road, F-11/1, Islamabad, Pakistan, Islamabad, Islamabad Capital Territory",https://www.businesslist.pk/company/247116/elixir-hair-transplant-clinic-islamabad,businesslist_pk,scrapy,doctors-and-clinics,2026-08-21T20:32:21.460730+00:00
Akountmate,audit and accounting,https://www.akountmate.com,+92 3084320681,"101 Surriya Jabeen Park, Baghbanpura, Lahore, Punjab 54840, Lahore",https://www.businesslist.pk/company/255393/akountmate,businesslist_pk,scrapy,audit-and-accounting,2026-08-21T20:32:23.662010+00:00
CGC Consultants,audit and accounting,http://cgcpak.com/,+923005241309,"TF-06, Rose Arcade Plaza G-11 Markaz, Islamabad",https://www.businesslist.pk/company/257391/cgc-consultants,businesslist_pk,scrapy,audit-and-accounting,2026-08-21T20:32:25.637715+00:00
GroEmpire (Private) Limited,audit and accounting,http://www.groempire.com,+922134968778,"First Floor, B-145 Block 13 D/2; Gulshan-e-iqbal - 75300, Karachi Pakistan, Karachi, Sindh",https://www.businesslist.pk/company/242303/groempire-private-limited,businesslist_pk,scrapy,audit-and-accounting,2026-08-21T20:32:27.657633+00:00
Accountants and Corporate Lawyers,audit and accounting,,03370646536,"G-11, Markaz, Islamabad, Islamabad Capital Territory",https://www.businesslist.pk/company/244996/aaa-accountants-and-corporate-lawyers,businesslist_pk,scrapy,audit-and-accounting,2026-08-21T20:32:29.526147+00:00
Innovative Equinox,audit and accounting,http://www.innovativeequinox.com,+92.21.34134415-8,"A 21/II B 1, KDA Scheme 1 (Ext), Stadium Road, Karachi,74800, Pakistan, Karachi, Sindh",https://www.businesslist.pk/company/241180/innovative-equinox,businesslist_pk,scrapy,audit-and-accounting,2026-08-21T20:32:31.748922+00:00
Moneypex,audit and accounting,https://moneypex.com,+928446152,"Rehmat Centre, Jinnah Ave, Block D G 6/2 Blue Area, Islamabad, Islamabad Capital Territory 44000, Islamabad",https://www.businesslist.pk/company/254815/moneypex,businesslist_pk,scrapy,audit-and-accounting,2026-08-21T20:32:33.730046+00:00
Mohsin Tax Consultants,audit and accounting,http://www.mmco.pk,+92-55-3844423,"Umar Market, Shaheenabad, Gujranwala, Punjab",https://www.businesslist.pk/company/252009/mohsin-tax-consultants,businesslist_pk,scrapy,audit-and-accounting,2026-08-21T20:32:35.590841+00:00
Karachi Taxis &amp; Airport Transfers,audit and accounting,https://www.eurotaxi.mobi/destinations/karachi/,"+923213242267, +92-219-921-1792","12, Sasi Town Houses, Abdullah Haroon Road Civil Lines Karachi, 21000, Karachi, Sindh",https://www.businesslist.pk/company/244555/eurotaxi,businesslist_pk,scrapy,audit-and-accounting,2026-08-21T20:32:37.356163+00:00
XS4 Financial Management,audit and accounting,http://xs4.co/,+92 -42-5762201,"House # 76-J (Ground floor, Block J Gulberg III, Lahore, Punjab, Lahore",https://www.businesslist.pk/company/256042/xs4-financial-management,businesslist_pk,scrapy,audit-and-accounting,2026-08-21T20:32:39.269212+00:00
ICMA Pakistan,audit and accounting,https://www.icmainternational.com/,+92 3352889972,"Unit # 2, Plot # B1-8/34, Hyderabad Railway Employees Cooperative Housing Society, Auto Bahn Rd, Latifabad, Hyderabad, Sindh, Hyderabad",https://www.businesslist.pk/company/254812/icma-pakistan,businesslist_pk,scrapy,audit-and-accounting,2026-08-21T20:32:41.267084+00:00
Saira Sonia &amp; Co.,audit and accounting,http://www.sairasoniaconsultants.com,+92 3002325510,"S-283, 6th Street, Phase 7  Ext, DHA, Karachi",https://www.businesslist.pk/company/254706/saira-soniaco,businesslist_pk,scrapy,audit-and-accounting,2026-08-21T20:32:43.485118+00:00
Almateens,audit and accounting,http://www.almateens.com,03218266422,"26-13 FCHS, Karachi, Sindh",https://www.businesslist.pk/company/252088/almateens,businesslist_pk,scrapy,audit-and-accounting,2026-08-21T20:32:45.358879+00:00
Zia Masood Kiani,audit and accounting,http://www.thezmk.com,"(92 51) 2111906, 2111907","Suite # 21, Block B, Abu Dhabi Tower F 11/1, Islamabad, Islamabad, Islamabad Capital Territory",https://www.businesslist.pk/company/183813/zia-masood-kiani,businesslist_pk,scrapy,audit-and-accounting,2026-08-21T20:32:46.633027+00:00
Corporate General Solutions,audit and accounting,https://www.cgs.com.pk,+92 321 6680065,"Ground Floor, Al Jamil Plaza, Off Jaranwala Road, Ext, Madina Town, Faisalabad, Punjab 38000",https://www.businesslist.pk/company/257132/corporate-general-solutions,businesslist_pk,scrapy,audit-and-accounting,2026-08-21T20:32:48.888777+00:00
Famco Associates (pvt) Ltd.,audit and accounting,http://www.famco.com.pk,"(92 21) 32422344, 32424591","State Life Building No.1-A, Ground Floor, I.I.Chundrigar Rd. Karachi, Karachi",https://www.businesslist.pk/company/147026/famco-associates-pvt-ltd,businesslist_pk,scrapy,audit-and-accounting,2026-08-21T20:32:50.684384+00:00
Macrame Consultants,audit and accounting,https://macrameconsultants.com/,+92516102627,"Office: 301 Building: 123 Civic Center Bahria Town, Rawalpindi, Pakistan., Rawalpindi",https://www.businesslist.pk/company/257338/macrame-consultants,businesslist_pk,scrapy,audit-and-accounting,2026-08-21T20:32:52.349470+00:00
Tax King Inc,audit and accounting,http://www.bookkepingonline.com,0444542539,"House #  04, Hazrat Ameer Hamza Street, Opposite DD Office, Zia U Din Colony Depalpur, Okara, Punjab",https://www.businesslist.pk/company/241525/book-keeping-online,businesslist_pk,scrapy,audit-and-accounting,2026-08-21T20:32:53.536705+00:00
Splendidaccounts,audit and accounting,https://splendidaccounts.pk/,021-34155710,"B-134 1st Floor Block 2 Gulshan-e-Iqbal, Karachi, Pakistan, Karachi, Sindh",https://www.businesslist.pk/company/250353/splendidaccounts,businesslist_pk,scrapy,audit-and-accounting,2026-08-21T20:32:55.314513+00:00
"Aventure Consultancy, LLC.",audit and accounting,http://www.Aventurellc.com,+923356878555,"Aventure Consultancy Road، N-44, Block 12 Gulistan-e-Johar, Karachi, Karachi City, Sindh 75290, Karachi",https://www.businesslist.pk/company/256157/aventure-consultancy-llc,businesslist_pk,scrapy,audit-and-accounting,2026-08-21T20:32:57.046935+00:00
Tameer Micro Finance Bank Ltd.,banks credit unions,,"(92 21) 34325572, UAN : (92 21) 111-111-004","A-15,Block 7 &amp; 8,Central Commercial Area,K.C.H.S.,Union, Karachi",https://www.businesslist.pk/company/182736/tameer-micro-finance-bank-ltd,businesslist_pk,scrapy,banks-credit-unions,2026-08-21T20:32:58.958352+00:00
Finca,banks credit unions,https://finca.pk/,+92 4211-111-1562,"36-B, Khayaban-e-Iqbal, Sector XX XX Block DHA Phase 3, Lahore, Punjab 54810, Lahore",https://www.businesslist.pk/company/256860/finca,businesslist_pk,scrapy,banks-credit-unions,2026-08-21T20:33:01.207379+00:00
Deutsche Bank Ag,banks credit unions,,9221-111555777 / 5207200 / 5658321,"Avari Plaza 242 &amp; 243 Fatima Jinnah Road, Sindh, Karachi, Sindh",https://www.businesslist.pk/company/95215/deutsche-bank-ag,businesslist_pk,scrapy,banks-credit-unions,2026-08-21T20:33:03.156283+00:00
Innovative,banks credit unions,,"9221-4810382 / 4526001, +92-42-11-000-911","FL-3/6, First Floor, Gulshan-e-Iqbal, Sindh, Karachi, Sindh",https://www.businesslist.pk/company/104537/innovative,businesslist_pk,scrapy,banks-credit-unions,2026-08-21T20:33:04.829144+00:00
Allied Bank Limited,banks credit unions,,9221-111110110 / 5860052 / 5872139 / 5874993,"ABL Building, Khayaban-e-IqbalClifton, Sindh, Karachi, Sindh",https://www.businesslist.pk/company/95096/allied-bank-limited,businesslist_pk,scrapy,banks-credit-unions,2026-08-21T20:33:06.222908+00:00
NRSP Microfinance Bank,banks credit unions,,+92 62 2285126,"Punjab, Bahawalpur",https://www.businesslist.pk/company/256382/nrsp-microfinance-bank,businesslist_pk,scrapy,banks-credit-unions,2026-08-21T20:33:08.316769+00:00
Sindh Bank Ltd.,banks credit unions,,"(92 21) 35829301, 35369283, UAN : (92 21) 111-333-225","Head Office: 3rd Floor,Federation House,Clifton, Karachi",https://www.businesslist.pk/company/182727/sindh-bank-ltd,businesslist_pk,scrapy,banks-credit-unions,2026-08-21T20:33:09.707086+00:00
U Microfinance Bank,banks credit unions,,+921111282265,"Islamabad, Islamabad",https://www.businesslist.pk/company/256876/u-microfinance-bank,businesslist_pk,scrapy,banks-credit-unions,2026-08-21T20:33:10.724177+00:00
Igi Financial Services,banks credit unions,,"(92 21) 35301731, 35301739, UAN : (92 21) 111-234-234, +92 21-35368935","#701-713,7th Floor,The Forum,G-20,Block-9,Khayaban-e-Jami,Clifton, Karachi",https://www.businesslist.pk/company/182702/igi-financial-services,businesslist_pk,scrapy,banks-credit-unions,2026-08-21T20:33:12.929834+00:00
Abn-Amro Bank,banks credit unions,,9242-111112233 / 5751000 / 5751008,"C 110 Upper Mall, Punjab, Lahore, Punjab",https://www.businesslist.pk/company/95046/abn-amro-bank,businesslist_pk,scrapy,banks-credit-unions,2026-08-21T20:33:14.790510+00:00
Banking Mohtasib Pakistan,banks credit unions,,"(92 21) 39217339, 39217334, +92-333-8253351","Karachi Secretariat,5th Floor,Shaheen Complex,M.R.Kiyani Rd, Karachi",https://www.businesslist.pk/company/182689/banking-mohtasib-pakistan,businesslist_pk,scrapy,banks-credit-unions,2026-08-21T20:33:16.932312+00:00
CloudAbacus,banks credit unions,,03116868666,"Sambrial, Sialkot, Punjab",https://www.businesslist.pk/company/245958/cloudabacus,businesslist_pk,scrapy,banks-credit-unions,2026-08-21T20:33:18.679993+00:00
National Savings Centre,banks credit unions,,"92596-9314294, +92 51-111-267-268","Faisal Shaheed Road Opp: Mission Hospital, Punjab, Taxila, Punjab",https://www.businesslist.pk/company/95485/national-savings-centre,businesslist_pk,scrapy,banks-credit-unions,2026-08-21T20:33:20.649592+00:00
Mcb Islamic Banking,banks credit unions,,"(92 41) 8556605, 8556607, +92 -42-34501000","66-A,Peoples Colony No. 1, Faisalabad",https://www.businesslist.pk/company/182711/mcb-islamic-banking,businesslist_pk,scrapy,banks-credit-unions,2026-08-21T20:33:22.361804+00:00
Samba Bank Limited,banks credit unions,,"(92 21) 35693824, 35693831, +92 21 11-11/ 0800-72622","6th Floor,Nacon House,M.D.M. Wafai Road,Sddar, Karachi",https://www.businesslist.pk/company/182724/samba-bank-limited,businesslist_pk,scrapy,banks-credit-unions,2026-08-21T20:33:24.590003+00:00
Prime Aluminium Industries (pvt) Ltd.,banks credit unions,,"(92 21) 36072548, 34915468, +92-321-1296063","68-Hyderabad Colony,Near Shell Petrol Pump,Jail Chowrangi, Karachi",https://www.businesslist.pk/company/181916/prime-aluminium-industries-pvt-ltd,businesslist_pk,scrapy,banks-credit-unions,2026-08-21T20:33:26.456198+00:00
Allied Bank Limited,banks credit unions,,9251-5524547 / 5568161," Adamjee Road Cantt., Punjab, Rawalpini, Punjab",https://www.businesslist.pk/company/95072/allied-bank-limited,businesslist_pk,scrapy,banks-credit-unions,2026-08-21T20:33:28.662378+00:00
Bank Alfalah Limited,banks credit unions,,0544-710022,"67-Kazam Kamal Road,  Cantt.,  Jhelum,  Punjab,  Pakistan, Jhelum",https://www.businesslist.pk/company/146832/bank-alfalah-limited,businesslist_pk,scrapy,banks-credit-unions,2026-08-21T20:33:30.369001+00:00
Igi Investment Bank,banks credit unions,,"(92 42) 35368955, UAN : (92 42) 111-234-234","5,F.C.C.,Ground Floor,Syed Muratib Ali Road,Gulberg, Lahore",https://www.businesslist.pk/company/182703/igi-investment-bank,businesslist_pk,scrapy,banks-credit-unions,2026-08-21T20:33:32.030897+00:00
JWS Pakistan,banks credit unions,,+92 55 4284454,"Punjab, Gujranwala",https://www.businesslist.pk/company/256109/jws-pakistan,businesslist_pk,scrapy,banks-credit-unions,2026-08-21T20:33:34.257284+00:00
Dvago,pharmacies,https://www.dvago.pk,+92 21 111138246,"1st Floor, Plot No. 1 Shaheed-e-Millat Road, Modern Society MCHS, Karachi, Sindh",https://www.businesslist.pk/company/253240/dvago,businesslist_pk,scrapy,pharmacies,2026-08-21T20:33:36.463457+00:00
Prime Impact International,pharmacies,http://WWW.PRIMEIMPACT.PK,0423-5941033,"SUIT NO. 502, GARDEN TOWER, GARDEN TOWN LAHORE., Lahore, Punjab",https://www.businesslist.pk/company/246751/prime-impact-international,businesslist_pk,scrapy,pharmacies,2026-08-21T20:33:38.642346+00:00
Milkywayresearchchem.com,pharmacies,,7029003952,"‎1252 E 74th St, Chaman, Islamabad Capital Territory",https://www.businesslist.pk/company/248848/milkywayresearchchemcom,businesslist_pk,scrapy,pharmacies,2026-08-21T20:33:40.635907+00:00
"Central Bio-Tech Co.,Ltd.",pharmacies,,,Zhong Shan road,https://www.businesslist.pk/company/170061/central-bio-tech-coltd,businesslist_pk,scrapy,pharmacies,2026-08-21T20:33:41.971110+00:00
IMCO Tech,pharmacies,,021 35050270,"756, Sector 32/D, Korangi Industrial Area, Karachi, Sindh",https://www.businesslist.pk/company/243683/imco-tech,businesslist_pk,scrapy,pharmacies,2026-08-21T20:33:43.967774+00:00
Shadab Natural Clinic,pharmacies,https://sites.google.com/site/shadabnatural/,,"Near Toba Tek Singh, Toba Tek SIngh, Punjab",https://www.businesslist.pk/company/181371/shadab-natural-clinic,businesslist_pk,scrapy,pharmacies,2026-08-21T20:33:45.488246+00:00
Galen Nutraceuticals,pharmacies,,+92-51-4441860,"Plot # 10, Street # 3,I-10/3, Industrial Area, Islamabad, Islamabad Capital Territory",https://www.businesslist.pk/company/243654/galen-nutraceuticals,businesslist_pk,scrapy,pharmacies,2026-08-21T20:33:47.303166+00:00
Shaigan Pharmaceuticals (pvt) Ltd.,pharmacies,https://shaigan.com,"9251-5571442 / 5573436 / 5571441, +92 -51-5133060-8","14 KM Adyala Road Post Office Dahgal, Punjab, Rawalpini, Punjab",https://www.businesslist.pk/company/116176/shaigan-pharmaceuticals-pvt-ltd,businesslist_pk,scrapy,pharmacies,2026-08-21T20:33:48.865805+00:00
Jumbo (medical &amp; General),pharmacies,https://www.facebook.com/jumbomedgen/,"+92 21 34536986,  +92 345 0210772","No.8, 46/A/2, Muhammad Ali Co-Operative Housing Society, Commercial Area, Karachi, Sindh",https://www.businesslist.pk/company/232347/jumbo-medicalgeneral,businesslist_pk,scrapy,pharmacies,2026-08-21T20:33:50.715571+00:00
Umair Brothers Pharma,pharmacies,,0092606840798,"MM Road Fatehpur District Layyah, Punjab",https://www.businesslist.pk/company/241630/umair-brothers-pharma,businesslist_pk,scrapy,pharmacies,2026-08-21T20:33:52.438565+00:00
Agha Brothers,pharmacies,http://agha-herbs.business.site,04237652970,"H/1418 Akbari Mandi., Lahore, Punjab",https://www.businesslist.pk/company/181369/agha-brothers,businesslist_pk,scrapy,pharmacies,2026-08-21T20:33:54.304847+00:00
Martin Dow | Best Pharmaceutical Company In Karach,pharmacies,http://martindow.com,021 350 605 51,"Plot No. 37, Sector 19, Korangi Industrial Area, Karachi-74900, Pakistan, Karachi, Sindh",https://www.businesslist.pk/company/250516/martin-dowbest-pharmaceutical-company-in-karach,businesslist_pk,scrapy,pharmacies,2026-08-21T20:33:56.312906+00:00
Qintar Pharmaceutical,pharmacies,http://www.qintarpharma.com,"92-48-3216343,  +92 48 3220658","14-A Punjab Small Industrial Estate Lahore Road, Sargodha, Punjab",https://www.businesslist.pk/company/221734/qintar-pharma,businesslist_pk,scrapy,pharmacies,2026-08-21T20:33:57.883762+00:00
"Pharmacia , Dispensing  Pharmacy",pharmacies,http://www.pharmacia.com,021 - 36375230,"A - 5, Block 9, F.B. Area , Karachi, Sindh",https://www.businesslist.pk/company/241643/pharmaciadispensing-pharmacy,businesslist_pk,scrapy,pharmacies,2026-08-21T20:34:00.059158+00:00
Genetics Pharmaceuticals,pharmacies,https://www.genetics-pharmaceuticals.com,+92 423 5297761 6,"539 A, Sunder Industrial Estate, Off Raiwind Road, Sundar Industrial Estate, Lahore, Punjab 54000, Lahore",https://www.businesslist.pk/company/256865/genetics-pharmaceuticals,businesslist_pk,scrapy,pharmacies,2026-08-21T20:34:01.480113+00:00
Brand Medic,pharmacies,,03062423519,"Plot 3425, street 24, I-9/3, Islamabad, Islamabad, Islamabad Capital Territory",https://www.businesslist.pk/company/253989/brand-medic,businesslist_pk,scrapy,pharmacies,2026-08-21T20:34:03.193781+00:00
Executive Clinics &amp; Pharmacy,pharmacies,https://www.facebook.com/executivecp23,+923307777056,"Bunyad Plaza, Paradise Commercial, Bahria Town Way, Islamabad, Islamabad",https://www.businesslist.pk/company/258164/executive-clinicspharmacy,businesslist_pk,scrapy,pharmacies,2026-08-21T20:34:05.683299+00:00
Tayyab lab,pharmacies,,0514499437,"Plot # 13 - A, Street N - 5, RCCI Rawat industrial Estate, Islamabad, Islamabad Capital Territory",https://www.businesslist.pk/company/244628/tayyab-lab,businesslist_pk,scrapy,pharmacies,2026-08-21T20:34:07.514986+00:00
Phen375,pharmacies,http://asherco.pakshops.com,03137574847,"Office No.120,Main Bazar Gujranwala, Gujranwala, Punjab",https://www.businesslist.pk/company/240985/abidco,businesslist_pk,scrapy,pharmacies,2026-08-21T20:34:08.965669+00:00
Fazal Din &amp; Sons (pvt) Ltd.,pharmacies,http://www.fazaldin.com,"(92 21) 34524481, (92 21) 34541529, 0306 1556999","13-D,Mohammad Ali Housing Soc.,Tipu Sultan Road, Karachi, Sindh",https://www.businesslist.pk/company/183862/fazal-dinsons-pvt-ltd,businesslist_pk,scrapy,pharmacies,2026-08-21T20:34:10.961115+00:00
Advanced Pain Centers,doctors and clinics,http://www.advancedpaincenter.net,04235445670-74,"465 G3, Khokar Chowk Johar Town Lahore., Lahore, Punjab, Pakistan, Lahore, Punjab",https://www.businesslist.pk/company/242547/advanced-pain-centers,businesslist_pk,scrapy,doctors-and-clinics,2026-08-21T20:34:13.075858+00:00
Dr. Waqas Mehdi - Neurosurgeon,doctors and clinics,http://drwaqasmehdi.com,03004045004,"Punjab Medical Center, 5 Jail Road Lahore, Lahore, Punjab",https://www.businesslist.pk/company/243905/dr-waqas-mehdi-neurosurgeon,businesslist_pk,scrapy,doctors-and-clinics,2026-08-21T20:34:15.074850+00:00
Medical Design Sialkot,doctors and clinics,http://www.medicaldesignpk.com,0523301033,"amit street model town, Sialkot, Punjab",https://www.businesslist.pk/company/241409/medical-design-sialkot,businesslist_pk,scrapy,doctors-and-clinics,2026-08-21T20:34:17.118993+00:00
Mips Reporting Services,doctors and clinics,,+923098845822,"Los angeles, California, Lahore",https://www.businesslist.pk/company/258784/mips-reporting-services,businesslist_pk,scrapy,doctors-and-clinics,2026-08-21T20:34:18.869493+00:00
Khalil &amp; Sons Surgical Corp,doctors and clinics,http://www.ksonssurgical.com,+92 52 4 35 23 68,"Islam Nagar Kashmir Road Pacca Ghara Sialkot 51310 Punjab Pakistan., Sialkot, Punjab",https://www.businesslist.pk/company/245523/khalilsons-surgical-corp,businesslist_pk,scrapy,doctors-and-clinics,2026-08-21T20:34:20.947609+00:00
Marham,doctors and clinics,http://www.marham.pk,"+923334742629, +923341006561","Leeds Center, Main Boulevard Gulberg 3, Lahore., Lahore, Punjab",https://www.businesslist.pk/company/243673/marham,businesslist_pk,scrapy,doctors-and-clinics,2026-08-21T20:34:22.900188+00:00
Filament Engineering and Construction,doctors and clinics,http://www.filamentengineering.com,"+92 336 8053963, +92 342 0990 990","Suite # A-23, Momin Sqr, Block # 6, Main NIPA, Gulshan-e-Iqbal, Karachi, Pakistan, Karachi, Sindh",https://www.businesslist.pk/company/241615/filament-engineering,businesslist_pk,scrapy,doctors-and-clinics,2026-08-21T20:34:24.580583+00:00
Memon Medical Institute Hospital,doctors and clinics,,+922134691147,"Safoora Chowrangi Karachi, Karachi",https://www.businesslist.pk/company/258768/memon-medical-institute-hospital,businesslist_pk,scrapy,doctors-and-clinics,2026-08-21T20:34:25.859243+00:00
Eurotek Surgical Co .,doctors and clinics,http://www.euroteksurgical.com,+92-0524563752,"silakot pakistan , Sialkot, Punjab",https://www.businesslist.pk/company/241997/eurotek-surgical-co-,businesslist_pk,scrapy,doctors-and-clinics,2026-08-21T20:34:27.771519+00:00
Kamil Veterinary Clinic,doctors and clinics,,+923377771271,"Shop # 9, Dogar Market, Canal Rd Thokar Niaz Baig Nearby Green Pharmacy Lahore, Lahore",https://www.businesslist.pk/company/258672/kamil-veterinary-clinic,businesslist_pk,scrapy,doctors-and-clinics,2026-08-21T20:34:29.734926+00:00
Dental Implants Instruments MD,doctors and clinics,http://www.medicaldesignpk.com,+92523301033,"Model Town , Sialkot, Punjab",https://www.businesslist.pk/company/243536/prf-box-dental-instruments-company,businesslist_pk,scrapy,doctors-and-clinics,2026-08-21T20:34:31.697701+00:00
Dr Zaar,doctors and clinics,,+92 3219700700,"32-A Lawrence Road, Jinnah Town, Lahore, Pakistan, Lahore",https://www.businesslist.pk/company/258479/dr-zaar,businesslist_pk,scrapy,doctors-and-clinics,2026-08-21T20:34:33.118388+00:00
Fida International,doctors and clinics,http://www.fidaintel.com,00923456774411,"Ali-ul-Haq Road, Model Town, Sialkot, Punjab",https://www.businesslist.pk/company/244607/fida-international,businesslist_pk,scrapy,doctors-and-clinics,2026-08-21T20:34:34.505248+00:00
Al Saudia Tibbi Foundation (Registered),doctors and clinics,https://www.facebook.com/alsaudiatibbiifoundation,+92 301 4020422," Bagrian Chowk Green Town Lahore , Lahore, Punjab",https://www.businesslist.pk/company/242425/al-saudia-tibbi-foundation-registered,businesslist_pk,scrapy,doctors-and-clinics,2026-08-21T20:34:36.748116+00:00
Glow Aesthetics,doctors and clinics,,"+924235742626,+923224222557","Plaza No.186 -Y, Phase-3, DHA,Lahore, Lahore",https://www.businesslist.pk/company/258496/glow-aesthetics,businesslist_pk,scrapy,doctors-and-clinics,2026-08-21T20:34:38.844300+00:00
Gastroenterologist &amp; Hepatologist Clinic In Islama,doctors and clinics,https://profgill.com/,(051) 2287730," House no. 9, Kaghan Road, F-8/3 Islamabad Pakistan, Islamabad, Islamabad Capital Territory",https://www.businesslist.pk/company/249411/gastroenterologisthepatologist-clinic-in-islama,businesslist_pk,scrapy,doctors-and-clinics,2026-08-21T20:34:40.683532+00:00
Best Dental Clinic Lahore,doctors and clinics,,+9203334317775,"882 Shadman Colony 1, Lahore",https://www.businesslist.pk/company/258454/best-dental-clinic-lahore,businesslist_pk,scrapy,doctors-and-clinics,2026-08-21T20:34:42.886355+00:00
LRBT,doctors and clinics,,+923158679600,"LRBT House, 37-C, Sunset Lane No.4 Off 24th Commercial Street Phase-II Ext. DHA, Karachi",https://www.businesslist.pk/company/258610/lrbt,businesslist_pk,scrapy,doctors-and-clinics,2026-08-21T20:34:44.091309+00:00
Fitwell hub,doctors and clinics,,+92311-1122338,"Bismillah Chowk, Masoom Shah Road, Multan, Punjab",https://www.businesslist.pk/company/258707/fitwell-hub,businesslist_pk,scrapy,doctors-and-clinics,2026-08-21T20:34:46.431557+00:00
Prime Hospital,doctors and clinics,http://Www.primehospital.com.pk,0315-2272222,"Prime Hospital, Dost Plaza, Nishtar Road Multan. , Multan, Punjab",https://www.businesslist.pk/company/243552/prime-hospital,businesslist_pk,scrapy,doctors-and-clinics,2026-08-21T20:34:48.140188+00:00
Multi-Techno,audit and accounting,https://www.multi-techno.com,03057450227,"First floor Ghori Arcade Satyana Road Faisalabad , Pakistan, Faisalabad, Punjab",https://www.businesslist.pk/company/254429/multi-techno,businesslist_pk,scrapy,audit-and-accounting,2026-08-21T20:34:49.620780+00:00
Premier Management &amp; Financial Logix,audit and accounting,http://premier-management-logix.business.site,+92 81 2875757,"Suite 11-Second Floor, Al-Fazal Plaza, Wyatt Road., Quetta, Balochistan",https://www.businesslist.pk/company/246365/premier-managementfinancial-logix,businesslist_pk,scrapy,audit-and-accounting,2026-08-21T20:34:51.149451+00:00
Accountants in Islamabad - AccoTech,audit and accounting,https://accotech.co/,0516102647,"Central Mall, 2nd floor, GT Road DHA Phase 2, Islamabad, Islamabad, Islamabad Capital Territory",https://www.businesslist.pk/company/252598/accountants-in-islamabad-accotech,businesslist_pk,scrapy,audit-and-accounting,2026-08-21T20:34:53.387681+00:00
AWC Consultants,audit and accounting,https://ftaxaudit.business.site/,03004158678,"Lahore, Lahore, Punjab",https://www.businesslist.pk/company/253660/awc-consultants,businesslist_pk,scrapy,audit-and-accounting,2026-08-21T20:34:54.555226+00:00
Epic Consulting Group,audit and accounting,http://www.epiccdo.com,03000503103,"247-Y, Commercial Area, Phase III, DHA., Lahore, Punjab",https://www.businesslist.pk/company/247583/epic-consulting-group,businesslist_pk,scrapy,audit-and-accounting,2026-08-21T20:34:56.780188+00:00
Hussain Associates,audit and accounting,http://www.hussainassociate.com,03330374651,"A-2/ L-17, Al-Burhan Shopping Circle, Block E, North Nazimabad, Karachi, Sindh",https://www.businesslist.pk/company/246331/hussain-associates,businesslist_pk,scrapy,audit-and-accounting,2026-08-21T20:34:58.525678+00:00
Ikona Associates,audit and accounting,http://www.ikona.com.pk,021-34833776,"Office # M-20 and M-32, Mezzanine Floor Glamour Mobile Mall Main Rashid Minhas Road, Near Lasania Restaurant, Gulshan e Iqbal, Karachi, Pakistan, Karachi, Sindh",https://www.businesslist.pk/company/245156/ikona-associates,businesslist_pk,scrapy,audit-and-accounting,2026-08-21T20:35:00.179730+00:00
Epic Consulting,audit and accounting,http://epiccdo.com/,+924237185956-7,"247-Y, Commercial Area, Phase III, DHA, Lahore., Lahore, Punjab",https://www.businesslist.pk/company/246017/epic-consulting,businesslist_pk,scrapy,audit-and-accounting,2026-08-21T20:35:02.254280+00:00
Orange Management Consultants,audit and accounting,http://www.omctax.com,0213-6641616,"Suite 339, 3rd Floor,  Bhayani Center, Block &quot;M&quot; North Nazimabad, Karachi, Sindh",https://www.businesslist.pk/company/248476/orange-management-consultants,businesslist_pk,scrapy,audit-and-accounting,2026-08-21T20:35:03.662540+00:00
PKF FRANTS Chartered Accountants,audit and accounting,http://www.pkf.com.pk,+92 213 244 4471,"504, 5th Floor, Business Plaza, Mumtaz Hasan Road, I.I Chundrigar Road, Karachi Pakistan, Karachi, Sindh",https://www.businesslist.pk/company/246524/pkf-frants-chartered-accountants,businesslist_pk,scrapy,audit-and-accounting,2026-08-21T20:35:05.698626+00:00
ERP software sotutions-SARP ERP Suite,audit and accounting,http://www.cosmosoftsolution.com,04235456007,"Off:8, Ross Residencia, Canal road Johar Town, Lahore, Lahore, Punjab",https://www.businesslist.pk/company/245810/erp-software-sotutions-sarp-erp-suite,businesslist_pk,scrapy,audit-and-accounting,2026-08-21T20:35:07.850305+00:00
Metro Financial Services,audit and accounting,http://www.metro-financials.com,+92 213 2371126,"Freelancer, Karachi, Sindh",https://www.businesslist.pk/company/245487/metro-financial-services,businesslist_pk,scrapy,audit-and-accounting,2026-08-21T20:35:09.608425+00:00
APKSoft,audit and accounting,https://apksoftinc.com/,923302750123,"GULIANA ROAD KHARIAN CITY, Gujrat, Punjab",https://www.businesslist.pk/company/254356/apksoft,businesslist_pk,scrapy,audit-and-accounting,2026-08-21T20:35:11.783575+00:00
TAXVIRAL MANAGEMENT CONSULTANTS,audit and accounting,http://www.aimamanagement.com,009221366000999,"445, Bhayani Shopping Center, Block M, North Nazimabad karachi, Karachi, Sindh",https://www.businesslist.pk/company/246866/taxviral-management-consultants,businesslist_pk,scrapy,audit-and-accounting,2026-08-21T20:35:13.517101+00:00
OajeKamal,audit and accounting,http://www.oajekamal.com,0518485217-8-9,"Office 10,11, 3rd floor, Select Centre, F-11 Markaz. Islamabad., Islamabad, Islamabad Capital Territory",https://www.businesslist.pk/company/242525/oajekamal,businesslist_pk,scrapy,audit-and-accounting,2026-08-21T20:35:14.988302+00:00
Patronage Office,audit and accounting,https://www.patronage.pk/,03000340466,"4th Floor, Vogue Tower, MM Alam Road, Block C-2 Gulberg III, Lahore , Lahore, Punjab",https://www.businesslist.pk/company/253148/patronage-office,businesslist_pk,scrapy,audit-and-accounting,2026-08-21T20:35:16.982892+00:00
Information Consultant,audit and accounting,http://informationconsultant.com.pk/,+92216004399,"A-6 Block 7 Gulshan-e-Iqbal, Karachi,pakistan, Karachi, Sindh",https://www.businesslist.pk/company/252120/information-consultant,businesslist_pk,scrapy,audit-and-accounting,2026-08-21T20:35:18.614195+00:00
SIS Tax Consultants,audit and accounting,http://www.sistaxcon.com/,03422707837,"FL 3/13 Off#101, Block-5, Gulshan-e-Iqbal, Rashid Minhas Road, adj. Pizza Pick, Karachi 75300, Karachi, Sindh",https://www.businesslist.pk/company/246699/sis-tax-consultants,businesslist_pk,scrapy,audit-and-accounting,2026-08-21T20:35:20.094367+00:00
Zarai Taraqiati Bank Limited (ztbl),banks credit unions,,"(92 51) 9252717, 9252727, +92-51-9252805","1,Faisal Avenue,P.O.Box: 1400, Islamabad, Islamabad",https://www.businesslist.pk/company/182738/zarai-taraqiati-bank-limited-ztbl,businesslist_pk,scrapy,banks-credit-unions,2026-08-21T20:35:22.309845+00:00
First Habib Modaraba,banks credit unions,,"(92 21) 32635949, 32635951, +92-21-32635949-51","5th Floor, HBZ Plaza, (Hirani Centre), I.I.Chundrigar Road Karachi, Karachi",https://www.businesslist.pk/company/147781/first-habib-modaraba,businesslist_pk,scrapy,banks-credit-unions,2026-08-21T20:35:23.307751+00:00
The Pakistan Credit Rating Agency (pvt) Ltd.,banks credit unions,,"(92 42) 35869504, 35869505, +92 42 3586 9504 6","Awami Complex, FB-1, Usman Block, New Garden Town Lahore, Lahore",https://www.businesslist.pk/company/147577/the-pakistan-credit-rating-agency-pvt-ltd,businesslist_pk,scrapy,banks-credit-unions,2026-08-21T20:35:25.518192+00:00
Easypaisa,banks credit unions,,+92 042 111 003737,"Islamabad, Islamabad",https://www.businesslist.pk/company/256842/easypaisa,businesslist_pk,scrapy,banks-credit-unions,2026-08-21T20:35:27.123542+00:00
Business Credit Information Pvt Limited,banks credit unions,https://bcil.pk,+924235695411,"38L, Commercial Area, Ex. Air Avenue, DHA Phase 8, Block L Air Avenue, Lahore, Punjab, Lahore",https://www.businesslist.pk/company/257097/business-credit-information-pvt-limited,businesslist_pk,scrapy,banks-credit-unions,2026-08-21T20:35:29.443523+00:00
Silkbank,banks credit unions,,"(92 21) 32460001, UAN : (92 21) 111-001-987, +92 1111 00333","Saudi Pak Building, Central Office, I.I. Chundrigar Road Karachi, Karachi",https://www.businesslist.pk/company/152387/silkbank,businesslist_pk,scrapy,banks-credit-unions,2026-08-21T20:35:31.512017+00:00
AL Baraka Bank (pakistan) Ltd.,banks credit unions,,"(92 21) 34300921, 34300924, UAN : (92 21) 111-113-442, +92 .(21).3431.5851","Hill Park Branch,Marium Heights,Shop #6-9,Block 7&amp;8,KCHS, Karachi",https://www.businesslist.pk/company/182684/al-baraka-bank-pakistan-ltd,businesslist_pk,scrapy,banks-credit-unions,2026-08-21T20:35:33.718158+00:00
Dubai Islamic Bank Pakistan Ltd.,banks credit unions,,"(92 21) 35423382, +922 111 178 6342","7/FL-6,Block-6,Gulshan-e-Iqbal, Karachi",https://www.businesslist.pk/company/182696/dubai-islamic-bank-pakistan-ltd,businesslist_pk,scrapy,banks-credit-unions,2026-08-21T20:35:35.592851+00:00
Chase Securities,banks credit unions,https://www.chasesecurities.com/,0333 2262514,"Office No - 402, 4th Floor, Diamond Building, 4 Block, Block 4 Block 3 Clifton, Karachi, Karachi City, Sindh 75601, Karachi",https://www.businesslist.pk/company/255261/chase-securities,businesslist_pk,scrapy,banks-credit-unions,2026-08-21T20:35:37.706841+00:00
Tps Pakistan (pvt) Ltd.,banks credit unions,,"9251-2822921, +92 2134302786","House #24, Sector F-7/4 P.O.Box: 1844, Capital, Islamabad",https://www.businesslist.pk/company/101967/tps-pakistan-pvt-ltd,businesslist_pk,scrapy,banks-credit-unions,2026-08-21T20:35:39.242176+00:00
Fate Enterprises,banks credit unions,,3211289549,"A6, 1st floor, osif center, gulshan e iqbal block 13 A karachi, Karachi, Sindh",https://www.businesslist.pk/company/252086/fate-enterprises,businesslist_pk,scrapy,banks-credit-unions,2026-08-21T20:35:41.102784+00:00
Bankislami Pakistan Limited,banks credit unions,,9221-2441311 / 2441314," Chapal Plaza Hasrat Mohani Road Off Chundrigar Road, Sindh, Karachi, Sindh",https://www.businesslist.pk/company/95180/bankislami-pakistan-limited,businesslist_pk,scrapy,banks-credit-unions,2026-08-21T20:35:42.720450+00:00
United Bank Ltd.,banks credit unions,,"055-9200557 / 9200556, 021-99217334-38","Trust Plaza,  G.T. Road Chamber Of Commerce Bldg.,  Gujranwala,  Punjab,  Pakistan, Gujranwala",https://www.businesslist.pk/company/147604/united-bank-ltd,businesslist_pk,scrapy,banks-credit-unions,2026-08-21T20:35:44.673041+00:00
Meezan Bank Ltd.,banks credit unions,,"9241-2602587 / 2602586, +92 -21-38103500"," Kotwali Road, Punjab, Faisalabad, Punjab",https://www.businesslist.pk/company/95436/meezan-bank-ltd,businesslist_pk,scrapy,banks-credit-unions,2026-08-21T20:35:46.376944+00:00
"Barclays Bank Plc, Pakistan",banks credit unions,,"(92 21) 35694010, 35272000, UAN : (92 21) 111-105-555","Dawood Centre,M.T.Khan Road,Near P.I.D.C. House, Karachi, Sindh",https://www.businesslist.pk/company/182690/barclays-bank-plc-pakistan,businesslist_pk,scrapy,banks-credit-unions,2026-08-21T20:35:47.604374+00:00
The Punjab Employees Social Security Institution,banks credit unions,,"92-51-9272022, +92 042 99211432 36","(Local Office)- 40, Civil Lines, Rawalpindi",https://www.businesslist.pk/company/207431/the-punjab-employees-social-security-institution,businesslist_pk,scrapy,banks-credit-unions,2026-08-21T20:35:49.763120+00:00
Apna Microfinance Bank,banks credit unions,,+92(42) 111-771-772,"Punjab, Lahore",https://www.businesslist.pk/company/256932/apna-microfinance-bank,businesslist_pk,scrapy,banks-credit-unions,2026-08-21T20:35:51.727691+00:00
Askari Bank Islamic Banking Services,banks credit unions,,"(92 41) 9220623, 9220624, +92 051-8092000","Center Point,Kohinoor City,Jaranwala Road, Faisalabad",https://www.businesslist.pk/company/182686/askari-bank-islamic-banking-services,businesslist_pk,scrapy,banks-credit-unions,2026-08-21T20:35:53.873700+00:00
Akd Securities &amp; Safe Deposit Co. Ltd.,banks credit unions,,"5863810, 5863801, +92-21 111-253-111","611, Clifton Centre, Kehkashan Block-8, Clifton, Karachi",https://www.businesslist.pk/company/227120/akd-securitiessafe-deposit-co-ltd,businesslist_pk,scrapy,banks-credit-unions,2026-08-21T20:35:54.949353+00:00
SadaPay,banks credit unions,,,"Islamabad, Islamabad",https://www.businesslist.pk/company/255211/sadapay,businesslist_pk,scrapy,banks-credit-unions,2026-08-21T20:35:56.398698+00:00
Makki Herbal Laboratories (Private) Limited,pharmacies,http://www.makkiherbals.com,"021-36983054, 36982949","Plot # LS-69-70, Sector 11-I, North Karachi., Karachi, Sindh",https://www.businesslist.pk/company/246429/makki-herbal-laboratories-private-limited,businesslist_pk,scrapy,pharmacies,2026-08-21T20:35:57.701620+00:00
TIB Pvt Ltd,pharmacies,http://www.tibltd.com.pk,+923013750036,"Amin Medicine Market 5th Floor Office 117, Quetta, Balochistan",https://www.businesslist.pk/company/197434/tib-pvt-ltd,businesslist_pk,scrapy,pharmacies,2026-08-21T20:35:59.852819+00:00
Bionix Life Sciences,pharmacies,http://bionix.pk/wp/,042-35942130,"M-78, Zainab Tower, Model Town Link Road, Lahore, Lahore, Punjab",https://www.businesslist.pk/company/241860/bionix-life-sciences,businesslist_pk,scrapy,pharmacies,2026-08-21T20:36:01.754619+00:00
Dr. Hamid&#039;s Baba-e-Homeopathy,pharmacies,http://www.babaehomeopathy.com,36672211,"Main Office: 69, Commercial area, Cavalry Ground, Lahore Cantt., Lahore, Punjab",https://www.businesslist.pk/company/243695/dr-hamids-baba-e-homeopathy,businesslist_pk,scrapy,pharmacies,2026-08-21T20:36:03.987673+00:00
Sonowell,pharmacies,http://www.facebook/adnansonowell,+924235922950,"17 KM FEROZEPUR ROAD LAHORE, Lahore, Punjab",https://www.businesslist.pk/company/243564/sonowell,businesslist_pk,scrapy,pharmacies,2026-08-21T20:36:05.440403+00:00
Sigma Scientific Private Limited,pharmacies,https://www.sigmascientific.com.pk,+923029722220,"Ground Floor, Gulshan Plaza, H-13, Golra Morr, Peshawar Road, Islamabad., Islamabad",https://www.businesslist.pk/company/258591/sigma-scientific-private-limited,businesslist_pk,scrapy,pharmacies,2026-08-21T20:36:07.538688+00:00
Online Pharmacy Store In Pakistan,pharmacies,https://www.pharmacyplus.pk,03002935588,"Al-Shifa Pharmacy Shaheed Road Mian Channu, Khanewal, Punjab",https://www.businesslist.pk/company/250696/online-pharmacy-store-in-pakistan,businesslist_pk,scrapy,pharmacies,2026-08-21T20:36:09.704902+00:00
Buy Crystal Meth Online,pharmacies,,2027097339,"123 Fifth Avenue,, Mardan, Gilgit-Baltistan",https://www.businesslist.pk/company/258994/buy-crystal-meth-online,businesslist_pk,scrapy,pharmacies,2026-08-21T20:36:11.927206+00:00
Vega Pharmaceutical (Pvt) Ltd,pharmacies,https://www.facebook.com/Vega-Pharmaceuticals-366631766802630/,"04235911681, 04235911682","85-A BABAR BLOCK, NEW GARDEN TOWN, LAHORE, Lahore, Punjab",https://www.businesslist.pk/company/240257/vega-pharmaceutical-pvt-ltd,businesslist_pk,scrapy,pharmacies,2026-08-21T20:36:13.507193+00:00
Ferozsons Laboratories Ltd.,pharmacies,http://www.ferozsons-labs.com,"9242-7321317, +92-42-36026700"," 8-Bank Square Shahrah-e-Quaid-e-Azam, Punjab, Lahore, Punjab",https://www.businesslist.pk/company/114904/ferozsons-laboratories-ltd,businesslist_pk,scrapy,pharmacies,2026-08-21T20:36:15.547246+00:00
Cotton Craft Pvt Ltd.,pharmacies,http://www.cottoncraftpvt.com,+923218877665,"Plot No 407, 408 Sundar Industrial Estate Lahore, Lahore, Punjab",https://www.businesslist.pk/company/224533/cotton-craft-pvt-ltd,businesslist_pk,scrapy,pharmacies,2026-08-21T20:36:17.552263+00:00
Care Pharmacy,pharmacies,http://www.finepackages.com,"+92 41 8503533, +92 51 843 2273","MAIN Susan Road, Block Z Madina Town, Faisalabad, Punjab 38000, Faisalabad, Punjab",https://www.businesslist.pk/company/183859/care-pharmacy,businesslist_pk,scrapy,pharmacies,2026-08-21T20:36:18.729845+00:00
Ahsan Medicine Co.,pharmacies,https://www.facebook.com/ahsanmedicinecompany/,"9261-4572527, 9261- 4573060, +92 347 7003077","Nishtar Rd, Justice Hamid Colony, Multan, Punjab",https://www.businesslist.pk/company/114257/ahsan-medicine-co,businesslist_pk,scrapy,pharmacies,2026-08-21T20:36:20.810199+00:00
Chemicalssuppliers,pharmacies,http://chemicals-suppliers.com,13303621075,"1390 W. 5th Ave. Columbus. OH 43212, Dera Ghazi Khan, Gilgit-Baltistan",https://www.businesslist.pk/company/248263/chemicalssuppliers,businesslist_pk,scrapy,pharmacies,2026-08-21T20:36:22.827196+00:00
Barri Tarditional Pharma,pharmacies,http://www.SnoringTreatment.com,+923128206006,"Barri Traditional Pharma 6Main Tariq Abad Road Khokharki GRW, Gujranwala, Punjab",https://www.businesslist.pk/company/243418/barri-tarditional-pharma,businesslist_pk,scrapy,pharmacies,2026-08-21T20:36:24.909745+00:00
Crocus Scientific Trading,pharmacies,http://www.crocusscientific.com,03334224578,"173/B Raja center Main Market Gulberg II Lahore, Lahore, Punjab",https://www.businesslist.pk/company/246222/crocus-scientific-trading,businesslist_pk,scrapy,pharmacies,2026-08-21T20:36:26.255080+00:00
Luckystore.pk,pharmacies,,+923092629693,"Nazimabad karachi, Karachi",https://www.businesslist.pk/company/258620/luckystorepk,businesslist_pk,scrapy,pharmacies,2026-08-21T20:36:28.261596+00:00
CSH Pharmacy,pharmacies,https://cshpharmacy.com.pk/,03054441162,"Main Market, Gulberg, Lahore, Pakistan, Lahore, Punjab",https://www.businesslist.pk/company/258997/csh-pharmacy,businesslist_pk,scrapy,pharmacies,2026-08-21T20:36:30.352053+00:00
Meri Pharmacy,pharmacies,https://meripharmacy.pk/,03000446767,"B-280, Sector 6F, Mehran Town, Korangi Industrial Area, Karachi 74900, Pakistan, Karachi, Sindh",https://www.businesslist.pk/company/259003/meri-pharmacy,businesslist_pk,scrapy,pharmacies,2026-08-21T20:36:31.759875+00:00
Leven Medical Care,pharmacies,http://www.memethol-pk.com,"(042) 35403666, (042) 35403667"," 8-C Shah Jamal Rd, Fazlia Colony, Lahore, Lahore, Punjab",https://www.businesslist.pk/company/250454/leven-medical-care,businesslist_pk,scrapy,pharmacies,2026-08-21T20:36:33.725877+00:00
Dr. Attiya&#039;s Skin Matters Clinic,doctors and clinics,https://drattiyaskinmatters.com.pk/,+923315228889,"House 710 Street 2, Chaklala Scheme 3 Rawalpindi, Pakistan, Rawalpindi",https://www.businesslist.pk/company/258462/dr-attiyas-skin-matters-clinic,businesslist_pk,scrapy,doctors-and-clinics,2026-08-21T20:36:35.958464+00:00
Islamabad Laser and Skin Clinic,doctors and clinics,https://ilscbydraasma.com/,+923315005904,"1st floor, Al-Sheikh Plaza, Faisal Market, F-7/1 Islamabad, Islamabad",https://www.businesslist.pk/company/258569/islamabad-laser-and-skin-clinic,businesslist_pk,scrapy,doctors-and-clinics,2026-08-21T20:36:37.923130+00:00
Green plus Herbs (Pakistan),doctors and clinics,http://www.greenplusherbs.pk,"0300-2707973, +92 42 35168920","PECHS block 2 , Zuljalal Center , Tariq road , Karachi, Sindh",https://www.businesslist.pk/company/242150/green-plus-herbs-pakistan,businesslist_pk,scrapy,doctors-and-clinics,2026-08-21T20:36:39.290206+00:00
Transparent Hands,doctors and clinics,https://www.transparenthands.org/,+92(42)35201125,"605A-Block C,Faisal Town , Lahore, Punjab",https://www.businesslist.pk/company/252637/transparent-hands,businesslist_pk,scrapy,doctors-and-clinics,2026-08-21T20:36:41.573982+00:00
MegMedius International (Pvt.) Lts,doctors and clinics,,03323516401,"Glass tower main clifton road, Karachi, Sindh",https://www.businesslist.pk/company/244338/megmedius-international-pvt-lts,businesslist_pk,scrapy,doctors-and-clinics,2026-08-21T20:36:43.161463+00:00
Dermics by Dr. Afifa Zahra,doctors and clinics,https://dermicspakistan.com/,+92 3233679361,"Second Floor 141 - CCA Dha Phase 4, Lahore, 54792, Lahore, Punjab",https://www.businesslist.pk/company/257616/dermics-by-dr-afifa-zahra,businesslist_pk,scrapy,doctors-and-clinics,2026-08-21T20:36:44.987311+00:00
Human Health Care Services Pvt Ltd,doctors and clinics,https://human-healthcare.com,+923192060174,"HQ40 c/o E40, PRECHS, Gulshan-e-Iqbal, Bl10A, Karachi, Pakistan., Karachi, Sindh",https://www.businesslist.pk/company/258996/human-health-care-services-pvt-ltd,businesslist_pk,scrapy,doctors-and-clinics,2026-08-21T20:36:47.227835+00:00
Hi-Med Surgical,doctors and clinics,http://www.himed.com.pk/,+92 (42) 37310062,"Suite # 4, 1st Floor, Zahoor Chambers, 1- Mozang Road, (Near A.G. Office), P.O. Box # 2434, LAHORE - 54000, Pakistan., Lahore, Punjab",https://www.businesslist.pk/company/244211/hi-med-surgical,businesslist_pk,scrapy,doctors-and-clinics,2026-08-21T20:36:48.826022+00:00
LearningAll,doctors and clinics,,"+923214082604, +923214082603","Gulberg 3 Lahore Pakistan, Lahore, Punjab",https://www.businesslist.pk/company/242116/learningall,businesslist_pk,scrapy,doctors-and-clinics,2026-08-21T20:36:50.588356+00:00
Cosmesurge International Hospital,doctors and clinics,https://www.cosmesurgehospital.com.pk,0514410336,"Main Saidpur Road Rawalpindi, Rawalpindi, Punjab",https://www.businesslist.pk/company/258989/cosmesurge-international-hospital,businesslist_pk,scrapy,doctors-and-clinics,2026-08-21T20:36:52.648445+00:00
Dr. Frigz International (pvt) Ltd,doctors and clinics,http://www.frigzinternational.com,92-52-4262703,"Airport Road. Gohdpur, Sialkot, Punjab",https://www.businesslist.pk/company/225183/dr-frigz-international-pvt-ltd,businesslist_pk,scrapy,doctors-and-clinics,2026-08-21T20:36:54.829739+00:00
Doctors Space,doctors and clinics,http://www.doctorspace.pk,+923101422220,"Doctors Space 69/70 CC commercial Phase 1 citi housing, Gujranwala",https://www.businesslist.pk/company/258477/doctors-space,businesslist_pk,scrapy,doctors-and-clinics,2026-08-21T20:36:56.620657+00:00
Tronsit Solutions,doctors and clinics,https://tronsitsolutions.com,+92 325 500 552 2,"255 MB, Sector J DHA Phase 6, 54000, Lahore, Punjab",https://www.businesslist.pk/company/256114/tronsit-solutions,businesslist_pk,scrapy,doctors-and-clinics,2026-08-21T20:36:58.671170+00:00
General Veterinary Hospital Pakistan,doctors and clinics,http://www.gvhospitals.com/,+923338579990,"Ashfaq Chowk, Ahmad Hassan Road, Harbanspura Link Road, Joray Pull Lahore Cantt, Lahore, Punjab",https://www.businesslist.pk/company/244595/general-veterinary-hospital-pakistan,businesslist_pk,scrapy,doctors-and-clinics,2026-08-21T20:37:00.362797+00:00
Rehab Ease by Dr. Ehtisham Panhwar PT,doctors and clinics,https://www.youtube.com/@ehtishampanhwar,+923092026233,"Plot D3/33 Delhi colony karachi, Karachi",https://www.businesslist.pk/company/258618/rehab-ease-by-dr-ehtisham-panhwar-pt,businesslist_pk,scrapy,doctors-and-clinics,2026-08-21T20:37:01.602301+00:00
Pak Hospital,doctors and clinics,https://pakhospital.com.pk/,042-37429517,"33 K Shah Jamal Lahore, Lahore, Punjab",https://www.businesslist.pk/company/258951/pak-hospital,businesslist_pk,scrapy,doctors-and-clinics,2026-08-21T20:37:03.388491+00:00
Hemani Ultrasound,doctors and clinics,https://www.hemaniultrasound.pk,0333 9801217,"Bus Stop, III-C, 7 1/2, opposite Imtiaz Supermarket Nazimabad, Nazimabad 3 Nazimabad, Karachi, Pakistan, Karachi, Sindh",https://www.businesslist.pk/company/254589/hemani-ultrasound,businesslist_pk,scrapy,doctors-and-clinics,2026-08-21T20:37:04.967422+00:00
Dr M Omar Plastic Surgery,doctors and clinics,https://www.dromarplasticsurgeon.com/,0300 4111418,"Room #05,Horizon Hospital 403,Block D-II, M.A. Johar Town Lahore Pakistan, Lahore, Punjab",https://www.businesslist.pk/company/250067/dr-m-omar-plastic-surgery,businesslist_pk,scrapy,doctors-and-clinics,2026-08-21T20:37:07.049123+00:00
Dr Rabb Derma Beauty &amp; weight loss Clinic,doctors and clinics,https://www.facebook.com/drrabbdermabeautyclinic/,03320827125,"Park lane Hospital Near 2 Talwar Clifton Karachi. Opp British High Commission .Sharae Iran . Old Clifton. Karachi, Karachi, Sindh",https://www.businesslist.pk/company/243355/dr-rabb-derma-beautyweight-loss-clinic,businesslist_pk,scrapy,doctors-and-clinics,2026-08-21T20:37:08.545144+00:00
Times Medical,doctors and clinics,https://www.facebook.com/timesmedicalofficial/,03328742784,"4/478 Murray College Road, Sialkot, Punjab",https://www.businesslist.pk/company/248578/times-medical,businesslist_pk,scrapy,doctors-and-clinics,2026-08-21T20:37:09.876000+00:00
Cosmosoft Business Solutions Pvt Ltd,audit and accounting,http://www.cosmosoftsolution.com,"042-35456003/7, +92-213-432-9650","Office No. 106 Block D Johar Town Lahore, Lahore, Punjab",https://www.businesslist.pk/company/242620/cosmosoft-business-solutions-pvt-ltd,businesslist_pk,scrapy,audit-and-accounting,2026-08-21T20:37:11.658778+00:00
"Arif And Associates | Advocates &amp; Chartered Accountants | Tax, Auditors, Legal, Bookkeeping",audit and accounting,http://www.arifandassociates.com,+923228895686,"Arif Building Ground Floor, 13 Fane Road, Lahore, Pakistan, Lahore, Punjab",https://www.businesslist.pk/company/243110/arif-and-associates,businesslist_pk,scrapy,audit-and-accounting,2026-08-21T20:37:13.751675+00:00
BSNS CONSULTING (Cost and Management Accountants),audit and accounting,http://www.bsnsconsulting.com,051-4861774,"Office # 11, 2nd Floor, Anique Arcade, I-8 Markaz, Islamabad., Islamabad, Islamabad Capital Territory",https://www.businesslist.pk/company/235489/bsns-consulting-pvt-ltd,businesslist_pk,scrapy,audit-and-accounting,2026-08-21T20:37:15.401104+00:00
JConsulting (Jameel &amp; Co. Chartered Accountants),audit and accounting,http://www.jconsulting.com.pk,+92 61 6777006,"109 D, Shah Rukn e Alam Colony, Multan, Multan, Punjab",https://www.businesslist.pk/company/244765/jconsulting-jameelco-chartered-accountants,businesslist_pk,scrapy,audit-and-accounting,2026-08-21T20:37:17.197284+00:00
Imran A.H. &amp; Co. Chartered Accountants,audit and accounting,,+92 307 8353391,"268, J2 Wapda Town, Lahore, Lahore",https://www.businesslist.pk/company/258475/imran-ahco-chartered-accountants,businesslist_pk,scrapy,audit-and-accounting,2026-08-21T20:37:19.419147+00:00
Ascent Accounts,audit and accounting,http://www.ascentaccounts.com,+923332928970,"A-105 Irfan Corner, Block 7, Federal B Area, Karachi, Pakistan, Karachi, Sindh",https://www.businesslist.pk/company/241682/ascent-accounts,businesslist_pk,scrapy,audit-and-accounting,2026-08-21T20:37:21.243453+00:00
Microtech Institute for Import Export Amazon eBay,audit and accounting,http://www.microtech.institue,052-4601650,"Skylark Building Awan Plaza Opposite Nishat Cinema, Katchery Road, Sialkot, Punjab",https://www.businesslist.pk/company/246700/microtech-institute-for-import-export-amazon-ebay,businesslist_pk,scrapy,audit-and-accounting,2026-08-21T20:37:23.503602+00:00
SIS Tax Consultant,audit and accounting,,03333399550,"Gulshan-e-Iqbal, Karachi, Karachi, Sindh",https://www.businesslist.pk/company/245714/sis-tax-consultant,businesslist_pk,scrapy,audit-and-accounting,2026-08-21T20:37:25.143943+00:00
Chartered Associates | Accounts &amp; Tax Consultants,audit and accounting,https://charteredassociates.pk/,"0305 1864833, +92 322 7877138","Plot No 41, Karim Block, 3 Rehman St, Lahore, 54000, Lahore, Punjab",https://www.businesslist.pk/company/253155/chartered-associatesaccountstax-consultants,businesslist_pk,scrapy,audit-and-accounting,2026-08-21T20:37:27.486364+00:00
Adeel Khan &amp; Co.,audit and accounting,http://www.akco.pk,+92-311-5004500,"Office No. 17, 3rd Floor, Executive Centre, I-8 Markaz, Islamabad, Islamabad Capital Territory",https://www.businesslist.pk/company/242469/adeel-khan-co,businesslist_pk,scrapy,audit-and-accounting,2026-08-21T20:37:29.598113+00:00
Adeel Khan &amp; Co.,audit and accounting,http://www.akco.pk,+92-311-5004500,"Office No. 17, 3rd Floor, Executive Centre, I-8 Markaz, Islamabad, Islamabad Capital Territory",https://www.businesslist.pk/company/240428/adeel-khanco,businesslist_pk,scrapy,audit-and-accounting,2026-08-21T20:37:31.441691+00:00
Sharjeel Ayub &amp; Co Chartered Accountants,audit and accounting,http://www.sayub.com,02135693933,"Office no 803, 8th Floor, Landmark Plaza, I.I Chundrigar Karachi, Karachi, Sindh",https://www.businesslist.pk/company/242182/sharjeel-ayubco-chartered-accountants,businesslist_pk,scrapy,audit-and-accounting,2026-08-21T20:37:33.334083+00:00
TAM Consulting,audit and accounting,https:/www.tamconsultingservice.com,+923222270164,"Karachi., Karachi, Sindh",https://www.businesslist.pk/company/247310/tam-consulting,businesslist_pk,scrapy,audit-and-accounting,2026-08-21T20:37:34.591197+00:00
Shamim &amp; Co.,audit and accounting,http://www.shamimco.com.pk,+92333-3393-587,"A-310, Iqra Complex, Block-17, gulistan-ejouhar, Karachi, Karachi, Sindh",https://www.businesslist.pk/company/246612/shamimco,businesslist_pk,scrapy,audit-and-accounting,2026-08-21T20:37:36.871506+00:00
2C Consultants,audit and accounting,http://www.2cconsultants.com,0346-3229630,"Office #13, Basement, Rehmat Center, I-8 Markaz, Islamabad, Pakistan., Islamabad, Islamabad Capital Territory",https://www.businesslist.pk/company/246441/2c-consultants,businesslist_pk,scrapy,audit-and-accounting,2026-08-21T20:37:38.354555+00:00
Alvi &amp; Company,audit and accounting,http://alviandco.blogspot.com,03142361158,"Office #218, Sunny Plaza, Hasrat Mohani Road near Techno City, Karachi, Sindh",https://www.businesslist.pk/company/244678/alvicompany,businesslist_pk,scrapy,audit-and-accounting,2026-08-21T20:37:40.543943+00:00
Fazal Mahmood &amp; Company,audit and accounting,http://www.fmc.com.pk,"924237580236, +92 423-742-6771","147 Shadman Colony 1 Lahore Pakistan, Lahore, Punjab",https://www.businesslist.pk/company/235429/fazal-mahmoodcompany,businesslist_pk,scrapy,audit-and-accounting,2026-08-21T20:37:42.509561+00:00
SF Consulting,audit and accounting,http://www.sfconsulting.co,+92-332-7975905,"Clifton, Karachi, Sindh",https://www.businesslist.pk/company/244089/sf-consulting,businesslist_pk,scrapy,audit-and-accounting,2026-08-21T20:37:44.465334+00:00
Eccountant,audit and accounting,https://www.eccountant.co/,"+92 304 1113900, +924237182201","61 XX, Khayaban e Iqbal, Commercial DHA, Sector XX DHA Phase 3, Lahore, Punjab 54972, Pakistan, Lahore, Punjab",https://www.businesslist.pk/company/248645/eccountant,businesslist_pk,scrapy,audit-and-accounting,2026-08-21T20:37:46.628455+00:00
Trust Investment Bank Ltd. (closed),banks credit unions,http://www.trustleasing.com,"(92 42) 35710988, 35710946, UAN : (92 42) 111-666-333, +92 (042) 35758285-8","35-a/ii, Aziz Avenue, Canal Bank, Lahore",https://www.businesslist.pk/company/236046/trust-investment-bank-ltd-closed,businesslist_pk,scrapy,banks-credit-unions,2026-08-21T20:37:48.946510+00:00
NayaPay,banks credit unions,https://nayapay.com,(9221) 111-222-729,"10th Floor، Lakson Square Building، 3 Sarwar Shaheed Rd, Civil Lines, Karachi, Karachi City, Sindh, Karachi",https://www.businesslist.pk/company/255859/nayapay,businesslist_pk,scrapy,banks-credit-unions,2026-08-21T20:37:50.580762+00:00
Next Capital,banks credit unions,https://www.nextcapital.com.pk/,+92 21 111 639 825,"Floor 2, Imperial Court, Dr Ziauddin Ahmed Rd, Civil Lines Kashmir Mujahid Colony, Karachi, Karachi City, Sindh 75530, Karachi",https://www.businesslist.pk/company/256937/next-capital,businesslist_pk,scrapy,banks-credit-unions,2026-08-21T20:37:52.509873+00:00
House of Habib,banks credit unions,http://www.hoh.net,"(92 21) 34312030, 34312197","2nd Floor,Siddiqsons Tower,3-Jinnah C.H. Society,Shahrah-e-Faisal, Karachi",https://www.businesslist.pk/company/182700/house-of-habib,businesslist_pk,scrapy,banks-credit-unions,2026-08-21T20:37:54.510574+00:00
National Database &amp; Registration Authority,banks credit unions,https://ndctech.net/,"9281-2452030 / 2452023, +9221 35245356 8"," New Zarghoon Road, Balochistan, Quetta, Balochistan",https://www.businesslist.pk/company/101481/national-databaseregistration-authority,businesslist_pk,scrapy,banks-credit-unions,2026-08-21T20:37:56.602296+00:00
Ibrar &amp; Associates,banks credit unions,http://www.ibrarlaw.com,92-423-7236936,"Suite No. 9, 1st Floor, Patiala Complex, 2-Link McLeod Road, Lahore, Lahore, Punjab",https://www.businesslist.pk/company/241021/ibrarassociates,businesslist_pk,scrapy,banks-credit-unions,2026-08-21T20:37:58.115521+00:00
SA Farooqi Tax Advisor,banks credit unions,http://www.safarooqi.com/,0334-526-9448,"House # 4 , Street 5-A, Royal Avenue ,Park Road, Chak Shahzad, Islamabad, Islamabad, Islamabad Capital Territory",https://www.businesslist.pk/company/245846/sa-farooqi-tax-advisor,businesslist_pk,scrapy,banks-credit-unions,2026-08-21T20:38:00.489857+00:00
Mawazna,banks credit unions,https://www.mawazna.com/,+92 42-35304444,"4 Sunflower Society  Block J1, Johar Town  Lahore, Pakistan, Lahore, Punjab",https://www.businesslist.pk/company/247413/mawazna,businesslist_pk,scrapy,banks-credit-unions,2026-08-21T20:38:02.376494+00:00
Oraan,banks credit unions,https://www.oraan.com,(021) 35867226,"Office # 602, Syedna Tahir Saifuddin Memorial Building CL-10/20, Beaumont Rd, Civil Lines Karachi, 75600, Karachi",https://www.businesslist.pk/company/255229/oraan,businesslist_pk,scrapy,banks-credit-unions,2026-08-21T20:38:04.317838+00:00
Faysal Funds,banks credit unions,https://www.faysalfunds.com/,+92 21 38657800,"7th Floor, West Wing Faysal House ST-02 Main, Shahrah-e-Faisal Rd, Fowler Lines, Karachi, Karachi City, Sindh, Karachi",https://www.businesslist.pk/company/256902/faysal-funds,businesslist_pk,scrapy,banks-credit-unions,2026-08-21T20:38:06.210081+00:00
Pak Libya Holding Company Pvt.Ltd,banks credit unions,https://paklibya.com.pk/,"9221111776776, +92 21 111-111-115","Consumer Banking Division, 5th Floor, Block &quot;c&quot;, Finance &amp; Trade Centre, Karachi, Karachi, Sindh",https://www.businesslist.pk/company/173567/pak-libya-holding-company-pvtltd,businesslist_pk,scrapy,banks-credit-unions,2026-08-21T20:38:07.560384+00:00
Compareon Pakistan Private Limited,banks credit unions,http://www.karlocompare.com.pk/,021-35372094,"Hilltop Arcade, Commercial Ave, Karachi, Sindh",https://www.businesslist.pk/company/243799/compareon-pakistan-private-limited,businesslist_pk,scrapy,banks-credit-unions,2026-08-21T20:38:09.588621+00:00
Saudi Pak Commercial Bank Ltd.,banks credit unions,http://www.saudipakbank.com,"9242-111001987 / 6312448 / 6312446 / 6279271, +92-21-35655181/2/3, +92-21-35655181/2/3, +92-51-111-222-003"," Ajmal House Egerton Road, Punjab, Lahore, Punjab",https://www.businesslist.pk/company/95601/saudi-pak-commercial-bank-ltd,businesslist_pk,scrapy,banks-credit-unions,2026-08-21T20:38:11.344208+00:00
MYTM Travels,banks credit unions,http://www.mytmtravels.com/,"03041116986, +92 42 35301168","BUILDING NO. 68, R1, Johar Town Phase II, Lahore, Lahore, Punjab",https://www.businesslist.pk/company/252288/mytm-travels,businesslist_pk,scrapy,banks-credit-unions,2026-08-21T20:38:13.265451+00:00
Neemar,banks credit unions,http://www.neemar.com.pk,04235754338-9,"10-Q GULBERG II LAHORE , Lahore, Punjab",https://www.businesslist.pk/company/242689/neemar,businesslist_pk,scrapy,banks-credit-unions,2026-08-21T20:38:14.413488+00:00
State Bank of Pakistan,banks credit unions,https://www.sbp.org.pk/,"9241-9200430, 9241- 9200421,  +92 41 9239305, +92-91-111 95 95 95"," MA Jinnah Rd, Faisalabad, Punjab",https://www.businesslist.pk/company/95675/state-bank-of-pakistan,businesslist_pk,scrapy,banks-credit-unions,2026-08-21T20:38:16.602576+00:00
Pakistan Mortgage Refinance Company,banks credit unions,https://pmrc.com.pk,+92(21)35633366,"Finance Trade Center, 4th Floor, Block، A Main Shahrah-e-Faisal Rd, Karachi Cantonment, Karachi, Karachi City, Sindh 74400, Karachi",https://www.businesslist.pk/company/256115/pakistan-mortgage-refinance-company,businesslist_pk,scrapy,banks-credit-unions,2026-08-21T20:38:18.607374+00:00
Autosoft Dynamics (pvt) Ltd.,banks credit unions,http://www.autosoftdynamics.com,"(92 42) 35898282, 35898286, +92-42-3589-8282-6","360/2 Q-Commercial Area, DHALahore, Lahore",https://www.businesslist.pk/company/158217/autosoft-dynamics-pvt-ltd,businesslist_pk,scrapy,banks-credit-unions,2026-08-21T20:38:20.446444+00:00
The Institute Of Bankers Pakistan,banks credit unions,http://www.ibp.org.pk,"9221-111111564 / 5686955 / 5687515 / 5680783, +923030652963","Moulvi Tamizuddin Khan Road, Sindh, Karachi, Sindh",https://www.businesslist.pk/company/95706/the-institute-of-bankers-pakistan,businesslist_pk,scrapy,banks-credit-unions,2026-08-21T20:38:22.541371+00:00
Prize Bond List Lahore,banks credit unions,https://www.prizebondlist.net,+923214850003,"Main Walton road Lahore, Lahore, Punjab",https://www.businesslist.pk/company/251104/prize-bond-list-lahore,businesslist_pk,scrapy,banks-credit-unions,2026-08-21T20:38:24.031328+00:00
Iffti Photography,photography,http://www.iffti.pk,0333 8350600,"NPO Office, 2nd Floor, Software Technology Park 1, Awami Markaz, F- 5, Islamabad , Islamabad, Punjab",https://www.businesslist.pk/company/242748/iffti-photography,businesslist_pk,scrapy,photography,2026-08-21T20:38:53.182603+00:00
Qazi Studio &amp; Color Labs,photography,https://www.facebook.com/QaziStudio/,"9252-4595080, 9252-4586083, +92 300 0341304"," Railway Road, Ganj Mandi Latefa Bad, Sialkot, Punjab",https://www.businesslist.pk/company/126931/qazi-studiocolor-labs,businesslist_pk,scrapy,photography,2026-08-21T20:39:02.887357+00:00
T H S  Films,photography,,03009380262,"Office number S7 2nd Floor Grand Palace Plaza Near Chori Gali Abdul Sattar Road Quetta , Quetta, Balochistan",https://www.businesslist.pk/company/248496/t-h-s-films,businesslist_pk,scrapy,photography,2026-08-21T20:39:11.304365+00:00
Toshi Photography,photography,,03125060375,"PWD Islamabad Pakistan, Islamabad, Islamabad Capital Territory",https://www.businesslist.pk/company/249452/toshi-photography,businesslist_pk,scrapy,photography,2026-08-21T20:39:19.554621+00:00
"Beijing KYLIN Technology Co.,Ltd.",photography,,8610-89525142,"Room 1601A,China., Beijing",https://www.businesslist.pk/company/126769/beijing-kylin-technology-coltd,businesslist_pk,scrapy,photography,2026-08-21T20:39:28.223469+00:00
The Legal Pledge,lawyers,,0313 7979078,"Office No. 2, 1st Floor, Akbar Plaza, G-10 Markaz, Islamabad, Islamabad",https://www.businesslist.pk/company/254932/the-legal-pledge,businesslist_pk,scrapy,lawyers,2026-08-21T20:39:32.222392+00:00
Namwar.com,photography,,+92-42-8458375," Allama Iqbal Town, Punjab, Lahore, Punjab",https://www.businesslist.pk/company/126782/namwarcom,businesslist_pk,scrapy,photography,2026-08-21T20:39:37.822573+00:00
Jamshed Law Associates,lawyers,,"(92 21) 35643690, 35643689.","Suit #5,3rd Floor,Plot #50-C,11th Comm&#039;l St.,Phase-2 Ext.,D.H.A, Karachi, Sindh",https://www.businesslist.pk/company/181589/jamshed-law-associates,businesslist_pk,scrapy,lawyers,2026-08-21T20:39:39.759360+00:00
Amjad &amp; Co Barristers,lawyers,,00923404920267,"Building No 46, NS2, Naval Anchorage, , Islamabad, Islamabad Capital Territory",https://www.businesslist.pk/company/249212/amjadco-barristers,businesslist_pk,scrapy,lawyers,2026-08-21T20:39:41.149362+00:00
A.J Advertise Islamabad,printing,http://www.printersinislamabad.com,03205000796,"office 208 2nd Floor Royal Center Blue Area Islamabad, Islamabad, Islamabad Capital Territory",https://www.businesslist.pk/company/241589/aj-advertise-islamabad,businesslist_pk,scrapy,printing,2026-08-21T20:39:42.853897+00:00
Digital Signage,photography,,9221-5671109,"505 Kashif Centre 5th Floor Sharae Faisal, Sindh, Karachi, Sindh",https://www.businesslist.pk/company/126835/digital-signage,businesslist_pk,scrapy,photography,2026-08-21T20:39:45.035476+00:00
Designers Atelier,photography,,9251-2292212,"Office #3, Moon PlazaF-10 Markaz, Capital, Islamabad",https://www.businesslist.pk/company/92180/designers-atelier,businesslist_pk,scrapy,photography,2026-08-21T20:39:47.147910+00:00
Yellowfactor,photography,,0321-4010482,"online[usa based]-lake city, Punjab, Lahore, Punjab",https://www.businesslist.pk/company/126793/yellowfactor,businesslist_pk,scrapy,photography,2026-08-21T20:39:49.315844+00:00
Focus Photography,photography,,,"Multan, Multan, Punjab",https://www.businesslist.pk/company/242809/focus-photography,businesslist_pk,scrapy,photography,2026-08-21T20:39:50.578999+00:00
Faisal Studio &amp; Beauty Saloon,photography,,(92 41) 8718487,"398-D,Peoples Colony,Near Mcdonald&#039;s, Faisalabad",https://www.businesslist.pk/company/193072/faisal-studiobeauty-saloon,businesslist_pk,scrapy,photography,2026-08-21T20:39:52.726941+00:00
Fujifilm Pakistan (pvt) Ltd.,photography,,9221-4535505 / 4535502 / 4535503 / 4535504,"37-D, P.E.C.H.S., Sindh, Karachi, Sindh",https://www.businesslist.pk/company/126868/fujifilm-pakistan-pvt-ltd,businesslist_pk,scrapy,photography,2026-08-21T20:39:54.370246+00:00
Faisal&#039;s Studio &amp; Beauty Salon,photography,,(92 41) 8718487,"398-D,Peoples Colony,Near McDonald&#039;s, Faisalabad",https://www.businesslist.pk/company/193073/faisals-studiobeauty-salon,businesslist_pk,scrapy,photography,2026-08-21T20:39:55.292125+00:00
Shami Photos,photography,,+923216640390,"99D Pakistan Studio,  Cotton Mills Road, Faisalabad",https://www.businesslist.pk/company/165711/shami-photos,businesslist_pk,scrapy,photography,2026-08-21T20:39:57.126220+00:00
Saeed Akhtar Studio,photography,,9242-35310044,"343-H3, Minhaj-ul-Hussain Road, Johar Town, Lahore, Punjab, Lahore, Punjab",https://www.businesslist.pk/company/126943/saeed-akhtar-studio,businesslist_pk,scrapy,photography,2026-08-21T20:39:59.243907+00:00
Static Life Commercial Photographic Co.,photography,,"(92 21) 34925198, 34141297","Suit # 602,Noble Heights,Chandni Chowk,University Road, Karachi",https://www.businesslist.pk/company/193094/static-life-commercial-photographic-co,businesslist_pk,scrapy,photography,2026-08-21T20:40:01.231483+00:00
Framer,photography,,"(92 21) 35341653, 35856703","15-C, Stadium Lane 1, D.H.A., Phase V, Opp. Kh-e-Shamsheer Karachi, Karachi",https://www.businesslist.pk/company/165654/framer,businesslist_pk,scrapy,photography,2026-08-21T20:40:03.399352+00:00
Fujifilm Pakistan (Pvt) Ltd.,photography,,9242-7237706 / 7237704 / 7237496 / 7244435,"Gardee Trust Building Agha Shorish Kashmiri Road, Punjab, Lahore, Punjab",https://www.businesslist.pk/company/126866/fujifilm-pakistan-pvt-ltd,businesslist_pk,scrapy,photography,2026-08-21T20:40:05.124673+00:00
Usman Jamshed Photos,photography,,+92-42-5889361,"541-R Block Model Town Ext, Punjab, Lahore, Punjab",https://www.businesslist.pk/company/126788/usman-jamshed-photos,businesslist_pk,scrapy,photography,2026-08-21T20:40:07.062549+00:00
Garden Wise,photography,,9242-5164001 / 5187001 / 5188001," Valencia, Punjab, Lahore, Punjab",https://www.businesslist.pk/company/120123/garden-wise,businesslist_pk,scrapy,photography,2026-08-21T20:40:08.492833+00:00
The Global&#039;s,photography,,03002368201,"Flat 01, Sheraton Centre, Block-7, F.B Area Karachi., Sindh, Karachi, Sindh",https://www.businesslist.pk/company/126787/the-globals,businesslist_pk,scrapy,photography,2026-08-21T20:40:10.640712+00:00
Hakimsons Studio,photography,,"(92 21) 35370311, 35370314","G-18/10,Sasi Homes,Block-8,Clifton, Karachi",https://www.businesslist.pk/company/193077/hakimsons-studio,businesslist_pk,scrapy,photography,2026-08-21T20:40:12.366775+00:00
Al-hafeez Photo Centre,photography,,9242-7229478,"42-Chamberlain Road, Punjab, Lahore, Punjab",https://www.businesslist.pk/company/126806/al-hafeez-photo-centre,businesslist_pk,scrapy,photography,2026-08-21T20:40:13.953245+00:00
Xfotology Photography Studio,photography,,923456421477,"90/1, 10th Lane, DHA Phase 7, Sindh, Karachi, Sindh",https://www.businesslist.pk/company/126792/xfotology-photography-studio,businesslist_pk,scrapy,photography,2026-08-21T20:40:15.544877+00:00
Frames Enframed,photography,,9242-5764870,"166-F, Main Market Gulberg-II, Punjab, Lahore, Punjab",https://www.businesslist.pk/company/126862/frames-enframed,businesslist_pk,scrapy,photography,2026-08-21T20:40:17.337873+00:00
Zaair Guide,photography,,02132463274,"Business &amp; Finance Centre, I.I. Chundrigar Road, Karachi – 74000, Pakistan, Karachi, Sindh",https://www.businesslist.pk/company/243825/zaair-guide,businesslist_pk,scrapy,photography,2026-08-21T20:40:19.555518+00:00
Royal Calendars,printing,https://www.RoyalCalendars.com,,"Shop #103-B, 1st floor, Hashmi Centre, Abdullah Haroon Rd, Saddar, Karachi, Sindh",https://www.businesslist.pk/company/127740/royal-calendars,businesslist_pk,scrapy,printing,2026-08-21T20:40:20.964867+00:00
Click2Print,printing,http://www.click2print.com.pk,03344478886,"62-A, Shan Arcade Barkat Market, Lahore, Punjab",https://www.businesslist.pk/company/242162/click2print,businesslist_pk,scrapy,printing,2026-08-21T20:40:22.803163+00:00
Printing Solution,printing,https://printingsolution.com.pk/,+923232425409,"Office No.04, Plot, GP-1/A, near Al-Falah Masjib P&amp;T, Clifton, Karachi, Karachi City, Sindh 75600, Karachi",https://www.businesslist.pk/company/257743/printing-solution,businesslist_pk,scrapy,printing,2026-08-21T20:40:24.806928+00:00
Town Crier (Pvt.) Ltd,printing,http://towncrier.com.pk/,92-41-2631555,"P-3, Office No 7-8, Fazal Center, Gujjar Basti, Malik Road Opp., Banking Court, Faisalabad, Punjab",https://www.businesslist.pk/company/244038/towncrier-pvt-ltd,businesslist_pk,scrapy,printing,2026-08-21T20:40:26.644528+00:00
Shahzad &amp;Sons International,printing,https://shahzad-sons-international.business.site/,03004304372,"172/B Amrat Street, Ferouzpur Road, Near Shah Jamal  Ichhra, Lahore, Pakistan, Lahore, Punjab",https://www.businesslist.pk/company/253374/shahzad-sons-international,businesslist_pk,scrapy,printing,2026-08-21T20:40:28.743426+00:00
Prime Office Product,printing,http://primeofficeproducts.com.pk,"(92 21) 34150556, 34150557, +92 042 35875156","West Land Trade Center, C-2/3, 2nd Flr, Cc. Area, Blk-7, Kuchs, Shaheed-e-millat Rd, Karachi",https://www.businesslist.pk/company/236515/prime-office-product,businesslist_pk,scrapy,printing,2026-08-21T20:40:30.642805+00:00
Artzign Media,printing,http://www.artzignmedia.com,+92-343-8549944,"98 Y-Block,2nd Floor, Commercial Area, DHA Lahore Cantt., Lahore, Punjab",https://www.businesslist.pk/company/170060/artzign-media,businesslist_pk,scrapy,printing,2026-08-21T20:40:31.654641+00:00
Techlets Pvt. Ltd.,printing,https://techletspk.com/,+92 346 5346326,"94 Street 7, I-10/3, Sector I-10/1 I 10/3, Islamabad Capital Territory 44000, Islamabad",https://www.businesslist.pk/company/255878/techlets-pvt-ltd,businesslist_pk,scrapy,printing,2026-08-21T20:40:33.442335+00:00
Printorium Printers,printing,https://printoriumprinters.com,+923335266986,"Office 3-B, Laraib Center, G-9 Markaz, Islamabad, Islamabad",https://www.businesslist.pk/company/257555/printorium-printers,businesslist_pk,scrapy,printing,2026-08-21T20:40:34.612911+00:00
M3 Printers,printing,http://www.m3printers.com,03147474714,"Office # 1, Glamour Heights, Pakistan Chowk, Karachi, Karachi, Sindh",https://www.businesslist.pk/company/250697/m3-printers,businesslist_pk,scrapy,printing,2026-08-21T20:40:36.728389+00:00
BMK,printing,https://www.thebmkdesign.com/,"03362058448, +92 .323.148.3175","U-214 Victoria Centre Saddar , Karachi, Sindh",https://www.businesslist.pk/company/243074/bmk,businesslist_pk,scrapy,printing,2026-08-21T20:40:38.951068+00:00
Al Malik Printer,printing,,042-36290191,"7B- Fazal Mansion Royal Park, Lahore, Lahore, Punjab",https://www.businesslist.pk/company/253021/al-malik-printer,businesslist_pk,scrapy,printing,2026-08-21T20:40:41.180116+00:00
Swenggco Software,printing,http://swenggcosoftware.com/,+92 (52) 3554901,"GG2C+8GV, Mir Hassan Rd, Model Town, Sialkot, Punjab, Sialkot",https://www.businesslist.pk/company/257056/swenggco-software,businesslist_pk,scrapy,printing,2026-08-21T20:40:43.143506+00:00
MN Tech Solutions (Private) Limited,printing,http://www.mntechsolutions.net,+92 322 4138957,"Compsi plaza barkat market, Saddar Town, Lahore, Punjab 54000, Lahore",https://www.businesslist.pk/company/256774/mn-tech-solutions-private-limited,businesslist_pk,scrapy,printing,2026-08-21T20:40:45.349947+00:00
REHMAN RAHEEM Packages,printing,,,"11 -KMs-, Multan Road, Lahore, Lahore, Punjab",https://www.businesslist.pk/company/235499/rehman-raheem-packages,businesslist_pk,scrapy,printing,2026-08-21T20:40:47.616500+00:00
Centerac Advertising Pvt Ltd,printing,http://www.centerac.pk,03335372133,"Centerac Office S-29 The Malikabad Plaza,6th Road,Rawalpindi., Rawalpindi, Islamabad Capital Territory",https://www.businesslist.pk/company/248932/centerac-advertising-pvt-ltd,businesslist_pk,scrapy,printing,2026-08-21T20:40:49.621409+00:00
The Inksters,printing,https://www.theinksters.net/,+92 42 35861244,"Office #511, 5th Floor, Al Qadir Heights, 1 Babar Block, New Garden Town, Lahore., Lahore, Punjab",https://www.businesslist.pk/company/249003/the-inksters,businesslist_pk,scrapy,printing,2026-08-21T20:40:50.863739+00:00
VentureDive,printing,https://venturedive.com/,+92 21 3420 9211,"Dilkusha Forum, 12th Floor, Tariq Rd, Delhi CHS PECHS, Karachi, Karachi City, Sindh, Karachi",https://www.businesslist.pk/company/256330/venturedive,businesslist_pk,scrapy,printing,2026-08-21T20:40:53.103692+00:00
Research Society Of International Law,lawyers,,+92 51 2831033,"Islamabad, Islamabad",https://www.businesslist.pk/company/257253/research-society-of-international-law,businesslist_pk,scrapy,lawyers,2026-08-21T20:40:54.392740+00:00
Top Lawyers In Pakistan,lawyers,,3228695443,"Regal Chowk, Mall Road Lahore, Lahore, Punjab",https://www.businesslist.pk/company/254168/top-lawyers-in-pakistan,businesslist_pk,scrapy,lawyers,2026-08-21T20:40:56.086898+00:00
Karachi Bar Association,lawyers,,"(92 21) 37665329, +92 314 6936871"," City Courts , near Light House, M.A.Jinnah Road, Karachi, Sindh",https://www.businesslist.pk/company/181592/karachi-bar-association,businesslist_pk,scrapy,lawyers,2026-08-21T20:40:57.368159+00:00
M/s Yusuf Law Associates,lawyers,,051-4935163,"United Plaza, 1st Floor, Office No. 6, Shamsabad Murree Road Rawalpindi, Rawalpindi",https://www.businesslist.pk/company/255045/ms-yusuf-law-associates,businesslist_pk,scrapy,lawyers,2026-08-21T20:40:59.583779+00:00
Dr. Ilyas Zafar,lawyers,,+92-42-359 58811,"8-G, Mushtaq Gurmani Road Gulberg II, Lahore, Pakistan, Lahore, Punjab",https://www.businesslist.pk/company/160856/dr-ilyas-zafar,businesslist_pk,scrapy,lawyers,2026-08-21T20:41:01.276022+00:00
SMAR Consultants,lawyers,,92 302 826 7700,"D-24/A, RCHS Phase - II, Sector 34/A, Scheme # 33, KARACHI, Karachi, Sindh",https://www.businesslist.pk/company/241506/smar-consultants,businesslist_pk,scrapy,lawyers,2026-08-21T20:41:03.329598+00:00
B.Shaheer &amp; Co.,lawyers,,+923318660745,"2nd Floor Fazal Building Kutchery Road, Sialkot, Punjab",https://www.businesslist.pk/company/242550/b-shaheer-co,businesslist_pk,scrapy,lawyers,2026-08-21T20:41:05.574629+00:00
Ali &amp; Associates,lawyers,,9221-4534582 / 4534580 / 4546134 / 4546135,"Suites 6, 7 &amp; 8, Shaheen Towers 23-A, P.E.C.H.S. Shahrah-e-Faisal, Sindh, Karachi, Sindh",https://www.businesslist.pk/company/97938/aliassociates,businesslist_pk,scrapy,lawyers,2026-08-21T20:41:07.162822+00:00
Waqar and Waqar Law Associates,lawyers,,+923338923729,"House No. 16, Attaturk Road, G-6/4, Islamabad , Islamabad",https://www.businesslist.pk/company/257710/waqar-and-waqar-law-associates,businesslist_pk,scrapy,lawyers,2026-08-21T20:41:09.371688+00:00
AZ Law Co,lawyers,https://azlawco.com/,0300-8050336,"Suite # 21 5th Floor Al-madina Tower Ferozepur Road, Lahore, Punjab",https://www.businesslist.pk/company/249983/az-law-co,businesslist_pk,scrapy,lawyers,2026-08-21T20:41:11.376887+00:00
Bukhari&amp;Bukhari Legal Assistance,lawyers,,03217317388,"Bukhari&amp;Bukhari Law Associates, Syedan Wala Bypass Chok Bosan Road Multan, Multan, Punjab",https://www.businesslist.pk/company/253405/bukharibukhari-legal-assistance,businesslist_pk,scrapy,lawyers,2026-08-21T20:41:13.303317+00:00
NO #1 in Recruitment Agency in Pakistan for Gulf,lawyers,,03009259090,"Park Avenue, 75400, Shahrah-e-Faisal Rd, Block A Bangalore Town, Karachi, Karachi City, Sindh 75300, Karachi, Sindh",https://www.businesslist.pk/company/253604/no-1-in-recruitment-agency-in-pakistan-for-gulf,businesslist_pk,scrapy,lawyers,2026-08-21T20:41:14.931371+00:00
Bhatti Photographers,photography,,+92-42-5762868," Model Town, Punjab, Lahore, Punjab",https://www.businesslist.pk/company/126770/bhatti-photographers,businesslist_pk,scrapy,photography,2026-08-21T20:41:16.311056+00:00
OK Electrical Industries,photography,,"(92 42) 37228626, 37228726","Chowk Dalgran,  Brandreth Road Lahore, Lahore",https://www.businesslist.pk/company/143339/ok-electrical-industries,businesslist_pk,scrapy,photography,2026-08-21T20:41:18.292219+00:00
DreamsStudio 1,photography,,051-4426136," S.Town Rawalpindi, Punjab, Rawalpini, Punjab",https://www.businesslist.pk/company/126774/dreamsstudio-1,businesslist_pk,scrapy,photography,2026-08-21T20:41:20.166849+00:00
saroha colour lab,photography,,0652552111," near Bilaly musjid khanewal, punjab, Khanewal, Punjab",https://www.businesslist.pk/company/126785/saroha-colour-lab,businesslist_pk,scrapy,photography,2026-08-21T20:41:21.761039+00:00
Sohail&#039;s Commercial Studio,photography,,(92 21) 34531866,"873/C,P.E.C.H.S.,Block-2,Off Allama Iqbal Road, Karachi",https://www.businesslist.pk/company/193093/sohails-commercial-studio,businesslist_pk,scrapy,photography,2026-08-21T20:41:23.472347+00:00
Momentum PR &amp; Corporate Communications,photography,,9221-32074916,"A-5, Plot B-10, Gulshan Iqbal, Sindh, Karachi, Sindh",https://www.businesslist.pk/company/85451/momentum-prcorporate-communications,businesslist_pk,scrapy,photography,2026-08-21T20:41:25.001042+00:00
Cam studio,photography,,03340008955,"office no, 10 Shahid Road, Block G Phase 1 Johar Town, Lahore, Punjab 54782, Lahore, Punjab",https://www.businesslist.pk/company/252846/cam-studio,businesslist_pk,scrapy,photography,2026-08-21T20:41:26.581542+00:00
dotclub printer,photography,,+92-300-6618050," faisalabad, punjab, Faisalabad, Punjab",https://www.businesslist.pk/company/126773/dotclub-printer,businesslist_pk,scrapy,photography,2026-08-21T20:41:28.385447+00:00
nasir4u,photography,,0312-8512851,"D-4,AMBREEN APARTMENT BLOCK-2, GULSHAN TOWN KARCHI., Karachi, Sindh",https://www.businesslist.pk/company/235509/nasir4u,businesslist_pk,scrapy,photography,2026-08-21T20:41:30.253825+00:00
Raffisons (pvt) Ltd.,photography,,9221-2627995 / 2627991 / 2627993 / 2627992," Taj Mahal Complex Faiz Muhammad Fateh Ali Road Near Haqqani Chowk, Sindh, Karachi, Sindh",https://www.businesslist.pk/company/126933/raffisons-pvt-ltd,businesslist_pk,scrapy,photography,2026-08-21T20:41:31.550747+00:00
Photoprints,photography,,+92-42-5774669," Lahore, Punjab, Lahore, Punjab",https://www.businesslist.pk/company/126783/photoprints,businesslist_pk,scrapy,photography,2026-08-21T20:41:33.299538+00:00
ImagesbyFawadAzhar,photography,,,"Al Rehmat House:No:1, Lakki Dheri Road, Gulbahar No:3, Peshawar, Peshawar, Khyber Pakhtunkhwa",https://www.businesslist.pk/company/243137/imagesbyfawadazhar,businesslist_pk,scrapy,photography,2026-08-21T20:41:35.038683+00:00
Dossani&#039;s Studio,photography,,+92-21-5848883-85,"14/C, Stadium Lan-1, Phase V, Defense Housing Authority, Sindh, Karachi, Sindh",https://www.businesslist.pk/company/126836/dossanis-studio,businesslist_pk,scrapy,photography,2026-08-21T20:41:36.497904+00:00
Asad Farooq Photography,photography,,+92-333-313-4378," Karachi DHA, Sindh, Karachi, Sindh",https://www.businesslist.pk/company/126768/asad-farooq-photography,businesslist_pk,scrapy,photography,2026-08-21T20:41:38.742603+00:00
Velvet Photo Works,photography,,03216818899,"2nd Floor, Khalil Plaza, Warsak Road, Peshawar, Khyber Pakhtunkhwa",https://www.businesslist.pk/company/242878/velvet-photo-works,businesslist_pk,scrapy,photography,2026-08-21T20:41:40.497357+00:00
RA Productions,photography,,,"Main Commercial D Block Khuram Plaza 1st floor Valancia, Lahore, Punjab",https://www.businesslist.pk/company/243973/ra-productions,businesslist_pk,scrapy,photography,2026-08-21T20:41:42.293514+00:00
Eddie Studios,photography,,+92-21-6312007,"NONE, sindh, Karachi, Sindh",https://www.businesslist.pk/company/126775/eddie-studios,businesslist_pk,scrapy,photography,2026-08-21T20:41:43.842064+00:00
Static Life Commercial Photographic CO,photography,,"(92 21) 34925198, 34141297","Suit # 602, Noble Heights, Chandni Chowk, University Road, Karachi, Sindh",https://www.businesslist.pk/company/238773/static-life-commercial-photographic-co,businesslist_pk,scrapy,photography,2026-08-21T20:41:46.002576+00:00
Business Technologies,photography,,"042-6672674, +92 42 35759564","206,  Tufail Road,  Lahore,  Punjab,  Pakistan, Lahore",https://www.businesslist.pk/company/158237/business-technologies,businesslist_pk,scrapy,photography,2026-08-21T20:41:47.336807+00:00
PrintnPack.pk,printing,https://printnpack.pk/,03111622622,"42 Chamberlain Rd, Anarkali Bazaar Lahore, Lahore, Punjab",https://www.businesslist.pk/company/252099/printnpackpk,businesslist_pk,scrapy,printing,2026-08-21T20:41:48.684792+00:00
Ingenieros.PK,printing,http://www.ingenieros.pk,+92412415786,"70 Dijkot Road, Faisalabad, Faisalabad, Punjab",https://www.businesslist.pk/company/241224/ingenierospk,businesslist_pk,scrapy,printing,2026-08-21T20:41:50.395862+00:00
Panaflex Printing Shop,printing,https://www.facebook.com/panaflx,+923365544466,"I &amp; T Centre G-9/1, Islamabad, Islamabad",https://www.businesslist.pk/company/257306/panaflex-printing-shop,businesslist_pk,scrapy,printing,2026-08-21T20:41:52.567984+00:00
Creatrix Multimedia,printing,https://creatrixmultimedia.com,+92 021 37443092,"Park Avenue, Suite # 1011, Main Shahrah-e-Faisal Rd, Block 6 PECHS, Karachi, Karachi City, Sindh 75400, Karachi",https://www.businesslist.pk/company/256551/creatrix-multimedia,businesslist_pk,scrapy,printing,2026-08-21T20:41:54.483854+00:00
Bab e Punjab Printer,printing,https://www.facebook.com/babepunjab,+92 308 1626944,"5-Ahmad Pura, Press Market, Near Nomania Road, Gondlanwala Road, Gujranwala, Punjab",https://www.businesslist.pk/company/252838/bab-e-punjab-printer,businesslist_pk,scrapy,printing,2026-08-21T20:41:56.256799+00:00
Enterprise Business Consultancy,printing,,03005557720,"406, Street 26, E-11/4, Islamabad, Punjab",https://www.businesslist.pk/company/241956/smart-distributors,businesslist_pk,scrapy,printing,2026-08-21T20:41:58.471542+00:00
Universal Packages,printing,http://www.universalpackages.com.pk,0092135120809 - 02135072104,"Plot# C 126 sector 31D , P &amp; T socity korangi industrial Area karachi, Karachi, Sindh",https://www.businesslist.pk/company/241170/universal-packages,businesslist_pk,scrapy,printing,2026-08-21T20:42:00.621042+00:00
Artimization,printing,https://www.artimization.com/,+92 3343791748,"Anum Arcade, Office#202, Building#, 14-C South Park Avenue, DHA Phase#02 EXT Karachi, 75500, Karachi, Sindh",https://www.businesslist.pk/company/249435/artimization,businesslist_pk,scrapy,printing,2026-08-21T20:42:02.787146+00:00
AL Amna Packages,printing,https://alamnapackages.com/,,"B 39 Pakistan cable road, site, Karachi, Pakistan, Karachi, Sindh",https://www.businesslist.pk/company/238663/al-amna-packages,businesslist_pk,scrapy,printing,2026-08-21T20:42:04.268708+00:00
4D Printing Advertising,printing,http://www.4dprintingadvertising.com,042-36301429,"Makkah Tower, Office # 1, Royal Park -4, Lahore, Punjab",https://www.businesslist.pk/company/249163/4d-printing-advertising,businesslist_pk,scrapy,printing,2026-08-21T20:42:05.608551+00:00
Zoq Printers Press,printing,http://www.zoqprinters.com,03218477221,"lower mall, out fall road , Lahore, Lahore, Punjab",https://www.businesslist.pk/company/241897/zoq-printers,businesslist_pk,scrapy,printing,2026-08-21T20:42:07.761652+00:00
adcity,printing,http://www.adcity.net.pk,924235965483,"Alamgir House, 143 Arif Town, 21km Ferozpur Road, Lahore., Lahore, Punjab",https://www.businesslist.pk/company/218517/adcity,businesslist_pk,scrapy,printing,2026-08-21T20:42:09.753333+00:00
Blue Berry Kitchen,printing,http://www.blueberryinterior.com,(92 21) 35304297,"Plot # 5-C,33rd Street,Tauheed Commercial,Phase V,D.H.A, Karachi, Sindh",https://www.businesslist.pk/company/190506/blue-berry-kitchen,businesslist_pk,scrapy,printing,2026-08-21T20:42:10.999741+00:00
Panaflex Printing in Lahore,printing,http://www.printingshine.com,03062620004,"Shop # 4 Taj Arcade, PIA Road, Wapda Town, Gol Chakkar, Lahore, Punjab",https://www.businesslist.pk/company/249451/panaflex-printing-in-lahore,businesslist_pk,scrapy,printing,2026-08-21T20:42:12.928125+00:00
Crown Sublimation,printing,https://sites.google.com/crownsublimationprinting/home,+923338680815,"Habib mall, Kashmir Road, opposite Jeevan hotel, Pakka Garha, Sialkot, Punjab, Sialkot",https://www.businesslist.pk/company/258005/crown-sublimation,businesslist_pk,scrapy,printing,2026-08-21T20:42:15.183090+00:00
Oriental Book Society,printing,https://www.facebook.com/oriental.lahore/,+923349802034,"Ganput Road, Paper Market, Anarkali, Lahore-. / Bait-ul-Hassan, Chohan Road, Islampura, Lahore, Lahore, Punjab",https://www.businesslist.pk/company/95911/oriental-book-society,businesslist_pk,scrapy,printing,2026-08-21T20:42:17.341528+00:00
Fabricprinting.pk,printing,https://fabricprinting.pk/,+92 300 8243483," Office # 302, 3rd Floor 18C, S.C.B Building, Karachi, Zamzama Commercial Lane 2, E St, Phase V Defence Housing Authority, Karachi, Karachi",https://www.businesslist.pk/company/257940/fabricprintingpk,businesslist_pk,scrapy,printing,2026-08-21T20:42:19.009149+00:00
Oriental Book Society,printing,https://www.facebook.com/oriental.lahore/,+923349802034,"Bait-ul-Hassan, Chohan Road, Islampura/ Ganpat Road, Paper Market Lahore, Lahore, Punjab",https://www.businesslist.pk/company/148651/oriental-book-society,businesslist_pk,scrapy,printing,2026-08-21T20:42:20.826834+00:00
Jurist Panel,lawyers,,+92-42-37363912,"First Floor, Alvi Manzal, 9-Fane Road, Off Mall Road, Lahore, Pakistan, Lahore, Punjab",https://www.businesslist.pk/company/248110/jurist-panel,businesslist_pk,scrapy,lawyers,2026-08-21T20:42:22.851699+00:00
Irfan &amp; Faran Law Firm,lawyers,,+92 334 0766261,"Suite 17-18, Farid Chambers, Abdullah Harood Road, Saddar Karachi, Karachi",https://www.businesslist.pk/company/258064/irfanfaran-law-firm,businesslist_pk,scrapy,lawyers,2026-08-21T20:42:24.934017+00:00
Findonlinelawyer,lawyers,,+923312057522,"Office C 404, Tariq Rd, P.E.C.H.S. Block 2 PECHS, Karachi, Karachi City, Sindh 74550, Karachi",https://www.businesslist.pk/company/258069/findonlinelawyer,businesslist_pk,scrapy,lawyers,2026-08-21T20:42:27.106251+00:00
NHS Legal,lawyers,,021-35296400-2,"2nd Floor, ACM Tower, Khaliq-uz-Zaman Road, Block 8, Clifton, Karachi, Sindh, 75600, Karachi, Sindh",https://www.businesslist.pk/company/253858/nhs-legal,businesslist_pk,scrapy,lawyers,2026-08-21T20:42:29.017320+00:00
Osama Khalil (Lawyer and Legal Consultant),lawyers,,+92 3161829946,"Osama Khalil (Lawyer and Legal Consultant), Opposite to Mercy Hospital, University Road Peshawar., Peshawar",https://www.businesslist.pk/company/257355/osama-khalil-lawyer-and-legal-consultant,businesslist_pk,scrapy,lawyers,2026-08-21T20:42:30.551442+00:00
Pklegal.org,lawyers,,"0336,9613606","468 E, Street 21 Sector 2, Khayaban E Sir Syed., Rawalpindi, Punjab",https://www.businesslist.pk/company/249439/pklegalorg,businesslist_pk,scrapy,lawyers,2026-08-21T20:42:32.028277+00:00
Qasim Bin Sajjad Tangwani Law Associates,lawyers,,03008761995,"226 Metro Plaza Multan, Multan, Punjab",https://www.businesslist.pk/company/253549/qasim-bin-sajjad-tangwani-law-associates,businesslist_pk,scrapy,lawyers,2026-08-21T20:42:34.138279+00:00
Faraz Faheem &amp; CO,lawyers,http://www.farazfaheemco.com,03332268632,"FLAT NO 2, 3RD FLOOR KDA BUILDING -B, RAJA GHANZAFAR ROAD SADDAR, Karachi, Sindh",https://www.businesslist.pk/company/253465/faraz-faheemco,businesslist_pk,scrapy,lawyers,2026-08-21T20:42:36.071137+00:00
Ayaz Law Associates,lawyers,,03335498321,"I Turner Road, Lahore, Punjab",https://www.businesslist.pk/company/251377/ayaz-law-associates,businesslist_pk,scrapy,lawyers,2026-08-21T20:42:38.283853+00:00
Dui Attorney Los Angeles,lawyers,,(888) 579-9996,"1436 South La Cienega Boulevard Suit 111 Los Angeles, CA 90035",https://www.businesslist.pk/company/243730/dui-attorney-los-angeles,businesslist_pk,scrapy,lawyers,2026-08-21T20:42:40.323700+00:00
First Women Law Firm,lawyers,,03244490209,"61-C Commercial Area,  Cavalry Ground Lahore, Cantt, Lahore, Punjab",https://www.businesslist.pk/company/251307/first-women-law-firm,businesslist_pk,scrapy,lawyers,2026-08-21T20:42:41.644171+00:00
Mian Sheraz Javaid Legal Services,lawyers,,+9231110006522,"7-A, XX Sector, Khayaban-e-Iqbal, Sector XX DHA Phase 3, Lahore, Pakistan, Lahore",https://www.businesslist.pk/company/258257/mian-sheraz-javaid-legal-services,businesslist_pk,scrapy,lawyers,2026-08-21T20:42:43.314420+00:00
Paklawyer.com Pvt Ltd,lawyers,,+923214610092,"1 Fane Road Lahore, Lahore",https://www.businesslist.pk/company/258573/paklawyercom-pvt-ltd,businesslist_pk,scrapy,lawyers,2026-08-21T20:42:45.248464+00:00
Burhan Law,lawyers,,+92 3374816371,"963 Block L, First Floor, Johar Town, Lahore, Pakistan, Lahore",https://www.businesslist.pk/company/258152/burhan-law,businesslist_pk,scrapy,lawyers,2026-08-21T20:42:47.454145+00:00
Legal Bridge LLP,lawyers,,+923246933989,"62-A Shan Arcade Barkat Market New Garden Town,, Lahore",https://www.businesslist.pk/company/258106/legal-bridge-llp,businesslist_pk,scrapy,lawyers,2026-08-21T20:42:49.557112+00:00
Wedding Photography by CAM STUDIO,photography,,+923340008955,"office no, 10 Shahid Road, Block G Phase 1 Johar Town, Lahore, Punjab 54782, Lahore",https://www.businesslist.pk/company/257868/wedding-photography-by-cam-studio,businesslist_pk,scrapy,photography,2026-08-21T20:42:51.583280+00:00
Artistic Photography,photography,,03112795126,"Gulistan-e-Jouhar, Karachi, Karachi, Sindh",https://www.businesslist.pk/company/248089/artistic-photography,businesslist_pk,scrapy,photography,2026-08-21T20:42:52.724377+00:00
Faseeh Shams Journalist Photography,photography,,00923009494922,"Surriaya Mansion 65 The Mall Lahore, Pakistan, Lahore, Punjab",https://www.businesslist.pk/company/244601/faseeh-shams-journalist-photography,businesslist_pk,scrapy,photography,2026-08-21T20:42:54.616579+00:00
Building Comforts,photography,,(92 21) 35872915,"Office 40C, Ground Floor 12th Commercial Lane, Phase 6 Khb-e-Nishat, Karachi, Sindh",https://www.businesslist.pk/company/143795/building-comforts-casali,businesslist_pk,scrapy,photography,2026-08-21T20:42:56.869473+00:00
A2z Events Solutions,photography,,04235817106,"M-23 Siddiq Trade Center, Main boulevard Gulberg II, Lahore, Lahore, Punjab",https://www.businesslist.pk/company/243656/a2z-events-solutions,businesslist_pk,scrapy,photography,2026-08-21T20:42:59.056865+00:00
Scene On Hai,photography,http://www.sceneonhai.com,+923111222158,"DHA, Karachi, Sindh",https://www.businesslist.pk/company/250644/scene-on-hai,businesslist_pk,scrapy,photography,2026-08-21T20:43:01.254457+00:00
Sunlite Studio System,photography,,042-37230912,"30 Nisbet Road,  Lahore,  Punjab,  Pakistan, Lahore, Punjab",https://www.businesslist.pk/company/165714/sunlite,businesslist_pk,scrapy,photography,2026-08-21T20:43:03.426762+00:00
"Hanshin Technology Co., Ltd.",photography,,886-4-24702683,"No. 889 ~ 1, Sec. 4, Taichung 40871, Taiwan",https://www.businesslist.pk/company/126779/hanshin-technology-co-ltd,businesslist_pk,scrapy,photography,2026-08-21T20:43:04.987997+00:00
Vryo,photography,,,"Islamabad, Islamabad",https://www.businesslist.pk/company/255495/vryo,businesslist_pk,scrapy,photography,2026-08-21T20:43:07.079171+00:00
Mitsui &amp; Co. Ltd,photography,,"(92 21) 35630743, 35630750","2nd Floor,Block-B,Finance &amp; Trade Centre,Shahrah-e-Faisal, Karachi",https://www.businesslist.pk/company/193027/mitsuico-ltd,businesslist_pk,scrapy,photography,2026-08-21T20:43:08.937526+00:00
Hakimsons Films,photography,,"(92 21) 35370311, 8004254, UAN : (92 21) 111-425-467","G-18/10,Sasi Homes,Block 8,Clifton, Karachi",https://www.businesslist.pk/company/193076/hakimsons-films,businesslist_pk,scrapy,photography,2026-08-21T20:43:10.817368+00:00
Gjet-Tex,photography,,886-2-86613183,"2 Fl., No. 116, Lane 109, Taipei Hsien 116, Taiwan",https://www.businesslist.pk/company/126778/gjet-tex,businesslist_pk,scrapy,photography,2026-08-21T20:43:12.690267+00:00
fujifilm pakistan(Pvt)Ltd,photography,,+92-22-2787277-2782328,"8-13, Hyderabad, sindh, Sindh",https://www.businesslist.pk/company/126777/fujifilm-pakistanpvtltd,businesslist_pk,scrapy,photography,2026-08-21T20:43:14.399285+00:00
Zem Printers,photography,,+92-42-7021069,"243-12-B1 Township Lahore, Punjab, Lahore, Punjab",https://www.businesslist.pk/company/127776/zem-printers,businesslist_pk,scrapy,photography,2026-08-21T20:43:16.478502+00:00
EM Company,photography,,0300 - 9453136,"Gulberg, Lahore, Punjab",https://www.businesslist.pk/company/250064/em-company,businesslist_pk,scrapy,photography,2026-08-21T20:43:18.408762+00:00
Mitsui &amp; Co.,photography,,9221-5630750 / 5630743," Block-B Finance &amp; Trade Centre Shahrah-e-Faisal, Sindh, Karachi, Sindh",https://www.businesslist.pk/company/126903/mitsuico,businesslist_pk,scrapy,photography,2026-08-21T20:43:20.641423+00:00
Bambino Studio,photography,https://mbin.pk/,"9242-5121505, +92-52-354-0408"," Main Market Township, Punjab, Lahore, Punjab",https://www.businesslist.pk/company/126818/bambino-studio,businesslist_pk,scrapy,photography,2026-08-21T20:43:22.024420+00:00
AVS MEdia Productions,photography,,03005124649,"F-6, Islamabad, Islamabad Capital Territory",https://www.businesslist.pk/company/240609/avs-media-productions,businesslist_pk,scrapy,photography,2026-08-21T20:43:23.913521+00:00
"A Photoshop, Retouching",photography,,+923452622920,"none, sindh, Karachi, Sindh",https://www.businesslist.pk/company/126764/a-photoshop-retouching,businesslist_pk,scrapy,photography,2026-08-21T20:43:25.762037+00:00
Techlinks,printing,http://www.tech-linkz.com,"021-32462884, 021-32462886","Suit#708-709, 7th floor, Uniplaza, I.I Chundhrigar Road, Karachi, Karachi, Sindh",https://www.businesslist.pk/company/240981/techlinks,businesslist_pk,scrapy,printing,2026-08-21T20:43:27.500096+00:00
Islamabad Printing Press,printing,http://www.facebook.com/PrintingPressIslamabad,+92-3135544989,"Main Rohtas Road G-9 Markaz, Islamabad , Islamabad",https://www.businesslist.pk/company/257721/islamabad-printing-press,businesslist_pk,scrapy,printing,2026-08-21T20:43:29.119712+00:00
Fast Cables,printing,https://fast-cables.com,"9251-2276115 / 2276114, +92 042 111 000 343","# 2, 2nd Floor, Fazal-e-Haq Road Blue Area, Capital, Islamabad",https://www.businesslist.pk/company/105406/fast-cables,businesslist_pk,scrapy,printing,2026-08-21T20:43:31.315011+00:00
Allied Engineering &amp; Services Ltd.,printing,http://www.aesl.com.pk/products/used.htm,"5066901, 5066911, +92 021 111 250 250","21/3,Sector No. 22 Korangi Industrial Area, Karachi, Sindh",https://www.businesslist.pk/company/174144/allied-engineeringservices-ltd,businesslist_pk,scrapy,printing,2026-08-21T20:43:32.872733+00:00
M.B Traders,printing,http://www.mbtraders.com.pk,+923009659119,"Press Market Faisalaabad., Faisalabad, Punjab",https://www.businesslist.pk/company/240758/mb-traders,businesslist_pk,scrapy,printing,2026-08-21T20:43:34.791091+00:00
AHprints,printing,http://www.ahprints.com/,042-37313820,"43 Nisbet Road Lahore, Pakistan, Lahore, Punjab",https://www.businesslist.pk/company/250841/ahprints,businesslist_pk,scrapy,printing,2026-08-21T20:43:37.039389+00:00
Logotis Pvt Ltd,printing,https://logotis.com/,+92 347 3028951," Office # A5, 1st Floor, Building: Rahat Jo Daro, Behind Zain Mobile Mall, Main Tariq Road, Karachi, Sindh",https://www.businesslist.pk/company/252311/logotis-pvt-ltd,businesslist_pk,scrapy,printing,2026-08-21T20:43:38.916024+00:00
ViSTA Computers &amp; Print Shop,printing,http://vista.webx.pk,03007006006,"Baldia Town No. 5.5, Near Toofan Khan Coldrink, Karachi, Sindh",https://www.businesslist.pk/company/241841/vista-computersprint-shop,businesslist_pk,scrapy,printing,2026-08-21T20:43:40.778798+00:00
Colour Impact,printing,http://www.colourimpact.com.pk,"9221-6605221 / 6701050, +92 300 844 9628","26, Nazimabad No.2, Sindh, Karachi, Sindh",https://www.businesslist.pk/company/127897/colour-impact,businesslist_pk,scrapy,printing,2026-08-21T20:43:42.071211+00:00
King Faisal Panaflex Printing,printing,http://www.panaflexprinting.com,0512355553,"I&amp;T Center G-10/1 Islamabad, Islamabad, Islamabad Capital Territory",https://www.businesslist.pk/company/241852/king-faisal-panaflex-printing,businesslist_pk,scrapy,printing,2026-08-21T20:43:44.147242+00:00
Khalid Grafix,printing,http://www.bsuprints.com,32623761,"5 alvi mansion, outram road , Karachi, Sindh",https://www.businesslist.pk/company/245803/khalid-grafix,businesslist_pk,scrapy,printing,2026-08-21T20:43:46.396754+00:00
Eazi Technologies,printing,http://www.eazienterprise.com,03152857817,"Centrum Mall, Office # G-65, Karachi, Sindh",https://www.businesslist.pk/company/247712/eazi-technologies,businesslist_pk,scrapy,printing,2026-08-21T20:43:48.632046+00:00
Grafixline,printing,http://www.grafixline.com,(92 21) 34981577,"Office 1 &amp; 2, Osif Arcade, Block-15, Gulshan-e-Iqbal, University Road, Karachi., Karachi, Sindh",https://www.businesslist.pk/company/237382/grafixline,businesslist_pk,scrapy,printing,2026-08-21T20:43:50.521434+00:00
Adsells Publicity Services (pvt) Ltd.,printing,http://www.adsells.biz,"(92 21) 34578101, +92 345 4206346","A-5, Block-C, Gulshan-e-Jamal Karachi, Karachi",https://www.businesslist.pk/company/117448/adsells-publicity-services-pvt-ltd,businesslist_pk,scrapy,printing,2026-08-21T20:43:52.460000+00:00
Vestalprint(Pvt)Ltd.,printing,http://www.vestalprint.com,"0300-9499365,0321-9499365","Saddique-Trade-Centre Pradise floor 172-Main Boulevard, Gulberg, Lahore. 54000, Lahore, Lahore, Punjab",https://www.businesslist.pk/company/245024/vestalprintpvtltd,businesslist_pk,scrapy,printing,2026-08-21T20:43:54.491857+00:00
Copier.PK,printing,https://www.copier.pk,051-570446,"Basement, Majeed Plaza, Bank Road, Saddar, Rawalpindi, Punjab",https://www.businesslist.pk/company/251111/copierpk,businesslist_pk,scrapy,printing,2026-08-21T20:43:56.843335+00:00
A.g. Sheikh &amp; CO,legal services,,"(92 22) 2782279, 2619636","Tayyab Ali Noor Bldg., Saddar, Hyderabad",https://www.businesslist.pk/company/237990/ag-sheikhco,businesslist_pk,scrapy,legal-services,2026-08-21T20:43:58.404132+00:00
M.k. Shikoh,legal services,,"(92 21) 32735241, 36026261","102,Tahir Plaza,Near City Court,Off M.A. Jinnah Road, Karachi",https://www.businesslist.pk/company/184602/mk-shikoh,businesslist_pk,scrapy,legal-services,2026-08-21T20:43:59.990182+00:00
A.i. Jafary &amp; CO,legal services,,(92 21) 35894536,"107-108, Ambar Medical Centre, 3rd Floor, Opp. Rimpa Plaza, M.a.jinnah Road, Karachi",https://www.businesslist.pk/company/235694/ai-jafaryco,businesslist_pk,scrapy,legal-services,2026-08-21T20:44:01.966708+00:00
Mumtaz Najam Law Chambers,lawyers,http://www.mumtaznajamlaw.com,061-8135517,"SHADMAN COLONY, OPPOSITE JUDGES GATE, HIGH COURT MULTAN, Multan, Punjab",https://www.businesslist.pk/company/235296/mumtaz-najam-law-chambers,businesslist_pk,scrapy,lawyers,2026-08-21T20:44:03.653122+00:00
Ladhani Tax Guide,lawyers,,03441637858,"LADHANI TAX GUIDE, Karachi, Sindh",https://www.businesslist.pk/company/252390/ladhani-tax-guide,businesslist_pk,scrapy,lawyers,2026-08-21T20:44:05.539674+00:00
Adams WW Pak China Services,lawyers,http://www.pakchinaservices.com,03343207772,"F-6 Markaz, Islamabad, Islamabad Capital Territory",https://www.businesslist.pk/company/244691/adams-ww-pak-china-services,businesslist_pk,scrapy,lawyers,2026-08-21T20:44:07.421048+00:00
Irfan Mir Halepota &amp; Associates,lawyers,http://www.irfanlaw.com,03212057582,"E-26, Glass Tower, Clifton, Karachi, Karachi, Sindh",https://www.businesslist.pk/company/239895/irfan-mir-halepotaassociates,businesslist_pk,scrapy,lawyers,2026-08-21T20:44:09.064257+00:00
Orakser - Trademark Services,lawyers,,92-21-35897958,"33/C2, Sunset Commercial Street-1, DHA Phase-4, Karachi, Sindh",https://www.businesslist.pk/company/250181/orakser-trademark-services,businesslist_pk,scrapy,lawyers,2026-08-21T20:44:10.636952+00:00
Shah &amp; Siddiqui Law Associates,lawyers,http://shahandsiddiqui.weebly.com/,0092-3332268632,"flalt no.2 3rd Floor , KDA Building-B, Raja Ghanzafar Ali Khan Road Saddar , Karachi, Sindh",https://www.businesslist.pk/company/241179/siddiqui,businesslist_pk,scrapy,lawyers,2026-08-21T20:44:12.744913+00:00
Alahad Group Pakistan,lawyers,,+923009259090,"A-56 Dha Clifton Phase 3 Karachi Pakistan, P.O. Box: 75300, Karachi, Sindh",https://www.businesslist.pk/company/219290/alahad-recruitment-group,businesslist_pk,scrapy,lawyers,2026-08-21T20:44:14.781329+00:00
IBRAHIM &amp; IBRAHIM-Advocates &amp; Corporate Consultants,lawyers,,03217006698,"Suite 1104, Al-Hafeez Heights, 65-D Gulberg III, Lahore, Lahore, Punjab",https://www.businesslist.pk/company/244740/ibrahims-advocates-and-corporate-consultants,businesslist_pk,scrapy,lawyers,2026-08-21T20:44:16.064341+00:00
Hafeez Pirzada Law Associates,lawyers,,+92215383139,"7/A 1st Sunset Street, Defence Housing Authority, Phase II Karachi, Pakistan, Karachi, Sindh",https://www.businesslist.pk/company/245769/hafeez-pirzada-law-associates,businesslist_pk,scrapy,lawyers,2026-08-21T20:44:17.985373+00:00
Nazia Law Associates,lawyers,,,"Abbott Road Service Street Lahore, Pakistan, Lahore, Punjab",https://www.businesslist.pk/company/241660/nazia-law-associates,businesslist_pk,scrapy,lawyers,2026-08-21T20:44:20.153881+00:00
Qatar Debt Recovery,lawyers,,051-7827636,"I8, Islamabad, Punjab",https://www.businesslist.pk/company/251325/qatar-debt-recovery,businesslist_pk,scrapy,lawyers,2026-08-21T20:44:21.981414+00:00
"Shabbir &amp; Sial, Advocates, Corporate &amp; Legal Consultants",lawyers,http://www.sslawsite.com,+92 51 486 1227,"16, First Floor, VIP Plaza, I-8 Markaz, Islamabad Contact: 0321 580 8922, Islamabad, Islamabad Capital Territory",https://www.businesslist.pk/company/235449/shabbirsial-advocates-corporatelegal-consultants,businesslist_pk,scrapy,lawyers,2026-08-21T20:44:23.381913+00:00
GMN SOLICITORS | Legal Advisor | Law Firm,lawyers,https://www.facebook.com/JamalConsultants,+923135637184,"Office No. 2 Ground Floor Nafees arcade E-11/2 Islamabad , Islamabad",https://www.businesslist.pk/company/255014/gmn-solicitorslegal-advisorlaw-firm,businesslist_pk,scrapy,lawyers,2026-08-21T20:44:25.369340+00:00
Qazi Law Associates,lawyers,,(92 42) 3 752 3613,"Suite No.22, Taj Arcade, 3rd Floor, 73 Jail Road, Lahore, Lahore, Punjab",https://www.businesslist.pk/company/181354/qazi-law-associates,businesslist_pk,scrapy,lawyers,2026-08-21T20:44:27.409191+00:00
Ch. Tanveer Amjad,lawyers,http://www.cta.com.pk,"(92 21) 32766986, 32752348","104, Frere Business Center, Frere Road, Karachi, Karachi, Sindh",https://www.businesslist.pk/company/181564/ch-tanveer-amjad,businesslist_pk,scrapy,lawyers,2026-08-21T20:44:29.505220+00:00
afaq&#039;s photo gallery,photography,,+92-42-5878179,"99-B GULBERG III, punjab, Lahore, Punjab",https://www.businesslist.pk/company/126766/afaqs-photo-gallery,businesslist_pk,scrapy,photography,2026-08-21T20:44:31.316011+00:00
video media production,photography,,"02135883385,02135888590","31/D, Stadium Lane #4, Phase 5, D.H.A.، Khayaban-e-Shamsheer, Karachi, Sindh",https://www.businesslist.pk/company/126789/video-media-production,businesslist_pk,scrapy,photography,2026-08-21T20:44:33.434937+00:00
Nature Pixel,photography,,"+92,3324836950","ARFA Tower, No.5 Office, 7th Level، Ferozepur Rd, Nishtar Town, Lahore",https://www.businesslist.pk/company/255164/nature-pixel,businesslist_pk,scrapy,photography,2026-08-21T20:44:34.566852+00:00
Araam.pk,photography,,,"Plaza # 285, FF Block, Phase IV, DHA. , Lahore, Punjab",https://www.businesslist.pk/company/243661/araampk,businesslist_pk,scrapy,photography,2026-08-21T20:44:36.529794+00:00
Hasman Photography,photography,,03070460287,"Lahore, Lahore, Punjab",https://www.businesslist.pk/company/250932/hasman-photography,businesslist_pk,scrapy,photography,2026-08-21T20:44:38.504933+00:00
Shehnai Wedding Photographer,photography,,+923230604840,"dc road, Gujranwala, Punjab",https://www.businesslist.pk/company/243316/shehnai-wedding-photographer,businesslist_pk,scrapy,photography,2026-08-21T20:44:40.279883+00:00
Mohsin Khawar Photography,photography,,+92 321 3219991,"Gulberg, Lahore, Lahore, Punjab",https://www.businesslist.pk/company/247273/mohsin-khawar-photography,businesslist_pk,scrapy,photography,2026-08-21T20:44:42.472380+00:00
Informal Pakistan,photography,,+92321-4971717,"St#2,Johar Town, Lahore, Lahore",https://www.businesslist.pk/company/257611/informal-pakistan,businesslist_pk,scrapy,photography,2026-08-21T20:44:44.406148+00:00
Sunder Photo&#039;s,photography,http://www.sunderphotos.com,9221-34515236,"Model Colony Liaquat Ali Khan Road, Sindh, Karachi, Sindh",https://www.businesslist.pk/company/126955/sunder-photos,businesslist_pk,scrapy,photography,2026-08-21T20:44:45.903514+00:00
PicMaic Tools,photography,,+92-051-4571021,"Islamabad, Islamabad",https://www.businesslist.pk/company/255503/picmaic-tools,businesslist_pk,scrapy,photography,2026-08-21T20:44:48.066956+00:00
Trueretouch,photography,,+923152600128,"Autobhan Road, Hyderabad, Sindh",https://www.businesslist.pk/company/246430/trueretouch,businesslist_pk,scrapy,photography,2026-08-21T20:44:50.262624+00:00
SB Pro Official | Wedding Photographer,photography,,+923110502191,"Office# 314, Third Floor Capital Business Center, F10 Markaz, Islamabad. Please Confirm your Appointments before Coming., Rawalpindi",https://www.businesslist.pk/company/255065/sb-pro-officialwedding-photographer,businesslist_pk,scrapy,photography,2026-08-21T20:44:51.709852+00:00
Shaheem Studio,photography,,03430428860,"Shaheem Studio and Movies, Opp.Site DHQ Hospital Thana Road Mandi Bhahuddin, Mandi Bahauddin, Punjab",https://www.businesslist.pk/company/252310/shaheem-studio,businesslist_pk,scrapy,photography,2026-08-21T20:44:53.398509+00:00
S-Tech,photography,,9242-6677000,"198, Shalimar Lane Cavalry Ground Extension Cantt., Punjab, Lahore, Punjab",https://www.businesslist.pk/company/101735/s-tech,businesslist_pk,scrapy,photography,2026-08-21T20:44:55.154587+00:00
The Largest Collection of Pakistani Images,photography,,0966-851126,"TA Plaza Bhakkar Road, 29050 , Dera Ismail Khan, Khyber Pakhtunkhwa",https://www.businesslist.pk/company/250255/the-largest-collection-of-pakistani-images,businesslist_pk,scrapy,photography,2026-08-21T20:44:57.056303+00:00
RainBow Dyes Tech,photography,,+923445502555,"  Plot # 380, Phase ll, M3 Industrial Zone, FIEDMC, Faisalabad., Faisalabad",https://www.businesslist.pk/company/257846/rainbow-dyes-tech,businesslist_pk,scrapy,photography,2026-08-21T20:44:59.255391+00:00
Photolinga.com,photography,,+92 300 0417344,"Sindh, Karachi",https://www.businesslist.pk/company/256294/photolingacom,businesslist_pk,scrapy,photography,2026-08-21T20:45:01.581085+00:00
Asad Farooq Photography,photography,,03333134378,"DHA Phase 2, Karachi, Sindh 75500, Karachi, Sindh",https://www.businesslist.pk/company/245176/asad-farooq-photography,businesslist_pk,scrapy,photography,2026-08-21T20:45:03.567381+00:00
AIK Printers &amp; Advertisers,printing,https://www.facebook.com/aikprintersnadvertisers/,051-4572182,"Office # LG-07, Midcity Mall Rehmanabad, Rawalpindi, Pakistan, Rawalpindi, Punjab",https://www.businesslist.pk/company/248230/aik-printersadvertisers,businesslist_pk,scrapy,printing,2026-08-21T20:45:05.017556+00:00
Qfactor,printing,http://www.qfactor.pk,0092 51 5535811,"R286 (1st Floor) Circular Road Rawalpindi, Rawalpindi, Punjab",https://www.businesslist.pk/company/244825/qfactor,businesslist_pk,scrapy,printing,2026-08-21T20:45:06.495375+00:00
Idcards.pk,printing,http://www.idcards.pk,03362626265,"SW 103 , HAPPY HOME APPARTMENTS, ALLAMA IQBAL TOWN , BLOCK W NORTH NAZIMABAD, Karachi, Sindh",https://www.businesslist.pk/company/245464/idcardspk,businesslist_pk,scrapy,printing,2026-08-21T20:45:08.459023+00:00
Fastec Printers,printing,http://www.fastecprinters.com,041-8554199,"Opposite Gallery # 3 Rexcity Satiana Road Faisalabad , Faisalabad, Punjab",https://www.businesslist.pk/company/248148/fastec-printers,businesslist_pk,scrapy,printing,2026-08-21T20:45:09.432910+00:00
PS Advertising,printing,http://www.promosight.pk,03214403321,"Upper Mall, Lahore, Punjab",https://www.businesslist.pk/company/252545/ps-advertising,businesslist_pk,scrapy,printing,2026-08-21T20:45:11.501680+00:00
Ips Advertiser Ghotki,printing,http://www.iffyprints.webs.com,0723-681283,"Station Road Near Islamia Public School Ghotki, Sukkur, Sindh",https://www.businesslist.pk/company/244624/ips-advertiser-ghotki,businesslist_pk,scrapy,printing,2026-08-21T20:45:13.755831+00:00
Xcentric Services - Microsoft Partners Pakistan,printing,https://www.xcentricservices.com/microsoft-dynamics/,04235693141,"2nd Floor, Building # 38, next to Papa John&#039;s Pizza, Sector Z DHA Phase 3, Lahore, Punjab 54000, Lahore, Punjab",https://www.businesslist.pk/company/249879/xcentric-services-microsoft-partners-pakistan,businesslist_pk,scrapy,printing,2026-08-21T20:45:15.930202+00:00
IK Printers - Printing Press,printing,http://www.ikprinters.com,042 37366154,"1-Mission Road, near Gawalmandi, Lahore, Lahore, Punjab",https://www.businesslist.pk/company/249093/ik-printers-printing-press,businesslist_pk,scrapy,printing,2026-08-21T20:45:17.876355+00:00
Alwan Printers,printing,http://www.alwanprinters.com,+924236374088,"1st Floor, Baldev Mansion, Royal Park, Lahore, 54000, Lahore, Punjab",https://www.businesslist.pk/company/253558/alwan-printers,businesslist_pk,scrapy,printing,2026-08-21T20:45:19.527507+00:00
Crown Labels,printing,http://www.crown-label.com,(92 41) 8817701,"St. #1, Mohallah Shahabad, Noor Pur Road Faisalabad, Faisalabad, Punjab",https://www.businesslist.pk/company/166048/crown-labels,businesslist_pk,scrapy,printing,2026-08-21T20:45:21.683479+00:00
Digital Printing Agency,printing,http://www.digitalprintingagency.com/,0304 - 4788715,"Punjab Co-Operative Housing Society, Lahore, Pakistan., Lahore, Punjab",https://www.businesslist.pk/company/247361/digital-printing-agency,businesslist_pk,scrapy,printing,2026-08-21T20:45:23.569962+00:00
The Custom Seen,printing,http://thecustomseen.com/,0336-0083962,"Main, Karimabad Market, Karachi, Karachi, Sindh",https://www.businesslist.pk/company/250163/the-custom-seen,businesslist_pk,scrapy,printing,2026-08-21T20:45:25.477000+00:00
Moon Business Links,printing,http://www.moonbusinesslinks.com,0512809692,"Office No.9, First Floor, Shalimar Plaza, F-10 Markaz, Islamabad., Islamabad, Islamabad Capital Territory",https://www.businesslist.pk/company/245001/moon-business-links,businesslist_pk,scrapy,printing,2026-08-21T20:45:27.719842+00:00
Noor Printers,printing,http://www.noorprinters.com,+92-61-4584957,"39-Shaheen Market MUltan, Multan, Punjab",https://www.businesslist.pk/company/247713/noor-printers,businesslist_pk,scrapy,printing,2026-08-21T20:45:28.962153+00:00
(A) I Business Solutions,printing,https://www.facebook.com/pg/ibusinesssols,0300-5082395,"Office B-14 Lower Ground Floor Royal Plaza 6th Road, Islamabad, Islamabad Capital Territory",https://www.businesslist.pk/company/245666/a-i-business-solutions,businesslist_pk,scrapy,printing,2026-08-21T20:45:31.003607+00:00
Alrafayprinting,printing,https://www.facebook.com/pages/Alrafay-Priniting/118724648206052?ref=hl,,"ALRAFAY STREET GREEN TOWN LAHORE, Lahore, Punjab",https://www.businesslist.pk/company/241336/alrafayprinting,businesslist_pk,scrapy,printing,2026-08-21T20:45:33.183299+00:00
Crystal Pack,printing,http:www.crystalpack.blogspot.com,,"F-11, Hamza Center, 7 Railway Road, Lahore, Lahore, Punjab",https://www.businesslist.pk/company/241233/crystal-pack,businesslist_pk,scrapy,printing,2026-08-21T20:45:34.970028+00:00
Graphics ADD,printing,http://www.graphicsadd.com,091-5272135,"Peshawar Cantt, Khyber Pakhtunkhwa",https://www.businesslist.pk/company/240187/graphics-add,businesslist_pk,scrapy,printing,2026-08-21T20:45:36.184273+00:00
Siraj-ul-islam &amp; CO,legal services,,"(92 42) 37585704, 37222519","11-a, Gulshan Street, Ghousia Park, Ichhra Road, Lahore",https://www.businesslist.pk/company/236660/siraj-ul-islamco,businesslist_pk,scrapy,legal-services,2026-08-21T20:45:38.415556+00:00
International Trade Mark Services,legal services,,(92 42) 37356611,"1-Farid Kot Road, Lahore",https://www.businesslist.pk/company/196512/international-trade-mark-services,businesslist_pk,scrapy,legal-services,2026-08-21T20:45:40.542546+00:00
Osman &amp; CO,legal services,,923002120857,"Relocating, Karachi, Sindh",https://www.businesslist.pk/company/235751/osmanco,businesslist_pk,scrapy,legal-services,2026-08-21T20:45:42.641768+00:00
PAK and UAE Lawful Attorneys Online.,legal services,,+92(0)3332244634 / 3002176393.,"http://goo.gl/maps/30Ya , Karachi, Sindh",https://www.businesslist.pk/company/234893/pak-and-uae-lawful-attorneys-online,businesslist_pk,scrapy,legal-services,2026-08-21T20:45:44.828019+00:00
Arshad law assosiates,legal services,,0300-6699446,"new 57 near post office distt courts faisalabad, Faisalabad, Punjab",https://www.businesslist.pk/company/235197/arshad-law-assosiates,businesslist_pk,scrapy,legal-services,2026-08-21T20:45:46.910846+00:00
Bharucha &amp; CO,legal services,,"(92 21) 35379544, 35379545","F-7/1, Block-8, Kda Scheme #5, Kehkashan, Clifton, Karachi",https://www.businesslist.pk/company/235706/bharuchaco,businesslist_pk,scrapy,legal-services,2026-08-21T20:45:49.105069+00:00
Trade Mark Registration International,legal services,,"(92 42) 37120770, 37120767","Yousuf Law Associate(Com.Wing),30,Shahrahe Quaid-e-Azam, Lahore",https://www.businesslist.pk/company/181652/trade-mark-registration-international,businesslist_pk,scrapy,legal-services,2026-08-21T20:45:50.345709+00:00
Marq Financial Services,legal services,,"(92 21) 36612551, 36612552","Suite #209, Doctors&#039;inn, Iii-a-1/2, Nazimabad, Karachi",https://www.businesslist.pk/company/236618/marq-financial-services,businesslist_pk,scrapy,legal-services,2026-08-21T20:45:52.228505+00:00
Sultan Associates,legal services,,"(92 21) 34391146, 34391147","Suite #110, 1st Floor, Block-6, Sabah Palace 29-a, P.e.c.h.s., Shahrah-e-faisal, Karachi",https://www.businesslist.pk/company/239558/sultan-associates,businesslist_pk,scrapy,legal-services,2026-08-21T20:45:54.257326+00:00
Govt. of Pakistan - Trade Marks Registry,legal services,,(92 21) 99230538,"Plot #cd-3, Behind Civic Centre, Gulshan-e-iqbal, Karachi",https://www.businesslist.pk/company/239557/govt-of-pakistan-trade-marks-registry,businesslist_pk,scrapy,legal-services,2026-08-21T20:45:56.376057+00:00
Business Information Services,legal services,,(92 21) 32420403,"27-B Writers Chamber 4th Floor,Mumtaz Hassan Road, Karachi",https://www.businesslist.pk/company/196511/business-information-services,businesslist_pk,scrapy,legal-services,2026-08-21T20:45:58.539637+00:00
Taqi Law Associates,legal services,,(92 21) 34388758,"175-Q,Block-2,P.E.C.H.S, Karachi",https://www.businesslist.pk/company/196513/taqi-law-associates,businesslist_pk,scrapy,legal-services,2026-08-21T20:46:00.379810+00:00
Yusra &amp; Yusras,legal services,,"(92 21) 34937429, 32215652","134,1st Floor,Sunny Plaza,Hasrat Mohani Road, Karachi",https://www.businesslist.pk/company/196516/yusrayusras,businesslist_pk,scrapy,legal-services,2026-08-21T20:46:02.619232+00:00
Mansoor Ahmed Khan &amp; Co.,legal services,,"(92 21) 35868801, 35868804","F-2/3,Block-8,Kehkashan,K.D.A. Scheme 5,Clifton, Karachi",https://www.businesslist.pk/company/181609/mansoor-ahmed-khanco,businesslist_pk,scrapy,legal-services,2026-08-21T20:46:04.860618+00:00
Multan Lawyers,legal services,,+923002323640,"Chamber No. 117 Zakriya Block District Courts Multan, Multan, Punjab",https://www.businesslist.pk/company/239918/multan-lawyers,businesslist_pk,scrapy,legal-services,2026-08-21T20:46:06.445908+00:00
Yusaf Law Associates Trademark Registration International,legal services,,(92 51) 4846758,"Office No.18,United Plaza,Shamsabad Murree Road, Rawalpindi",https://www.businesslist.pk/company/196515/yusaf-law-associates-trademark-registration-international,businesslist_pk,scrapy,legal-services,2026-08-21T20:46:07.367470+00:00
Mansoor Ahmed Khan &amp; CO,legal services,,"(92 21) 35868801, 35868804","F-2/3, Block-8, Kehkashan, K.d.a. Scheme 5, Clifton, Karachi",https://www.businesslist.pk/company/235738/mansoor-ahmed-khanco,businesslist_pk,scrapy,legal-services,2026-08-21T20:46:09.584582+00:00
Lawyer,legal services,,03248110490,"district courts sahiwal, Sahiwal, Punjab",https://www.businesslist.pk/company/242480/lawyer,businesslist_pk,scrapy,legal-services,2026-08-21T20:46:11.585196+00:00
Husnain Forensic Clinic,legal services,,03363865859,"B 41 Black 1 Chappal Sun City Karachi, Karachi, Sindh",https://www.businesslist.pk/company/243558/husnain-forensic-clinic,businesslist_pk,scrapy,legal-services,2026-08-21T20:46:13.503566+00:00
A Al-abid Trademark Registration Services,legal services,,"(92 51) 4854141, 4854242","Office #3,1st Floor,United Centre,Shamsabad,Murree Road, Rawalpindi",https://www.businesslist.pk/company/196509/a-al-abid-trademark-registration-services,businesslist_pk,scrapy,legal-services,2026-08-21T20:46:15.546907+00:00
Pakistan Tax Lawyers,lawyers,http://www.pakistantaxlawyers.com/,+92 42 35314606,"553 Q BLOCK JOHAR TOWN LAHORE, Lahore, Punjab",https://www.businesslist.pk/company/248401/pakistan-tax-lawyers,businesslist_pk,scrapy,lawyers,2026-08-21T20:46:17.472033+00:00
Sustainable Environmental &amp; Energy Solutions,lawyers,,04237363831,"Office # 8, Floor 4th, 8 Fan road near High Court Lahore, Lahore, Punjab",https://www.businesslist.pk/company/248360/sustainable-environmentalenergy-solutions,businesslist_pk,scrapy,lawyers,2026-08-21T20:46:19.637344+00:00
24Justice.pk,lawyers,,03085510031,"Office 29, Upper Floor, Chauburji Center, Multan Road, Lahore, Lahore, Punjab",https://www.businesslist.pk/company/245206/24justicepk,businesslist_pk,scrapy,lawyers,2026-08-21T20:46:21.074757+00:00
Law Associates,lawyers,https://www.burhanlaw.com/adminlaw.php,03355080125,"963 Block L, First Floor, Johar Town, Lahore, Pakistan, Lahore, Punjab",https://www.businesslist.pk/company/251779/law-associates,businesslist_pk,scrapy,lawyers,2026-08-21T20:46:22.067640+00:00
Nizami Associates,lawyers,,"041-2640783,2630783","1st Floor, Prime Centre, behind Main State life building, Malik road, near Kotwali road, Faisalabad, Faisalabad, Punjab",https://www.businesslist.pk/company/97622/nizami-and-associates,businesslist_pk,scrapy,lawyers,2026-08-21T20:46:23.756137+00:00
"Three Brothers Real Estate, Islamabad",lawyers,,0512301068,"Zahid Iqbal Center, Punjab Market, Sector G-13/4, Islamabad, Pakistan, Islamabad, Islamabad Capital Territory",https://www.businesslist.pk/company/241796/three-brothers-real-estate-islamabad,businesslist_pk,scrapy,lawyers,2026-08-21T20:46:24.930399+00:00
"Pakistan Alcoholism, Addictions &amp; Mental Health Lawyer.",lawyers,,923002176393,"High Court , Karachi, Sindh",https://www.businesslist.pk/company/240689/pakistan-alcoholism-addictionsmental-health-lawyer,businesslist_pk,scrapy,lawyers,2026-08-21T20:46:26.997131+00:00
Bismillah Property (Real Estate Advisor),lawyers,,+923008248977,"Street 07, Gulshan-e-Iqbal, Block 13D1, Karachi, Sindh",https://www.businesslist.pk/company/246214/bismillah-property-real-estate-advisor,businesslist_pk,scrapy,lawyers,2026-08-21T20:46:28.710222+00:00
S.A.Rizvi &amp; Company,lawyers,,02134971665,"Suite # 2 Al Ahmad Mansion Block 13 B Gulshan e Iqbal, Karachi, Sindh",https://www.businesslist.pk/company/245301/sarizvicompany,businesslist_pk,scrapy,lawyers,2026-08-21T20:46:30.564214+00:00
pakistan civil transport workers union registered,lawyers,https://caapakistan.com.pk/Default.aspx,"0418782761, +9221-99071111","gerenal bus stand, Karachi",https://www.businesslist.pk/company/145296/pakistan-civil-transport-workers-union-registered,businesslist_pk,scrapy,lawyers,2026-08-21T20:46:32.581823+00:00
Quaid E Azam Law Chamber,lawyers,,+923226616029,"Chamber bo 25 judicial complex , Mandi Bahauddin, Punjab",https://www.businesslist.pk/company/244591/quaid-e-azam-law-chamber,businesslist_pk,scrapy,lawyers,2026-08-21T20:46:34.276279+00:00
AL Adl Law Firm,lawyers,http://adllawfirm.weebly.com,03219433854,"211, SECOND FLOOR, ATIF CENTER, 1 TURNER ROAD, LAHORE, Lahore, Punjab",https://www.businesslist.pk/company/243382/al-adl-law-firm,businesslist_pk,scrapy,lawyers,2026-08-21T20:46:36.304630+00:00
Asma Advocates/LawyersinPakistan,lawyers,,,"1.	District Courts,",https://www.businesslist.pk/company/239911/asma-advocateslawyersinpakistan,businesslist_pk,scrapy,lawyers,2026-08-21T20:46:37.654197+00:00
Business Hub Consulting,lawyers,,03215650564,", Executive Centre, 3rd Floor, I-8 Markaz, , Islamabad, Islamabad Capital Territory",https://www.businesslist.pk/company/242698/business-hub-consulting,businesslist_pk,scrapy,lawyers,2026-08-21T20:46:39.243705+00:00
MZAIDK IT Solutions,photography,http://www.mzaidk.com/,,"Sarwar Plaza, Near Benazir Hospital, Main Murree Road  Rawalpindi, Punjab, Pakistan, Rawalpindi, Punjab",https://www.businesslist.pk/company/239877/mzaidk-it-solutions,businesslist_pk,scrapy,photography,2026-08-21T20:46:41.002679+00:00
7Star Graphics And Computer Center,photography,,00923073906616,"Tahir Photo Norani Masjid near Government College Satellite Town (boys) Gujranwala, Gujranwala, Punjab",https://www.businesslist.pk/company/244814/7star-graphics-and-computer-center,businesslist_pk,scrapy,photography,2026-08-21T20:46:43.150531+00:00
Ebooket,photography,https://ebooket.pk/,+92-332-8215249,"E, 38/1-A Jehangir Rd, Jehangir Road Quarters Jamshed Quarters, Karachi, Karachi City, Sindh 74800, Karachi",https://www.businesslist.pk/company/255501/ebooket,businesslist_pk,scrapy,photography,2026-08-21T20:46:44.375632+00:00
BlizinHotels.com,photography,,+924235472969,"paragon city barki road , Lahore, Punjab",https://www.businesslist.pk/company/250216/blizinhotelscom,businesslist_pk,scrapy,photography,2026-08-21T20:46:45.929040+00:00
Tehwar.pk,photography,,+92-300-8258166,"42-Sher Shah Block, New Garden Town, Lahore, Punjab",https://www.businesslist.pk/company/245967/tehwarpk,businesslist_pk,scrapy,photography,2026-08-21T20:46:48.056397+00:00
FriendCup Photography ®,photography,,+92-3354094904,"5- Dev Samaj Road, Sant Nagar, Lahore, Pk., Lahore, Punjab",https://www.businesslist.pk/company/250115/friendcup-photography-,businesslist_pk,scrapy,photography,2026-08-21T20:46:49.629163+00:00
Cam Studio,photography,,03237104959,"street #10, house #8, nisbat road lahore, Lahore, Punjab",https://www.businesslist.pk/company/247225/cam-studio,businesslist_pk,scrapy,photography,2026-08-21T20:46:51.369598+00:00
Snap Shutter,photography,https://www.snapshutter.pk,+923377601121,"Eidgah Road, Mohallah Bijli Ghar, Sialkot, Sialkot",https://www.businesslist.pk/company/254725/snap-shutter,businesslist_pk,scrapy,photography,2026-08-21T20:46:52.785729+00:00
"PlusChange - Multan, Pakistan",photography,http://www.pluschange.com.pk,+92-61-6771607,"PlusChange House, T-42 Commercial, Suit No-02, Ist Floor, Supper Plaza, Near Summit Bank, New Multan, MULTAN., Multan, Punjab",https://www.businesslist.pk/company/243900/pluschange-multan-pakistan,businesslist_pk,scrapy,photography,2026-08-21T20:46:54.367713+00:00
KHB Films,photography,http://www.facebook.com/KHB.Films,,"DHA-5, Karachi , Karachi, Sindh",https://www.businesslist.pk/company/242871/khb-films,businesslist_pk,scrapy,photography,2026-08-21T20:46:55.650671+00:00
Jaffer Business Systems,photography,https://jbs.live/,9251-111527527 / 2276783 / 2276773 / 2276774 / 2276775,"26-D, Kashmir Plaza Jinnah Avenue, Capital, Islamabad",https://www.businesslist.pk/company/101289/jaffer-business-systems,businesslist_pk,scrapy,photography,2026-08-21T20:46:57.565900+00:00
Anas Ahmad Photography,photography,,03452100652,"14th Floor, Dilkusha Forum, Main Tariq Road, Karachi., Karachi, Sindh",https://www.businesslist.pk/company/244130/anas-ahmad-photography,businesslist_pk,scrapy,photography,2026-08-21T20:46:59.001292+00:00
Five Shades Productions,photography,,0213-4547385,"61/N block 6 P.e.c.h.s , Karachi, Sindh",https://www.businesslist.pk/company/243522/five-shades-productions,businesslist_pk,scrapy,photography,2026-08-21T20:47:00.837230+00:00
Smartup Digital,photography,https://www.smartupdigital.co,+92 337 9751170,"Office 1201 National Science and Technology Park, H-12, Islamabad, Islamabad Capital Territory 44000, Islamabad",https://www.businesslist.pk/company/256245/smartup-digital,businesslist_pk,scrapy,photography,2026-08-21T20:47:03.059352+00:00
Favourite Plus,photography,http://www.favourite-plus.com,"+922135824796, +922135824797","Shop 3, Falcon Centre, Nr. Sasi Arcade, Block 7, Karachi, Karachi, Sindh",https://www.businesslist.pk/company/178109/favourite-plus,businesslist_pk,scrapy,photography,2026-08-21T20:47:04.954281+00:00
RB Studio Film and Photography,photography,,0321 8491644,"M1-50 Eden Tower Main Boulevard Gulberg,Lahore, Pakistanq, Lahore, Punjab",https://www.businesslist.pk/company/250719/rb-studio-film-and-photography,businesslist_pk,scrapy,photography,2026-08-21T20:47:07.056342+00:00
ANIMA Film Company,photography,,03325649443,"cavalry ground lahore, Lahore, Punjab",https://www.businesslist.pk/company/244809/anima-film-company,businesslist_pk,scrapy,photography,2026-08-21T20:47:08.216531+00:00
Esar-E-Madina,photography,,041-2619364,"House#P-270,Street 5/5,Green View Colony, Faisalab, Faisalabad, Punjab",https://www.businesslist.pk/company/248124/esar-e-madina,businesslist_pk,scrapy,photography,2026-08-21T20:47:09.820870+00:00
Mind Scrapper,photography,https://www.mindscrapper.com/,+92 324 4370749,"483-A, Block D 1 Phase 1 Johar Town, Lahore, Punjab 54770, Lahore",https://www.businesslist.pk/company/255628/mind-scrapper,businesslist_pk,scrapy,photography,2026-08-21T20:47:11.810043+00:00
Print Corner,printing,http://www.printcorner.pk,03218231013,"Shop # 2، R-30 Sec، near Anchor Mart، Sector 15-A/2 Sector 15 A 2 Buffer Zone, Karachi, Sindh, Karachi, Sindh",https://www.businesslist.pk/company/254184/print-corner,businesslist_pk,scrapy,printing,2026-08-21T20:47:12.985032+00:00
Experts Desk,printing,http://expertsdesk.net/contact.html,"+92 (0423) 5771 947, +92 321 4454649","office # 8, ground floor, al-hafeez suites, 69-b-ii, gulberg-iii, lahore, Lahore, Punjab",https://www.businesslist.pk/company/250187/experts-desk,businesslist_pk,scrapy,printing,2026-08-21T20:47:15.051200+00:00
Unipak Enterprises,printing,http://www.unipakenterprises.com,+92 21 35881321-4," 21st commercial street, D.H.A phase 2 Ext.. Karachi, Karachi, Sindh",https://www.businesslist.pk/company/244717/unipak-enterprises,businesslist_pk,scrapy,printing,2026-08-21T20:47:16.074470+00:00
Emenac,printing,http://www.emenac.com,042-35293939,"10 Commercial Building, 1st floor Tech Society, Canal Road Lahore, Lahore, Punjab",https://www.businesslist.pk/company/248056/emenac,businesslist_pk,scrapy,printing,2026-08-21T20:47:18.028135+00:00
Printistan,printing,http://www.facebook.com/printistan,03035699587,"Shop No. LG-155, Malikabad Shopping Mall, Murree Road, Rawalpindi 46000, Rawalpindi, Punjab",https://www.businesslist.pk/company/246641/printistan,businesslist_pk,scrapy,printing,2026-08-21T20:47:19.936551+00:00
Brand Ambitious,printing,http://www.brandambitious.com,02137224512,"B-9, Block 13 D-2, Gulshan-e-Iqbal, Karachi , Karachi, Sindh",https://www.businesslist.pk/company/252275/brand-ambitious,businesslist_pk,scrapy,printing,2026-08-21T20:47:21.121711+00:00
Berthold Print Bhd,printing,http://www.bertholdprinthead.com/,+92 (0)81 288021386,"Suite H-003, supreme castle, block-31, gulistan-e-johar Karachi., Quetta, Balochistan",https://www.businesslist.pk/company/242614/berthold-print-bhd,businesslist_pk,scrapy,printing,2026-08-21T20:47:23.231146+00:00
Beacon Enterprises (Printing Service Provider),printing,http://www.logodesignix.com,051-5773932,"Off. # 101, 1st Floor, Aftab Plaza, Circular Road, Banni Chowk, Rawalpindi, Punjab",https://www.businesslist.pk/company/241371/beacon-enterprises-printing-service-provider,businesslist_pk,scrapy,printing,2026-08-21T20:47:25.102954+00:00
Print365,printing,https://print365pk.com/,03369365365,"Office No 11, B-Block , 2nd Floor, Ghakkar Plaza, Bank Road, Saddar, Rawalpindi, Punjab",https://www.businesslist.pk/company/252378/print365,businesslist_pk,scrapy,printing,2026-08-21T20:47:26.432956+00:00
Websightpro,printing,http://www.websightpro.com,03308529818,"716, 7th floor, Mashriq center, block 14, Gulshan e iqbal, Karachi, Sindh",https://www.businesslist.pk/company/253460/websightpro,businesslist_pk,scrapy,printing,2026-08-21T20:47:28.245214+00:00
Printoscan,printing,http://www.printoscan.com,0423-7171212,"251, Rivaz, garden market, Lahore, Pakistan, 251, Rivaz, garden market, Lahore, Pakistan, Lahore, Punjab",https://www.businesslist.pk/company/244918/printoscan,businesslist_pk,scrapy,printing,2026-08-21T20:47:29.774418+00:00
Fast Solutions,printing,http://www.fastsolutions.com.pk,+ 92 42 3 5771199,"Office # 7, Second Floor, Gulburg Center, Main Boulevard Road, opposite PACE, Gulburg III, Lahore, Punjab",https://www.businesslist.pk/company/241178/fast-solutions,businesslist_pk,scrapy,printing,2026-08-21T20:47:31.907653+00:00
Online Printing Service in Pakistan,printing,http://onlineprintingservice.com.pk/,923008431988,"243 Rivaz Garden Market &amp;  15 Rivaz Garden Lahore, Lahore, Punjab",https://www.businesslist.pk/company/246888/online-printing-service-in-pakistan,businesslist_pk,scrapy,printing,2026-08-21T20:47:34.123639+00:00
TNS Digital,printing,http://www.tnsdigital.net,03218478342,"164-P Gulberg III, Lahore, Lahore, Punjab",https://www.businesslist.pk/company/240923/tns-digital,businesslist_pk,scrapy,printing,2026-08-21T20:47:35.484550+00:00
Print Tone Printers,printing,http://www.facebook.com/printtoneprinters,0992413111,"Missile Chowk, Mandian, Opp. Veterniary Hospital, Near BloomHall School, PMA Link Road, Mandian, Abbottabad., Abbottabad, Khyber Pakhtunkhwa",https://www.businesslist.pk/company/252313/print-tone-printers,businesslist_pk,scrapy,printing,2026-08-21T20:47:37.278851+00:00
Fast Printing Press  Advertisers,printing,https://fastprinters.blogspot.com,03144127679,"Mughalpura, Lahore, Punjab, Pakistab, Lahore, Punjab",https://www.businesslist.pk/company/248533/fast-printing-press-advertisers,businesslist_pk,scrapy,printing,2026-08-21T20:47:39.405836+00:00
Pure Suppliers,printing,http://www.puresupplierateam.com,+92-21-34392204,"A9, 1st Floor, Humera Center, 188/1-A, Block-2. PECHS, Nursary Karachi, Karachi, Sindh",https://www.businesslist.pk/company/245146/pure-suppliers,businesslist_pk,scrapy,printing,2026-08-21T20:47:41.569899+00:00
7M Brand International,printing,http://www.7mbrand.com/,+92-42-36813131,"16-B, Shalimar Link Road, Lahore Pakistan, Lahore, Punjab",https://www.businesslist.pk/company/242849/packtech-seal,businesslist_pk,scrapy,printing,2026-08-21T20:47:43.377297+00:00
PAK &amp; UAE Criminal Defense Intervention Advocates,legal services,,"923332244634, 923002176393","Suite # F—6, Mezzanine Floor, Mehran Centre Facing Raabi Centre, Main Tariq Road, Karachi—75400; Pakistan., Karachi, Sindh",https://www.businesslist.pk/company/235520/pakuae-criminal-defense-intervention-advocates,businesslist_pk,scrapy,legal-services,2026-08-21T20:47:45.018057+00:00
Pakistan Debt Collection,legal services,,+971 50 518 6836,"Islamabad, Islamabad, Islamabad Capital Territory",https://www.businesslist.pk/company/249572/pakistan-debt-collection,businesslist_pk,scrapy,legal-services,2026-08-21T20:47:47.246806+00:00
Aslam Qureshi Law Associates,legal services,,+923215030448,"Hamza Block, Behind Shell Petrol Pump, District Courts, Rawalpindi, Rawalpini, Punjab",https://www.businesslist.pk/company/252049/aslam-qureshi-law-associates,businesslist_pk,scrapy,legal-services,2026-08-21T20:47:48.986216+00:00
"Sultan, Qureshi &amp; Kazim - SQK",legal services,http://www.sqk.com.pk,+92-42 36654018,"128, Tufail Road, Lahore Cantt., Lahore, Punjab",https://www.businesslist.pk/company/197459/sultan-qureshikazim-sqk,businesslist_pk,scrapy,legal-services,2026-08-21T20:47:51.125274+00:00
Mr. Attorney Anees Advocate High Court,legal services,http://www.misterattorney.com,03006699012,"21 District Courts, Faisalabad, Faisalabad, Punjab",https://www.businesslist.pk/company/245572/mr-attorney-anees-advocate-high-court,businesslist_pk,scrapy,legal-services,2026-08-21T20:47:53.150876+00:00
VetsPk.com,legal services,http://www.vetspk.com/,0322 2220253,"1st Floor,shop number 69 Bank square market C block, Model Town, Lahore, 54600, Lahore, Punjab",https://www.businesslist.pk/company/252002/vetspkcom,businesslist_pk,scrapy,legal-services,2026-08-21T20:47:55.160835+00:00
Arain Law Associates,legal services,,"(92 21) 34389328, 34390480","602,Windsong Place,A-16,Block 7/8,KCHS Union,Shahrah-e-Faisal, Karachi",https://www.businesslist.pk/company/196510/arain-law-associates,businesslist_pk,scrapy,legal-services,2026-08-21T20:47:57.375453+00:00
Cloud servers.pk hosting services,legal services,,0512894601,"ISE Tower Islamabad, Pakistan, Islamabad, Islamabad Capital Territory",https://www.businesslist.pk/company/244556/cloud-serverspk-hosting-services,businesslist_pk,scrapy,legal-services,2026-08-21T20:47:59.214814+00:00
Cbrm,legal services,,Tel: +92 (51) 2150014 Tel: +92 (51) 2150015,"Office # 102, First Floor, 87-East, Azeem Mansion Fazal-e-Haq Road, Blue Area, Islamabad, Islamabad Capital Territory",https://www.businesslist.pk/company/242344/cbrm,businesslist_pk,scrapy,legal-services,2026-08-21T20:48:01.363168+00:00
7M Consultant Pvt Ltd,legal services,,`,"Gulshan e Iqbal, Karachi, Sindh",https://www.businesslist.pk/company/243310/7m-consultant-pvt-ltd,businesslist_pk,scrapy,legal-services,2026-08-21T20:48:03.579363+00:00
Forensic Expert Services in Pakistan,legal services,,03363865859,"Karachi,Sukkur,Lahore,Multan, Quetta, Peshawar, Karachi, Sindh",https://www.businesslist.pk/company/243652/forensic-expert-services,businesslist_pk,scrapy,legal-services,2026-08-21T20:48:05.831297+00:00
European Patent Registration and Consulting Services,legal services,,+41 76 709 46 20,"ARI  INTERNATIONAL Law and Trade Anstalt,  c/o. Buerohaus Schreiber , Landtstrasse 140, Postfach 742, 9494 Schaan, Liechtenstein",https://www.businesslist.pk/company/234873/epo-patent-registration-and-consulting-services-gmbh,businesslist_pk,scrapy,legal-services,2026-08-21T20:48:07.592685+00:00
Aslam Quraishi Law Associates,legal services,,,"Hamza Block, District Courts, Rawalpindi, Rawalpini, Punjab",https://www.businesslist.pk/company/197641/aslam-quraishi-law-associates,businesslist_pk,scrapy,legal-services,2026-08-21T20:48:09.439013+00:00
S. Haider Ali Pirzada &amp; Associates (Advocates &amp; Legal Consultants),legal services,,923332244634,"D.H.A, Karachi, Sindh",https://www.businesslist.pk/company/234917/s-haider-ali-pirzadaassociates-advocateslegal-consultants,businesslist_pk,scrapy,legal-services,2026-08-21T20:48:11.649224+00:00
Sibtain Forensic Laboratory,legal services,,03130233256," Karachi,, Karachi, Sindh",https://www.businesslist.pk/company/241786/sibtain-forensic-laboratory,businesslist_pk,scrapy,legal-services,2026-08-21T20:48:13.688522+00:00
Chaudhry &amp; Co. (Advocates and Legal Consultants),legal services,,04235874478,"117-A, Upper Mall Scheme, Lahore",https://www.businesslist.pk/company/254899/chaudhryco-advocates-and-legal-consultants,businesslist_pk,scrapy,legal-services,2026-08-21T20:48:15.804021+00:00
Ahsan Shahzad &amp; Associates (ASA),legal services,,,"Office No. 66, Hajvery Complex, 2 Mozang Road, Lahore., Lahore, Punjab",https://www.businesslist.pk/company/241515/the-legal-mentors,businesslist_pk,scrapy,legal-services,2026-08-21T20:48:18.046264+00:00
Mmlaw,legal services,,02135306047,"3, Mezzanine Floor G1, Himilton Courts, Near Teen Talwar, Block 7 Clifton, Karachi, Karachi, Sindh",https://www.businesslist.pk/company/243388/mmlaw,businesslist_pk,scrapy,legal-services,2026-08-21T20:48:19.892405+00:00
Law Rehber,lawyers,https://lawrehber.com,+923006896100,"Golden Heights, Nusrat Road, Opp High Court, Multan",https://www.businesslist.pk/company/255120/law-rehber,businesslist_pk,scrapy,lawyers,2026-08-21T20:48:21.522371+00:00
Call a Lawyer,lawyers,https://callalawyer.pk,+92 313 4964341,"Street no. 7 House no. 4, Prem Nagar, Lahore, 54000, Lahore",https://www.businesslist.pk/company/258120/call-a-lawyer,businesslist_pk,scrapy,lawyers,2026-08-21T20:48:22.905818+00:00
National Environmental Services,lawyers,,"+92 42 37363831, +92 345 8300483","Office #08, 4th floor, SAF center, near high court, Lahore, Pakistan, Lahore, Punjab",https://www.businesslist.pk/company/234812/national-environmental-services,businesslist_pk,scrapy,lawyers,2026-08-21T20:48:24.177857+00:00
Hrunp,lawyers,https://hrunpcivilsociety.org,(+92) 3102234223,"C1 own homes block 21, Federal B Industrial Area Karachi,Sindh, Karachi",https://www.businesslist.pk/company/258103/hrunp,businesslist_pk,scrapy,lawyers,2026-08-21T20:48:26.076132+00:00
Burak GlobeMax,lawyers,http://servicesinpakistan.com,+923234213326,"Office No. 15, 2nd floor,, Lahore, Punjab",https://www.businesslist.pk/company/241222/burak-globemax,businesslist_pk,scrapy,lawyers,2026-08-21T20:48:27.999152+00:00
M. Saleem Shaikh &amp; Associates,lawyers,http://www.mssassociates.com.pk,"9221-5680773 / 5689032, +92 300 0043432","409, Behind PIDC House, Sindh, Karachi, Sindh",https://www.businesslist.pk/company/103352/m-saleem-shaikhassociates,businesslist_pk,scrapy,lawyers,2026-08-21T20:48:29.696398+00:00
Qureshi Law Associates,lawyers,http://qureshilawassociates.com/,924235740219,"9, Link Farid Kot Road, Lahore, Punjab",https://www.businesslist.pk/company/235450/qureshi-law-associates,businesslist_pk,scrapy,lawyers,2026-08-21T20:48:31.711033+00:00
Sheheryar Law Associates,lawyers,,0301 8401126,"4-A, Mozang Road, Near Family Hospital, Lahore, Lahore, Punjab",https://www.businesslist.pk/company/243303/sheheryar-law-associates,businesslist_pk,scrapy,lawyers,2026-08-21T20:48:33.004152+00:00
Tareen Chambers,lawyers,http://www.tareen.com.pk,0300-4184899,"Tareen House, H Block, Architects Society, Lahore, Lahore, Punjab",https://www.businesslist.pk/company/243447/tareen-chambers,businesslist_pk,scrapy,lawyers,2026-08-21T20:48:34.795140+00:00
Sk.Bukhari Law Solutions,lawyers,https://skbukharilawsol.com,+923006439340,"325-326 Kiyani Chambers Session Courts Gujranwala, Gujranwala",https://www.businesslist.pk/company/258134/skbukhari-law-solutions,businesslist_pk,scrapy,lawyers,2026-08-21T20:48:36.635520+00:00
Prestige Legal and Management Consultancy,lawyers,http://www.plmc.pk,04237363718,"4-Z CCA, PHASE-III, DHA, Lahore, Punjab",https://www.businesslist.pk/company/245837/prestige-legal-and-management-consultancy,businesslist_pk,scrapy,lawyers,2026-08-21T20:48:38.699696+00:00
PLD Publishers,lawyers,http://www.pldpublishers.com,042-37356228,"35 NABHA RAOD, Lahore, Punjab",https://www.businesslist.pk/company/242924/pld-publishers,businesslist_pk,scrapy,lawyers,2026-08-21T20:48:40.842646+00:00
Abdul Ghaffar and Sons Overseas Employment,lawyers,http://www.ghaffarsons.com,92514852379,"Suit No 6.A 1st Floor Satellite Shopping Center , Rawalpind, Rawalpindi, Punjab",https://www.businesslist.pk/company/246991/abdul-ghaffar-and-sons-overseas-employment,businesslist_pk,scrapy,lawyers,2026-08-21T20:48:42.842774+00:00
Skyline Enterprises,lawyers,,0331-5037661,"G-9, Islamabad, Islamabad Capital Territory",https://www.businesslist.pk/company/248404/skyline-enterprises,businesslist_pk,scrapy,lawyers,2026-08-21T20:48:45.021880+00:00
The Chamber of Law,lawyers,http://www.chamberoflaw.com.pk,+923007100876,"Office No: 10, Ground Floor, Josh Block District Courts, Rawalpindi., Rawalpindi",https://www.businesslist.pk/company/257920/the-chamber-of-law,businesslist_pk,scrapy,lawyers,2026-08-21T20:48:46.757987+00:00
Benchmarker Studio,photography,http://www.thebenchmarker.com/,03132343612,"M -2 Mezzanine Floor, Mina Avenue Main Shahrah-e-Faisal Airport, Karachi, Sindh",https://www.businesslist.pk/company/241274/benchmarker-studio,businesslist_pk,scrapy,photography,2026-08-21T20:48:48.669297+00:00
LakhaniTextile,photography,https://www.lakhanistudio.com,03333428018,"Shop no 58 Do Talwar Clifton karachi , Karachi, Sindh",https://www.businesslist.pk/company/252156/lakhanitextile,businesslist_pk,scrapy,photography,2026-08-21T20:48:50.608264+00:00
Creative Productions,photography,,35891826,"Lal Shahbaz Qalandar Road, Opposite THE CITY SCHOOL PAF CHAPTER, Karachi, Sindh",https://www.businesslist.pk/company/239880/creative-productions,businesslist_pk,scrapy,photography,2026-08-21T20:48:52.740676+00:00
FashionTrends.pk,photography,http://www.fashiontrends.pk/,051-560789,"Khanadak Islamabad, Islamabad, Islamabad Capital Territory",https://www.businesslist.pk/company/243840/fashiontrendspk,businesslist_pk,scrapy,photography,2026-08-21T20:48:54.970452+00:00
HD 360,photography,http://www.hd360.pk,,"Lahore, Lahore, Punjab",https://www.businesslist.pk/company/235156/hd-360,businesslist_pk,scrapy,photography,2026-08-21T20:48:56.781838+00:00
MYK Studio,photography,https://www.facebook.com/mykstudio/,+923464613181,"30/A Fasial Street National town sanda road Lahore, Lahore, Punjab",https://www.businesslist.pk/company/247587/myk-studio,businesslist_pk,scrapy,photography,2026-08-21T20:48:58.803622+00:00
Whizpool,photography,http://www.whizpool.com,+92 51 4901152,"Khumrial Centre, 44000, Street 22, G 8/4 G-8, Islamabad, Islamabad Capital Territory, Islamabad",https://www.businesslist.pk/company/256379/whizpool,businesslist_pk,scrapy,photography,2026-08-21T20:49:00.790269+00:00
Taiba Marketing &amp; Media Solutions,photography,,05822482699,"Word No.17, Madina Market Muzaffarabad AJK, Azad Jammu Kashmir",https://www.businesslist.pk/company/244547/taiba-marketingmedia-solutions,businesslist_pk,scrapy,photography,2026-08-21T20:49:02.664318+00:00
Studio16pix,photography,http://studio16pix.com,03215245215,"770-G4 Johar Town Lahore, Lahore, Punjab",https://www.businesslist.pk/company/249823/studio16pix,businesslist_pk,scrapy,photography,2026-08-21T20:49:03.861543+00:00
Sohailgphotography (the wedding Photographer),photography,https://www.facebook.com/pages/Sohail-G-Photography/114598011942530?id=114598011942530&sk=info,,"Ayesha manzil, Karachi, Sindh",https://www.businesslist.pk/company/240037/sohailgphotography-the-wedding-photographer,businesslist_pk,scrapy,photography,2026-08-21T20:49:05.312413+00:00
Fotisto,photography,https://www.fotisto.co/,+92-321-7317173,"90-B, 2 Hali Rd, Block B Gulberg, Lahore, 54660, Lahore",https://www.businesslist.pk/company/255283/fotisto,businesslist_pk,scrapy,photography,2026-08-21T20:49:07.254835+00:00
Tour Menia,photography,https://www.tourmenia.com/,03334583999,"279-D N extention model town lahore, Lahore, Punjab",https://www.businesslist.pk/company/251812/tour-menia,businesslist_pk,scrapy,photography,2026-08-21T20:49:09.350721+00:00
Happy Events,photography,https://happyevents.pk/,021-35888888,"35-C, M-3, Mezzanine Floor, 12th Commercial Street Phase II Ext DHA, Karachi, Pakistan, Karachi, Sindh",https://www.businesslist.pk/company/250109/happy-events,businesslist_pk,scrapy,photography,2026-08-21T20:49:10.523229+00:00
Darkroom Clicks,photography,https://www.darkroomclicks.com/,03104802222,"Gulbarge Lahore, Lahore, Punjab",https://www.businesslist.pk/company/250065/darkroom-clicks,businesslist_pk,scrapy,photography,2026-08-21T20:49:12.546604+00:00
Intellect Origin,photography,,03043697974,"Johar Town Lahore, Lahore, Punjab",https://www.businesslist.pk/company/249113/intellect-origin,businesslist_pk,scrapy,photography,2026-08-21T20:49:14.762892+00:00
Video Media Production,photography,http://www.videomediaproduction.net,"02135883385,02135888590 &amp; 02135899585","31/D, Stadium Lane #4، Khayaban-e-Shamsheer,Phase 5, D.H.A، Stadium Commercial Area Phase 5 Defence Housing Authority, Karachi, Karachi City, Sindh 78, Karachi, Sindh",https://www.businesslist.pk/company/126791/video-media-production,businesslist_pk,scrapy,photography,2026-08-21T20:49:16.630020+00:00
Dreams Fusion Weddings,photography,,+923468310339,"#102, Second Floor, Select One Plaza, F-11 Markaz, Islamabad, Islamabad Capital Territory",https://www.businesslist.pk/company/246506/dreams-fusion-weddings,businesslist_pk,scrapy,photography,2026-08-21T20:49:18.425568+00:00
Darang,photography,,02135852783,"shop 2  building 32 c lane 2 rahat commerical dha, Karachi, Sindh",https://www.businesslist.pk/company/242074/darang,businesslist_pk,scrapy,photography,2026-08-21T20:49:20.463117+00:00
RGB Production,photography,http://facebook.com/rgbpk,+923122211132,"Main Auto Bhan Road, Opposite BarBQ Tonight Hotel., Hyderabad, Sindh",https://www.businesslist.pk/company/244828/rgb-production,businesslist_pk,scrapy,photography,2026-08-21T20:49:21.660670+00:00
The Elegance,printing,http://theelegance.pk,03362268694,"Aman CED Building, IBA Main Campus, Karachi, Sindh",https://www.businesslist.pk/company/250100/the-elegance,businesslist_pk,scrapy,printing,2026-08-21T20:49:23.822169+00:00
Rapid Studio,printing,https://www.facebook.com/paariprint/,03160069027,"​Office No. M-7, Mezzanine Floor, Abdullah Castle, Behind Regional Tax Office, Burns Road, Karachi, Pakistan۔, Karachi, Sindh",https://www.businesslist.pk/company/248125/rapid-studio,businesslist_pk,scrapy,printing,2026-08-21T20:49:24.947703+00:00
Graphic View,printing,http://www.graphicview.net,042 37361535,"Opp. Karbala Gamay Shah, Mather Street, 3 Lower Mall, Lahore 54000, Lahore, Punjab",https://www.businesslist.pk/company/246488/graphic-view,businesslist_pk,scrapy,printing,2026-08-21T20:49:26.908653+00:00
4 Media Group,printing,https://www.facebook.com/4MediaGroupPrintingServices,0092 412 632131,"Street No.7, Munshi Muhallah Aminpur Bazar, Faisalabad, Punjab",https://www.businesslist.pk/company/243132/4-media-group,businesslist_pk,scrapy,printing,2026-08-21T20:49:28.603708+00:00
SMART Services,printing,https://www.facebook.com/smartpk.services,0945821825,"Saeed Plaza, near Zaraee Tarqiati Bank Limited Balambat Road Timergara Dir Lower , Chakdara, Khyber Pakhtunkhwa",https://www.businesslist.pk/company/245253/smart-services,businesslist_pk,scrapy,printing,2026-08-21T20:49:30.581545+00:00
Printing Speedy,printing,http://www.printingspeedy.com,+92 3204130637,"7 Royal Park Lakshami Chowk, Lahore, Punjab",https://www.businesslist.pk/company/245919/printing-speedy,businesslist_pk,scrapy,printing,2026-08-21T20:49:32.693985+00:00
Say Cheese Photography,printing,http://www.facebook.com/saycheese.photography,0321-5522081,"I-8/1, Islamabad, Islamabad Capital Territory",https://www.businesslist.pk/company/241517/say-cheese-photography,businesslist_pk,scrapy,printing,2026-08-21T20:49:35.045669+00:00
NewImageGraphicx,printing,http://www.facebook.com/newimagegraphicx,+92-322-5147977,"shop No. 9, Diamand Market, Talwaran Bazar Rawalpindi, Rawalpindi, Punjab",https://www.businesslist.pk/company/235352/newimagegraphicx,businesslist_pk,scrapy,printing,2026-08-21T20:49:37.035392+00:00
Vision Printers &amp; Graphic Designer,printing,http://www.royalgroupweb.com,(92 21) 32626982,"RAJA &amp; KAUSAR MARKET, SUITE # 30, CAMPBELL ROAD., Karachi, Sindh",https://www.businesslist.pk/company/187607/congo-honorary-consulate,businesslist_pk,scrapy,printing,2026-08-21T20:49:38.919691+00:00
Pakistan Wristband Company,printing,https://pwcwristband.com/,03313147000,"26-G Khawaja Arcade aabpara Stop Wahdat Road Lahore, Lahore, Punjab",https://www.businesslist.pk/company/250469/pakistan-wristband-company,businesslist_pk,scrapy,printing,2026-08-21T20:49:40.261299+00:00
Sky Vision Print &amp; Design Company,printing,http://wwww.printonline.com.pk,0912567722,"Off# 221 Nadeem Trade Centre, Jangi street, Qissa Khawani Bazar Peshawar, Pakistan, Peshawar, Khyber Pakhtunkhwa",https://www.businesslist.pk/company/242727/sky-vision-print-design-company,businesslist_pk,scrapy,printing,2026-08-21T20:49:42.241192+00:00
Adline Communication,printing,http://www.adlinecommunication.com,03213331933,"Abbot road, basement Elc , Sialkot, Punjab",https://www.businesslist.pk/company/248607/adline-communication,businesslist_pk,scrapy,printing,2026-08-21T20:49:42.931076+00:00
A A Printing Company,printing,https://weds.pk/,00923244366376,"MM Alam Road Lahore, Lahore, Punjab",https://www.businesslist.pk/company/197682/a-a-printing-company,businesslist_pk,scrapy,printing,2026-08-21T20:49:45.135826+00:00
Printing Professionals,printing,,+92 42 37420328 &amp;amp; 29,"Hall # 3 basement Al-Qartaba Complex , 8 - Jail Road, Lahore - Pakistan, Lahore, Punjab",https://www.businesslist.pk/company/242228/printing-professionals,businesslist_pk,scrapy,printing,2026-08-21T20:49:46.449663+00:00
Ravishing Art,printing,http://ravishingweddinginvitationcards.blogspot.com,+92335 44 51 596,"office no 74, block no 15, near aslam chowk, lahore., Lahore, Punjab",https://www.businesslist.pk/company/241050/ravishing-art,businesslist_pk,scrapy,printing,2026-08-21T20:49:48.608674+00:00
Auraq Publications,printing,https://auraqpublications.com.pk/,+923000571530,"BS-6, Satti Plaza, Near Mubarak Restaurant, Stadium Road, Rawalpindi, Punjab",https://www.businesslist.pk/company/250636/auraq-publications,businesslist_pk,scrapy,printing,2026-08-21T20:49:50.971941+00:00
Dr. INK | Incite Enterprises,printing,,+923452237551,"Shop # 3, II-B/1, Nazimabad # 2, Karachi, Karachi, Sindh",https://www.businesslist.pk/company/247370/dr-inkincite-enterprises,businesslist_pk,scrapy,printing,2026-08-21T20:49:52.774210+00:00
I Possible,printing,https://www.ipossibles.com,"+92(0)3222202115, +92 4236610202","3rd floor,40-Main Commercial Area,Cavalry ground, Lahore Cantt. Lahore,Punjab,Pakistan, Lahore, Punjab",https://www.businesslist.pk/company/243945/i-possible,businesslist_pk,scrapy,printing,2026-08-21T20:49:54.722953+00:00
Art Linx,printing,http://www.artlinx.com.pk,0314 511 3392,"# 191, Malikabad, 6th Road, Murree Road, Rawalpoindi, Islamabad, Islamabad Capital Territory",https://www.businesslist.pk/company/197491/art-linx,businesslist_pk,scrapy,printing,2026-08-21T20:49:56.791874+00:00
Naeem Law Associates,legal services,,03121468631,"Mall road, Lahore, Punjab",https://www.businesslist.pk/company/242873/naeem-law-associates,businesslist_pk,scrapy,legal-services,2026-08-21T20:49:58.189467+00:00
Filer.pk,legal services,,051-2362276,"Office 30 2nd Floor, Alhameed Shopping Mall G-11 Markaz Islamabad , Islamabad, Islamabad Capital Territory",https://www.businesslist.pk/company/252104/filerpk,businesslist_pk,scrapy,legal-services,2026-08-21T20:50:00.300093+00:00
Capital Lawyers,legal services,http://www.capitallaws.com,,"Blue Area islamabad, Islamabad, Islamabad Capital Territory",https://www.businesslist.pk/company/243454/capital-lawyers,businesslist_pk,scrapy,legal-services,2026-08-21T20:50:01.748143+00:00
Brilliant Management System,legal services,http://bmspk.org/,+92-21-34551799,"Suit No. S-8/9, 2nd Floor, Zain Mall, P.E.C.H.S, Block 02, Main Tariq Road Karachi., Karachi, Sindh",https://www.businesslist.pk/company/241347/brilliant-management-system,businesslist_pk,scrapy,legal-services,2026-08-21T20:50:03.895354+00:00
Saaz Impex,legal services,,0313-2307429,"FLAT # A-9 3RD FLOOR HAYAT CORNER PHASE 1 SECTOR 10 ANDA MOR NORTH KARACHI, SECTOR 10 ANDA MOR NORTH KARACHI ,KARACHI ,PAKISTAN, Karachi, Sindh",https://www.businesslist.pk/company/252217/saaz-impex,businesslist_pk,scrapy,legal-services,2026-08-21T20:50:05.712854+00:00
Tauqeer Tanseer &amp; Company,legal services,http://www.attorney.com.pk,03355127213,"H. No 192, Main Southeast Boulevard, Phase-IV, Bahria town (Pvt) Ltd, Rawalpindi, Punjab",https://www.businesslist.pk/company/196514/tauqeer-tanseercompany,businesslist_pk,scrapy,legal-services,2026-08-21T20:50:07.071603+00:00
Checkers International,legal services,,92 2134327900,"Office # 03, Amber Tower, 22-A, Block 6, P.E.C.H.S, Main Shahrah-e-Faisal, Karachi, , Karachi, Sindh",https://www.businesslist.pk/company/249442/checkers-international,businesslist_pk,scrapy,legal-services,2026-08-21T20:50:09.170556+00:00
Sris Law Group,legal services,,8884377747,"woodstock, Wazirabad, Sindh",https://www.businesslist.pk/company/258982/sris-law-group,businesslist_pk,scrapy,legal-services,2026-08-21T20:50:11.425596+00:00
Waqas &amp; Waqas Law Associates,legal services,,Ph: +92-42-37352263,"Lawyers Inc 1st floor Erum building 9 fane road, Lahore., Lahore, Punjab",https://www.businesslist.pk/company/241521/waqaswaqas-law-associates,businesslist_pk,scrapy,legal-services,2026-08-21T20:50:13.251991+00:00
SS Law Associates,legal services,http://www.ss-lawassociates.com,0333 5193362,"Office # 1, Main Airport Road, Fazal Town Phase 2, Near Ashraf Marriage Hall, Chaklala Rawalpindi , Rawalpindi, Punjab",https://www.businesslist.pk/company/245039/ss-law-associates,businesslist_pk,scrapy,legal-services,2026-08-21T20:50:14.909981+00:00
Savvy Juris Corporate &amp; IP Attorneys,legal services,http://www.savvyjuris.com,+92-42-36306548,"SAVVY JURIS CORPORATE &amp; IP ATTORNEYS  Head Office Pakistan:  Basement, Munawar Apartments,  Behind Queens Centre, 33/1 Queens Road,  Lahore 54000, Pakistan, Lahore, Punjab",https://www.businesslist.pk/company/240811/savvy-juris-corporateip-attorneys,businesslist_pk,scrapy,legal-services,2026-08-21T20:50:15.884370+00:00
Abid Nizami Law Associates,legal services,,+92 321 111 4499,"86 plaza Street 2, Y Floor Lahore, 54000, Lahore, Punjab",https://www.businesslist.pk/company/254320/abid-nizami-law-associates,businesslist_pk,scrapy,legal-services,2026-08-21T20:50:17.931212+00:00
Al Tayyab Attestation,legal services,,03344449669,"House# 582 B Block Satellite Town, Rawalpindi, Punjab",https://www.businesslist.pk/company/252900/al-tayyab-attestation,businesslist_pk,scrapy,legal-services,2026-08-21T20:50:18.820065+00:00
Carna Law,legal services,http://www.carnalaw.com,02135651768,"204-Asad Chambers, near passport office Saddar, Karachi, Karachi, Sindh",https://www.businesslist.pk/company/248225/carna-law,businesslist_pk,scrapy,legal-services,2026-08-21T20:50:20.746733+00:00
The Training Academy,legal services,,03132828290,"G-110 Malir Karachi, Karachi, Sindh",https://www.businesslist.pk/company/245795/the-training-academy,businesslist_pk,scrapy,legal-services,2026-08-21T20:50:22.621270+00:00
Aazad law associates,legal services,http://www.lawyerinlahore.com,00923464465967,"Mozang, Lahore, Punjab",https://www.businesslist.pk/company/240630/aazad-law-associates,businesslist_pk,scrapy,legal-services,2026-08-21T20:50:24.320873+00:00
Nucleus (Pvt) Ltd.,legal services,,021-32001950,"University Road, Karachi, Sindh",https://www.businesslist.pk/company/240228/nucleus-pvt-ltd,businesslist_pk,scrapy,legal-services,2026-08-21T20:50:26.348230+00:00
Smcyber,legal services,,03201424134,"Ghazi chowk ghazi plaza college road lahore, Lahore, Punjab",https://www.businesslist.pk/company/246395/smcyber,businesslist_pk,scrapy,legal-services,2026-08-21T20:50:28.128889+00:00
Marath Law Firm,legal services,,03006680506,"147 District Courts Faisalabad, Faisalabad, Punjab",https://www.businesslist.pk/company/240870/marath-law-firm,businesslist_pk,scrapy,legal-services,2026-08-21T20:50:29.484884+00:00
Anees Advocate High Court,legal services,,+92 300 6699012,"181 Randhawa Law building, District Courts, Faisalabad, Pakistan, Faisalabad, Punjab",https://www.businesslist.pk/company/245449/anees-advocate-high-court,businesslist_pk,scrapy,legal-services,2026-08-21T20:50:31.185699+00:00
Spencer West,lawyers,https://www.spencer-west.com/international/pakistan-office,0300 5000 412,"No. 20, Street 29, F-8/1, Islamabad, 44000, Pakistan, Islamabad, Islamabad Capital Territory",https://www.businesslist.pk/company/254592/spencer-west,businesslist_pk,scrapy,lawyers,2026-08-21T20:50:33.480548+00:00
Pasha&#039;s Associates &amp; Consultants,lawyers,http://www.legalpasha.com,03335054544,"HOUSE 148, STREET 54, SECTOR G10/3 ISLAMABAD, Islamabad, Islamabad Capital Territory",https://www.businesslist.pk/company/253180/pashas-associatesconsultants,businesslist_pk,scrapy,lawyers,2026-08-21T20:50:35.278463+00:00
Farani Taylor &amp; CO,lawyers,https://www.faranitaylor.pk/,04235443300,"Office # 7, 5th Floor, Tele Tower, Model Town Link Road,، Lahore 54000, Lahore, Punjab",https://www.businesslist.pk/company/247022/farani-taylorco,businesslist_pk,scrapy,lawyers,2026-08-21T20:50:37.341616+00:00
Advocate High Court,lawyers,http://www.misterattorney.com,03006699012,"DISTRICT COURTS, FAISALABAD, Faisalabad, Punjab",https://www.businesslist.pk/company/245962/advocate-high-court,businesslist_pk,scrapy,lawyers,2026-08-21T20:50:39.516735+00:00
Mavens,lawyers,,+923057980194,"5th Floor, Building #33-C, Lane # 10, Bukhari Commercial, Phase VI, Defence Housing Authority, Karachi",https://www.businesslist.pk/company/257496/mavens,businesslist_pk,scrapy,lawyers,2026-08-21T20:50:41.280346+00:00
AL Adl Law Firm,lawyers,,0321-9433854,"211, SECOND FLOOR, ATIF CENTER, 1 TURNER ROAD, LAHORE, Lahore, Punjab",https://www.businesslist.pk/company/243457/al-adl-law-firm,businesslist_pk,scrapy,lawyers,2026-08-21T20:50:43.019320+00:00
"Law Offices of SRIS, P.C.",lawyers,,17036365417,FAIRFAX,https://www.businesslist.pk/company/258980/law-offices-of-sris-pc,businesslist_pk,scrapy,lawyers,2026-08-21T20:50:44.193934+00:00
Mahboob Rizvi Law Associates,lawyers,http://www.rizvislaw.com,03003337442,"203 International Auto Parts Market Marston Road Preedy Quarters, 203, Karachi, Sindh",https://www.businesslist.pk/company/253412/mahboob-rizvi-law-associates,businesslist_pk,scrapy,lawyers,2026-08-21T20:50:46.282565+00:00
Family Lawyers Karachi,lawyers,https://familylawyerskarachi.com,"3120106843, 03313365257","Karachi, Pakistan, Karachi, Sindh",https://www.businesslist.pk/company/254650/family-lawyers-karachi,businesslist_pk,scrapy,lawyers,2026-08-21T20:50:48.526507+00:00
Sheeraz &amp; Associates,lawyers,http://www.sheerazch.com,03238717000,"36 Mehboob Qadir Block, District Courts Sialkot, Sialkot, Punjab",https://www.businesslist.pk/company/245606/sheerazassociates,businesslist_pk,scrapy,lawyers,2026-08-21T20:50:50.595523+00:00
Blue Chip International,lawyers,http://www.bluechipint.com,021-35642784,"Suite No 604, 6th Floor,  Uni Shopping Centre,  Abdullah Haroon Road, Saddar, Karachi Pakistan., Karachi, Sindh",https://www.businesslist.pk/company/100737/blue-chip-international,businesslist_pk,scrapy,lawyers,2026-08-21T20:50:52.206704+00:00
Samdani &amp; Qureshi,lawyers,http://www.samdaniqureshi.com,2111595,"32-A, street 38, Main Nazim Ud Din Road, Sector F-10/4, Islamabad, Islamabad Capital Territory",https://www.businesslist.pk/company/253738/samdaniqureshi,businesslist_pk,scrapy,lawyers,2026-08-21T20:50:54.393924+00:00
Imaar Associates (Private) Limited,lawyers,http://www.imaarassociates.com,03000839839,"Office No. 38, Floor M-2, Eden Towers, Main Boulevard, Gulberg III, Lahore, Lahore, Punjab",https://www.businesslist.pk/company/248688/imaar-associates-private-limited,businesslist_pk,scrapy,lawyers,2026-08-21T20:50:55.518838+00:00
Media Express Private Limited,lawyers,http://www.mediaexpress.com.pk,"+92 51 2364432, 2364433","Off # 18; 3rd Floor; Al Hammed Plaza; G-11 Markaz, Islamabad, Islamabad Capital Territory",https://www.businesslist.pk/company/240904/media-circle-private-limited,businesslist_pk,scrapy,lawyers,2026-08-21T20:50:57.248303+00:00
Internik Estate &amp; Builders,lawyers,http://www.internik.com.pk,03102446050,"Internik Plaza no 124 Spring north phase 7 Bahria Town, Islamabad, Islamabad Capital Territory",https://www.businesslist.pk/company/250309/internik-estatebuilders,businesslist_pk,scrapy,lawyers,2026-08-21T20:50:58.888541+00:00
Tax Time (Pvt) Ltd.,lawyers,https://www.taxtime.pk,04235878463,"M-84, IT TOWER, HALI ROAD, GULBERG-III, Lahore, Punjab",https://www.businesslist.pk/company/249891/tax-time-pvt-ltd,businesslist_pk,scrapy,lawyers,2026-08-21T20:51:00.589185+00:00
eStudio,photography,http://www.estudiobyabid.com,+923005837001,"23-Shahid Plaza, 2nd Floor, Near NBP University Road, Peshawar, Khyber Pakhtunkhwa",https://www.businesslist.pk/company/241957/estudio,businesslist_pk,scrapy,photography,2026-08-21T20:51:02.519668+00:00
Expert Studio,photography,http://expertstudio.co,0321 6684221,"225-B D Ground Rd, Faisalabad 38000, Faisalabad, Punjab",https://www.businesslist.pk/company/246954/expert-studio,businesslist_pk,scrapy,photography,2026-08-21T20:51:04.468087+00:00
Digital Marketing Lahore,photography,http://www.digitalmarketinglahore.com,+92-321-111-236-8,"198- A Johar Town, Lahore, Lahore, Punjab",https://www.businesslist.pk/company/250424/digital-marketing-lahore,businesslist_pk,scrapy,photography,2026-08-21T20:51:06.645481+00:00
Ahmad Fayyaz Photography &amp; Film,photography,https://ahmadfayyaz.com,03175060999,"Plot no: 115, Mumtaz Market, G.T Road, Gujranwala, Punjab",https://www.businesslist.pk/company/248316/ahmad-fayyaz-photographyfilm,businesslist_pk,scrapy,photography,2026-08-21T20:51:08.064744+00:00
Smart Office,photography,http://www.smartoffice.com.pk,0812875610,"Shop No.03, Aziz Plaza, Tahir Khan Road , Corner Fatima Jinah Road Quetta, Quetta, Balochistan",https://www.businesslist.pk/company/242970/smart-office,businesslist_pk,scrapy,photography,2026-08-21T20:51:10.045300+00:00
Asan Rishta,photography,https://www.asanrishta.com/,042-35404490,"Office M5 First Floor Gold Mine Plaza,Ferozepure Road, Lahore, Lahore, Punjab",https://www.businesslist.pk/company/251407/asan-rishta,businesslist_pk,scrapy,photography,2026-08-21T20:51:11.763130+00:00
ArtX Pro,photography,https://artxpro.com/,92-314-2165733,"806, 8th floor, Kawish Crown Plaza,، Shahrah-e-Faisal Service Road South، Karachi 75350, Karachi, Sindh",https://www.businesslist.pk/company/247009/artx-pro,businesslist_pk,scrapy,photography,2026-08-21T20:51:13.796525+00:00
PK Domain,photography,https://pkdomain.com.pk/,"(042) 35817077, +92 336 4475528","PL-67 Siddiq Trade Center, Gulberg, Lahore, Block H Gulberg 2, Lahore, 54660, Lahore, Punjab",https://www.businesslist.pk/company/247681/pk-domain,businesslist_pk,scrapy,photography,2026-08-21T20:51:15.404758+00:00
Yell Design,photography,http://yell-d.com/,+92  21  35303587,"7th Zamzama Commercial Lane Phase 5, D.H.A,Karachi, Karachi, Sindh",https://www.businesslist.pk/company/246180/yell-design,businesslist_pk,scrapy,photography,2026-08-21T20:51:17.249441+00:00
4dee Technologies,photography,http://www.4dee.net,"+92-42-7591440, +92 300 9469190","Suite No6, 5th Floor, Shadman Lahore, Punjab, Lahore, Punjab",https://www.businesslist.pk/company/100039/4dee-technologies,businesslist_pk,scrapy,photography,2026-08-21T20:51:19.121912+00:00
Sohail Asim Photography,photography,http://www.sohail-photography.com,0213456477,"873/C PECHS-2, Karachi, Sindh",https://www.businesslist.pk/company/235630/sohail-asim-photography,businesslist_pk,scrapy,photography,2026-08-21T20:51:20.777408+00:00
Eastriver,photography,https://eastriver.pk/,"(021) 35305446 , +92 213 5169707","ST-4/B, Block-6, Scheme 5,Clifton, Karachi 75600, Pakistan, Karachi, Sindh",https://www.businesslist.pk/company/247280/eastriver,businesslist_pk,scrapy,photography,2026-08-21T20:51:23.142871+00:00
Arsalan&#039;s Photography,photography,http://www.facebook.com/alan.clicks,03324199425,"Mukkaram Plaza, Model Town, Gujranwala , Gujranwala, Punjab",https://www.businesslist.pk/company/250121/arsalans-photography,businesslist_pk,scrapy,photography,2026-08-21T20:51:24.462996+00:00
Aimal Production,photography,http://www.aimalproduction.com,+923000424351,"DHA Main Boulevard Defense Shopping Office # 132, Lahore, Punjab",https://www.businesslist.pk/company/244892/aimal-production,businesslist_pk,scrapy,photography,2026-08-21T20:51:25.995355+00:00
K.Bridals,photography,http://www.kbridals.com/,0320-5274325,"13-C, Sunset Commercial، Street No. 1, Phase IV Defence Housing Authority, Karachi, Sindh",https://www.businesslist.pk/company/244011/kbridals,businesslist_pk,scrapy,photography,2026-08-21T20:51:27.972601+00:00
Kreative Sparks,photography,http://www.kreativesparks.com,+92 322 2050 150,"Plot# 1C, 2nd Floor, 36th Street, Tauheed Commercial Area, DHA Phase-5, Karachi., Karachi, Sindh",https://www.businesslist.pk/company/246105/kreative-sparks,businesslist_pk,scrapy,photography,2026-08-21T20:51:30.135948+00:00
AkskaarPhotography,photography,http://akskaar.com/,+92-333-2444456,"Gulshan-e-Iqbal, Karachi, Sindh",https://www.businesslist.pk/company/244049/akskaarphotography,businesslist_pk,scrapy,photography,2026-08-21T20:51:32.030197+00:00
Intra Wings Digital Marketing Agency,photography,http://www.intrawings.com/,0300-4673836,"9-A Davis Road, Ghari Shahu, Lahore, Punjab, Lahore, Punjab",https://www.businesslist.pk/company/251595/intra-wings-digital-marketing-agency,businesslist_pk,scrapy,photography,2026-08-21T20:51:34.254746+00:00
Nawab Sons,photography,https://www.instagram.com/nawabsonsstudios/,"03280422204, 03000988836","Gulberg 3, K Block, Lahore, Punjab",https://www.businesslist.pk/company/126910/nawab-sons,businesslist_pk,scrapy,photography,2026-08-21T20:51:36.107450+00:00
Khan Business Products,printing,http://khanbusinessproducts.com,"021-36364027, 021-36364037, 021-36802400-1,","Anwar-ul-uloom, SP-10 Block-10, Gulberg F.B Area, Adjecent Gulberg Police Station, Karachi, Sindh",https://www.businesslist.pk/company/240905/khan-business-products,businesslist_pk,scrapy,printing,2026-08-21T20:51:37.341674+00:00
Stickers.com.pk,printing,https://stickers.com.pk/,03402233455,"University Town Road Peshawar, Peshawar, Khyber Pakhtunkhwa",https://www.businesslist.pk/company/246833/stickerscompk,businesslist_pk,scrapy,printing,2026-08-21T20:51:38.168041+00:00
Design Station,printing,http://www.designstation.pk,04235817061,"PL-12, Siddiq Trade Center, Gulberg II, Lahore., Lahore, Punjab",https://www.businesslist.pk/company/242778/design-station,businesslist_pk,scrapy,printing,2026-08-21T20:51:40.236230+00:00
Design Media,printing,http://www.designmedia.pk,+92418782999,"OFFICE # 9, MUSLIM TOWN NO.1, SARGODHA ROAD, Faisalabad, Punjab",https://www.businesslist.pk/company/249152/design-media,businesslist_pk,scrapy,printing,2026-08-21T20:51:41.318824+00:00
BrandCo House,printing,https://brandcohouse.com,03332599939,"R-774, Sector 15-A/3, Buffer Zone, Karachi, Karachi, Sindh",https://www.businesslist.pk/company/242382/brandco-house,businesslist_pk,scrapy,printing,2026-08-21T20:51:43.466722+00:00
Book Publishers,printing,,+9299779909,"street 102, auckland, Karachi",https://www.businesslist.pk/company/258779/book-publishers,businesslist_pk,scrapy,printing,2026-08-21T20:51:45.063979+00:00
Wristbands Company Asia Pvt Ltd,printing,,+923094121947,"Plot#05, Abubakar Siddique colony, Street#12 Band Rd, Shaheenabad Gulshan-e-Ravi, Lahore, Punjab 51000, Lahore",https://www.businesslist.pk/company/258488/wristbands-company-asia-pvt-ltd,businesslist_pk,scrapy,printing,2026-08-21T20:51:46.674664+00:00
Ras patches,printing,,+92 3134172222,"Shahab pura phatak, Sialkot",https://www.businesslist.pk/company/258921/ras-patches,businesslist_pk,scrapy,printing,2026-08-21T20:51:48.259508+00:00
Siyasify,printing,http://www.siyasify.com,+923168087204,"Nowshera, Nowshera, Khyber Pakhtunkhwa",https://www.businesslist.pk/company/247819/siyasify,businesslist_pk,scrapy,printing,2026-08-21T20:51:49.506448+00:00
Makazi International,printing,http://www.makazii.com/,+92 42 35230870,"P-43 Izmir Town, Canal Bank Road, Multan Road, Lahore, Lahore, Punjab",https://www.businesslist.pk/company/242319/bridgetech-international,businesslist_pk,scrapy,printing,2026-08-21T20:51:51.163488+00:00
Umair Panaflex Printing Service,printing,,+923453045670,"Plot 1, Block 2 Nazimabad, Karachi, Karachi",https://www.businesslist.pk/company/258773/umair-panaflex-printing-service,businesslist_pk,scrapy,printing,2026-08-21T20:51:53.344117+00:00
Tech Vision,printing,http://www.facebook.com/techvisionpk,+923459692481,"The Mall Street, Near GMS, Jehangira Road, Swabi City, KP, Swabi, Khyber Pakhtunkhwa",https://www.businesslist.pk/company/245690/tech-vision,businesslist_pk,scrapy,printing,2026-08-21T20:51:55.307448+00:00
Zuhair Printers,printing,,+923332726371,"Zuhair printers, shop number 17, near Dubai shoes mela, gol building, Hyderabad, Hyderabad",https://www.businesslist.pk/company/258740/zuhair-printers,businesslist_pk,scrapy,printing,2026-08-21T20:51:57.497781+00:00
Net IT Matrix,printing,http://www.netitmatrix.com,+92514861278,"Off # 11, 3rd Floor, Executive Center, I-8 Markaz, Islamabad, Islamabad Capital Territory",https://www.businesslist.pk/company/241533/net-it-matrix,businesslist_pk,scrapy,printing,2026-08-21T20:51:59.356099+00:00
Minhal International,printing,http://minhalinternational.blogspot.com/,04235831229,"229 Ahmed Block New Garden Town Lahore, Lahore, Punjab",https://www.businesslist.pk/company/245974/minhal-international,businesslist_pk,scrapy,printing,2026-08-21T20:52:01.495057+00:00
Vital Links,printing,,0322-7273420,"19 LGF, Defence Shopping Mall, D.H.A. Main Blvd,lahore, Lahore, Punjab",https://www.businesslist.pk/company/249828/vital-links,businesslist_pk,scrapy,printing,2026-08-21T20:52:03.520579+00:00
Qazi Printers,printing,,+92-333-2121938,"Gari Khata, Sindh, Karachi, Sindh",https://www.businesslist.pk/company/128213/qazi-printers,businesslist_pk,scrapy,printing,2026-08-21T20:52:05.606016+00:00
Get instant printing,printing,http://www.getinstantprinting.com,03227702220,"735-E1, Johar Town , Lahore , Pakistan, Lahore, Punjab",https://www.businesslist.pk/company/243387/get-instant-printing,businesslist_pk,scrapy,printing,2026-08-21T20:52:07.284686+00:00
Print Partner,printing,,,"201, Plot #21-C, Stadium Lane 2, Off. Khayaban e Shamsheer, Phase-V, DHA, Karachi, Sindh",https://www.businesslist.pk/company/258747/print-partner,businesslist_pk,scrapy,printing,2026-08-21T20:52:09.278083+00:00
Midway Tax Consultants,legal services,https://midwaytaxconsultants.com/,03323135534,"Balad Trade Center, Block-03, BMCHS, Alamgir Road, Bahadurabad, Karachi, Karachi, Sindh",https://www.businesslist.pk/company/250884/midway-tax-consultants,businesslist_pk,scrapy,legal-services,2026-08-21T20:52:11.207813+00:00
Juris Consultus law firm,legal services,https://jurisconsultuslawfirm.wordpress.com/,,"Abu Dhabi towers, F-11, Islamabad, Islamabad, Islamabad Capital Territory",https://www.businesslist.pk/company/243169/isaac-law-associates,businesslist_pk,scrapy,legal-services,2026-08-21T20:52:13.341545+00:00
"Law Serves (formerly Shabbir &amp; Sial, Advocates)",legal services,http://www.lawserves.com,923335273799,"One, Adjacent Lawyers Hospital, F-8 Markaz, Islamabad 44000, Islamabad, Islamabad Capital Territory",https://www.businesslist.pk/company/244334/law-serves,businesslist_pk,scrapy,legal-services,2026-08-21T20:52:15.201599+00:00
Agha Rafiq Law Associates,legal services,http://www.agharafiqlaw.com,0092-21-34927344,"79 - Muslimabad , 18 th street , Begum Ayesha Aziz Road , Kashmir Road , Karachi, Karachi, Sindh",https://www.businesslist.pk/company/242315/agha-rafiq-law-associates,businesslist_pk,scrapy,legal-services,2026-08-21T20:52:17.212505+00:00
Migracon Inc.,legal services,http://migracon.com/,051-4938264,"Office no 17, 2nd Floor VIP Plaza, I-8 Markaz , Islamabad, Islamabad Capital Territory",https://www.businesslist.pk/company/247463/migracon-inc,businesslist_pk,scrapy,legal-services,2026-08-21T20:52:18.819286+00:00
Dunya Consultants,legal services,https://dunyaconsultants.com/,+92 325-163-1947,"Head Office Dunya Consultants Opposite Cheema Heart Centre, Sargodha, Sargodha, Punjab",https://www.businesslist.pk/company/254680/dunya-consultants,businesslist_pk,scrapy,legal-services,2026-08-21T20:52:20.529721+00:00
Familycaselawyers,legal services,https://www.familycaselawyer.com/,3217476750,"sadiq trade center, Lahore, Punjab",https://www.businesslist.pk/company/250864/familycaselawyers,businesslist_pk,scrapy,legal-services,2026-08-21T20:52:22.479196+00:00
SRIS Law Group,legal services,,17036365417,FAIRFAX,https://www.businesslist.pk/company/258981/sris-law-group,businesslist_pk,scrapy,legal-services,2026-08-21T20:52:24.404193+00:00
Premium Pakistan,legal services,,0513510234,"Islamabad, Islamabad, Islamabad Capital Territory",https://www.businesslist.pk/company/249408/premium-pakistan,businesslist_pk,scrapy,legal-services,2026-08-21T20:52:26.472270+00:00
A. Nawaz Osmani Law Associates.,legal services,http://www.osmanilaw.com,(+92-321) 2770225,"Suite # 17, 7th Floor, Office Towers, Rimpa Plaza, M A Jinnah Road, Karachi, Karachi, Sindh",https://www.businesslist.pk/company/244145/a-nawaz-osmani-law-associates,businesslist_pk,scrapy,legal-services,2026-08-21T20:52:28.420130+00:00
Billoxus International(Pvt)Ltd,legal services,http://www.billoxus.com,+92-51-4852 830,"Off # 23, 2nd Floor Satellite Plaza, Rawalpindi, Punjab",https://www.businesslist.pk/company/246285/billoxus-internationalpvtltd,businesslist_pk,scrapy,legal-services,2026-08-21T20:52:29.937771+00:00
Musheer.com,legal services,https://musheer.com,+92340 2321111,"2nd Floor Plot No 859, Block R1 Phase 2, Johar Town, Lahore",https://www.businesslist.pk/company/255154/musheercom,businesslist_pk,scrapy,legal-services,2026-08-21T20:52:31.683414+00:00
Neds Services Pvt Ltd,legal services,,03214969437,"Empress Tower Off# 15 , First Floor, Empress Road, Lahore, Punjab",https://www.businesslist.pk/company/252714/neds-services-pvt-ltd,businesslist_pk,scrapy,legal-services,2026-08-21T20:52:33.058828+00:00
Sustainable Environmental &amp; Energy Solutions,legal services,http://www.seesolutionspk.com,+92-42-37363831,"Office # 8, 4th Floor SAF center 08 FAN road near High Court Lahore, Pakistan., Lahore, Punjab",https://www.businesslist.pk/company/251118/sustainable-environmentalenergy-solutions,businesslist_pk,scrapy,legal-services,2026-08-21T20:52:35.194653+00:00
ANR &amp; Co.,legal services,https://anrlegal.com.pk,,"Suite # 103, 2nd floor, 16c Zamzama Commercial Lane 10 Dha Phase V, Karachi, Karachi, Pakistan, Karachi, Sindh",https://www.businesslist.pk/company/257375/anrco,businesslist_pk,scrapy,legal-services,2026-08-21T20:52:36.491861+00:00
Al Rehman Law Firm,legal services,https://alrehmanlawfirm.business.site/,0333 8130390,"Office 11, Block 14-P, F8 Markaz, near Old Excise Office, Islamabad, 44000, Islamabad, Islamabad Capital Territory",https://www.businesslist.pk/company/254651/al-rehman-law-firm,businesslist_pk,scrapy,legal-services,2026-08-21T20:52:37.832851+00:00
Pakistan&#039;s Top Ranking Recruitment Agency,lawyers,http://alahadgroup.co,+923009259090,"Rawalpindi Murree Road, Islamabad Capital Territory",https://www.businesslist.pk/company/251173/pakistans-top-ranking-recruitment-agency,businesslist_pk,scrapy,lawyers,2026-08-21T20:52:39.525741+00:00
ISO Consultant Pakistan,lawyers,http://isoconsultant.com.pk/,+924236625718,"Suite No. 2, 2nd Floor Usman Arcade, Main Boulevard, Defence, Lahore, Pakistan., Lahore, Punjab",https://www.businesslist.pk/company/245555/iso-consultant-pakistan,businesslist_pk,scrapy,lawyers,2026-08-21T20:52:40.949129+00:00
Dawood Associates Law Firm,lawyers,http://www.dawoodlawfirm.com,04237243082,"Office# 12, Ground Floor, HD Tower, 3-Fane Road, Lahore, Punjab",https://www.businesslist.pk/company/243687/dawood-associates,businesslist_pk,scrapy,lawyers,2026-08-21T20:52:42.288914+00:00
Asma Law Associates,lawyers,http://www.asmalawyersinpakistan.com,00923006622189,"1 DISTRICT COURTS, FAISALABAD, PAKISTAN., Faisalabad, Punjab",https://www.businesslist.pk/company/240124/asma-law-associates,businesslist_pk,scrapy,lawyers,2026-08-21T20:52:44.378167+00:00
Pakistan Intellectual Property Licensing Attorneys,lawyers,https://www.brandssecurity.com/,(021) 36362202,"R-181, Block-5, SarwarShaheed Road, Shahrah-e-Jahangir, Federal-B-Area, Karachi, Sindh",https://www.businesslist.pk/company/251483/pakistan-intellectual-property-licensing-attorneys,businesslist_pk,scrapy,lawyers,2026-08-21T20:52:46.343659+00:00
Frasat and Partners. Lawyer &amp; Attorneys in lahore,lawyers,http://www.frasatandfrasatlaw.com,+923214321202,"13- Fane Road, Lahore, Lahore, Punjab",https://www.businesslist.pk/company/244524/frasat-and-partners-lawyerattorneys-in-lahore,businesslist_pk,scrapy,lawyers,2026-08-21T20:52:48.475287+00:00
Corporate Social Responsibility Forum Pakistan,lawyers,http://www.csrfp.org,+92515159628,"House # 4, Street # 6, Block F, Naval Anchorage, Islamabad Expressway, Islamabad, Islamabad Capital Territory",https://www.businesslist.pk/company/241561/corporate-social-responsibility-forum-pakistan,businesslist_pk,scrapy,lawyers,2026-08-21T20:52:50.631055+00:00
Awan Law Associates,lawyers,,03452711899,"Office No. 14, Lawyer&#039;s compound, City Courts, Karachi, Pakistan, Karachi, Sindh",https://www.businesslist.pk/company/252854/awan-law-associates,businesslist_pk,scrapy,lawyers,2026-08-21T20:52:51.681535+00:00
Hyder Shar Law Associates,lawyers,http://www.hydershar.com/,+923111555197,"Office No. 606, Al Fatima Chamber, Shambo Nath Street Near Passport Office Saddar, Karachi, Sindh",https://www.businesslist.pk/company/250256/hyder-shar-law-associates,businesslist_pk,scrapy,lawyers,2026-08-21T20:52:52.802698+00:00
Asia Pacific Lawyers,lawyers,http://www.asiapacificlawyers.net,0092524596356,"Chamber No.233 First Floor Irfan Ellahi Block District Courts, Sialkot, Punjab",https://www.businesslist.pk/company/235311/asia-pacific-lawyers,businesslist_pk,scrapy,lawyers,2026-08-21T20:52:54.565877+00:00
B &amp; B Dermaceuticals,wellness,,"+ 92 21 7095932, +92 333 3535737","HEADOFFICE KARACHI, Sindh, Karachi, Sindh",https://www.businesslist.pk/company/113363/bb-dermaceuticals,businesslist_pk,scrapy,wellness,2026-08-21T20:52:56.524677+00:00
Healthcare Matrix,wellness,,,"Sindh, Karachi",https://www.businesslist.pk/company/255922/healthcare-matrix,businesslist_pk,scrapy,wellness,2026-08-21T20:52:58.731952+00:00
Himont Laboratories (pvt) Ltd.,wellness,,"(92 42) 35814391, 35814393","17-KM,Ferozepur Road, Lahore",https://www.businesslist.pk/company/192855/himont-laboratories-pvt-ltd,businesslist_pk,scrapy,wellness,2026-08-21T20:53:00.730757+00:00
FemTees,wellness,,,"Islamabad, Islamabad",https://www.businesslist.pk/company/255817/femtees,businesslist_pk,scrapy,wellness,2026-08-21T20:53:02.697277+00:00
Hilal Care,wellness,https://hilalcare.com,+92 21 111-557-557,"R2GM+QJM, Block 5 Clifton, Karachi, Karachi City, Sindh 75600, Karachi",https://www.businesslist.pk/company/256125/hilal-care,businesslist_pk,scrapy,wellness,2026-08-21T20:53:04.561487+00:00
Intelligent Drug Dispensary,wellness,,+923224008005,"Punjab, Lahore",https://www.businesslist.pk/company/255735/intelligent-drug-dispensary,businesslist_pk,scrapy,wellness,2026-08-21T20:53:06.594779+00:00
AzaadHealth,wellness,,+92 345 220 9627,"Sindh, Karachi",https://www.businesslist.pk/company/255973/azaadhealth,businesslist_pk,scrapy,wellness,2026-08-21T20:53:08.595455+00:00
Shifaam,wellness,,+92 213 7132273,"Sindh, Karachi",https://www.businesslist.pk/company/256049/shifaam,businesslist_pk,scrapy,wellness,2026-08-21T20:53:10.834784+00:00
My Vitamin Store,wellness,,,"Punjab, Lahore",https://www.businesslist.pk/company/256097/my-vitamin-store,businesslist_pk,scrapy,wellness,2026-08-21T20:53:13.126949+00:00
weFIT - Find your Next personal Trainer,wellness,,+923157178448,"Punjab, Lahore",https://www.businesslist.pk/company/255257/wefit-find-your-next-personal-trainer,businesslist_pk,scrapy,wellness,2026-08-21T20:53:15.134206+00:00
Neurostic,wellness,,+92 331 5021352,"Punjab, Lahore",https://www.businesslist.pk/company/255956/neurostic,businesslist_pk,scrapy,wellness,2026-08-21T20:53:17.274013+00:00
Diran Productions,photography,https://diranproductions.com,+92512825565,"3rd Floor, CIS Technology Park, Shahrah-e-Jamhuriat, G-5/2, Islamabad, Islamabad, Islamabad Capital Territory",https://www.businesslist.pk/company/246567/diran-productions,businesslist_pk,scrapy,photography,2026-08-21T20:53:18.711594+00:00
FotoClickStudio,photography,,+923082995955,"Pakistan, Karachi, Tariq Road, Karachi",https://www.businesslist.pk/company/258813/fotoclickstudio,businesslist_pk,scrapy,photography,2026-08-21T20:53:20.592663+00:00
Wedding Photography by 55 Shots Photographer,photography,https://55shots.pk/,03314373715,"Model Town, Lahore, Punjab",https://www.businesslist.pk/company/249230/wedding-photography-by-55-shots-photographer,businesslist_pk,scrapy,photography,2026-08-21T20:53:22.239248+00:00
Aftab Alam photography,photography,https://aftabalam.pk/,+923218659300,"5-Basement, Al Masoom Plaza, Mian Hameed Chowk, Faisalabad, Punjab",https://www.businesslist.pk/company/241441/aftab-alam-photography,businesslist_pk,scrapy,photography,2026-08-21T20:53:24.330038+00:00
Smart Aperture Photography,photography,http://www.facebook.com/smartaperturephotography,+923452592084,"KARACHI, Karachi, Sindh",https://www.businesslist.pk/company/250298/smart-aperture-photography,businesslist_pk,scrapy,photography,2026-08-21T20:53:26.113309+00:00
Black Production Films,photography,http://www.blackproductionfilms.com,"+92 300 2325700, +92 -21-34557536","Office Suite # 201, Clifton Galleria, Block-4, Clifton, Karachi, Pakistan, Karachi, Sindh",https://www.businesslist.pk/company/241651/black-production-films,businesslist_pk,scrapy,photography,2026-08-21T20:53:28.268229+00:00
eStudio By Abid,photography,https://www.estudiobyabid.com/,+923005837001,"23-Shahid Plaza, 2nd Floor University Road, Peshawar, Khyber Pakhtunkhwa",https://www.businesslist.pk/company/249950/estudio-by-abid,businesslist_pk,scrapy,photography,2026-08-21T20:53:29.988018+00:00
ShadiGrapher.com,photography,http://shadigrapher.com,+923162424417,"1st Floor, Building FL-30, Block B, Gulshan e Jamal, Karachi, Pakistan Like Us On Facebook, Karachi, Sindh",https://www.businesslist.pk/company/249977/shadigraphercom,businesslist_pk,scrapy,photography,2026-08-21T20:53:31.227214+00:00
Biyah Weddinng,photography,,0342 2142524,"Block, 43 H، 1, 6, PECHS, Karachi, 75400, Karachi, Sindh",https://www.businesslist.pk/company/252803/biyah-weddinng,businesslist_pk,scrapy,photography,2026-08-21T20:53:33.160787+00:00
NiftySphere,photography,http://www.niftysphere.com,03335377734,"Office #3, Plaza #21, E11/3, Multi Markaz, Islamabad, Islamabad, Islamabad Capital Territory",https://www.businesslist.pk/company/245659/niftysphere,businesslist_pk,scrapy,photography,2026-08-21T20:53:34.977467+00:00
A J Photography,photography,https://www.facebook.com/adijuttphotography,+923285040000,"Eden orchard, lasani pulli, srg rd., Faisalabad",https://www.businesslist.pk/company/258406/a-j-photography,businesslist_pk,scrapy,photography,2026-08-21T20:53:36.624803+00:00
FotoCrown,photography,,+92 305 5541115,"ffice #1, 2nd Floor, Sunflower Building, near H. Karim Buksh, Liberty Market Gulberg III, Lahore",https://www.businesslist.pk/company/258516/fotocrown,businesslist_pk,scrapy,photography,2026-08-21T20:53:38.644169+00:00
Play Weddings,photography,,03214700365,"Shop No. 59, First Floor, AL HAFEEZ SHOPPING MALL , Lahore, Lahore, Punjab",https://www.businesslist.pk/company/240085/play-weddings,businesslist_pk,scrapy,photography,2026-08-21T20:53:40.913268+00:00
Ebuzztoday,photography,http://www.ebuzztoday.com,(042) 32085233,"Building No. 69 Block B 2 Gulberg III Al-Hafeez Suites 2nd Floor, Suite No 12., Lahore, Punjab",https://www.businesslist.pk/company/240054/ebuzztoday,businesslist_pk,scrapy,photography,2026-08-21T20:53:42.555273+00:00
Dees Creations,photography,http://www.facebook.com/DeesCreations,03232379123,"Gulistan-e-Jauhar, Block-12, Karachi, Pakistan, Karachi, Sindh",https://www.businesslist.pk/company/234994/dees-creations,businesslist_pk,scrapy,photography,2026-08-21T20:53:44.681413+00:00
Waseem Saleem Photography | Wedding Photographer in Lahore,photography,http://(https://www.waseemsaleemphotography.com/),(+923048055553),"Office#5-B, Ahsan Plaza, market, Karim Block Allama Iqbal Town, Lahore, Punjab 54000, Lahore",https://www.businesslist.pk/company/258857/waseem-saleem-photography-in-lahore,businesslist_pk,scrapy,photography,2026-08-21T20:53:46.369323+00:00
BnW Collections,photography,https://www.bnwcollections.com/,(+92) 03-111-111-269,"Office # 35, 4th Floor, Arkay Square Shahrah-e-Liaquat, Karachi, Sindh",https://www.businesslist.pk/company/245108/bnw-collections,businesslist_pk,scrapy,photography,2026-08-21T20:53:48.469280+00:00
NIFTY SPHERE- Institute of Arts and Designing,photography,http://www.niftysphereinstitute.com,"03315098087, +92-518-438-391, +92-311-1999100, +92 21-111-112-222, 0302 6394440","Office 3, plaza 21, E11/3 multi markaz Islamabad , Islamabad, Islamabad Capital Territory",https://www.businesslist.pk/company/252018/nifty-sphere-institute-of-arts-and-designing,businesslist_pk,scrapy,photography,2026-08-21T20:53:49.666156+00:00
Print Pack n Promo,printing,http://www.printpacknpromo.com,92 21 326 27 880,"A16, B17, Yousuf Mansion, AM 1, Burns Road, Karachi, Sindh",https://www.businesslist.pk/company/235013/print-pack-n-promo,businesslist_pk,scrapy,printing,2026-08-21T20:53:51.812441+00:00
Zee Printers,printing,http://zeeprinters.com/,+923005103648,"Barkat Colony Chung, Near Baraf Khana Chowk, Street No 1, 22-KM Multan Road Lahore - Pakistan, Lahore",https://www.businesslist.pk/company/258836/zee-printers,businesslist_pk,scrapy,printing,2026-08-21T20:53:53.738026+00:00
Taskeen-e-ZauQ Printers &amp; Publishers,printing,http://www.facebook.com/taskeenezauq,04235441852,"Near Bashir Bakhtiar Labor Hall, 28-Nisbat Road, Lahore., Lahore, Punjab",https://www.businesslist.pk/company/244142/taskeen-e-zauq-printerspublishers,businesslist_pk,scrapy,printing,2026-08-21T20:53:56.075031+00:00
Customized Gifts Items,printing,http://www.customizegifts.pk,"03351217817, +92 3018119659","North Nazimabad, Near Inquiry Office, Karachi, Sindh",https://www.businesslist.pk/company/242412/customized-gifts-items,businesslist_pk,scrapy,printing,2026-08-21T20:53:57.662787+00:00
AM Advertisers,printing,http://www.amadvertisers.com,+92 322 8451838,"tariq center h3 block johar town , Lahore, Punjab",https://www.businesslist.pk/company/240884/am-advertisers,businesslist_pk,scrapy,printing,2026-08-21T20:53:59.702322+00:00
Online Printing Speedy,printing,http://www.printingspeedy.com,03204130637,"7 Royal Park Lakshami Chowk Lahore., Lahore, Punjab",https://www.businesslist.pk/company/246120/online-printing-speedy,businesslist_pk,scrapy,printing,2026-08-21T20:54:01.484949+00:00
Royal Graphics,printing,http://www.royalgraphics.pk,+922132621108,"shop # 2 Amin Mansion More Street Pakistan Chowk, Karachi, Sindh",https://www.businesslist.pk/company/242272/royal-graphics,businesslist_pk,scrapy,printing,2026-08-21T20:54:02.972987+00:00
The Khyber Printing Systems Pvt Ltd.,printing,https://www.facebook.com/khyber-printing-systems-pvt-ltd-413826088778901/,+92-3334554471,"7-A Industrial Estate, Hayatabad, Peshawar, Peshawar, Khyber Pakhtunkhwa",https://www.businesslist.pk/company/247900/the-khyber-printing-systems-pvt-ltd,businesslist_pk,scrapy,printing,2026-08-21T20:54:04.734719+00:00
SatPara Fabrics &amp; Digital Textile,printing,https://www.satpara.com.pk/,03210000000,"Plot no 256/A, Street, 34 Maulana Shaukat Ali Rd, Kot Lakhpat, Lahore, Punjab 54000, Lahore, Punjab",https://www.businesslist.pk/company/250036/satpara-fabricsdigital-textile,businesslist_pk,scrapy,printing,2026-08-21T20:54:05.556388+00:00
Irfan Printing Services,printing,http://www.iffyprints.webs.com,+92 341 4165283,"More Wala Chowk, High Street Sahiwal, Sahiwal, Punjab",https://www.businesslist.pk/company/241932/irfan-printing-services,businesslist_pk,scrapy,printing,2026-08-21T20:54:07.459490+00:00
KHB Print,printing,http://www.khbprint.com,02135290118,"Shop 25, Chappal Arcade 1, Opp. Hyperstar, Block 4, Clifton, Karachi., Karachi, Sindh",https://www.businesslist.pk/company/242152/khb-print,businesslist_pk,scrapy,printing,2026-08-21T20:54:08.995750+00:00
Excellent Tissue Paper Company,printing,,0334-8484940,"Ashiana Road, Bank Stop, 17-km Ferozepur Road, Lahore. , Lahore, Punjab",https://www.businesslist.pk/company/235229/excellent-tissue-paper,businesslist_pk,scrapy,printing,2026-08-21T20:54:11.147434+00:00
Makazi International,printing,http://www.makazii.com,+924235237684,"Plot: 50, Mamdot Block, Mustafa Town, Wahdat Road, Lahore, Lahore, Punjab",https://www.businesslist.pk/company/244506/makazi-international,businesslist_pk,scrapy,printing,2026-08-21T20:54:13.216280+00:00
Printing Press Islamabad,printing,https://sites.google.com/view/panaflexprintingislamabad/home,+92-3365544466,"Main Rohtas Road G-9/1, Islamabad , Islamabad",https://www.businesslist.pk/company/258351/printing-press-islamabad,businesslist_pk,scrapy,printing,2026-08-21T20:54:15.295619+00:00
BSUprints,printing,http://www.bsuprints.com,+92213-2623761,"Shop #5, Akhtar Mansion, Pakistan Chowk, Outram Road Karachi., Karachi, Sindh",https://www.businesslist.pk/company/244951/bsuprints,businesslist_pk,scrapy,printing,2026-08-21T20:54:17.176219+00:00
The Printing Company,printing,https://theprintingcompany.org/,+923268450002,"Office # 104, 1st Floor, Embassy Gardens, Sector C-1, Bahria Enclave, Islamabad, Pakistan., Islamabad, Pakistan, 44000, Islamabad, Islamabad Capital Territory",https://www.businesslist.pk/company/250612/The_Printing_Company,businesslist_pk,scrapy,printing,2026-08-21T20:54:19.327145+00:00
Seven Smiles,printing,http://7evensmiles.com,0342-4344410,"House # 84, Tipu Block Garden Town, Lahore, Punjab 54000, Lahore, Punjab",https://www.businesslist.pk/company/245111/seven-smiles,businesslist_pk,scrapy,printing,2026-08-21T20:54:21.490398+00:00
Rapid Mooverz,printing,https://rapidmooverz.com.pk/,+92 324 0427193,"Plot B-273, Sector 6-F, Mehran Town, Near Korangi License Branch, Karachi, Sindh., Karachi, Sindh",https://www.businesslist.pk/company/258506/rapid-mooverz,businesslist_pk,scrapy,printing,2026-08-21T20:54:22.674502+00:00
Grafic Skills,printing,https://www.graficskills.com,+923214614651,"Alghani Industrial Estate، Plot No.28, Alshar Street، 21KM Lahore – Kasur Rd, Lahore, 54000, Pakistan, Lahore, Punjab",https://www.businesslist.pk/company/257677/grafic-skills,businesslist_pk,scrapy,printing,2026-08-21T20:54:24.747787+00:00
Fauzia Law Associates,legal services,,03114703384,"Mall road, Lahore, Punjab",https://www.businesslist.pk/company/242874/fauzia-law-associates,businesslist_pk,scrapy,legal-services,2026-08-21T20:54:26.702744+00:00
Solution Seekers Pakistan,legal services,http://www.solutionseekerspakistan.com/,+9242111042326,"House# 21-A, Q Block, Gulberg II, Lahore, Lahore, Punjab",https://www.businesslist.pk/company/241603/solution-seekers-pakistan,businesslist_pk,scrapy,legal-services,2026-08-21T20:54:28.405271+00:00
Ahmed Ali Dewan &amp; Co.,legal services,https://aadewan.com.pk,"922135620898, +92515912996","Suite # 9, Fareed Chamber, Abdullah Haroon Road, Saddar, Karachi, Karachi, Sindh",https://www.businesslist.pk/company/251166/ahmed-ali-dewanco,businesslist_pk,scrapy,legal-services,2026-08-21T20:54:29.616845+00:00
Iqbal and Iqbal Law Associates,legal services,http://iqballawassociates.com/,+92-213-4329991,"Suit - 204, 2nd Floor, Khayam Chamber, Above Blue Ribbon Bakery, PECHS Block - 2, Nursery, Main Shahra-e-Faisal, Karachi, Sindh",https://www.businesslist.pk/company/248810/iqbal-and-iqbal-law-associates,businesslist_pk,scrapy,legal-services,2026-08-21T20:54:31.566733+00:00
Water Seal Expert,legal services,http://www.watersealexpert.com/,021-34990184,"Office G-32, Waqas Height, Block 13D1,  Gulshan-e-Iqbal, Karachi, Pakistan., Karachi, Sindh",https://www.businesslist.pk/company/249042/water-seal-expert,businesslist_pk,scrapy,legal-services,2026-08-21T20:54:33.735550+00:00
Mian Muhammad Nawaz Advocate High Court,legal services,http://WWW.ALADLLAWFIRM.WEEBLY.COM,042-36543532,"AL-ADL LAW FIRM, 390/125 SALAMAT PURA STOP, MAIN G.T ROAD, DAROGHAWALA, LAHORE, PAKISTAN, Lahore, Punjab",https://www.businesslist.pk/company/245668/mian-muhammad-nawaz-advocate-high-court,businesslist_pk,scrapy,legal-services,2026-08-21T20:54:34.929591+00:00
Ashraf &amp; Ashraf Law Firm,legal services,http://www.ashraflawfirm.com/family.html,03214581017,"553 Q Block Johar Town Lahore Pakistan., Lahore, Punjab",https://www.businesslist.pk/company/243964/ashrafashraf-law-firm,businesslist_pk,scrapy,legal-services,2026-08-21T20:54:36.412523+00:00
Saddam Khan Studio,legal services,http://seedincubation.com/,0213-5346008,"16-c 1st lane shahbaz commercial -phase 6 DHA Karachi pakistan , Karachi, Sindh",https://www.businesslist.pk/company/245112/seed-incubation-centre,businesslist_pk,scrapy,legal-services,2026-08-21T20:54:38.205924+00:00
Gowakeel,lawyers,https://www.gowakeel.com/,+92 336 9969997,"Karachi Pakistan new Karachi, new karachi, Karachi",https://www.businesslist.pk/company/258958/gowakeel,businesslist_pk,scrapy,lawyers,2026-08-21T20:54:39.467813+00:00
Lexway Law Firm,lawyers,http://lexway.pk,+923127776666,"141/1, Lane 10, Block B, Sindhi Muslim Cooperative Housing Society Off Shahrah-e-Faisal Karachi, Pakistan, Karachi, Sindh",https://www.businesslist.pk/company/242048/lexway-law-firm,businesslist_pk,scrapy,lawyers,2026-08-21T20:54:41.696455+00:00
City Lawyers Online law Associates,lawyers,https://citylawyersonline.blogspot.com/,"+923400834767, +923152345162","1st Floor ,Mithani Chamber near City Court Karachi, Karachi",https://www.businesslist.pk/company/258342/city-lawyers-online-law-associates,businesslist_pk,scrapy,lawyers,2026-08-21T20:54:43.537197+00:00
Muazzam Law Firm,lawyers,http://www.muazzamlawfirm.com,091-2593172,"6-A, Nasir Mansion, 2-Railway Road, Peshawar Cantt, Peshawar, Peshawar, Khyber Pakhtunkhwa",https://www.businesslist.pk/company/244668/muazzam-law-firm,businesslist_pk,scrapy,lawyers,2026-08-21T20:54:45.557949+00:00
UK Visa Consultants,lawyers,http://ukvisaconsultants.com/,+923094471858,"431/F2, Jeff Heights, Main Boulevard Gulberg III, Lahore, Punjab",https://www.businesslist.pk/company/245651/uk-visa-consultants,businesslist_pk,scrapy,lawyers,2026-08-21T20:54:47.269407+00:00
Mannan Law Associates,lawyers,http://www.mannanlawassociates.com,+923000600340,"407 Ameer Bhatti tower District Courts Sialkot, Sialkot, Sindh",https://www.businesslist.pk/company/258396/mannan-law-associates,businesslist_pk,scrapy,lawyers,2026-08-21T20:54:49.184527+00:00
Chairman Law Associates,lawyers,,,"•	30.04415 •	72.34406,",https://www.businesslist.pk/company/258940/chairman-law-associates,businesslist_pk,scrapy,lawyers,2026-08-21T20:54:51.273196+00:00
Nabi Buksh Law Concern Faisalabad,lawyers,http://www.nblc.tk,+923004218121,"148 Sufi Barkat Building District Courts Faisalabad, Faisalabad, Punjab",https://www.businesslist.pk/company/251272/nabi-buksh-law-concern-faisalabad,businesslist_pk,scrapy,lawyers,2026-08-21T20:54:52.660589+00:00
A. Nawaz Osmani Law Associates.,lawyers,http://www.osmanilaw.com,+92 21 2762286,"Suite # 17, 7th Floor, Office Towers,  Rimpa Plaza, M.A. Jinnah Road,, Karachi, Sindh",https://www.businesslist.pk/company/245138/a-nawaz-osmani-law-associates,businesslist_pk,scrapy,lawyers,2026-08-21T20:54:54.387650+00:00
Qanuni Amdad,lawyers,https://legalhelp1.blogspot.com/2015/02/court-marriage-karne-ka-tareeka.html,00-92-324-4010279,"301 Turner Road Lahore high Court, Faisalabad, Punjab",https://www.businesslist.pk/company/250487/qanuni-amdad,businesslist_pk,scrapy,lawyers,2026-08-21T20:54:56.199882+00:00
M.A Bhatti Law,lawyers,https://mabhattilaw.com/,+923003352274,"7th floor, Executive Towers Dolmen Mall,Clifton,Karachi, Karachi",https://www.businesslist.pk/company/258786/ma-bhatti-law,businesslist_pk,scrapy,lawyers,2026-08-21T20:54:58.357772+00:00
Iqbal International Law Services,lawyers,http://www.iqballawservices.com,+92-21-32766968,"431, 4th Floor, Odeon Centre, Regal Chowk, Saddar,, Karachi, Sindh",https://www.businesslist.pk/company/234904/iqbal-international-law-services,businesslist_pk,scrapy,lawyers,2026-08-21T20:54:59.736358+00:00
DLB Consulting LLC,lawyers,https://dlb.az,+994994909080,"8th November Avenue 15, Abbottabad, Islamabad Capital Territory",https://www.businesslist.pk/company/258988/dlb-consulting-llc,businesslist_pk,scrapy,lawyers,2026-08-21T20:55:01.089670+00:00
Voice of Justice,lawyers,http://voiceofjustice.pk,+923334742460,"Office No. 4 &amp; 5, First Floor, Balaj Tower, 45-A Mozzang Near PSO Pump, Lahore, Lahore",https://www.businesslist.pk/company/258669/voice-of-justice,businesslist_pk,scrapy,lawyers,2026-08-21T20:55:02.860700+00:00
Abdullah Qazi and Associates,lawyers,http://abdullah-qazi-and-associates.business.site,03155033071,"Office no 1, 2nd Floor, Block 4A, F 8 Markaz Islamabad, Pakistan, Islamabad, Islamabad Capital Territory",https://www.businesslist.pk/company/246043/abdullah-qazi-and-associates,businesslist_pk,scrapy,lawyers,2026-08-21T20:55:05.002700+00:00
Al-adal Associates,lawyers,http://www.aladalassociates.com,03462485197,"2/C, Khayaban-e-Rahat Opp. (SKBZ), Phase VI, DHA, Karachi, Karachi, Sindh",https://www.businesslist.pk/company/245305/al-adal-associates,businesslist_pk,scrapy,lawyers,2026-08-21T20:55:07.093099+00:00
Court Marriage Online Nikah,lawyers,https://sites.google.com/site/courtmarriagelahore/,+923228880453,"80 Model Town Courts Lahore, Lahore, Punjab",https://www.businesslist.pk/company/242114/court-marriage-online-nikah,businesslist_pk,scrapy,lawyers,2026-08-21T20:55:08.905557+00:00
M.A. Awan &amp; Co.,lawyers,https://maawan.com.pk/,03315267519,"Office No. 4, 3rd Floor, Faisal Shopping Mall, Opposite GPO, Saddar, Rawalpindi, Rawalpindi, Punjab",https://www.businesslist.pk/company/252451/ma-awanco,businesslist_pk,scrapy,lawyers,2026-08-21T20:55:11.049026+00:00
Frasat &amp; Partners The Law Firm,lawyers,http://www.fplawfirminlahore.business.site,+923214321202,"Suit # 107, 2nd Floor, Atif Basharat Heights, 13- Fane road, Lahore, Punjab",https://www.businesslist.pk/company/243933/frasatpartners-the-law-firm,businesslist_pk,scrapy,lawyers,2026-08-21T20:55:13.047336+00:00
HumWell,wellness,https://www.humwell.com,+92 213 717 0000,"1D, 27, Sector 30 Korangi Industrial Area, Karachi, Karachi City, Sindh 74900, Karachi",https://www.businesslist.pk/company/255603/humwell,businesslist_pk,scrapy,wellness,2026-08-21T20:55:15.208274+00:00
Nabiqasim Industries (pvt) Ltd.,wellness,http://www.nabiqasim.com,"(92 21) 32214031-32, 32629882, 32633569, UAN : (92 21) 111-742-762","#507-510,5th Floor,Commerce Centre,Hasrat Mohani Road, Karachi, Sindh",https://www.businesslist.pk/company/190225/nabiqasim-industries-pvt-ltd,businesslist_pk,scrapy,wellness,2026-08-21T20:55:16.818346+00:00
Zaryans Consulting,wellness,https://zaryansgroup.com,+92 051 4441081,"St 6, I-10/3 I 10/3 I-10, Islamabad, Islamabad Capital Territory, Islamabad",https://www.businesslist.pk/company/257257/zaryans-consulting,businesslist_pk,scrapy,wellness,2026-08-21T20:55:18.892623+00:00
Pakistan Kidney and Liver Institute and Research Center,wellness,http://www.pkli.org.pk,+92 42 111 117 554,"PKLI-RC Pakistan Kidney &amp; Liver Institute &amp; Research Center, opposite DHA Phase-6, Sector E Chota Mota Singh, Lahore, Punjab 54000, Lahore",https://www.businesslist.pk/company/256061/pakistan-kidney-and-liver-institute-and-research-center,businesslist_pk,scrapy,wellness,2026-08-21T20:55:21.224290+00:00
Pool &amp; Ponds Systems,wellness,http://www.poolandponds.pk,051-2352551,"# 9-A,  1st Floor,  Adnan Plaza,  Markaz G-10,  Islamabad 44000,  Punjab,  Pakistan, Islamabad, Islamabad Capital Territory",https://www.businesslist.pk/company/117936/poolponds-systems,businesslist_pk,scrapy,wellness,2026-08-21T20:55:23.043772+00:00
Qarshi Industries (pvt) Pvt Ltd,wellness,http://www.qarshi.com,"92-42-7589269 / 7552125, +92 42 111 200 300","149 Ferozepur Road, Near Jamia Ashrafia, P.O. Box: 54000, Lahore, Punjab",https://www.businesslist.pk/company/221699/qarshi-industries-pvt-pvt-ltd,businesslist_pk,scrapy,wellness,2026-08-21T20:55:25.141435+00:00
Global Pharmaceuticals,wellness,http://www.globalpharmaceuticalspk.com,"+92 51 4492033, +92 51 4490817, +92 51 449 3022 24","Plot #204-205, Inds&#039;l Area, Kahuta Road, Islamabad, Islamabad Capital Territory",https://www.businesslist.pk/company/192847/global-pharmaceuticals,businesslist_pk,scrapy,wellness,2026-08-21T20:55:27.008043+00:00
The Recovery House,wellness,https://therecoveryhouse.org/,+92 21 34546364,"156 Tipu Sultan Rd, Kathiawar Society Block A Kathiawar Society, Karachi, Karachi City, Sindh, Karachi",https://www.businesslist.pk/company/257131/the-recovery-house,businesslist_pk,scrapy,wellness,2026-08-21T20:55:28.777639+00:00
Mymacom,wellness,http://mymacom.com,+92 300 855 1844,"4th Floor, 6th Building, Jinnah Boulevard - West, Main G.T. Rd, adjacent Gate # 1, Sector A DHA Phase II, Islamabad, Islamabad Capital Territory 45700, Islamabad",https://www.businesslist.pk/company/256737/mymacom,businesslist_pk,scrapy,wellness,2026-08-21T20:55:30.981273+00:00
MedznMore,wellness,https://www.medznmore.com/,+92 (304) 111 8633,"Main Shahrah-e-Faisal Rd, Muhammad Ali Chs (Machs), Karachi, Karachi City, Sindh 75350, Karachi",https://www.businesslist.pk/company/255214/medznmore,businesslist_pk,scrapy,wellness,2026-08-21T20:55:32.691600+00:00
Clickkebay.com,wellness,https://clickkebay.com,+923029144499,"f7, Islamabad",https://www.businesslist.pk/company/258024/clickkebaycom,businesslist_pk,scrapy,wellness,2026-08-21T20:55:34.717720+00:00
Naya Jeevan,wellness,https://naya-jeevan.com/,+92 318 111 0900,"C-4-C Basement, 6th Commercial Lane, Khayaban-e-Ittehad, PhaseVI, DHA, Ittehad Commercial Area Phase 6 Defence Housing Authority, Karachi, Karachi City, Sindh 75500, Karachi",https://www.businesslist.pk/company/256877/naya-jeevan,businesslist_pk,scrapy,wellness,2026-08-21T20:55:36.804302+00:00
Healthwire,wellness,https://healthwire.pk/,+9242-32500989,"57 Mian Mehmood Ali Kasoori Rd, Block B3 Block B 3 Gulberg III, Lahore, Punjab 54000, Lahore",https://www.businesslist.pk/company/255862/healthwire,businesslist_pk,scrapy,wellness,2026-08-21T20:55:38.586117+00:00
Razors &amp; Scissors - Men&#039;s Grooming Lounge,beauty professionals,https://razorsnscissorspk.com,051-6141254,"Block 12-D, Office #6, first floor, F-7 Markaz., Islamabad, Islamabad Capital Territory",https://www.businesslist.pk/company/250729/razorsscissors-mens-grooming-lounge,businesslist_pk,scrapy,beauty-professionals,2026-08-21T20:55:52.671591+00:00
MyTelemall.pk,beauty professionals,http://www.mytelemall.pk/,+92554433,"House No 104, Street No 66, Sector I-10/1, Islamabad, Islamabad, Islamabad Capital Territory",https://www.businesslist.pk/company/241270/telemall,businesslist_pk,scrapy,beauty-professionals,2026-08-21T20:56:01.534726+00:00
Verified Glutathione Pills in Pakistan™|,beauty professionals,http://glutathioneteam.blogspot.com,03334838648,"lahore dha, Lahore, Punjab",https://www.businesslist.pk/company/246240/verified-glutathione-pills-in-pakistan,businesslist_pk,scrapy,beauty-professionals,2026-08-21T20:56:11.275987+00:00
Right Tech International,beauty professionals,http://www.righttechintl.com,+92-52-3552372,"Opp. Grid Station (S.I.E) Shahab Pura 51310 Sialkot., Sialkot, Punjab",https://www.businesslist.pk/company/243893/right-tech-international,businesslist_pk,scrapy,beauty-professionals,2026-08-21T20:56:21.097793+00:00
Tattoos in Lahore and Percing in Lahore,beauty professionals,http://xtra-tatto.com/,+92-323-4444441,"Shop #13 B,C Ground floor Mall of Lahore Tufail Road Lahore cantt, Pakistan, Lahore, Punjab",https://www.businesslist.pk/company/246843/tattoos-in-lahore-and-percing-in-lahore,businesslist_pk,scrapy,beauty-professionals,2026-08-21T20:56:29.310236+00:00
Innovation Beauty Clinic,beauty professionals,http://www.innovationlahore.com,04235217221,"Near Akbar Chowk, 48-A, 17-B-1, opp. Aroosh marriage hall, college road, Township, Lahore, Punjab",https://www.businesslist.pk/company/241962/innovation-beauty-clinic,businesslist_pk,scrapy,beauty-professionals,2026-08-21T20:56:38.135993+00:00
Black Rose Color Experts,beauty professionals,,04237159194,"38/63-Rehman Street, Near Ahmad Din Park IslamPura, Lahore, Pakistan BR Office., Lahore, Punjab",https://www.businesslist.pk/company/252516/black-rose-color-experts,businesslist_pk,scrapy,beauty-professionals,2026-08-21T20:56:47.344500+00:00
Faden Sports,fitness,,+92 52 4010236," Sialkot, Punjab, Sialkot, Punjab",https://www.businesslist.pk/company/107944/faden-sports,businesslist_pk,scrapy,fitness,2026-08-21T20:56:53.164695+00:00
GharPar Tech Private Limited,beauty professionals,,03041114427,"113 E-1, Gulberg III, Lahore, Punjab",https://www.businesslist.pk/company/250146/gharpar-tech-private-limited,businesslist_pk,scrapy,beauty-professionals,2026-08-21T20:56:54.920835+00:00
Xiamen Jade Massage Stone,beauty professionals,,0086 0592 8894202,"Huli Road , Karachi, Azad Jammu Kashmir",https://www.businesslist.pk/company/181330/xiamen-jade-massage-stone,businesslist_pk,scrapy,beauty-professionals,2026-08-21T20:56:56.987190+00:00
Azam Samdani,beauty professionals,,03333692178,"Horizon Vista, Mezzanine Floor. Opposite Dolmen Mall Clifton Block: 4, Karachi, Karachi, Sindh",https://www.businesslist.pk/company/246914/azam-samdani,businesslist_pk,scrapy,beauty-professionals,2026-08-21T20:56:58.731198+00:00
Perceive Beauty INST,fitness,,920523258362,"24 B- small industrial estate, punjab, Sialkot, Punjab",https://www.businesslist.pk/company/108000/perceive-beauty-inst,businesslist_pk,scrapy,fitness,2026-08-21T20:57:00.736648+00:00
Razaq O Wahab Traders,fitness,,92-42-7440044,"11,HUMA BLOCK2, LAHORE - PAKISTAN, Punjab, Lahore, Punjab",https://www.businesslist.pk/company/108007/razaq-o-wahab-traders,businesslist_pk,scrapy,fitness,2026-08-21T20:57:02.586094+00:00
Rani &amp; Company,fitness,,+9221-6610619,"5-C, Nazimabad, Sindh, Karachi, Sindh",https://www.businesslist.pk/company/108006/ranicompany,businesslist_pk,scrapy,fitness,2026-08-21T20:57:04.745587+00:00
Laiba Beauty Instruments,fitness,,+92-52-3254782," Sialkot, Punjab, Sialkot, Punjab",https://www.businesslist.pk/company/107972/laiba-beauty-instruments,businesslist_pk,scrapy,fitness,2026-08-21T20:57:06.224679+00:00
Mico International,fitness,,92432-562598,"16/585, Street Molvi Charagh Din, Punjab, Sialkot, Punjab",https://www.businesslist.pk/company/107984/mico-international,businesslist_pk,scrapy,fitness,2026-08-21T20:57:08.416895+00:00
Acma International,fitness,,+92-52-3559377,"Haji pura p.o. box ftha ghar, Punjab, Sialkot, Punjab",https://www.businesslist.pk/company/107898/acma-international,businesslist_pk,scrapy,fitness,2026-08-21T20:57:09.202750+00:00
Rizcom Marketing,fitness,,+92-300-6105119," Islam Pura, Punjab, Sialkot, Punjab",https://www.businesslist.pk/company/108011/rizcom-marketing,businesslist_pk,scrapy,fitness,2026-08-21T20:57:10.943432+00:00
M.jamil Surgical,fitness,,+92-52-3254817," S.I.E NEW MIANA PURA EAST C/O MASJID SHAN-E-MADINA SIALKOT-PAKISTAN.51310, Punjab, Sialkot, Punjab",https://www.businesslist.pk/company/107976/mjamil-surgical,businesslist_pk,scrapy,fitness,2026-08-21T20:57:13.029155+00:00
4m International,fitness,,+92-321-799-7947,"KINGRA ROAD, TALWARA MUGHLAN,P.O# 51310, Punjab, Sialkot, Punjab",https://www.businesslist.pk/company/107894/4m-international,businesslist_pk,scrapy,fitness,2026-08-21T20:57:15.219955+00:00
Mehran Hair Brush Mfg.,fitness,,92-333-2273962,"31-H, Sec-23, -, Sindh, Karachi, Sindh",https://www.businesslist.pk/company/107982/mehran-hair-brush-mfg,businesslist_pk,scrapy,fitness,2026-08-21T20:57:17.321664+00:00
Lodhi &amp; Co.,fitness,,9221-2438795,"160/2, M. A. Jinnah Road, B. K. Trust Building, Sindh, Karachi, Sindh",https://www.businesslist.pk/company/107974/lodhico,businesslist_pk,scrapy,fitness,2026-08-21T20:57:18.802315+00:00
Organ Surgical co.,fitness,,+92-052-3555318," Pakistan, Punjab, Sialkot, Punjab",https://www.businesslist.pk/company/107995/organ-surgical-co,businesslist_pk,scrapy,fitness,2026-08-21T20:57:20.061112+00:00
ML International,fitness,,+92-52-3531256,"kotli loharan west sialkot pakistan., punjab, Sialkot, Punjab",https://www.businesslist.pk/company/107985/ml-international,businesslist_pk,scrapy,fitness,2026-08-21T20:57:21.695665+00:00
Patient Care Social Services,fitness,,+92-21-5804935,"Banglos # GG5, Phase-II , near Iqra University - Shaheed-e-Milat Express Way, Sindh, Karachi, Sindh",https://www.businesslist.pk/company/107998/patient-care-social-services,businesslist_pk,scrapy,fitness,2026-08-21T20:57:22.909707+00:00
Maryam Trading,fitness,,0092432261022," Gohad pur, Punjab, Sialkot, Punjab",https://www.businesslist.pk/company/107979/maryam-trading,businesslist_pk,scrapy,fitness,2026-08-21T20:57:24.533439+00:00
Orebro International,fitness,,00923216106824,"P.O.Box 2468,Tariq pura, Punjab, Sialkot, Punjab",https://www.businesslist.pk/company/107994/orebro-international,businesslist_pk,scrapy,fitness,2026-08-21T20:57:26.608990+00:00
P.H.Industries,fitness,,+92-52-3554341," Khawaja Nazam-ud-Deen Road, Punjab, Sialkot, Punjab",https://www.businesslist.pk/company/107996/phindustries,businesslist_pk,scrapy,fitness,2026-08-21T20:57:28.253962+00:00
"Petra sports Mfg. Corp. (Pvt.) Ltd.,",fitness,,+92-52-3553810," Sialkot, Punjab, Sialkot, Punjab",https://www.businesslist.pk/company/108001/petra-sports-mfg-corp-pvt-ltd,businesslist_pk,scrapy,fitness,2026-08-21T20:57:30.399143+00:00
Pakistan,fitness,,+92-52-3562448," sialkot Pakistan, Punjab, Sialkot, Punjab",https://www.businesslist.pk/company/107997/pakistan,businesslist_pk,scrapy,fitness,2026-08-21T20:57:31.438077+00:00
Omax International,fitness,,0092 52 3256505,"SIE Tipu Road P.O.Box:1983, Punjab, Sialkot, Punjab",https://www.businesslist.pk/company/107992/omax-international,businesslist_pk,scrapy,fitness,2026-08-21T20:57:33.656334+00:00
Naina&#039;s Beauty Salon,beauty professionals,https://nainassalon.business.site,0321 4111185,"Street Number 3 , BegumPura Stop ., Lahore, Khyber Pakhtunkhwa",https://www.businesslist.pk/company/253947/nainas-beauty-salon,businesslist_pk,scrapy,beauty-professionals,2026-08-21T20:57:35.767587+00:00
Online Shopping In Pakistan,beauty professionals,,021-34882537,"karachi,Pakistan, Karachi, Sindh",https://www.businesslist.pk/company/249378/online-shopping-in-pakistan,businesslist_pk,scrapy,beauty-professionals,2026-08-21T20:57:37.957700+00:00
How To Hide A Cold Sore Without Makeup,beauty professionals,,0341- 0062000,"Microskin Centre 39-C, Shahbaz Commercial Lane 4, Phase 6, DHA, Karachi Pakistan, Karachi, Sindh",https://www.businesslist.pk/company/252145/how-to-hide-a-cold-sore-without-makeup,businesslist_pk,scrapy,beauty-professionals,2026-08-21T20:57:40.117756+00:00
HTV,beauty professionals,,021-35305446-9,"ST-4/B, Block-6, Scheme 5, Clifton, Karachi 75600, Karachi, Sindh",https://www.businesslist.pk/company/247492/htv,businesslist_pk,scrapy,beauty-professionals,2026-08-21T20:57:41.258461+00:00
Apple Surgical,beauty professionals,http://www.applesurgical.com,+923215510982,"Bun Nizam Pura Talwarda Mughlan, Sialkot, Punjab",https://www.businesslist.pk/company/243675/apple-surgical,businesslist_pk,scrapy,beauty-professionals,2026-08-21T20:57:42.318411+00:00
Royal Edge Enterprises,beauty professionals,,+923006141242,"P.O. 2462, Sialkot, Punjab",https://www.businesslist.pk/company/243844/royal-edge-enterprises,businesslist_pk,scrapy,beauty-professionals,2026-08-21T20:57:44.163369+00:00
Dynamic Caretech,beauty professionals,,"+923233811100, +92 51 281 3011","2-km Eimanabad Road toheed town, , Sialkot, Punjab",https://www.businesslist.pk/company/249508/dynamic-caretech,businesslist_pk,scrapy,beauty-professionals,2026-08-21T20:57:46.219961+00:00
Ansari Cosmetic co.,beauty professionals,,03351632257,"main road lahore, Lahore, Punjab",https://www.businesslist.pk/company/245961/ansari-cosmetic-co,businesslist_pk,scrapy,beauty-professionals,2026-08-21T20:57:48.201485+00:00
rejuvenation 3D,beauty professionals,,0518443894,"CH. Saeed Plaza Barin Road, Kotha Kalan Rawalpindi, Rawalpindi, Punjab",https://www.businesslist.pk/company/251761/rejuvenation-3d,businesslist_pk,scrapy,beauty-professionals,2026-08-21T20:57:50.408898+00:00
Dr Aftab Afzal,beauty professionals,,+92 3001797919,"Afzal Hospital, MM No 3, Jhelum, Jhelum, Pakistan, Jhelum",https://www.businesslist.pk/company/257908/dr-aftab-afzal,businesslist_pk,scrapy,beauty-professionals,2026-08-21T20:57:52.084577+00:00
Melasma Treatment Cream,beauty professionals,,925 144-1714,"7, 2nd Floor , Allied Plaza, Murree Road, Rawalpindi - Pakistan, Rawalpindi, Punjab",https://www.businesslist.pk/company/248497/melasma-treatment-cream,businesslist_pk,scrapy,beauty-professionals,2026-08-21T20:57:53.290324+00:00
Glamza,beauty professionals,,+92 423 5871100,"Office No 5, 2nd Floor, Lahore Center, Gulberg, Lahore, Lahore",https://www.businesslist.pk/company/257906/glamza,businesslist_pk,scrapy,beauty-professionals,2026-08-21T20:57:54.882814+00:00
Herbion Online Store,beauty professionals,,+92 (21) 111503111,"Plot # H-3/Payment A,  Sector # 5 EBM Causeway, Korangi Industrial Area,  Karachi- Pakistan, Karachi, Sindh",https://www.businesslist.pk/company/250645/herbion-online-store,businesslist_pk,scrapy,beauty-professionals,2026-08-21T20:57:56.253854+00:00
Stylish Beauty Parlour,beauty professionals,http://stylishbeautyparlour.blogspot.com/,,"R 220 Block 20 Alnoor Society F.B Area, Karachi, Sindh",https://www.businesslist.pk/company/240178/stylish-beauty-parlour,businesslist_pk,scrapy,beauty-professionals,2026-08-21T20:57:57.741530+00:00
Shifa Herbal,beauty professionals,http://www.shifaherbal.com,03428822999,"main bazar, Bahawalpur, Punjab",https://www.businesslist.pk/company/251081/shifa-herbal,businesslist_pk,scrapy,beauty-professionals,2026-08-21T20:57:59.720940+00:00
Psychologist in Lahore,beauty professionals,,04235830214,"Hameed Latif Hospital, 14 Ferozepur Road, Lahore, 54000, Lahore, Punjab",https://www.businesslist.pk/company/241779/psychologist-in-lahore,businesslist_pk,scrapy,beauty-professionals,2026-08-21T20:58:01.456827+00:00
My Meds Shop,beauty professionals,,3156691069,"1699 Olazu Square, United State  Durango Colorafo, 1699 Olazu Square, United State  Durango Colorafo    81301, Muzaffargarh, Azad Jammu Kashmir",https://www.businesslist.pk/company/249168/my-meds-shop,businesslist_pk,scrapy,beauty-professionals,2026-08-21T20:58:03.320291+00:00
"Beijing DYM Laser Technology Co.,Ltd",fitness,,86-010-84501232,"Room1501 Lidong International Department N0.7 Fangyuan West Road, Chaoyang District, China, Beijing",https://www.businesslist.pk/company/107915/beijing-dym-laser-technology-coltd,businesslist_pk,scrapy,fitness,2026-08-21T20:58:05.359645+00:00
Emmay Stars Surgico,fitness,,+92 52 352 1207," Small Industrial Estate, Punjab, Sialkot, Punjab",https://www.businesslist.pk/company/107942/emmay-stars-surgico,businesslist_pk,scrapy,fitness,2026-08-21T20:58:07.533124+00:00
Bravo Impex,fitness,,92 52 4298777," Sialkot, Punjab, Sialkot, Punjab",https://www.businesslist.pk/company/107923/bravo-impex,businesslist_pk,scrapy,fitness,2026-08-21T20:58:09.436465+00:00
"Guangzhou Boan Health Product Co., Ltd.",fitness,,86+20+38251932,"RM1012 ,Run Peng Building ,Tian Shou Road., Guandong",https://www.businesslist.pk/company/107951/guangzhou-boan-health-product-co-ltd,businesslist_pk,scrapy,fitness,2026-08-21T20:58:11.619475+00:00
Euroasia Industries,fitness,,+923256989,"S.I.E Defance Road Sialkot, Punjab, Sialkot, Punjab",https://www.businesslist.pk/company/107943/euroasia-industries,businesslist_pk,scrapy,fitness,2026-08-21T20:58:13.418408+00:00
"Cushy Surgical Co,",fitness,,0092 52 4291381," Mohala Islam nagar, Punjab, Sialkot, Punjab",https://www.businesslist.pk/company/107935/cushy-surgical-co,businesslist_pk,scrapy,fitness,2026-08-21T20:58:15.258627+00:00
G.o.s Traders,fitness,,0092 52 4595948," PREM NAGER SIALKOT PAKISTAN, Punjab, Sialkot, Punjab",https://www.businesslist.pk/company/107947/gos-traders,businesslist_pk,scrapy,fitness,2026-08-21T20:58:16.786632+00:00
Beauty Bone,fitness,,92523258988," Sadar City Cantt, Punjab, Sialkot, Punjab",https://www.businesslist.pk/company/107914/beauty-bone,businesslist_pk,scrapy,fitness,2026-08-21T20:58:18.293566+00:00
"Beijing Sincoheren Beauty Equipments Co., Ltd.",fitness,,+86-10-62244561,"B-1104 Sinotrans Plaza 43# Xizhimen,Beijing, Beijing",https://www.businesslist.pk/company/107918/beijing-sincoheren-beauty-equipments-co-ltd,businesslist_pk,scrapy,fitness,2026-08-21T20:58:20.424246+00:00
Jacksil Overseas,fitness,,0092 52 4000512,"new miana pura, roras road, sialkot, Punjab, Sialkot, Punjab",https://www.businesslist.pk/company/107963/jacksil-overseas,businesslist_pk,scrapy,fitness,2026-08-21T20:58:22.561726+00:00
Karachi Massage,fitness,,0300 0000004,"DHA Phase 6 Karachi, PAK, Karachi",https://www.businesslist.pk/company/254875/karachi-massage,businesslist_pk,scrapy,fitness,2026-08-21T20:58:24.231056+00:00
Forvil Cosmetics,fitness,,+9242111003008,"222 Ainak Mahal Shah Alam Market, Punjab, Lahore, Punjab",https://www.businesslist.pk/company/107945/forvil-cosmetics,businesslist_pk,scrapy,fitness,2026-08-21T20:58:26.236498+00:00
Jacob Javed Patient Care Service,fitness,,+92-21-5800096,"GG-5, Defence view, Sindh, Karachi, Sindh",https://www.businesslist.pk/company/107966/jacob-javed-patient-care-service,businesslist_pk,scrapy,fitness,2026-08-21T20:58:28.362411+00:00
chozan impex,fitness,,+9252-3541333,"chozan impex kishnay wali po box 655 sialkot51310 pakistan, Punjab, Sialkot, Punjab",https://www.businesslist.pk/company/107929/chozan-impex,businesslist_pk,scrapy,fitness,2026-08-21T20:58:30.080407+00:00
Dr. Quillel Surgical,fitness,,+92-52-4003557,"Gohadpur, Head Marala Road, pakistan., Punjab, Sialkot, Punjab",https://www.businesslist.pk/company/107938/dr-quillel-surgical,businesslist_pk,scrapy,fitness,2026-08-21T20:58:31.740871+00:00
Cure Herbal Products,fitness,,03217778851,"Lahore Pakistan, Lahore, Punjab",https://www.businesslist.pk/company/243002/cure-herbal-products,businesslist_pk,scrapy,fitness,2026-08-21T20:58:33.611040+00:00
Insaf Industries,fitness,,92432-241520," P O Box # 2553, Punjab, Sialkot, Punjab",https://www.businesslist.pk/company/107962/insaf-industries,businesslist_pk,scrapy,fitness,2026-08-21T20:58:35.770615+00:00
Ekal Surgical Works,fitness,,+92-52-4265792,"P.O. Box 2376, Punjab, Sialkot, Punjab",https://www.businesslist.pk/company/107939/ekal-surgical-works,businesslist_pk,scrapy,fitness,2026-08-21T20:58:37.685221+00:00
Emmay Stars Surgico,fitness,,+92 52 3553124,"P.O.Box 1903, Punjab, Sialkot, Punjab",https://www.businesslist.pk/company/107941/emmay-stars-surgico,businesslist_pk,scrapy,fitness,2026-08-21T20:58:39.922249+00:00
Aura Ayurveda &amp; Spa,beauty professionals,,9995804224,"Chithirapuram p.o ,Chithirapuram Power house , Munnar-685565, Kohat, Sindh",https://www.businesslist.pk/company/245895/aura-ayurvedaspa,businesslist_pk,scrapy,beauty-professionals,2026-08-21T20:58:41.808119+00:00
Beam,beauty professionals,,03472322204,"2-A, Street 16, Main School Road,, F-6/3 F 6/3 F-6, Islamabad,, Islamabad, Punjab",https://www.businesslist.pk/company/251575/beam,businesslist_pk,scrapy,beauty-professionals,2026-08-21T20:58:43.297614+00:00
Skin and Hair Clinic,beauty professionals,http://www.draamirclinic.com,+92544-627102 / 273007,"Rafique Arcade old G.T.Road, Jhelum, Punjab",https://www.businesslist.pk/company/113215/skin-and-hair-clinic,businesslist_pk,scrapy,beauty-professionals,2026-08-21T20:58:44.791384+00:00
Hair skill,beauty professionals,,03004234737,"Head office:11-c valencia town, Lahore, Pakistan-54000, Lahore, Punjab",https://www.businesslist.pk/company/247665/hair-skill,businesslist_pk,scrapy,beauty-professionals,2026-08-21T20:58:46.110325+00:00
Home Solutions,beauty professionals,,+92-321-8222225,"Suite # 12, 1ST Floor, Society Apartment, PECHS Block-2, Karachi-75400, Karachi, Sindh",https://www.businesslist.pk/company/247597/home-solutions,businesslist_pk,scrapy,beauty-professionals,2026-08-21T20:58:47.312621+00:00
IpalClinic,beauty professionals,,051-2601610,"6c First Floor Super Market, F-6 Islamabad, Islamabad, Islamabad Capital Territory",https://www.businesslist.pk/company/251781/ipalclinic,businesslist_pk,scrapy,beauty-professionals,2026-08-21T20:58:49.269541+00:00
Global Clinic &amp; Hair Transplant,beauty professionals,,0092 51 2651745,"12/A, Block -12/C, F7 Markaz Islamabad, Islamabad, Islamabad Capital Territory",https://www.businesslist.pk/company/244824/global-clinichair-transplant,businesslist_pk,scrapy,beauty-professionals,2026-08-21T20:58:51.377836+00:00
Microskin Pakistan,beauty professionals,,0341- 0062000,"Microskin Centre 39-C, Shahbaz Commercial Lane 4, Phase 6, DHA, Karachi Pakistan, Karachi, Sindh",https://www.businesslist.pk/company/251926/microskin-pakistan,businesslist_pk,scrapy,beauty-professionals,2026-08-21T20:58:52.640499+00:00
Danial Haseeb Pvt Ltd,beauty professionals,,+923226461356,"Airport Road Sambrial Sialkot, Sialkot, Punjab",https://www.businesslist.pk/company/245742/danial-haseeb-pvt-ltd,businesslist_pk,scrapy,beauty-professionals,2026-08-21T20:58:54.795417+00:00
pkshop,beauty professionals,https://pkshop.pk,03334788898,"muslim town lahore, Lahore, Punjab",https://www.businesslist.pk/company/251068/pkshop,businesslist_pk,scrapy,beauty-professionals,2026-08-21T20:58:56.063337+00:00
Belleza Care,beauty professionals,,03006178929,"p.o.MURADPUR, West Muradpur, Sialkot, Sialkot, Punjab",https://www.businesslist.pk/company/245399/belleza-care,businesslist_pk,scrapy,beauty-professionals,2026-08-21T20:58:57.821263+00:00
Mac care health fharma international,beauty professionals,,03366541245,"gulberg lahore, Lahore, Punjab",https://www.businesslist.pk/company/243580/mac-care-health-fharma-international,businesslist_pk,scrapy,beauty-professionals,2026-08-21T20:58:59.658608+00:00
Oudh Al Makkah Perfumers,beauty professionals,,02132430268,"Marriot Road karachi, Karachi, Sindh",https://www.businesslist.pk/company/248865/oudh-al-makkah-perfumers,businesslist_pk,scrapy,beauty-professionals,2026-08-21T20:59:01.890699+00:00
Saltish International | Himalayan salt,beauty professionals,,,"885, St No 09, Sector 4-C II,	Ghori Town,",https://www.businesslist.pk/company/249943/saltish-internationalhimalayan-salt,businesslist_pk,scrapy,beauty-professionals,2026-08-21T20:59:03.709760+00:00
Cosmo Salon,beauty professionals,,03204104466,"148-Y Block Commercial, Phase 3 Lahore, Sector Y DHA Phase 3, Lahore, Punjab, Lahore, Punjab",https://www.businesslist.pk/company/248659/cosmo-salon,businesslist_pk,scrapy,beauty-professionals,2026-08-21T20:59:05.889821+00:00
Baba Nawaz Enterprises,beauty professionals,,92-52-3251661,"Mubarak Pura, Gulshan Town, P.O. Box: 51310, Sialkot, Punjab",https://www.businesslist.pk/company/222324/baba-nawaz-enterprises,businesslist_pk,scrapy,beauty-professionals,2026-08-21T20:59:07.570849+00:00
Fine Shaper,beauty professionals,,03446407995,"Airport Road, Sialkot, Punjab",https://www.businesslist.pk/company/249768/fine-shaper,businesslist_pk,scrapy,beauty-professionals,2026-08-21T20:59:08.521439+00:00
Microskin Pakistan Best Skin Cover Up In Paksitan,beauty professionals,http://mymicroskin.com/,0341- 0062000,"Microskin Centre 39-C, Shahbaz Commercial Lane 4, Phase 6, DHA, Karachi Pakistan, Karachi, Sindh",https://www.businesslist.pk/company/252005/microskin-pakistan-best-skin-cover-up-in-paksitan,businesslist_pk,scrapy,beauty-professionals,2026-08-21T20:59:10.701951+00:00
Azeemi Laboratories,fitness,,(92 21) 36604127,"Nazimabad No.1, Karachi, Sindh",https://www.businesslist.pk/company/189118/azeemi-laboratories,businesslist_pk,scrapy,fitness,2026-08-21T20:59:12.356440+00:00
Hot Brand,fitness,,03217778851,"Makkah Tower, Office No.2, Bahria Town Phase 8, Rawalpindi, Rawalpindi, Punjab",https://www.businesslist.pk/company/248668/hot-brand,businesslist_pk,scrapy,fitness,2026-08-21T20:59:14.481448+00:00
Amin &amp; Jameel International,fitness,,+92-52-4582294,"NOR GATE STREET CANT ROAD, Sialkot, Punjab",https://www.businesslist.pk/company/163484/aminjameel-international,businesslist_pk,scrapy,fitness,2026-08-21T20:59:15.763912+00:00
Shapes Solution,fitness,,+923436695524,"Jan Muhammad Road,Near Kachi Kothi Stop Nawab Town, Thoker Niaz Baig, Lahore, 54000, Pakistan, Lahore, Punjab",https://www.businesslist.pk/company/254554/shapes-solution,businesslist_pk,scrapy,fitness,2026-08-21T20:59:17.474811+00:00
"Anhui Medihel Co., Ltd.",fitness,,+0086-551-5211625,"No. 162 Jinzhai road, Hefei, China, An Hui",https://www.businesslist.pk/company/107908/anhui-medihel-co-ltd,businesslist_pk,scrapy,fitness,2026-08-21T20:59:19.043611+00:00
GROFA International,fitness,,0092 52 4273769,"HUNTER PUR MUSLIM TOWN, P.O. Box: 51300, Sialkot, Punjab",https://www.businesslist.pk/company/209095/grofa-international,businesslist_pk,scrapy,fitness,2026-08-21T20:59:20.944380+00:00
Aqnaf International Corporation,fitness,,00 92 52 325 8675,"30 - 102 Shah Syden Tehsil Bazar, Punjab, Sialkot, Punjab",https://www.businesslist.pk/company/107909/aqnaf-international-corporation,businesslist_pk,scrapy,fitness,2026-08-21T20:59:23.193869+00:00
baba surgical co,fitness,,+92-52-6902183,"Roras road main street new adalat garh sialkot, Punjab, Sialkot, Punjab",https://www.businesslist.pk/company/107912/baba-surgical-co,businesslist_pk,scrapy,fitness,2026-08-21T20:59:24.516326+00:00
A.R Amon International,fitness,,+92-52-3254289,"Adalat Garh Nia, Ugoki Road, Pakistan, Punjab, Sialkot, Punjab",https://www.businesslist.pk/company/107896/ar-amon-international,businesslist_pk,scrapy,fitness,2026-08-21T20:59:26.853016+00:00
Aromatic Industries,fitness,,92-52-4604884,"4/261-morigate., Punjab, Sialkot, Punjab",https://www.businesslist.pk/company/107910/aromatic-industries,businesslist_pk,scrapy,fitness,2026-08-21T20:59:27.958587+00:00
Andaz Daily,fitness,,,"Punjab, Lahore",https://www.businesslist.pk/company/255629/andaz-daily,businesslist_pk,scrapy,fitness,2026-08-21T20:59:29.611432+00:00
Superior,fitness,,03156142931,"E BLOCK, Lahore, Punjab",https://www.businesslist.pk/company/250086/superior,businesslist_pk,scrapy,fitness,2026-08-21T20:59:31.690629+00:00
Aakk Surgical Corporation,fitness,,+92-52-4600238,"Near Jinnah stadium opposite railway lines,Kamela, Punjab, Sialkot, Punjab",https://www.businesslist.pk/company/107897/aakk-surgical-corporation,businesslist_pk,scrapy,fitness,2026-08-21T20:59:33.462695+00:00
"Art Soffio Co., Ltd.",fitness,,+86-020-37620425,"Apt. 2706, Building 87, Taojin East Road, China, Guangdong",https://www.businesslist.pk/company/107911/art-soffio-co-ltd,businesslist_pk,scrapy,fitness,2026-08-21T20:59:35.615224+00:00
Alpha Natura,fitness,,511 997786918," San Isidro, Lima",https://www.businesslist.pk/company/107904/alpha-natura,businesslist_pk,scrapy,fitness,2026-08-21T20:59:37.107890+00:00
Almuqeet Corp,fitness,,92-52-3561732,"Dar ul Hussain Fateh Ghar, Punjab, Sialkot, Punjab",https://www.businesslist.pk/company/107903/almuqeet-corp,businesslist_pk,scrapy,fitness,2026-08-21T20:59:39.129817+00:00
hercules nutrition,fitness,,0300893456,"karachi pakistan, Karachi, Sindh",https://www.businesslist.pk/company/246765/hercules-nutrition,businesslist_pk,scrapy,fitness,2026-08-21T20:59:41.331989+00:00
A-One International,fitness,,0092524592933,"Muhammad Pura, Punjab, Sialkot, Punjab",https://www.businesslist.pk/company/107895/a-one-international,businesslist_pk,scrapy,fitness,2026-08-21T20:59:43.323837+00:00
Sams(skin Analysis Health &amp; Beauty Medical Spa &amp; Gym),fitness,,+92-42-35707427/28,"38T, PHASE 2, COMMERCIAL AREA, DHA, LAHORE, Lahore, Punjab",https://www.businesslist.pk/company/239995/samsskin-analysis-healthbeauty-medical-spagym,businesslist_pk,scrapy,fitness,2026-08-21T20:59:45.190223+00:00
Alphonso Corporation Ltd,fitness,,+92523255645,"Str. 1, Nr. Rail Cross, PO Box 1251, Punjab, Sialkot, Punjab",https://www.businesslist.pk/company/107905/alphonso-corporation-ltd,businesslist_pk,scrapy,fitness,2026-08-21T20:59:46.738479+00:00
Royal Himalayan Salt,beauty professionals,,03177788251,"Block 23, Eid Gah Road, Sargodha, Sargodha, Punjab",https://www.businesslist.pk/company/249797/royal-himalayan-salt,businesslist_pk,scrapy,beauty-professionals,2026-08-21T20:59:48.622672+00:00
Skin Whitening herbal Products,beauty professionals,,03334436661,"Islamabad, Islamabad, Islamabad Capital Territory",https://www.businesslist.pk/company/250091/skin-whitening-herbal-products,businesslist_pk,scrapy,beauty-professionals,2026-08-21T20:59:50.735354+00:00
MaxcareEFHARMAINTERNATIONAL,beauty professionals,,0334-6725725,"PAKISTAN, Lahore, Punjab",https://www.businesslist.pk/company/244299/maxcareefharmainternational,businesslist_pk,scrapy,beauty-professionals,2026-08-21T20:59:52.589456+00:00
Max Glamour beauty salon,beauty professionals,,+923130319772,"Shop no 2 &amp; 3 main road near salma garden opposite hussaini dastarkhaw sindh seed corporation hussainabad Hyderbad, Hyderabad, Sindh",https://www.businesslist.pk/company/253971/max-glamour-beauty-salon,businesslist_pk,scrapy,beauty-professionals,2026-08-21T20:59:54.039693+00:00
ClosetDeal,beauty professionals,,03457540791,"House NO, 579-A2, Muhala Town Ship, Sector 2, Lahore, Lahore, Punjab",https://www.businesslist.pk/company/249863/closetdeal,businesslist_pk,scrapy,beauty-professionals,2026-08-21T20:59:55.828355+00:00
Etsydukan.pk,beauty professionals,,0312-6218496,"i-10 islamabad, Islamabad, Punjab",https://www.businesslist.pk/company/251805/etsydukanpk,businesslist_pk,scrapy,beauty-professionals,2026-08-21T20:59:57.558738+00:00
Chopper Men Salon,beauty professionals,,0300 8719856,"79-A Main Gulgasht Colony Back Side of Pizza Hut Multan, Multan, Punjab",https://www.businesslist.pk/company/249666/chopper-men-salon,businesslist_pk,scrapy,beauty-professionals,2026-08-21T20:59:58.752130+00:00
Gexton Foundation,beauty professionals,http://gextonfoundation.org,+92 22 3821566,"Office # A21, 3rd Floor, Opp: Mehmood Garden, Auto Bahn Road, Hyderabad., Hyderabad, Sindh",https://www.businesslist.pk/company/248517/gexton-foundation,businesslist_pk,scrapy,beauty-professionals,2026-08-21T21:00:00.979389+00:00
Dr Sumaira&#039;s Skin Care Clinic,beauty professionals,,(051) 2340275-6,"Islamabad Specialist Clinic, Ground Floor, Pakland Square، G-8 Markaz Islamabad, 44000, Islamabad, Islamabad Capital Territory",https://www.businesslist.pk/company/243613/dr-sumairas-skin-care-clinic,businesslist_pk,scrapy,beauty-professionals,2026-08-21T21:00:02.846035+00:00
Al Mehndi Surgical,beauty professionals,http://www.almehndisurgicals.com,+92 336 3717176,"Shahab pura uguki road street no 12 near Allied Bank, Sialkot, Punjab",https://www.businesslist.pk/company/252526/al-mehndi-surgical,businesslist_pk,scrapy,beauty-professionals,2026-08-21T21:00:04.843541+00:00
Sapna Beauty Parlour,beauty professionals,https://www.facebook.com/SapnaBeauty1/,"(92 22) 3818141, +92 300 0281747","Bungalow 207-B, Unit, No 2 Latifabad Rd, Latifabad Unit 6 Latifabad, Hyderabad, Sindh",https://www.businesslist.pk/company/182859/sapna-beauty-parlour,businesslist_pk,scrapy,beauty-professionals,2026-08-21T21:00:06.614269+00:00
Femingle,beauty professionals,https://femingle.com,+92 331 8446 047,"M-67 A, Zainab Tower, Model Town Lahore, Pakistan, Lahore, Punjab",https://www.businesslist.pk/company/254532/femingle,businesslist_pk,scrapy,beauty-professionals,2026-08-21T21:00:08.697652+00:00
Izmir beauty,beauty professionals,,+92 21 34322133,"Office No 413 4th floor Anum Estate Building  Shahrah-e-Fasial, Karachi, Pakistan., Karachi, Sindh",https://www.businesslist.pk/company/249453/izmir-beauty,businesslist_pk,scrapy,beauty-professionals,2026-08-21T21:00:10.219376+00:00
Sultak Instruments,beauty professionals,,+923404430544,"New Adalat Garh sialkot Pakistan, Sialkot, Punjab",https://www.businesslist.pk/company/249871/sultak-instruments,businesslist_pk,scrapy,beauty-professionals,2026-08-21T21:00:12.127879+00:00
Le Pur Organics,beauty professionals,https://lepurorganics.com,+923083450000,"street 22, Block X house 658 Lahore, 54810, Lahore, Punjab",https://www.businesslist.pk/company/249645/le-pur-organics,businesslist_pk,scrapy,beauty-professionals,2026-08-21T21:00:13.554860+00:00
Fine Edge,beauty professionals,,+92 345 6456172,"Vill, Noul Roras Road, Sialkot, Punjab",https://www.businesslist.pk/company/235033/fine-edge,businesslist_pk,scrapy,beauty-professionals,2026-08-21T21:00:14.966537+00:00
élanessë Pakistan,fitness,,+92 321 3330303,"Harbancepura Lahore, Lahore, Punjab",https://www.businesslist.pk/company/247216/elanesse-pakistan,businesslist_pk,scrapy,fitness,2026-08-21T21:00:16.859421+00:00
Tuhura Athletics,fitness,,0321-5000165,"Street 11, F-10/2 Islamabad, Islamabad, Islamabad Capital Territory",https://www.businesslist.pk/company/251620/tuhura-athletics,businesslist_pk,scrapy,fitness,2026-08-21T21:00:19.014277+00:00
Synergize.pk,fitness,,03237963749,"Plot # 6 Main khayban bukhari phase 6 dha, Karachi, Sindh",https://www.businesslist.pk/company/246982/synergizepk,businesslist_pk,scrapy,fitness,2026-08-21T21:00:20.706922+00:00
Laser Inn - FUE Hair Transplant in Islamabad,fitness,https://liasc.com/,(051) 2854718,"Office # 204/205, Khayal Plaza, Near Ali Medical Centre,F-8 Markaz, Islamabad, Islamabad Capital Territory",https://www.businesslist.pk/company/250271/laser-inn-fue-hair-transplant-in-islamabad,businesslist_pk,scrapy,fitness,2026-08-21T21:00:21.573479+00:00
Qutab Fitness Club - Gym in Bahria Town Lahore,fitness,,+923220423279,"Plot # C-13 and C-14, Hassan Center, near Bundu Khan Restaurant, Sector C Commercial Area Sector C Bahria Town, Lahore, Punjab 53720, Lahore",https://www.businesslist.pk/company/257794/qutab-fitness-club-gym-in-bahria-town-lahore,businesslist_pk,scrapy,fitness,2026-08-21T21:00:23.768260+00:00
Ginnastic Health Center Islamabad,fitness,,+923373333405,"Galleria Plaza, I-8 Markaz, Isamabad, Islamabad",https://www.businesslist.pk/company/257304/ginnastic-health-center-islamabad,businesslist_pk,scrapy,fitness,2026-08-21T21:00:25.450166+00:00
MyEbayZoon.com,fitness,,+92-300 8436669,"F-7 Markaz Islamabad Pakistan, Islamabad, Islamabad Capital Territory",https://www.businesslist.pk/company/246351/myebayzooncom,businesslist_pk,scrapy,fitness,2026-08-21T21:00:27.031229+00:00
Ebayteleshop,fitness,http://ebayteleshop.com/,03215550166,"1-10 secter, Islamabad, Islamabad Capital Territory",https://www.businesslist.pk/company/250981/ebayteleshop,businesslist_pk,scrapy,fitness,2026-08-21T21:00:29.015937+00:00
Weight Loss Treatment Center Lahore,fitness,,0317-3368888,"61 R1 M.A, Johar Town Lahore, Lahore, Punjab",https://www.businesslist.pk/company/247486/weight-loss-treatment-center-lahore,businesslist_pk,scrapy,fitness,2026-08-21T21:00:30.736545+00:00
Weight Loss Surgery Pakistan,fitness,,+92-021-35347281,"Badar Commercial Street 7A, Phase V Badar Commercial Area Phase 5 Defence Housing Authority, Karachi, Sindh",https://www.businesslist.pk/company/249917/weight-loss-surgery-pakistan,businesslist_pk,scrapy,fitness,2026-08-21T21:00:32.964554+00:00
Toyota Airport Motors,fitness,http://www.toyota-airport.com,042-111-880-990,"Main New Airport Road, Lahoe, Lahore, Punjab",https://www.businesslist.pk/company/182382/toyota-airport-motors-pvt-ltd,businesslist_pk,scrapy,fitness,2026-08-21T21:00:35.156884+00:00
Fitose,fitness,,000-000-0000,"Islamabad, Islamabad, Punjab",https://www.businesslist.pk/company/248619/fitose,businesslist_pk,scrapy,fitness,2026-08-21T21:00:36.815578+00:00
Al Nadil Burhani,fitness,,+92-336-2525353,"Al Nadi-al-Burhani Academy, Old Queens Road, Karachi, Sindh",https://www.businesslist.pk/company/249922/al-nadil-burhani,businesslist_pk,scrapy,fitness,2026-08-21T21:00:38.414488+00:00
Entertainer Asia - Vouch365,fitness,,+92 320 0228806,"Sindh, Karachi",https://www.businesslist.pk/company/255889/entertainer-asia-vouch365,businesslist_pk,scrapy,fitness,2026-08-21T21:00:40.448143+00:00
AimFit,fitness,,+92 344 4246348,"Punjab, Lahore",https://www.businesslist.pk/company/255872/aimfit,businesslist_pk,scrapy,fitness,2026-08-21T21:00:42.302962+00:00
Hotshaperbelt,fitness,,+923156142975,"wapda town lahore, Lahore, Punjab",https://www.businesslist.pk/company/251290/hotshaperbelt,businesslist_pk,scrapy,fitness,2026-08-21T21:00:44.134519+00:00
Wahid Leather &amp; Fitness,fitness,,0314 3574487,"Ali Street No 2 P.O Fatehgarh,Haji Pura Daska Road Sialkot, Sailkot, 51310, Sialkot, Punjab",https://www.businesslist.pk/company/253438/wahid-leatherfitness,businesslist_pk,scrapy,fitness,2026-08-21T21:00:45.956599+00:00
Bedi Industry,fitness,,0092524562107,"MUSLIM COLONY KOTLI BEHRAM SIALKOT, Sialkot, Punjab",https://www.businesslist.pk/company/242394/bedi-industry,businesslist_pk,scrapy,fitness,2026-08-21T21:00:47.667957+00:00
Alibababrands,fitness,,03005550166,"Islamabad, Islamabad, Punjab",https://www.businesslist.pk/company/246107/alibababrands,businesslist_pk,scrapy,fitness,2026-08-21T21:00:48.871368+00:00
Fancimall,beauty professionals,https://fancimall.com/,"0123456789,","Fancimall, Second Floor, Ocean Mall, Karachi, Clifton Karachi 75600 Sindh Pakistan, Karachi, Sindh",https://www.businesslist.pk/company/248200/fancimall,businesslist_pk,scrapy,beauty-professionals,2026-08-21T21:00:50.729225+00:00
London Aesthetics U.K. Pakistan,beauty professionals,https://londonaestheticspakistan.com/,+92 3173175225,"18 CCA Street 7, DD, DHA Phase 4 Sector, Lahore",https://www.businesslist.pk/company/257715/london-aesthetics-uk-pakistan,businesslist_pk,scrapy,beauty-professionals,2026-08-21T21:00:52.935299+00:00
"Shanghai Pecute Medical Technology Co., Ltd.",beauty professionals,,86-18201776187,"No.1188, Guangfulin Rd.,Shanghai,China, Abbottabad, Azad Jammu Kashmir",https://www.businesslist.pk/company/197464/shanghai-pecute-medical-technology-co-ltd,businesslist_pk,scrapy,beauty-professionals,2026-08-21T21:00:54.938945+00:00
Nifdo Whitening Cream,beauty professionals,https://nifdo.com/,+923094152120,"1st floor, Nadeem Poly Clinic, Hajvery Chowk, Pico Rd, Awan Town, Lahore, Punjab 54000, Lahore, Punjab",https://www.businesslist.pk/company/254051/nifdo-whitening-cream,businesslist_pk,scrapy,beauty-professionals,2026-08-21T21:00:56.633069+00:00
Alaziz Unani Dawa Khana,beauty professionals,http://WWW.AL-AZIZHERBALCLINIC.COM,+923219214443,"MAIN BOULEVARD VELANCIA TOWN, Lahore, Punjab",https://www.businesslist.pk/company/243853/alaziz-unani-dawa-khana,businesslist_pk,scrapy,beauty-professionals,2026-08-21T21:00:58.386064+00:00
Visage Cosmetics pk,beauty professionals,https://visage.pk/,0302 5333000,"House No 35 Ghulam Sarwar Street Lane 7 Gulistan Colony Rawalpindi Punjab Pakistan, Rawalpini, Punjab",https://www.businesslist.pk/company/253467/visage-cosmetics-pk,businesslist_pk,scrapy,beauty-professionals,2026-08-21T21:01:00.373163+00:00
Lazma Cream,beauty professionals,http://lazma.com.pk,92514491714,"7, 2nd Floor , Allied Plaza, Murree Road, Rawalpindi - Pakistan, Karachi, Sindh",https://www.businesslist.pk/company/245278/lazma-cream,businesslist_pk,scrapy,beauty-professionals,2026-08-21T21:01:01.761532+00:00
Beau-Tek,beauty professionals,,0092-52-3553747,"Jamia Mosque Street # 7, Shahab Pura Road, Sialkot, Punjab",https://www.businesslist.pk/company/123193/beau-tek,businesslist_pk,scrapy,beauty-professionals,2026-08-21T21:01:03.991637+00:00
Beauty Finder,beauty professionals,http://beautyfinder.pk/,+92-42-35771025,"Office # 37F, First Floor, Gulberg Center, 84-D1, Main Boulevard, Gulberg 3, Lahore., Lahore, Punjab",https://www.businesslist.pk/company/250249/beauty-finder,businesslist_pk,scrapy,beauty-professionals,2026-08-21T21:01:05.736042+00:00
Tattoo brian horne,beauty professionals,,03355547221,"Bahria Town Islamabad Phase 4, Islamabad, Islamabad Capital Territory",https://www.businesslist.pk/company/240230/tattoo-brian-horne,businesslist_pk,scrapy,beauty-professionals,2026-08-21T21:01:07.507680+00:00
Queen Marry Beauty Salon,beauty professionals,https://queen-marry-beauty-salon.business.site/,03098102043,"House No 5, Ghousia Park, Zafar St, Ichhra Rehman Pura Colony, Lahore, Punjab 54000, Lahore, Punjab",https://www.businesslist.pk/company/253425/queen-marry-beauty-salon,businesslist_pk,scrapy,beauty-professionals,2026-08-21T21:01:09.428507+00:00
Beautizon Instruments,beauty professionals,https://beautizon.biz/,+92 317 570 7777,"Kotli Noonan, Daska Rd, Sialkot, 53010, Punjab",https://www.businesslist.pk/company/253902/beautizon-instruments,businesslist_pk,scrapy,beauty-professionals,2026-08-21T21:01:11.420864+00:00
Hash Clinics,beauty professionals,https://www.hashclinics.pk,+920330-3412233,"130-C, DHA Phase 1, Near Tooba Masjid, B-Commercial Area, Karachi, Karachi",https://www.businesslist.pk/company/257896/hash-clinics,businesslist_pk,scrapy,beauty-professionals,2026-08-21T21:01:13.313272+00:00
Conatural,beauty professionals,http://www.conaturalintl.com,"03215777533 / 03451003014, 0322 0007628","11 M Block, Commercial Area, DHA,  Lahore, Lahore, Punjab",https://www.businesslist.pk/company/245266/conatural,businesslist_pk,scrapy,beauty-professionals,2026-08-21T21:01:15.148991+00:00
Amazonshopping.pk,beauty professionals,https://www.amazonshopping.pk/custom-order.html,03167822202,"40-M Gold Mine Plaza Ichra Lahore, Lahore, Punjab",https://www.businesslist.pk/company/247873/amazonshoppingpk,businesslist_pk,scrapy,beauty-professionals,2026-08-21T21:01:16.955340+00:00
Speed Ports Leather Enterprises,fitness,,052-3240468,"Eiman Abad Road,Sialkot Pakistan, Sialkot, Punjab",https://www.businesslist.pk/company/251968/speed-ports-leather-enterprises,businesslist_pk,scrapy,fitness,2026-08-21T21:01:19.194663+00:00
Zingzon Instruments,fitness,http://www.zingzon.com.pk,+923316171657,"Fateh Garh Chownk, Sialkot, Sialkot, Punjab",https://www.businesslist.pk/company/240437/zingzon-instruments,businesslist_pk,scrapy,fitness,2026-08-21T21:01:21.197097+00:00
Moringa For All,fitness,,+922132600878,"208 Sabrina Center Karachi Sindh, Karachi, Sindh",https://www.businesslist.pk/company/250959/moringa-for-all,businesslist_pk,scrapy,fitness,2026-08-21T21:01:22.597935+00:00
EtsyTelemart.Com.Pk,fitness,,03006809319,"i 10, Islamabad, Punjab",https://www.businesslist.pk/company/252636/etsytelemartcompk,businesslist_pk,scrapy,fitness,2026-08-21T21:01:24.520414+00:00
Body Buildo Offical Body Supplement,fitness,https://www.bodybuildo.com.pk/body-buildo/,03217778851,"6th road , Rawalpindi, Punjab",https://www.businesslist.pk/company/247485/body-buildo-offical-body-supplement,businesslist_pk,scrapy,fitness,2026-08-21T21:01:26.447903+00:00
SAMS (Skin Analysis Medical Spa &amp; Gym),fitness,,"+92-42-35714240, +92-42-35707427","40 B1, gulberg 111, off M.M Alam road, Lahore, Lahore, Punjab",https://www.businesslist.pk/company/240279/sams-skin-analysis-medical-spagym,businesslist_pk,scrapy,fitness,2026-08-21T21:01:28.415184+00:00
Nutrient Food Facts,fitness,,+923324459521,"Mughalpura, Lahore, Lahore, Punjab",https://www.businesslist.pk/company/246374/nutrient-food-facts,businesslist_pk,scrapy,fitness,2026-08-21T21:01:30.170959+00:00
Ebayteleshop,fitness,,03005550166,"Pakistan, Islamabad, Islamabad Capital Territory",https://www.businesslist.pk/company/242132/ebayteleshop,businesslist_pk,scrapy,fitness,2026-08-21T21:01:31.832844+00:00
Talessma International,fitness,,0092524364187,"NEAR SHADAB GIRLS COLLEGE NASIR ROAD, Sialkot, Punjab",https://www.businesslist.pk/company/250783/talessma-international,businesslist_pk,scrapy,fitness,2026-08-21T21:01:33.392265+00:00
Jsaalh Sports,fitness,,+923086881611,"PO.BOX 51040 Christian town,Sialkot,Pakistan, , Sialkot, Punjab",https://www.businesslist.pk/company/253851/jsaalh-sports,businesslist_pk,scrapy,fitness,2026-08-21T21:01:35.263766+00:00
Teletopshop,fitness,http://teletopshop.com/,03006079080,"Sector i 10 islamabad, Islamabad, Islamabad Capital Territory",https://www.businesslist.pk/company/241971/teletopshop,businesslist_pk,scrapy,fitness,2026-08-21T21:01:36.883778+00:00
Ptcare,fitness,,0331 8437279,"Arthritis Care Clinics 1-A, C-1 Block, off MM Alam Rd, next to SUBWAY, Gulberg III, Lahore, 54000, Lahore, Punjab",https://www.businesslist.pk/company/252084/ptcare,businesslist_pk,scrapy,fitness,2026-08-21T21:01:38.083552+00:00
Widz Sports,fitness,,+923137960066," Javed Street Near Murray College Road.Sialkot.51310.Pakistan, Sialkot, Punjab",https://www.businesslist.pk/company/250739/widz-sports,businesslist_pk,scrapy,fitness,2026-08-21T21:01:40.289810+00:00
RijaSpa,fitness,https://rijaspa.com,923361117011,"32nd Street of Saba Avenue, Khayaban-e-Mujahid, Phase V, Karachi",https://www.businesslist.pk/company/254994/rijaspa,businesslist_pk,scrapy,fitness,2026-08-21T21:01:41.755529+00:00
Noma Industies,fitness,http://www.nomaind.com,+923156131212,"kotli behram muslim main street sialkot , Sialkot, Punjab",https://www.businesslist.pk/company/246803/noma-industies,businesslist_pk,scrapy,fitness,2026-08-21T21:01:43.817717+00:00
xstvshop.com.pk,fitness,http://www.xstvshop.com.pk,0333-3348951,"karachi sindh pakistan, Karachi, Sindh",https://www.businesslist.pk/company/240875/xstvshopcompk,businesslist_pk,scrapy,fitness,2026-08-21T21:01:45.629230+00:00
Bespak Trading Company,fitness,http://www.bespaksport.com,"9252-4587852, +92 300 9615512","M.Y.Dodhy Centre Mujahid Road, Punjab, Sialkot, Punjab",https://www.businesslist.pk/company/129995/bespak-trading-company,businesslist_pk,scrapy,fitness,2026-08-21T21:01:47.405880+00:00
MyEbayZoon Pakistan,fitness,,03008436669,"F-7 Markaz Islamabad Pakistan, Islamabad, Islamabad Capital Territory",https://www.businesslist.pk/company/246955/myebayzoon-pakistan,businesslist_pk,scrapy,fitness,2026-08-21T21:01:49.642632+00:00
Vazii Beauty Salon,beauty professionals,http://www.salon.vaziigroups.com,+923230288776,"Mahmood Rd, Rasool Park, Lahore, Punjab 54000, Pakistan, Lahore, Punjab",https://www.businesslist.pk/company/252726/vazii-beauty-salon,businesslist_pk,scrapy,beauty-professionals,2026-08-21T21:01:51.288829+00:00
Skinfinity.pk,beauty professionals,http://skinfinity.pk,(021) 35305446,"ST-4/B, Block-6, Scheme 5, Clifton, Karachi, Sindh",https://www.businesslist.pk/company/248167/skinfinitypk,businesslist_pk,scrapy,beauty-professionals,2026-08-21T21:01:53.204753+00:00
Transpak Industries,beauty professionals,http://www.transpak1.com,3557937,"138/c fatima jinnah road small industries estate , Sialkot, Punjab",https://www.businesslist.pk/company/246840/transpak-industries,businesslist_pk,scrapy,beauty-professionals,2026-08-21T21:01:54.767034+00:00
Alluraz,beauty professionals,http://www.alluraz.com/,03211946029,"main double road pwd, islamabad, Islamabad, Islamabad Capital Territory",https://www.businesslist.pk/company/250903/alluraz,businesslist_pk,scrapy,beauty-professionals,2026-08-21T21:01:56.953263+00:00
Glow Spa,beauty professionals,https://www.glowspa.pk,03305867178,"Flat No. 01, 2nd Floor, Plaza No. 81, opposite Manjoo Restaurant, Civic Center, Bahira Town Phase 4, Islamabad, Islamabad, Islamabad Capital Territory",https://www.businesslist.pk/company/252724/glow-spa,businesslist_pk,scrapy,beauty-professionals,2026-08-21T21:01:58.531688+00:00
My Skin Clinic,beauty professionals,http://myskinclinic.pk/,+92 51 844 8344,"House 120, Street 9, F-11/1, Islamabad Pakistan, Islamabad, Islamabad Capital Territory",https://www.businesslist.pk/company/248759/my-skin-clinic,businesslist_pk,scrapy,beauty-professionals,2026-08-21T21:02:00.729097+00:00
Living Space,beauty professionals,http://www.facebook.com/livingspac,03340498711,"Main GT Road Gujrat, Gujrat, Punjab",https://www.businesslist.pk/company/247561/living-space,businesslist_pk,scrapy,beauty-professionals,2026-08-21T21:02:02.841412+00:00
Somi&#039;s Glamour Beauty Salon &amp; Training Center,beauty professionals,https://somiglamourbeautysalon.com,+922135882313,"Mezzanine Floor, Mehmoodabad 2, near Bank Islamic, Karachi, Sindh",https://www.businesslist.pk/company/254775/somis-glamour-beauty-salon,businesslist_pk,scrapy,beauty-professionals,2026-08-21T21:02:04.286433+00:00
Rafique Enterprises,beauty professionals,http://www.rafique.com.pk,+92524570602,"27/240 Haji Imam Din Street, , Sialkot, Punjab",https://www.businesslist.pk/company/246922/rafique-enterprises,businesslist_pk,scrapy,beauty-professionals,2026-08-21T21:02:06.507892+00:00
Queen Spa,beauty professionals,https://queenmassagecenter.com,+92 304 1374000,"Shahrah-e-Quaid-e-Azam, near GPO Chowk Mall Road, Sunehri Mandi, Lahore, Punjab",https://www.businesslist.pk/company/253519/queen-spa,businesslist_pk,scrapy,beauty-professionals,2026-08-21T21:02:08.386962+00:00
Pakistan Sujok Therapy Association (regd.),beauty professionals,http://sujok.pk/,03343683683,"Gulshan e Iqbal / Clifton / Tower, Karachi, Sindh",https://www.businesslist.pk/company/246528/pakistan-sujok-therapy-association-regd,businesslist_pk,scrapy,beauty-professionals,2026-08-21T21:02:10.066067+00:00
Vagus Cosmetics,beauty professionals,https://www.drranairfan.com,051 2287661,"Vagus Hair Transplant, House: 27, main Kaghan Road , F-8/3, Islamabad, Pakistan, Islamabad, Islamabad Capital Territory",https://www.businesslist.pk/company/247933/vagus-cosmetics,businesslist_pk,scrapy,beauty-professionals,2026-08-21T21:02:12.316440+00:00
Obsession,beauty professionals,https://obsessionoutlet.com/,92322-9276000,"Manzoor Colony Main Furniture Market, Karachi Pakistan, Karachi, Sindh",https://www.businesslist.pk/company/250554/obsession,businesslist_pk,scrapy,beauty-professionals,2026-08-21T21:02:13.942120+00:00
5 Star Grooming Product - Dog Product Manufacturer,beauty professionals,http://5sgroomingproducts.com/,03096232412,"ugoki road 51310, Sialkot, Punjab",https://www.businesslist.pk/company/251572/5-star-grooming-product-dog-product-manufacturer,businesslist_pk,scrapy,beauty-professionals,2026-08-21T21:02:16.360041+00:00
Umm Qadar Beauty Salon,beauty professionals,https://ummqadar.com,03086951117,"Main Branch Rehman Block Hota Road  Pakpattan, Pakpattan, Punjab",https://www.businesslist.pk/company/253840/umm-qadar-beauty-salon,businesslist_pk,scrapy,beauty-professionals,2026-08-21T21:02:18.166497+00:00
Dilara&#039;s Salon,beauty professionals,https://dilarasalon.com,0518772564,"2nd Floor, ASK Mall, F-7 Markaz F 7 Markaz F-7, Islamabad, Islamabad Capital Territory 40000, Pakistan, Islamabad, Islamabad Capital Territory",https://www.businesslist.pk/company/253625/dilaras-salon,businesslist_pk,scrapy,beauty-professionals,2026-08-21T21:02:20.407319+00:00
Orgocare,beauty professionals,https://orgocare.com/,051-8350295,"Office#25,3rd Floor,Al Anayat Mall,G-11 Markaz Islamabad., Islamabad, Punjab",https://www.businesslist.pk/company/248707/orgocare,businesslist_pk,scrapy,beauty-professionals,2026-08-21T21:02:22.533235+00:00
Weight Loss Program Karachi,fitness,http://ultimatefitnessclinic.com/,(021) 34963207,"Banglow #A 189, Block-3, Gulshan-e-Iqbal, Karachi, Sindh",https://www.businesslist.pk/company/246798/weight-loss-program-karachi,businesslist_pk,scrapy,fitness,2026-08-21T21:02:24.066772+00:00
Hogwards Enterprises,fitness,https://hogwardsent.com/,+923319612759,"Mohalla Cha Tarkhana, Sialkot, Punjab",https://www.businesslist.pk/company/251309/hogwards-enterprises,businesslist_pk,scrapy,fitness,2026-08-21T21:02:26.095943+00:00
Jacked Nutrition,fitness,https://jackednutrition.pk,+92518441559,"Main Margalla Rd, Golra E-11, Islamabad, Islamabad Capital Territory 44000, Islamabad",https://www.businesslist.pk/company/257412/jacked-nutrition,businesslist_pk,scrapy,fitness,2026-08-21T21:02:27.853347+00:00
Summit Life Style Gym in DHA Lahore,fitness,https://summitlifestylepk.com/,92322-8476565,"SUMMIT Lifestyle Studio 183, Sector Y DHA Phase 3, Lahore, Pakistan, Lahore, Punjab",https://www.businesslist.pk/company/249533/summit-life-style-gym-in-dha-lahore,businesslist_pk,scrapy,fitness,2026-08-21T21:02:29.914683+00:00
EtsyTeleShop,fitness,http://etsyteleshop.com/,03009791333,"i-10 Islamabad,Pakistan, Islamabad, Punjab",https://www.businesslist.pk/company/247208/etsyteleshop,businesslist_pk,scrapy,fitness,2026-08-21T21:02:32.094729+00:00
SUMMIT Lifestyle Studio,fitness,https://summitlifestylepk.com/,03228476565,"183, Sector Y DHA Phase 3, Lahore, Pakistan , Lahore, Punjab",https://www.businesslist.pk/company/251474/summit-lifestyle-studio,businesslist_pk,scrapy,fitness,2026-08-21T21:02:33.860094+00:00
Maxima Nutrition,fitness,https://maximanutrition.com/,+92 320 3747471,"17 Lawrence Road, Lahore, Pakistan, Lahore",https://www.businesslist.pk/company/258096/maxima-nutrition,businesslist_pk,scrapy,fitness,2026-08-21T21:02:36.027174+00:00
Fitnessclub.com.pk,fitness,https://fitnessclub.com.pk/,+92-323-1495288,"17-Lawrence Road Lahore, Pakistan, Lahore, Punjab",https://www.businesslist.pk/company/253680/fitnessclubcompk,businesslist_pk,scrapy,fitness,2026-08-21T21:02:37.557123+00:00
Tejar.pk,fitness,https://www.tejar.pk/,+92 21 35837333,"18 Sea View Rd, Block 4 Clifton, Karachi, Karachi City, Sindh 75600, Karachi",https://www.businesslist.pk/company/255918/tejarpk,businesslist_pk,scrapy,fitness,2026-08-21T21:02:39.696129+00:00
Minhas Technical Apparel Factory PK,fitness,https://www.mtaf.pk/?Crunchbase,+923060602440,"Punjab, Sialkot",https://www.businesslist.pk/company/256949/minhas-technical-apparel-factory-pk,businesslist_pk,scrapy,fitness,2026-08-21T21:02:41.796603+00:00
Zeesol Store Online Shopping in Pakistan,fitness,http://www.zeesol.net/,03311070490,"Lahore, Pakistan, Lahore, Punjab",https://www.businesslist.pk/company/243480/zeesol-store-online-shopping-in-pakistan,businesslist_pk,scrapy,fitness,2026-08-21T21:02:43.767332+00:00
BEMC International Limited,fitness,,(021) 35244252,"35-C, 1st Comm Street, Khyban-e-Badar, Phase 5, DHA Karachi, Pakistan 75500, Karachi, Sindh",https://www.businesslist.pk/company/248602/bemc-international-limited,businesslist_pk,scrapy,fitness,2026-08-21T21:02:45.559107+00:00
Goldpunch,fitness,,00923157801036,"HAJI PURA KACHA SHAHAB PURA ROAD NEAR DARBAR SHAHI BADSHAH SIALKOT PAKISTAN, Sialkot, Punjab",https://www.businesslist.pk/company/251512/goldpunch,businesslist_pk,scrapy,fitness,2026-08-21T21:02:46.715651+00:00
Kinetix,fitness,https://kinetixgym.com,0317 7000700,"1-A, Shahid Plaza، F-6 Blue Area, Islamabad, 46000, Islamabad, Punjab",https://www.businesslist.pk/company/250663/kinetix,businesslist_pk,scrapy,fitness,2026-08-21T21:02:48.933853+00:00
Sana Gull Massage Salon Male Female Karachi,fitness,,03022404115,"Zamzma Clifton DHA Karachi, Karachi, Sindh",https://www.businesslist.pk/company/249982/sana-gull-massage-salon-male-female-karachi,businesslist_pk,scrapy,fitness,2026-08-21T21:02:51.165619+00:00
Regenere3D,beauty professionals,https://rejuvenation3d.com/,0518443894,"CH. Saeed Plaza Barin Road, Kotha Kalan Rawalpindi, 46000, Rawalpini, Punjab",https://www.businesslist.pk/company/251883/regenere3d,businesslist_pk,scrapy,beauty-professionals,2026-08-21T21:02:53.205232+00:00
Retail Solutions,beauty professionals,http://retail-sol.com,+924237498126,"149 West wood society , Thokar , Lahore, Punjab",https://www.businesslist.pk/company/245947/retail-solutions,businesslist_pk,scrapy,beauty-professionals,2026-08-21T21:02:54.372178+00:00
The Vitamin Company,beauty professionals,http://www.thevitamincompany.com,+92-42-35863992,"64 Ahmad Block New Garden Town, Lahore, Punjab",https://www.businesslist.pk/company/244466/the-vitamin-company,businesslist_pk,scrapy,beauty-professionals,2026-08-21T21:02:56.027559+00:00
S-Amden &amp; Company,beauty professionals,,03232076143,"95 &amp; 96/E, Sector 31-D, P&amp;T Society, Korangi Industrial Area, Karachi, Pakistan, Karachi, Sindh",https://www.businesslist.pk/company/248595/s-amdencompany,businesslist_pk,scrapy,beauty-professionals,2026-08-21T21:02:57.798275+00:00
Yaspal beauty salon,beauty professionals,https://yaspalbeautysalon.wixsite.com/yaspalbeautysalon-1,+923258572675,"DHA Lahore , Lahore, Punjab",https://www.businesslist.pk/company/254337/yaspal-beauty-salon,businesslist_pk,scrapy,beauty-professionals,2026-08-21T21:03:00.113472+00:00
https://teleshopping.pk/,beauty professionals,https://teleshopping.pk/,03001691119,"Pakistan, Faisalabad, Punjab",https://www.businesslist.pk/company/254669/httpsteleshoppingpk,businesslist_pk,scrapy,beauty-professionals,2026-08-21T21:03:01.514498+00:00
Supermarket Pakistan,beauty professionals,http://supermarket.com,+924236524529,"Gunj Bazar Mughalpura Lahore, Lahore, Punjab",https://www.businesslist.pk/company/246757/supermarket-pakistan,businesslist_pk,scrapy,beauty-professionals,2026-08-21T21:03:03.658513+00:00
Gemmy Instruments,beauty professionals,http://www.gemmyinst.com,0092-344-6459522,"New Miana Pura East, Street Mian Aleem Wali, Roras Road,, Sialkot, Punjab",https://www.businesslist.pk/company/123195/gemmy-instruments,businesslist_pk,scrapy,beauty-professionals,2026-08-21T21:03:05.860250+00:00
No. 1 skin whitening cream in pakistan,beauty professionals,http://www.heandshestore.com,03351632257,"walton road lahore, Lahore, Punjab",https://www.businesslist.pk/company/245451/no-1-skin-whitening-cream-in-pakistan,businesslist_pk,scrapy,beauty-professionals,2026-08-21T21:03:07.674265+00:00
Arfan Brothers,beauty professionals,https://www.facebook.com/arfanbrothers,+923328606787,"Tajokay Cheema, Sialkot Pakistan, Sialkot, Punjab",https://www.businesslist.pk/company/246049/the-taj-trader,businesslist_pk,scrapy,beauty-professionals,2026-08-21T21:03:09.801862+00:00
Dukandar.com,beauty professionals,http://dukandar.com,"(091) 5611661, 0800 385 26","Office 11-12-13 arbab tower nasir bagh road , Peshawar, Khyber Pakhtunkhwa",https://www.businesslist.pk/company/247190/dukandarcom,businesslist_pk,scrapy,beauty-professionals,2026-08-21T21:03:11.969212+00:00
Forzus industry,beauty professionals,http://www.forzus.co,+923007114490,"adalat ghara ugoki road, Sialkot, Punjab",https://www.businesslist.pk/company/244276/forzus-industry,businesslist_pk,scrapy,beauty-professionals,2026-08-21T21:03:13.823444+00:00
Hoor Beauty Salon HBS,beauty professionals,http://infoHBS.jimdo.com,03362333728,"shop no.18, 1st floor, Main Market, inside N.O.R.E-1, near Bahria College, M.T Khan Road, Karachi 75200. Pakistan., Karachi, Sindh",https://www.businesslist.pk/company/243996/hoor-beauty-parloursalon-hbs-parlourhbs,businesslist_pk,scrapy,beauty-professionals,2026-08-21T21:03:15.235010+00:00
Apex Skin Health International,beauty professionals,http://apexskinhealth.com.pk/,021-35865557,"F- 6/1, Block - 8, Near Teen Talwar, Behind Gulf Mall KDA Scheme No.5, Clifton Karachi, Pakistan., Karachi, Sindh",https://www.businesslist.pk/company/248647/apex-skin-health-international,businesslist_pk,scrapy,beauty-professionals,2026-08-21T21:03:17.603432+00:00
FIZ International Company,beauty professionals,http://www.fizint.com/,+923344786993,"Norgate street Allama Iqbal road Sialkot pakistan, Sialkot, Punjab",https://www.businesslist.pk/company/244969/fiz-international-company,businesslist_pk,scrapy,beauty-professionals,2026-08-21T21:03:19.900628+00:00
Stargo Beauty,beauty professionals,http://www.stargobeauty.com,923216105888,"Street#7,Shahab Pura Road, Sialkot, Punjab",https://www.businesslist.pk/company/240255/stargo-beauty,businesslist_pk,scrapy,beauty-professionals,2026-08-21T21:03:21.567685+00:00
ShoppingExpress.pk,beauty professionals,http://www.shoppingexpress.pk/,03154006746,"11 main asif block allama iqbal town lahore, Lahore, Punjab",https://www.businesslist.pk/company/242711/shoppingexpress-pk,businesslist_pk,scrapy,beauty-professionals,2026-08-21T21:03:23.707711+00:00
Raspak International,fitness,,+92 334 4337122,"New Miana Pura, , Sialkot, Punjab",https://www.businesslist.pk/company/251109/raspak-international,businesslist_pk,scrapy,fitness,2026-08-21T21:03:25.337731+00:00
Well.pk,fitness,http://well.pk,111-329-224,"Shahra-e-Faisal, Karachi, Karachi, Sindh",https://www.businesslist.pk/company/241872/wellpk,businesslist_pk,scrapy,fitness,2026-08-21T21:03:27.278992+00:00
Fitness-On,fitness,http://fitness-on.com,03249462051,"shop# UM - 85, Zainab tower model town link road, Lahore, Punjab",https://www.businesslist.pk/company/246664/fitness-on,businesslist_pk,scrapy,fitness,2026-08-21T21:03:29.289569+00:00
Power Yoga Studio Islamabad - (PYSI) Pakistan,fitness,http://www.yogaislamabad.com,03008566200,"Kuch Khaas, house 01, main margalla rd. F-6/3, Islamabad, Islamabad Capital Territory",https://www.businesslist.pk/company/240909/power-yoga-studio-islamabad-pysi-pakistan,businesslist_pk,scrapy,fitness,2026-08-21T21:03:30.902468+00:00
Shoppakistan,fitness,http://shoppakistan.com.pk/,03007986016,"i-10 Islamabad, Islamabad, Islamabad Capital Territory",https://www.businesslist.pk/company/244183/shoppakistan,businesslist_pk,scrapy,fitness,2026-08-21T21:03:32.893028+00:00
Xstvshop,fitness,http://www.xstvshop.com.pk,0320-3282402,"xstvshop.com.pk, Islamabad Capital Territory",https://www.businesslist.pk/company/240883/xstvshop,businesslist_pk,scrapy,fitness,2026-08-21T21:03:34.126455+00:00
BNSB Sports,fitness,https://bnsbsports.com/,+92 300 0267457,"Gohadpur Main Bazar, Sialkot, Punjab",https://www.businesslist.pk/company/252462/bnsb-sports,businesslist_pk,scrapy,fitness,2026-08-21T21:03:36.296457+00:00
MyTeleshop,fitness,http://www.myteleshop.pk,+9280013331,"House No 104, Street No 66, Sector I-10/1, Islamabad, Pakistan, Islamabad, Islamabad Capital Territory",https://www.businesslist.pk/company/240983/myteleshop,businesslist_pk,scrapy,fitness,2026-08-21T21:03:37.879109+00:00
Stigma Fitness Gear,fitness,http://stigmaliftan.com/,3204747433,"New Miyana Pura West Street # 6 Capital Road, Sialkot, Punjab",https://www.businesslist.pk/company/248562/stigma-fitness-gear,businesslist_pk,scrapy,fitness,2026-08-21T21:03:39.716865+00:00
Arsons International,fitness,http://www.arsonsinternational.com,,"Adalat Garh (old) Ugoki Road, Sialkot, 51310 Pakistan, Sialkot, Punjab",https://www.businesslist.pk/company/244043/arsons-international,businesslist_pk,scrapy,fitness,2026-08-21T21:03:41.396709+00:00
Daehan LED Lighs,fitness,http://www.daehanlights.com,+92 55 4805253,"Jagna stop Sialkot road , Gujranwala, Punjab",https://www.businesslist.pk/company/246513/daehan-led-lighs,businesslist_pk,scrapy,fitness,2026-08-21T21:03:43.511136+00:00
Mfsports,fitness,,0092-52-4604734,"Bazar Khatikan Sialkot-pakistan, Sialkot, Punjab",https://www.businesslist.pk/company/235219/mfsports,businesslist_pk,scrapy,fitness,2026-08-21T21:03:45.181762+00:00
Pool &amp; Ponds System,fitness,http://www.poolandponds.pk,+92512352551,"#-18A, 2nd Floor, Adnan Plaza, G-10 Markaz, Islamabad, Islamabad Capital Territory",https://www.businesslist.pk/company/235508/poolponds-system,businesslist_pk,scrapy,fitness,2026-08-21T21:03:47.266775+00:00
Fitness Pakistan,fitness,http://fitnesspakistan.cf,03212948477,"3-G-12/23,Nazimabad, Karachi , Karachi, Sindh",https://www.businesslist.pk/company/251907/fitness-pakistan,businesslist_pk,scrapy,fitness,2026-08-21T21:03:48.346589+00:00
Nangra Sportswear,fitness,http://www.nangrasports.com/,00923499623340," Rehmat Abad P/O Partanwali Sialkot Punjab 51310 Pakistan, Sialkot, Punjab",https://www.businesslist.pk/company/250905/nangra-sportswear,businesslist_pk,scrapy,fitness,2026-08-21T21:03:50.541458+00:00
Telebrand4u.com,fitness,http://telebrand4u.com/index.php,03113147666,"Khayaban-e-Sir Syed,Sector 2, Rawalpindi, Punjab",https://www.businesslist.pk/company/243960/telebrand4ucom,businesslist_pk,scrapy,fitness,2026-08-21T21:03:52.664740+00:00
Arsa Enterprises,beauty professionals,http://WWW.ARSAENTERPRISES.COM,"3540082 , 3540058","SALEEM TOWN, PASRUR ROAD SIALKOT, Sialkot, Punjab",https://www.businesslist.pk/company/243364/arsa-enterprises,businesslist_pk,scrapy,beauty-professionals,2026-08-21T21:03:54.492607+00:00
Herbarium International,beauty professionals,http://www.herbariumintl.com,(92 21) 36361160,"C-302, Block-6, F. B. Area,, Karachi, Sindh",https://www.businesslist.pk/company/182950/herbarium-international-pvt-ltd,businesslist_pk,scrapy,beauty-professionals,2026-08-21T21:03:56.690594+00:00
Nasim laser Skin Aesthetic,beauty professionals,https://nasimlasercenter.com/,03003332024,"house 4 h block Johar Town, Canal Road،, Block H Phase 2, Johar Town, Lahore, Punjab, Lahore, Punjab",https://www.businesslist.pk/company/252035/nasim-laser-skin-aesthetic,businesslist_pk,scrapy,beauty-professionals,2026-08-21T21:03:57.808989+00:00
"Glutathione Skin Whitening Pills,Cream in Karachi",beauty professionals,http://glutawhite.pk,03351632257,"Karachi, Karachi, Sindh",https://www.businesslist.pk/company/245210/glutathione-skin-whitening-pillscream-in-karachi,businesslist_pk,scrapy,beauty-professionals,2026-08-21T21:03:59.819826+00:00
MerryDerma,beauty professionals,https://merryderma.com.pk,+92-321-3910543,"G-11/3, Islamabad, Islamabad Capital Territory",https://www.businesslist.pk/company/252364/merryderma,businesslist_pk,scrapy,beauty-professionals,2026-08-21T21:04:02.194355+00:00
"Glutathione Skin Whitening Pills,Cream,Soap",beauty professionals,https://glutathioneteam.blogspot.com/,03364685381,"DHA, Lahore, Punjab",https://www.businesslist.pk/company/246911/glutathione-skin-whitening-pillscreamsoap,businesslist_pk,scrapy,beauty-professionals,2026-08-21T21:04:03.374341+00:00
Eve Beauty Industries,beauty professionals,http://www.evebeautyind.com,+92 52 4293206,"Christian Town, Sialkot, Punjab",https://www.businesslist.pk/company/197616/eve-beauty-industries,businesslist_pk,scrapy,beauty-professionals,2026-08-21T21:04:05.423908+00:00
Aseya Salon,beauty professionals,,+923321430811,"Shop No# 10, Bilal Centre, Chouburji Sham Nagar near Ahmed Burger, Lahore Pakistan, Lahore",https://www.businesslist.pk/company/258834/aseya-salon,businesslist_pk,scrapy,beauty-professionals,2026-08-21T21:04:07.464844+00:00
Canvas Salon &amp; Studio,beauty professionals,,+923286427572,"House 60, B1 MM Alam Rd, Block B 1 Gulberg III, Lahore",https://www.businesslist.pk/company/258901/canvas-salonstudio,businesslist_pk,scrapy,beauty-professionals,2026-08-21T21:04:09.407705+00:00
Bodevolution,beauty professionals,http://www.bodevolution.com/,0311 1444032,"8, Block C, Lahore, Model Town, Pakistan، Lahore 54000, Lahore, Punjab",https://www.businesslist.pk/company/247322/bodevolution,businesslist_pk,scrapy,beauty-professionals,2026-08-21T21:04:11.349960+00:00
MartX,beauty professionals,,+923004314628,"PCSIR Phase 2, Lahore, Lahore, Punjab",https://www.businesslist.pk/company/247743/martx,businesslist_pk,scrapy,beauty-professionals,2026-08-21T21:04:12.973104+00:00
Sams Soap Kitchen,beauty professionals,http://www.samssoapkitchen.pk,0092-42-35707427/28,"38 T , PHASE 2, COMMERCIAL AREA, DHA, LAHORE,PAKISTAN, Lahore, Punjab",https://www.businesslist.pk/company/240897/sams-soap-kitchen,businesslist_pk,scrapy,beauty-professionals,2026-08-21T21:04:15.038176+00:00
USA Beauty Care,beauty professionals,http://www.usabeautycare.com,92 523 254941,"24 B- small industrial estate, Sialkot, Punjab",https://www.businesslist.pk/company/243541/usa-beauty-care,businesslist_pk,scrapy,beauty-professionals,2026-08-21T21:04:16.622364+00:00
My TeleMall,beauty professionals,http://www.mytelemall.com,03218518147,"Faisalabad, Pakistan, Faisalabad, Sindh",https://www.businesslist.pk/company/240434/my-telemall,businesslist_pk,scrapy,beauty-professionals,2026-08-21T21:04:18.655993+00:00
Zenith By Sameera,fitness,,+9234 5762831,"Islamabad main road, Islamabad",https://www.businesslist.pk/company/258793/zenith-by-sameera,businesslist_pk,scrapy,fitness,2026-08-21T21:04:20.276415+00:00
Synergize.pk,fitness,http://www.synergize.pk,+92 323 7963749,"Main Khayban Bukhari. Phase 6 DHA. Karachi, Karachi, Sindh",https://www.businesslist.pk/company/243157/synergizepk,businesslist_pk,scrapy,fitness,2026-08-21T21:04:22.286201+00:00
Teleshopping Pakistan TeleMarkaz Online Shop,fitness,http://www.telemarkaz.com,03335076432,"Huma Block, Lahore, Punjab",https://www.businesslist.pk/company/240763/telemarkazcom,businesslist_pk,scrapy,fitness,2026-08-21T21:04:24.213852+00:00
Bfitfashion,fitness,,+92-327-7755333,"Building no 2, Pacca Garah Kashmir Road, Sialkot, Pakistan., Sialkot",https://www.businesslist.pk/company/258845/bfitfashion,businesslist_pk,scrapy,fitness,2026-08-21T21:04:25.829582+00:00
Needo Industries Pvt.ltd.,fitness,http://www.needosportswear.com,+92 52 3240535,"S.I.E, Shahab Pura Road, Sialkot-Pakistan, Sialkot, Punjab",https://www.businesslist.pk/company/235327/needo-sports,businesslist_pk,scrapy,fitness,2026-08-21T21:04:27.257858+00:00
Khalid Brothers Scales,fitness,http://www.khalidbrotherss.enic.pk,051-5555542,"Office no 41,42 ,Ghazni Market ,Bagh Sardaran ,Rawalpindi., Rawalpindi, Punjab",https://www.businesslist.pk/company/245991/khalid-brothers-scales,businesslist_pk,scrapy,fitness,2026-08-21T21:04:28.963093+00:00
Contours,fitness,http://contours.com.pk,04235752080,"16-E/3, Gulberg-III, Lahore Pakistan, Lahore, Punjab",https://www.businesslist.pk/company/250159/contours,businesslist_pk,scrapy,fitness,2026-08-21T21:04:31.090366+00:00
Needo Sports,fitness,http://www.needosports.com,+92 52 3240535,"S.I.E, Shahab Pura, Sialkot-Pakistan., Sialkot, Punjab",https://www.businesslist.pk/company/241062/needo-sports,businesslist_pk,scrapy,fitness,2026-08-21T21:04:32.357651+00:00
Bravo Nutrition,fitness,,03343255369,"Azizabad, Karachi, Pakistan, Karachi, Sindh",https://www.businesslist.pk/company/243514/bravo-nutrition,businesslist_pk,scrapy,fitness,2026-08-21T21:04:34.240890+00:00
Karaki Massage Center,fitness,https://www.karachimassagecenter.net,"+92 3042262244, +92 3332261246","DHA PHASE 2, Karachi, Sindh",https://www.businesslist.pk/company/252374/karaki-massage-center-karachi,businesslist_pk,scrapy,fitness,2026-08-21T21:04:36.224454+00:00
Epic Industries,fitness,http://www.epicind.com,0524295488,"Christine Town Road, Sialkot, Punjab",https://www.businesslist.pk/company/251987/epic-industries,businesslist_pk,scrapy,fitness,2026-08-21T21:04:38.452633+00:00
Ginnastic Arena,fitness,https://ginnasticarena.com/,+923331111557,"Interlace Plaza, 1-8 Markaz, Islamabad",https://www.businesslist.pk/company/258794/ginnastic-arena,businesslist_pk,scrapy,fitness,2026-08-21T21:04:40.331728+00:00
www.sandhisudhapluspakistan.com,fitness,http://www.sandhisudhapluspakistan.com,0320-3282402,"www.sandhisudhapluspakistan.com, Islamabad, Islamabad Capital Territory",https://www.businesslist.pk/company/240720/wwwsandhisudhapluspakistancom,businesslist_pk,scrapy,fitness,2026-08-21T21:04:42.486107+00:00
Unified Group,fitness,http://www.ug.com.pk,34186040,"B-25 Bilal Town near Shahrah-e-Faisal Karachi, Karachi, Sindh",https://www.businesslist.pk/company/241582/unified-group,businesslist_pk,scrapy,fitness,2026-08-21T21:04:44.168596+00:00
Yahya Sports Equipment Company,fitness,http://www.yahyasports.com,04236298125,"Plot # s-41, R 5/8 lawrance road lahore pakistan, Lahore, Punjab",https://www.businesslist.pk/company/247077/yahya-sports-equipment-company,businesslist_pk,scrapy,fitness,2026-08-21T21:04:46.205125+00:00
Sams Health Club,fitness,http://www.sams.pk,+92-42-35714240/41,"40 b1 gulberg 3, Off M.M Alam road, Lahore, pakistan, Lahore, Punjab",https://www.businesslist.pk/company/239978/sams-health-club,businesslist_pk,scrapy,fitness,2026-08-21T21:04:48.604870+00:00
As Seen On Tv Products In Pakistan AsSeenOnTvComPk,fitness,http://www.asseenontv.com.pk/,03148009622,"rizvia colony, Karachi, Sindh",https://www.businesslist.pk/company/245770/as-seen-on-tv-products-in-pakistan-asseenontvcompk,businesslist_pk,scrapy,fitness,2026-08-21T21:04:50.189280+00:00
Usaimported.pk | Amazon Shopping in Pakistan,beauty professionals,http://usaimported.pk/,03167822202,"40-M Gold Mine Plaza Ichra Lahore, Lahore, Punjab",https://www.businesslist.pk/company/246141/usaimportedpkamazon-shopping-in-pakistan,businesslist_pk,scrapy,beauty-professionals,2026-08-21T21:04:52.367540+00:00
Bigbasket.pk,beauty professionals,https://bigbasket.pk/,+923238325149,"12 MB Floor Zainb Tower Lahore, Lahore, Punjab",https://www.businesslist.pk/company/252648/bigbasketpk,businesslist_pk,scrapy,beauty-professionals,2026-08-21T21:04:53.612221+00:00
Sarimax Traders,beauty professionals,http://www.sarimaxtraders.com,03424776422,"muradpur bankstop marala road gohadpur, Sialkot, Punjab",https://www.businesslist.pk/company/252627/sarimax-traders,businesslist_pk,scrapy,beauty-professionals,2026-08-21T21:04:55.450329+00:00
L&amp;I International,beauty professionals,http://www.land-int.com,+92 3257853,"New Adalat Garh near Anwar Khawaja Industries, Sialkot, Punjab",https://www.businesslist.pk/company/249857/li-international,businesslist_pk,scrapy,beauty-professionals,2026-08-21T21:04:57.047735+00:00
Afzal Surgical Inst,beauty professionals,https://www.afzalsurgicalinst.com,92523257285,"P.O.Box # 2188 New Miana pura East, St # 14, Roras Road, Sialkot, Punjab",https://www.businesslist.pk/company/241073/afzal-surgical-inst,businesslist_pk,scrapy,beauty-professionals,2026-08-21T21:04:58.660706+00:00
Sparkle ink tattoos,beauty professionals,https://instagram.com/sparkleinktattoos?igshid=v795ci8voc95,+923338749465,"Usmani house E 153 D street 10 New Iqbal park DHA main Boulevard lahore, Lahore",https://www.businesslist.pk/company/258447/sparkle-ink-tattoos,businesslist_pk,scrapy,beauty-professionals,2026-08-21T21:05:00.291957+00:00
Jzee beauty salon,beauty professionals,https://jzee-beauty-salon.business.site,+923339268792,"House# 187, Street Number 23, Phase Phase 4A Ghauri Town, Islamabad, Islamabad Capital Territory, Islamabad",https://www.businesslist.pk/company/255002/jzee-beauty-salon,businesslist_pk,scrapy,beauty-professionals,2026-08-21T21:05:01.534944+00:00
Coral Beauty Emporium,beauty professionals,https://coralbeautyemporium.com/,0315 513 0000,"30-31 Main Boulevard Awais Qarni Block Bahria Town, Lahore, Punjab",https://www.businesslist.pk/company/247023/coral-beauty-emporium,businesslist_pk,scrapy,beauty-professionals,2026-08-21T21:05:03.551457+00:00
Nanjing Al-Heera Inc,beauty professionals,http://nahe786.all.biz/,923328679622,"5-Usman Park, Khadim Ali Road, Sialkot, Punjab",https://www.businesslist.pk/company/240422/nanjing-al-heera-inc,businesslist_pk,scrapy,beauty-professionals,2026-08-21T21:05:05.424404+00:00
My TeleMall,beauty professionals,http://www.mytelemall.com,03009533102,"Lahore, Pakistan, Lahore, Sindh",https://www.businesslist.pk/company/240207/my-telemall,businesslist_pk,scrapy,beauty-professionals,2026-08-21T21:05:07.395739+00:00
Sunstar Impex,beauty professionals,https://sunstarimp.com/,+923070717487,"Shahabpura Rd Industrial Area , Sialkot",https://www.businesslist.pk/company/258537/sunstar-impex,businesslist_pk,scrapy,beauty-professionals,2026-08-21T21:05:09.296306+00:00
FLourish Salon By Aqsa Danish,beauty professionals,https://www.facebook.com/flourishsalon1,021 34833323,"Plot No A-217, In Block 3 At KDA Scheme No 24 Gulshan E Iqbal, Karachi,, Karachi, Sindh",https://www.businesslist.pk/company/251671/flourish-salon-by-aqsa-danish,businesslist_pk,scrapy,beauty-professionals,2026-08-21T21:05:11.230508+00:00
Queens Beauty Centre,beauty professionals,http://www.queens.com.pk/,"+922134524822 ,+9221 34552371","Tariq Road Main Branch 940/C, Commercial Area P.E.C.H.S Block 2 Near Jheel Park, Karachi, Sindh",https://www.businesslist.pk/company/242697/queens-beauty-centre,businesslist_pk,scrapy,beauty-professionals,2026-08-21T21:05:13.518280+00:00
HairSense,beauty professionals,https://hairsense.pk/,+923302222786,"Gondal Plaza, Basement HBL, Markaz F-10, Islamabad, Islamabad",https://www.businesslist.pk/company/258852/hairsense,businesslist_pk,scrapy,beauty-professionals,2026-08-21T21:05:14.910761+00:00
Aerona Beauty,beauty professionals,http://www.aeronabeauty.com,+923217106500,"Plot No:1770,Malik Colony, Sialkot, Punjab",https://www.businesslist.pk/company/247118/aerona-beauty,businesslist_pk,scrapy,beauty-professionals,2026-08-21T21:05:16.924105+00:00
Naimlasercenter,beauty professionals,https://nasimlasercenter.com/,0300-3332024,"House # 4, H Block – Phase 2 Johar Town – Lahore, Punjab, Lahore, Punjab",https://www.businesslist.pk/company/251876/naimlasercenter,businesslist_pk,scrapy,beauty-professionals,2026-08-21T21:05:19.095093+00:00
ILHT –Time to Appear Attractive,beauty professionals,http://www.ilht.com.pk/,111424737,"92-B/1, M. M. Alam Road, Gulberg III Lahore, Punjab, Pakistan, Lahore, Punjab",https://www.businesslist.pk/company/235563/hair-transplant-in-pakistan,businesslist_pk,scrapy,beauty-professionals,2026-08-21T21:05:21.050449+00:00
Syinger Tattoos,beauty professionals,https://syingertattoos.com/,+92 316 0141165,"92-A MM Alam Rd, Block B1 Block B 1 Gulberg III, Lahore, Punjab 54660, Lahore, Punjab",https://www.businesslist.pk/company/252195/syinger-tattoos,businesslist_pk,scrapy,beauty-professionals,2026-08-21T21:05:22.887907+00:00
Royal Aesthetica,beauty professionals,https://royalaestheticaclinic.com/,+923037633000,"City Emporium 266/8, Chenone Road, Peoples Colony No1, Faisalabad, Pakistan., Faisalabad",https://www.businesslist.pk/company/258744/royal-aesthetica,businesslist_pk,scrapy,beauty-professionals,2026-08-21T21:05:24.946877+00:00
