name,category,website,phone,address,maps_url,source,engine,search_query,scraped_at
Ubaid Autos,auto repair,,+923002103102,"Plot #WS-10,Block-7,Opposit To DILL PASAND,F.B.Area, Karachi, Sindh",https://www.businesslist.pk/company/182442/ubaid-autos,businesslist_pk,scrapy,auto-repair,2026-08-18T19:33:33.618504+00:00
Aam Motors,auto dealers newused,https://www.ammmotors.com,+924232081630,"SHOWROOM 34, MUALANA SHAUKAT ALI ROAD ,JOHAR TOWN LAHORE, Lahore",https://www.businesslist.pk/company/258146/aam-motors,businesslist_pk,scrapy,auto-dealers-newused,2026-08-18T19:33:35.540827+00:00
Sher Brothers Rent a car,car rental,https//www.sherbrotherpakistan.com,04235312118,"18-C Nawab Town Raiwind road Lahore, Lahore, Punjab",https://www.businesslist.pk/company/252437/sher-brothers-rent-a-car,businesslist_pk,scrapy,car-rental,2026-08-18T19:33:37.069993+00:00
i POS System,auto parts newused,http://www.ipossystem.com,03314410472,"335 A3 Gulberg 3, Lahore, Punjab",https://www.businesslist.pk/company/249014/i-pos-system,businesslist_pk,scrapy,auto-parts-newused,2026-08-18T19:33:39.266443+00:00
SignTrack,vehicle manufacturers,https://signtrack.pk,+92 3372224455,"Street 118, G11/4, Islamabad, Pakistan, Islamabad",https://www.businesslist.pk/company/255023/signtrack,businesslist_pk,scrapy,vehicle-manufacturers,2026-08-18T19:33:40.706704+00:00
Ahmad Medix (Pvt) Limited,vehicle manufacturers,http://www.ahmadmedix.com,"+92-42-35213441 , +92-42-35213442","129/6 Quaid-e-Azam industrial Estate Township, Lahore, Punjab",https://www.businesslist.pk/company/248066/ahmad-medix-pvt-limited,businesslist_pk,scrapy,vehicle-manufacturers,2026-08-18T19:33:42.879917+00:00
Trackinghub - Best car tracker company,vehicle manufacturers,,03424431234,"I-10, Javed market, Islamabad, Pakistan, Islamabad, Islamabad Capital Territory",https://www.businesslist.pk/company/254674/trackinghub-best-car-tracker-company,businesslist_pk,scrapy,vehicle-manufacturers,2026-08-18T19:33:44.844889+00:00
The Credit Insurance Company Ltd.,vehicle manufacturers,,0321-4680291,"Trafco House.1c1 Canal Bank Road Canal Park Gulberg ll Lahore Pakistan , Lahore, Punjab",https://www.businesslist.pk/company/121538/the-credit-insurance-company-ltd,businesslist_pk,scrapy,vehicle-manufacturers,2026-08-18T19:33:46.684979+00:00
Jeco Private Limited,vehicle manufacturers,http://www.jeco.com.pk,+92-313-8648011,"Near Jinnah Interchange (Pindi bypass), G. T. Road., Gujranwala, Punjab",https://www.businesslist.pk/company/211270/jeco-private-limited,businesslist_pk,scrapy,vehicle-manufacturers,2026-08-18T19:33:48.358229+00:00
Ayub Shock Auto,vehicle manufacturers,,,"Shah Jahan Road Behind Data Darbar, Baari wala Chowk, Qamar Market Lahore , Lahore, Punjab",https://www.businesslist.pk/company/241354/ayub-shock-auto,businesslist_pk,scrapy,vehicle-manufacturers,2026-08-18T19:33:50.410385+00:00
Pantrac PVT LTD (Authorized dealer of Sinotruk),vehicle manufacturers,,03171008718,"House 81/1.22nd street. DHA VI. Khayaban e Badar., Karachi, Sindh",https://www.businesslist.pk/company/247690/pantrac-pvt-ltd-authorized-dealer-of-sinotruk,businesslist_pk,scrapy,vehicle-manufacturers,2026-08-18T19:33:52.779264+00:00
Shaharyar Traders,vehicle manufacturers,https://shaharyartraders.com/,04235162145,"14-C/1Main, Faisal Town Rd, Block C 1 Faisal Town, Lahore, Punjab 54000, Lahore, Punjab",https://www.businesslist.pk/company/251598/shaharyar-traders,businesslist_pk,scrapy,vehicle-manufacturers,2026-08-18T19:33:55.015643+00:00
Lahore Hazara Goods,vehicle manufacturers,https://lahorehazaragoods.weebly.com/,+92423772531,"PLOT NO,8/A RAVI LINK ROAD LAHORE, Lahore, Punjab",https://www.businesslist.pk/company/246438/lahore-hazara-goods,businesslist_pk,scrapy,vehicle-manufacturers,2026-08-18T19:33:56.257048+00:00
Kashmir trader,auto parts newused,https://autopartskashmir.blogspot.com/,+92 3027998171,"Shop no 2 afroze market main guwalmondi road Rawalpindi, Rawalpindi, Punjab",https://www.businesslist.pk/company/253539/kashmir-trader,businesslist_pk,scrapy,auto-parts-newused,2026-08-18T19:33:58.435186+00:00
Hong de Impex,auto parts newused,http://www.hongdehd.com.pk,03204967152,"206A, 2nd floor siddique trade center gulberg-II, Lahore, Punjab",https://www.businesslist.pk/company/252173/hong-de-impex,businesslist_pk,scrapy,auto-parts-newused,2026-08-18T19:33:59.962369+00:00
Modern Car Accessories,auto parts newused,https://www.moderncaraccessories.com/,0423-7722227,"Opposite Police Station Lari Ada Wazir Ali Center Lahore Badami Bagh، Data Nagar Badami Bagh, Lahore, Punjab 54000, Lahore, Punjab",https://www.businesslist.pk/company/248684/modern-car-accessories,businesslist_pk,scrapy,auto-parts-newused,2026-08-18T19:34:02.185583+00:00
Vecanza.com,auto parts newused,https://vecanza.com/,03211946029,"Islamabad, Islamabad, Islamabad Capital Territory",https://www.businesslist.pk/company/249221/vecanzacom,businesslist_pk,scrapy,auto-parts-newused,2026-08-18T19:34:04.134189+00:00
Zahid Impex,auto parts newused,https://zahid-impex.business.site,+92-21-32722551,"7-Rahim Manzil, Plaza Square, Muhammad Ali Jinnah Rd, Preedy Quarters, Karachi, Sindh",https://www.businesslist.pk/company/207981/zahid-impex,businesslist_pk,scrapy,auto-parts-newused,2026-08-18T19:34:06.240450+00:00
Suzuki mardan Motors,auto parts newused,https://suzukimardan.com/,03166600002,"Chah Sultan Chaklala Cantt., Rawalpindi, Punjab 46000, Rawalpindi, Punjab",https://www.businesslist.pk/company/252892/suzuki-mardan-motors,businesslist_pk,scrapy,auto-parts-newused,2026-08-18T19:34:07.917120+00:00
Chiyoda Auto Lamp,auto parts newused,,924237721137,"Mcleod Road Lahore, Lahore, Punjab",https://www.businesslist.pk/company/253567/chiyoda-auto-lamp,businesslist_pk,scrapy,auto-parts-newused,2026-08-18T19:34:09.769860+00:00
Turbo tech Pakistan,auto parts newused,,,"Madina Plaza, Phase-II Shop# 69, M.A Jinnah Road",https://www.businesslist.pk/company/249344/turbo-tech-pakistan,businesslist_pk,scrapy,auto-parts-newused,2026-08-18T19:34:11.809688+00:00
Five Star Honda/ Services in Johar,auto parts newused,https://www.fivestarhonda.com.pk/,+923368352032,"Shop # 3&amp;4, Crescent view apartment, Opposite Habib University Gulistan E Johar Block 13 Karachi, Karachi",https://www.businesslist.pk/company/255186/five-star-honda-services-in-johar,businesslist_pk,scrapy,auto-parts-newused,2026-08-18T19:34:13.265060+00:00
Pakmoto,auto parts newused,https://pakmoto.com,03313555911,"5th Floor, Prop 26R-9/9, Montgomery Park, Montgomery Road, Lahore, Lahore, Punjab",https://www.businesslist.pk/company/247348/pakmoto,businesslist_pk,scrapy,auto-parts-newused,2026-08-18T19:34:15.223348+00:00
Perfect Auto Parts,auto parts newused,,+923204061461,"Shop M27 first Floor Shafi Tower Near MCB Circular Road Badami bagh, Lahore",https://www.businesslist.pk/company/257634/perfect-auto-parts,businesslist_pk,scrapy,auto-parts-newused,2026-08-18T19:34:16.573954+00:00
Lift-n-trade,auto parts newused,,+922132772471,"G-167, Ruby Plaza, Preedy Street, Karachi (near to preedy police station), Karachi",https://www.businesslist.pk/company/258908/lift-n-trade,businesslist_pk,scrapy,auto-parts-newused,2026-08-18T19:34:17.777453+00:00
AA Parts,auto parts newused,https://www.aaparts.net/,(042)-3630717-1,"First floor H-06 Montgomery Road Lahore, Lahore, Punjab",https://www.businesslist.pk/company/254327/aa-parts,businesslist_pk,scrapy,auto-parts-newused,2026-08-18T19:34:19.064521+00:00
Rent a Car Pakistan,car rental,http://www.rentacarpak.com,051 8772657,"Office 4, CAM Arcade II, Main GT Road Near Gate Phase 7-8, Bahria Town Rawalpindi,, Islamabad, Islamabad Capital Territory",https://www.businesslist.pk/company/249193/rent-a-car-pakistan,businesslist_pk,scrapy,car-rental,2026-08-18T19:34:20.132541+00:00
Hunza Explorers Treks &amp; Tours,car rental,http://www.hunzaexplorers.com,+92 311 0804658,"Village Ghulkin P.O &amp; Tehsil Gulmit Gojal, upper Hunza, Islamabad, Gilgit-Baltistan",https://www.businesslist.pk/company/241746/hunza-explorers,businesslist_pk,scrapy,car-rental,2026-08-18T19:34:22.097398+00:00
RPM Car Rental,car rental,https://rpmcarrental.pk/,03009238948,"Suit # G-14, Allience Apartment, Sector 11 C 1 North Karachi, Karachi., Karachi, Sindh",https://www.businesslist.pk/company/252861/rpm-car-rental,businesslist_pk,scrapy,car-rental,2026-08-18T19:34:23.961592+00:00
Cars Travel Junction,car rental,http://www.carstraveljunction.com,+923456678510,"Office#02 Jinnah Arcade Street# 37 G-13/2, Islamabad, Islamabad Capital Territory",https://www.businesslist.pk/company/247553/cars-travel-junction,businesslist_pk,scrapy,car-rental,2026-08-18T19:34:26.108097+00:00
Madina Rent A Car,car rental,http://madina-rent-a-car.business.site/,03214235986,"Haji Akram Plaza, Gate No.1, Sooter Mills, Main GT Road , Lahore, Punjab",https://www.businesslist.pk/company/247604/madina-rent-a-car,businesslist_pk,scrapy,car-rental,2026-08-18T19:34:27.124190+00:00
Faisalabad Car Rental And Tours Service,car rental,https://www.facebook.com/pg/faisalabadcarrental/about/,03044006169,"Millat Chowk Shaikhupura Road Near Habib Metro Bank , Faisalabad, Punjab",https://www.businesslist.pk/company/250367/faisalabad-car-rental-and-tours-service,businesslist_pk,scrapy,car-rental,2026-08-18T19:34:29.036978+00:00
Farhan Car Rental Services,car rental,https://farhanrentacar.com/,+92 312 - 2810139,"Pakistan, Karachi",https://www.businesslist.pk/company/258887/farhan-car-rental-services,businesslist_pk,scrapy,car-rental,2026-08-18T19:34:31.075782+00:00
LahoreRentACar,car rental,http://lahore-rent-a-car-wapda-town-lhr.business.site,03123221155,"7-GCP Scheem, R1 Johar Town, Lahore, Punjab",https://www.businesslist.pk/company/247980/lahorerentacar,businesslist_pk,scrapy,car-rental,2026-08-18T19:34:32.933217+00:00
Master Rent A Car,car rental,https://www.masterrentacar.pk,923492049928,"House# 07, Str# 31, Sector-F, Manzoor Colony,  Near# Mehmoodabad, Karachi 75640. , Karachi, Sindh",https://www.businesslist.pk/company/248777/master-rent-a-car,businesslist_pk,scrapy,car-rental,2026-08-18T19:34:34.990052+00:00
Pay4Drive,car rental,http://pay4drive.com/,0302-4019477,"120, K-II, Wapda Town Lahore, Pakistan, Lahore, Punjab",https://www.businesslist.pk/company/243527/pay4drive,businesslist_pk,scrapy,car-rental,2026-08-18T19:34:36.891358+00:00
Quetta 2D Car Service 03302211115,car rental,https://karachiquetta2dcarservice.com,03367801565,"University Road Karachi , Karachi, Sindh",https://www.businesslist.pk/company/254212/quetta-2d-car-service-03302211115,businesslist_pk,scrapy,car-rental,2026-08-18T19:34:38.574050+00:00
Faisalabad Car Rental And Tours,car rental,https://www.facebook.com/pg/faisalabadcarrental/about/,+923156099281,"Millat Chowk Shaikhupura Road ,Faislabad, Faisalabad, Punjab",https://www.businesslist.pk/company/242390/faisalabad-car-rental-and-tours,businesslist_pk,scrapy,car-rental,2026-08-18T19:34:40.543298+00:00
Haxn Rent a Car Rawalpindi Islamabad,car rental,http://www.haxnrentacar.com,03111431433,"Office # 1, Marquee Road, Main G-11 Signal, Kashmir Highway, G-12، Islamabad, 44000, Islamabad, Islamabad Capital Territory",https://www.businesslist.pk/company/249417/haxn-rent-a-car-rawalpindi-islamabad,businesslist_pk,scrapy,car-rental,2026-08-18T19:34:42.319348+00:00
Makran Rent A Car Service - The Leading Car Rental,car rental,https://makranrentacar.pk/,03162791211,"Sariab Road Quetta 87550, Quetta, Balochistan",https://www.businesslist.pk/company/253584/makran-rent-a-car-service-the-leading-car-rental,businesslist_pk,scrapy,car-rental,2026-08-18T19:34:44.148873+00:00
Irshad Rent a Car Bahawalpur,car rental,https://youtube.com/@irshadrentacar,+923071707019,"Saddar Puli, University Chowk, Bahawalpur Cantt, Bahawalpur, Punjab 63100, Bahawalpur",https://www.businesslist.pk/company/258598/irshad-rent-a-car-bahawalpur,businesslist_pk,scrapy,car-rental,2026-08-18T19:34:46.384841+00:00
Jadeed Motors,car rental,https://jadeedmotors.com,0335 0911 786,"i-8 Islamabad, Pakistan, Islamabad, Islamabad Capital Territory",https://www.businesslist.pk/company/253583/jadeed-motors,businesslist_pk,scrapy,car-rental,2026-08-18T19:34:47.930994+00:00
Balochistan Rent A Car,car rental,,+923313989100,"Shop No 28, Zaheen Plaza, Main Sariab Road, Quetta, Quetta",https://www.businesslist.pk/company/258443/balochistan-rent-a-car,businesslist_pk,scrapy,car-rental,2026-08-18T19:34:50.149873+00:00
Gwadar Rent A Car,car rental,,+923092669837,"Sitellite Town, Main Road Quetta, Balochistan, Quetta, Balochistan",https://www.businesslist.pk/company/258441/gwadar-rent-a-car,businesslist_pk,scrapy,car-rental,2026-08-18T19:34:52.259751+00:00
SwariHub,car rental,http://www.swarihub.com/rent-a-car-in-lahore,+92-300-4396570,"452-D Block Tajpura LDA , Lahore, Punjab",https://www.businesslist.pk/company/246224/swarihub,businesslist_pk,scrapy,car-rental,2026-08-18T19:34:54.387174+00:00
AutoAdvisers,auto dealers newused,https://autoadvisers.com/,+92 51 6121111,"Street 44-A, F-6/1 F 6/1 F-6, Islamabad, Islamabad Capital Territory 46000, Islamabad",https://www.businesslist.pk/company/258766/autoadvisers,businesslist_pk,scrapy,auto-dealers-newused,2026-08-18T19:34:55.871121+00:00
CarZaamin,auto dealers newused,,111 227 070,"57 - B Johar Town Lahore, Lahore, Punjab",https://www.businesslist.pk/company/249501/carzaamin,businesslist_pk,scrapy,auto-dealers-newused,2026-08-18T19:34:57.595543+00:00
Aimal Autos,auto dealers newused,https://www.facebook.com/aimalautos,+923128160016,"Double Road Civic Center Street Quetta , Quetta",https://www.businesslist.pk/company/257731/aimal-autos,businesslist_pk,scrapy,auto-dealers-newused,2026-08-18T19:34:59.575040+00:00
Fairwheels.com,auto dealers newused,,03214550829,"Iqbal Town, Lahore Pakistan, Lahore, Punjab",https://www.businesslist.pk/company/250190/fairwheelscom,businesslist_pk,scrapy,auto-dealers-newused,2026-08-18T19:35:01.383231+00:00
Fixdar,auto repair,,03-111-222-819,"Karachi, Pakistan, Karachi, Sindh",https://www.businesslist.pk/company/254467/fixdar,businesslist_pk,scrapy,auto-repair,2026-08-18T19:35:03.405583+00:00
Autosource Pvt Ltd,auto repair,,+923008451158,"Johar town lahore, Lahore",https://www.businesslist.pk/company/255062/autosource-pvt-ltd,businesslist_pk,scrapy,auto-repair,2026-08-18T19:35:05.352264+00:00
Raja Jalal Auto EFI Electrician &amp; Car AC,auto repair,,+923155782523,"Raja Jalal Auto EFI Electrician, Sarfaraz Market, Abdul Qadeer Khan Road, Khana Pull, Rawalpindi, Rawalpindi, Punjab",https://www.businesslist.pk/company/253594/raja-jalal-auto-efi-electriciancar-ac,businesslist_pk,scrapy,auto-repair,2026-08-18T19:35:07.371141+00:00
Al-meena Marine Engineers,auto repair,,+923009509573,"Plot No 122-C Keamari Township,  Keamari, Karachi, 75620 Pakistan., Karachi",https://www.businesslist.pk/company/258780/al-meena-marine-engineers,businesslist_pk,scrapy,auto-repair,2026-08-18T19:35:09.129468+00:00
Quality Autos,auto repair,https://qualityautos6.wordpress.com/,+923323105538,"Bewal PLaza G9, Islamabad, Islamabad",https://www.businesslist.pk/company/257595/quality-autos,businesslist_pk,scrapy,auto-repair,2026-08-18T19:35:10.585466+00:00
Auto Tech  express lube and maintenance,auto repair,http://autotech.pk,"051-5170676,","plot 2, block B, Main PWD road, oposit London bakery , Islamabad, Islamabad Capital Territory",https://www.businesslist.pk/company/249664/auto-tech-express-lube-and-maintenance,businesslist_pk,scrapy,auto-repair,2026-08-18T19:35:12.582264+00:00
Naseer Autos,auto repair,https://www.naseerautos.biz,+92304 1111337,"D-55-A/1, SITE., Sindh, Karachi, Sindh",https://www.businesslist.pk/company/94336/naseer-autos,businesslist_pk,scrapy,auto-repair,2026-08-18T19:35:14.565766+00:00
Faw Jhelum Motors,auto repair,,0544-272191-92,"OPPOSITE DEGREE COLLEGE, MAIN G T ROAD JHELUM, Jhelum, Punjab",https://www.businesslist.pk/company/250906/faw-jhelum-motors,businesslist_pk,scrapy,auto-repair,2026-08-18T19:35:16.709782+00:00
Pakistan Auto Workshop,auto repair,https://www.mechanicar.com/pakistan,+923082544269,"J6P5+85V, Gulfishan Town, Sheikhupura, Punjab, Shekhupura",https://www.businesslist.pk/company/258807/pakistan-auto-workshop,businesslist_pk,scrapy,auto-repair,2026-08-18T19:35:18.005210+00:00
Seamax Shipping &amp; Logistics,logistics,http://www.seamaxship.com,021-32417444,"Suite# 813, 8th Floor, Falak Corporate City, I.I Chundrigar Road, Karachi, Sindh",https://www.businesslist.pk/company/253818/seamax-shippinglogistics,businesslist_pk,scrapy,logistics,2026-08-18T19:35:35.091259+00:00
Central Shipping Agencies - Pak,transport,http://www.central.pk,+92 21 38888979,"S-258, 2nd Floor, Glass Towers - Clifton, Karachi, Sindh",https://www.businesslist.pk/company/244228/central-shipping-agencies-pak,businesslist_pk,scrapy,transport,2026-08-18T19:35:36.839513+00:00
Global Logistic Group,courier services,https://www.globallogisticgroup.com,+92(052) 4297797,"Office # B3, floor 3rd, Toheed Tower, Agha Kamal Haider, Sialkot Cantonment, Sialkot, 51310, Sialkot",https://www.businesslist.pk/company/257520/global-logistic-group,businesslist_pk,scrapy,courier-services,2026-08-18T19:35:38.354898+00:00
Bindawood Logistics Services,package shipping,,02132410820-1,"Address: Office No. 7/16 7th Floor Arkay Square Extension Shahrah-e-Liaquat New Challi Karachi , Karachi, Sindh",https://www.businesslist.pk/company/249043/bindawood-logistics-services,businesslist_pk,scrapy,package-shipping,2026-08-18T19:35:40.486255+00:00
Pakistan Movers &amp; Packers,package shipping,https://www.pakistanmovers.com,03352612665,"zamamza commercial lane 5, Karachi, Sindh",https://www.businesslist.pk/company/252706/pakistan-moverspackers,businesslist_pk,scrapy,package-shipping,2026-08-18T19:35:42.547397+00:00
Pakistan National Chemical Industries (Pvt) Ltd.,package shipping,https://www.pnsc.com.pk/,"(92 853) 303095, +92-21-99203980","Plot No.A 226-231, H.I.T.E. Hub (Baluchistan), Swabi, Sindh",https://www.businesslist.pk/company/154518/pakistan-national-chemical-industries-pvt-ltd,businesslist_pk,scrapy,package-shipping,2026-08-18T19:35:44.523120+00:00
Al Aziz,package shipping,,"92-573-553300/555102/103, +92 41 2423633"," Bhoun Chowk, Punjab, Chakwal, Punjab",https://www.businesslist.pk/company/136826/al-aziz,businesslist_pk,scrapy,package-shipping,2026-08-18T19:35:46.648712+00:00
Freight Connection Pakistan (pvt.) Ltd.,package shipping,http://www.fcppl.com,"9221-2200546, +9221 3 5147777","Ground Fl., West Wharf Road, Sindh, Karachi, Sindh",https://www.businesslist.pk/company/129501/freight-connection-pakistan-pvt-ltd,businesslist_pk,scrapy,package-shipping,2026-08-18T19:35:47.867257+00:00
Eagle Movers &amp; Packers,package shipping,http://www.quickpackers.com.pk,0512102078,"789, Islamabad, Islamabad Capital Territory",https://www.businesslist.pk/company/240173/eagle-moverspackers,businesslist_pk,scrapy,package-shipping,2026-08-18T19:35:50.033364+00:00
Combined Freight International (NVOCC),package shipping,,21324657415,"Shahrah-e-Liaquat, Gari Khata, Karachi, Karachi City, Sindh, Karachi, Sindh",https://www.businesslist.pk/company/251432/combined-freight-international-nvocc,businesslist_pk,scrapy,package-shipping,2026-08-18T19:35:51.684234+00:00
Artistic Apparels (pvt) Ltd.,package shipping,http://www.artisticapparels.com,"(92 21) 34300077, (92 21) 34300085, +92 21 111 786 134, +92 21 111 786 135 136","Dr. Mahmood Husain Road, Pakistan Employees Co-Operative Housing Society Block 6 PECHS, Karachi, Sindh",https://www.businesslist.pk/company/195938/artistic-apparels-pvt-ltd,businesslist_pk,scrapy,package-shipping,2026-08-18T19:35:53.554499+00:00
Esskay International,package shipping,,+924200000000,"CANAL BANK LAHORE, Lahore, Punjab",https://www.businesslist.pk/company/252274/esskay-international,businesslist_pk,scrapy,package-shipping,2026-08-18T19:35:55.407027+00:00
Timesaco,package shipping,,051111888809,"F-8, Islamabad, Islamabad, Islamabad Capital Territory",https://www.businesslist.pk/company/250742/timesaco,businesslist_pk,scrapy,package-shipping,2026-08-18T19:35:57.654239+00:00
Ehsan Enterprises Goods Transport,package shipping,https://ehsangoods.com/,03008164060,"Ehsan Enterprises Goods Transport Company Plot B, Mound, 84 number plot D Block, Lahore, Lahore, Punjab",https://www.businesslist.pk/company/248902/ehsan-enterprises-goods-transport,businesslist_pk,scrapy,package-shipping,2026-08-18T19:35:59.111626+00:00
Unique Agency,package shipping,http://uniqueagencycargo.wixsite.com/uniqueagency,03348563967,"Office#2, Main Road Phase II, Fazal Town. Rawalpindi, Punjab Pakistan, Rawalpindi, Punjab",https://www.businesslist.pk/company/247990/unique-agency,businesslist_pk,scrapy,package-shipping,2026-08-18T19:36:00.681336+00:00
Ehsan Enterprises Goods Transport Company,package shipping,,03008164060,"EHSAN ENTERPRISES GOODS TRANSPORT COMPANY, Truck Stand Road, Lahore, Lahore, Punjab",https://www.businesslist.pk/company/248928/ehsan-enterprises-goods-transport-company,businesslist_pk,scrapy,package-shipping,2026-08-18T19:36:01.908472+00:00
Master Movers,package shipping,https://www.mastermovers.com.pk,+923009421640,"Suite No. 5, 2nd Floor, Allah Hu Building, Cavalry Ground, Lahore, Punjab, Lahore",https://www.businesslist.pk/company/257197/master-movers,businesslist_pk,scrapy,package-shipping,2026-08-18T19:36:03.777185+00:00
All my Tech,package shipping,https://allmytech.pk,+92 321 2134152,"39-C, Rahat Lane 3، Khayaban-e-Rahat،, Rahat Commercial Area Phase 6 Defence Housing Authority, Karachi, Karachi City, Sindh 74000, Karachi",https://www.businesslist.pk/company/256063/all-my-tech,businesslist_pk,scrapy,package-shipping,2026-08-18T19:36:05.868174+00:00
Khyber Courier Service,courier services,https://khybercourier.com.pk,03018353450,"Swabi City, Swabi, Khyber Pakhtunkhwa",https://www.businesslist.pk/company/252444/khyber-courier-service,businesslist_pk,scrapy,courier-services,2026-08-18T19:36:08.095741+00:00
TFT Worldwide Express,courier services,https://www.facebook.com/tftcouriers,+92-52-3573535,"Nawab Plaza Kashmir Road Near Sublime Chowk, Sialkot, Punjab",https://www.businesslist.pk/company/235448/tft-international-courier,businesslist_pk,scrapy,courier-services,2026-08-18T19:36:10.038666+00:00
Leopards Courier Service Multan Road Lahore,courier services,https://leopards-courier-service-multan-road-lahore.business.site/,(042) 111 300 786,"SHOP # 03 AWAN TOWN NEAR GOURMET BAKERS Near Bank Alfalah, kakay zai, MULTAN ROAD, Lahore, Punjab",https://www.businesslist.pk/company/252206/leopards-courier-service-multan-road-lahore,businesslist_pk,scrapy,courier-services,2026-08-18T19:36:11.528593+00:00
Praetorian Pvt Ltd,courier services,https://www.praetorian-pk.com/,(+9221) 35376491-99,"Office No. 311, 3rd Floor The Forum, Clifton Block 9, Karachi-75600, Pakistan, Karachi, Sindh",https://www.businesslist.pk/company/251578/praetorian-pvt-ltd,businesslist_pk,scrapy,courier-services,2026-08-18T19:36:13.351902+00:00
Forrun - Cash on Delivery Service,courier services,http://forrun.co/,021 111 367 786,"Plot no. 195 block A, Sindhi Muslim. Karachi, Karachi, Sindh",https://www.businesslist.pk/company/249347/forrun-cash-on-delivery-service,businesslist_pk,scrapy,courier-services,2026-08-18T19:36:15.096012+00:00
Movers And Packers,courier services,http://www.moversandpackers.com.pk,02132201709,"Shop 1 shama plaza kharadar karachi, Karachi, Sindh",https://www.businesslist.pk/company/251266/movers-and-packers,businesslist_pk,scrapy,courier-services,2026-08-18T19:36:16.561801+00:00
Fast Route Runer Worldwide Express Pvt Ltd,courier services,,+923041345111,"Academy Road Fatehabad, Lahore, Lahore",https://www.businesslist.pk/company/258418/fast-route-runer-worldwide-express-pvt-ltd,businesslist_pk,scrapy,courier-services,2026-08-18T19:36:18.026031+00:00
Pexus Logistics,courier services,,+92-316-4504554,"Land Mark Plaza Jail Road, Lahore, Punjab",https://www.businesslist.pk/company/258322/pexus-logistics,businesslist_pk,scrapy,courier-services,2026-08-18T19:36:20.131874+00:00
Costa Logistics Packers &amp; Movers in Pakistan,courier services,https://www.costa.com.pk,+923214108433,"Office No 411 4th Floor Land Mark Plaza Jail Road Lahore, Lahore, Punjab",https://www.businesslist.pk/company/197422/costa-logistics-packersmovers,businesslist_pk,scrapy,courier-services,2026-08-18T19:36:22.363235+00:00
Immediate Couriers,courier services,http://www.immediatecouriers.com,0092-42-35881800,"Suit # 3, 1st Floor Mehboob Arcade Firdous Market Gulberg 3, Lahore, Punjab",https://www.businesslist.pk/company/249407/immediate-couriers,businesslist_pk,scrapy,courier-services,2026-08-18T19:36:24.249663+00:00
DTD Worldwide Express Pvt Ltd,courier services,https://www.dtd.com.pk/,+923334414140,"45 P, Gulberg 2, Lahore, Punjab",https://www.businesslist.pk/company/245729/dtd-worldwide-express-pvt-ltd,businesslist_pk,scrapy,courier-services,2026-08-18T19:36:26.457309+00:00
Expost Gulshan Office,courier services,http://www.expost.com.pk,0092-21-34960329,"Shop # A-1 / 32, Haider Plaza, Gulshan-e-Iqbal, Block 5 , Main Rashid Minhas Road, Karachi, Karachi, Sindh",https://www.businesslist.pk/company/243549/expost-intl-courier,businesslist_pk,scrapy,courier-services,2026-08-18T19:36:28.245523+00:00
Linkers Logistics Movers and Packers Freight Agent,courier services,http://www.linkerslogistics.com,03214504056,"329 Land Mark Plaza Gulberg Jail road lahore, Lahore, Punjab",https://www.businesslist.pk/company/235061/linkers-logistics-packersmovers,businesslist_pk,scrapy,courier-services,2026-08-18T19:36:30.133825+00:00
Leopards Courier Service (pvt) Ltd. (main Office),courier services,http://www.leopardscourier.com,"(92 41) 8732162, 8732262, UAN : (92 41) 111-300-786, +92 41 8732162","Imtiaz Shaheed Rd, Block W Madina Town, Faisalabad, Punjab",https://www.businesslist.pk/company/184709/leopards-courier-service-pvt-ltd-main-office,businesslist_pk,scrapy,courier-services,2026-08-18T19:36:32.012580+00:00
Executive Packers and Movers,courier services,http://www.executivepackers.com,+923335303000,"office 39 ground floor sharjah plaza g10 markaz islamabad, Islamabad",https://www.businesslist.pk/company/257844/executive-packers-and-movers,businesslist_pk,scrapy,courier-services,2026-08-18T19:36:33.892344+00:00
Aramex Courier Service,courier services,http://www.aramex.com,+922134536626,"Amber Towers Block 6 P.E.C.H.S Main Shahr-E-Faisal Karachi, Karachi",https://www.businesslist.pk/company/257424/aramex-courier-service,businesslist_pk,scrapy,courier-services,2026-08-18T19:36:35.636842+00:00
Pace Logistics PK,courier services,,+923077869949,"Al Khalil Center 3rd Floor office # 416, Kashmir Road Sialkot – Pakistan, Sialkot",https://www.businesslist.pk/company/258604/pace-logistics-pk,businesslist_pk,scrapy,courier-services,2026-08-18T19:36:37.236907+00:00
DHL Express,courier services,http://www.dhl.com,+923024898663,"Office # G-16, Nawab Palaza Main Shadman Market Lahore, Lahore, Punjab",https://www.businesslist.pk/company/252719/dhl-express,businesslist_pk,scrapy,courier-services,2026-08-18T19:36:38.899231+00:00
Easy Movers And Packers,transport,https://easymovers.pk/,03004023092,"Easy Packers Movers And Goods Transport Company , Lahore, Punjab",https://www.businesslist.pk/company/250426/easy-movers-and-packers,businesslist_pk,scrapy,transport,2026-08-18T19:36:40.056484+00:00
Asad Enterprises,transport,http://www.asadtransport.com,02135057788,"C-209, Sector 31-F, Dar-us-Salam Society, Main Korangi Road, Karachi , Karachi, Sindh",https://www.businesslist.pk/company/246189/asad-enterprises,businesslist_pk,scrapy,transport,2026-08-18T19:36:41.378240+00:00
24 Hour Rent A Car &amp; Tours,transport,http://www.facebook.com/24hourrentacarandtoursofficial,04237175637,"Main Boulevard DHA Phase 4 Lahore, Lahore, Punjab",https://www.businesslist.pk/company/254022/24-hour-rent-a-cartours,businesslist_pk,scrapy,transport,2026-08-18T19:36:42.384746+00:00
HQ Logistics,transport,,+923459313168,"main national highway Sukkur, Sukkur",https://www.businesslist.pk/company/258841/hq-logistics,businesslist_pk,scrapy,transport,2026-08-18T19:36:44.442967+00:00
Asad Enterprises,transport,http://www.asadtransport.com,02135057788,"C-209, Sector 31-F, Dar us Salam Society, Main Korangi Road, Karachi, Sindh",https://www.businesslist.pk/company/246041/asad-enterprises,businesslist_pk,scrapy,transport,2026-08-18T19:36:46.642707+00:00
Al Madina Rent A Car,transport,http://www.almadinarentacar.com,+924235923940,"17-F-1, Main Punjab CO-Operative Housing Society, Lahore, Punjab",https://www.businesslist.pk/company/245152/al-madina-rent-a-car,businesslist_pk,scrapy,transport,2026-08-18T19:36:48.351491+00:00
Costa Movers &amp; Packers Pakistan,transport,http://www.costa.com.pk,03214108433,"2nd Floor Gul Plaza F 10 Markaz, Islamabad, Islamabad Capital Territory",https://www.businesslist.pk/company/240395/costa-moverspackers-pakistan,businesslist_pk,scrapy,transport,2026-08-18T19:36:50.413553+00:00
Talal Goods Tansport Company,transport,https://talalgoods.com/,0301 8416275,"Talal Packers And Movers DHA Phase 1 Sector G 110 1st Floor Lahore , Lahore, Punjab",https://www.businesslist.pk/company/248915/talal-goods-tansport-company,businesslist_pk,scrapy,transport,2026-08-18T19:36:51.507444+00:00
Travel Lounge,transport,http://www.travellounge.com.pk,04235694638,"First Floor 268 Y Block Commerical Area Phase III DHA Lahore, Lahore, Punjab",https://www.businesslist.pk/company/240045/travel-lounge,businesslist_pk,scrapy,transport,2026-08-18T19:36:53.588425+00:00
Rehman Rent A car,transport,http://www.rehmanrentacar.com,0092-321-5440807,"E-251/1, Street no. 5, Main Bazar, Qasimpura, Cantt Lahore, Lahore, Punjab",https://www.businesslist.pk/company/243004/rehman-rent-a-car,businesslist_pk,scrapy,transport,2026-08-18T19:36:55.808689+00:00
A.S. Logistic Services,transport,http://www.aslogisticservices.com,02134324941,"Office No SM 12 Al Kamran Center Mezzanine Floor Shahr e Faisal, Block 6 P.E.C.H.S,  Near Dehli Sweets.. Karachi, Karachi, Sindh",https://www.businesslist.pk/company/251346/as-logistic-services,businesslist_pk,scrapy,transport,2026-08-18T19:36:57.892769+00:00
ViP Cab Taxi Rent A Car &amp; Driving School,transport,http://vip-rent-a-car-driving-school.business.site/,03060602202,"Kashmir road, Sialkot, Punjab",https://www.businesslist.pk/company/245163/vip-cab-taxi-rent-a-cardriving-school,businesslist_pk,scrapy,transport,2026-08-18T19:36:59.678817+00:00
Al-Shahbaz,transport,http://www.alshahbaz.com,"03-111-000-065, +92 48 3214965","opp. General bus stand, Fatima Jinnah road, Sargodha, Punjab",https://www.businesslist.pk/company/219862/al-shahbaz,businesslist_pk,scrapy,transport,2026-08-18T19:37:01.062717+00:00
Sprint Packers n Movers,logistics,,+9221-35443288,"Head office KarachiI: Suite # 306 3rd Floor Nafees Arcade Gulshan-e-iqbal, K.D.A.Scheme-7, Karachi, Karachi, Sindh",https://www.businesslist.pk/company/242494/sprint-packers-n-movers,businesslist_pk,scrapy,logistics,2026-08-18T19:37:02.634426+00:00
New United Goods Forwarding Agency (NUGFA),logistics,https://www.facebook.com/nugfa1,+92 32201278,"Plot # A-616, Gate#1, St. # 1 New Quaid-e-Azam Truck Stand, Hawksbay Road, Mauripur, Karachi, Pakistan., Karachi",https://www.businesslist.pk/company/258412/new-united-goods-forwarding-agency-nugfa,businesslist_pk,scrapy,logistics,2026-08-18T19:37:04.230261+00:00
Azam afridi goods transport co.,logistics,,042-37702053,"437 Ravi link road lahore pakistan., punjab, Lahore, Punjab",https://www.businesslist.pk/company/137994/azam-afridi-goods-transport-co,businesslist_pk,scrapy,logistics,2026-08-18T19:37:05.661314+00:00
KMW Domestic &amp; International Courier &amp; Cargo (Pvt.) Limited,logistics,http://www.kmwinternational.com,0992382800,"Office No 4 Amin Plaza PMA Link Road Jinnah Abad Abbottabad Pakistan, Abbottabad, Khyber Pakhtunkhwa",https://www.businesslist.pk/company/241284/kmw-domesticinternational-couriercargo-pvt-limited,businesslist_pk,scrapy,logistics,2026-08-18T19:37:07.319407+00:00
Packers and Movers Karachi Lahore Islamabad Multan,logistics,http://www.ghourilogistics.com,"+92 21 3236128, +92 311-111-5262","Suit M279 Main tower jilani center karachi, Karachi, Sindh",https://www.businesslist.pk/company/163523/packers-and-movers-karachi-lahore-islamabad-multan,businesslist_pk,scrapy,logistics,2026-08-18T19:37:09.248312+00:00
Linex Freight Services,logistics,http://www.linexfreight.com,+92523553300,"Opposite Iqbal Town , Defence Road, Sialkot",https://www.businesslist.pk/company/258701/linex-freight-services,businesslist_pk,scrapy,logistics,2026-08-18T19:37:11.373567+00:00
Mushtriqa Mianwali Goods Transport,logistics,https://www.facebook.com/MushtriqaMianwaliGoodsTranport/,+923024877975,"Plot No 30 New sabzazar Truck stand Band Road Lahore, Lahore, Punjab",https://www.businesslist.pk/company/244614/mushtriqa-mianwali-goods-transport,businesslist_pk,scrapy,logistics,2026-08-18T19:37:13.108417+00:00
Balance Logistics &amp; Relocations,logistics,http://www.balancelog.com.pk,"+92-323-4218653, +92 42 32560356","4-5 Land Mark Plaza Jail Road, Lahore, Punjab",https://www.businesslist.pk/company/235089/balance-logisticsrelocations,businesslist_pk,scrapy,logistics,2026-08-18T19:37:14.522292+00:00
H.O. ENTERPRISES,logistics,http://www.Hoe.com.pk,2422184 / 2471738,"Suite no 603/604 Al-Rahim tower ii Chundrigar road karachi pakistan, Karachi, Sindh",https://www.businesslist.pk/company/138727/ho-enterprises,businesslist_pk,scrapy,logistics,2026-08-18T19:37:16.477262+00:00
Happy Movers,logistics,http://www.happy-movers.com,+92 21 35810286,"Suite # 1 Mezzanine Floor, 1-E 7th Zamzama Commercial Lane, Phase V DHA Karachi - Pakistan., Karachi, Sindh",https://www.businesslist.pk/company/242769/happy-movers,businesslist_pk,scrapy,logistics,2026-08-18T19:37:18.311836+00:00
Galaxy Movers and Packers,logistics,https://www.galaxymovers.pk,03002563255,"Magnum Tower, Plot No LS-1, Main Korangi Industrial Rd, Sector 15 Korangi Industrial Area Karachi, Sindh. Karachi, 75900, Karachi, Sindh",https://www.businesslist.pk/company/243583/galaxy-movers-and-packers,businesslist_pk,scrapy,logistics,2026-08-18T19:37:20.179642+00:00
National Logistics Corporation (NLC),logistics,https://www.nlc.com.pk,"+92 21-9205462, +92 21- 2850394, +92 21- 2850990, +92 51-111-652-000, +92 21-99205459","Near New Haji Camp, Mai Kolachi Road, Sultanabad, Karachi, Sindh",https://www.businesslist.pk/company/138965/national-logistics-corporation-nlc,businesslist_pk,scrapy,logistics,2026-08-18T19:37:22.394565+00:00
Little Riders,logistics,https://www.facebook.com/littleriders.pk,03334374943,"Zainab Tower, Model Town, Link Road, Lahore, Punjab",https://www.businesslist.pk/company/240162/little-riders,businesslist_pk,scrapy,logistics,2026-08-18T19:37:24.602736+00:00
Fast Movers and Packers,logistics,https://fastmovers.pk/,+92 300 3738505,"50-B Punjab Small Industries Employees Co operative Housing Society Lahore Cantt, Lahore",https://www.businesslist.pk/company/258868/fast-movers-and-packers,businesslist_pk,scrapy,logistics,2026-08-18T19:37:26.612727+00:00
Ishfaq Movers And Packers,logistics,https://www.ishfaqmovers.com,03041111369,"138, Shop No 11, Plot No, 17 East St, near Toyota Defence, D.H.A. Phase 1 Karachi, 75500, Karachi, Sindh",https://www.businesslist.pk/company/249813/ishfaq-movers-and-packers,businesslist_pk,scrapy,logistics,2026-08-18T19:37:28.231704+00:00
National Logistics Corporation (NLC),logistics,https://www.nlc.com.pk/,(051) 111 652 000,"Headquarters national logistics corporation, Harding Rd, Rawalpindi, Punjab 46000, Rawalpindi, Punjab",https://www.businesslist.pk/company/258729/national-logistics-corporation-nlc,businesslist_pk,scrapy,logistics,2026-08-18T19:37:29.257137+00:00
Facilities Shipping Agency,logistics,http://www.fsa.com.pk,+92 21 34328820-8,"Plot 206/A SMCHS Karachi Pakistan, Karachi, Sindh",https://www.businesslist.pk/company/129485/facilities-shipping-agency,businesslist_pk,scrapy,logistics,2026-08-18T19:37:30.434710+00:00
Ali Textiles Multan,textile,http://www.alitextiles.com,03217300174,"sharif pura b aziz colony stree 2 multan pakistan, aziz colony stree 2 multan pakistan, Multan, Punjab",https://www.businesslist.pk/company/252011/ali-textiles-multan,businesslist_pk,scrapy,textile,2026-08-18T19:37:40.296238+00:00
Brilliant Management system,food manufacturing,http://www.bmspk.org/,+92-21-34551799,"Suite No. S-9, 2nd Floor, Zain Mall, Tariq Road, Block 2, PECHS, Karachi., Karachi, Sindh",https://www.businesslist.pk/company/241142/brilliant-management-system,businesslist_pk,scrapy,food-manufacturing,2026-08-18T19:37:41.616882+00:00
Mehboob Interior,furniture manufacturers,,+923166300000,"House # 300, H-2, Johar Town, Lahore, Lahore",https://www.businesslist.pk/company/258612/mehboob-interior,businesslist_pk,scrapy,furniture-manufacturers,2026-08-18T19:37:43.579061+00:00
Ahsan Corporation,industrial equipment,https://ahsancorporation.com/,"+92 21 32416037, +92 213 2415992","3rd Floor, State Life building, 6 Muhammad Ali Jinnah Rd, Karachi, Khyber Pakhtunkhwa",https://www.businesslist.pk/company/249840/ahsan-corporation,businesslist_pk,scrapy,industrial-equipment,2026-08-18T19:37:45.537801+00:00
Z.M Enterprises,estate agents,https://www.youtube.com/@z.menterprises3006,"03168595370, +923002106878","DHA Karachi , Karachi, Sindh",https://www.businesslist.pk/company/251414/zm-enterprises,businesslist_pk,scrapy,estate-agents,2026-08-18T19:37:46.841433+00:00
Nasar Estate,estate agents,http://nasarestate.com,"03004974631, 03434551474,03428625424","335-B, Iqbal Avenue Khyaban-e-jinah Road Near Shakut khanam Hospital Lahore, 54770, Lahore, Punjab",https://www.businesslist.pk/company/243907/nasar-estate,businesslist_pk,scrapy,estate-agents,2026-08-18T19:37:48.820676+00:00
Wadaan Enterprises,estate agents,,0213-5843526,"Plot 29 C Lane 6 Ittehad Commercial DHA Karachi, Karachi, Sindh",https://www.businesslist.pk/company/242599/wadaan-enterprises,businesslist_pk,scrapy,estate-agents,2026-08-18T19:37:50.734263+00:00
Royal Business Solutions (RBS),estate agents,https://rbsland.com/,"+92 51 5172681, +923331111306","Plot 13, Adjacent D Mall, G.T. Rd, Sector A DHA Phase II Islamabad, Islamabad Capital Territory, Pakistan-44000, Rawalpindi, Punjab",https://www.businesslist.pk/company/252371/royal-business-solutions-rbs,businesslist_pk,scrapy,estate-agents,2026-08-18T19:37:52.541435+00:00
Jaidaadonline.com,estate agents,https://www.jaidaadonline.com,+923333223911,"Plot # SC-1, Suit # 12, Mohammadi Building Block A North Nazimabad, Karachi",https://www.businesslist.pk/company/258312/jaidaadonlinecom,businesslist_pk,scrapy,estate-agents,2026-08-18T19:37:54.402950+00:00
Mustafa Marketing and Real Estate,estate agents,https://mustafamarketing1.weebly.com/,+923153530711,"taiser town l 663 sector 36e , Karachi",https://www.businesslist.pk/company/258900/mustafa-marketing-and-real-estate,businesslist_pk,scrapy,estate-agents,2026-08-18T19:37:56.493275+00:00
Alee Associates Real Estate Investment Consultants,estate agents,https://aleeassociates.com/,0515916004,"Office # 4-A/27، Defence Business Bay, Sector F DHA Phase 1, Islamabad, Islamabad, Islamabad Capital Territory",https://www.businesslist.pk/company/244495/alee-associates-real-estate-investment-consultants,businesslist_pk,scrapy,estate-agents,2026-08-18T19:37:58.736934+00:00
Realty Investments,estate agents,https://realtyinvestments.pk/,+923000732589,"Suite # 4, Ground Floor, Prime Beach View Apartments, Block-4, Clifton, Karachi, Pakistan, Karachi",https://www.businesslist.pk/company/258691/realty-investments,businesslist_pk,scrapy,estate-agents,2026-08-18T19:38:00.856234+00:00
Arish Associates,estate agents,http://www.arish.com.pk,"02135347117,18","11-C Lane 7 Ittehad Commercial DHA Phase 6 Karachi, Karachi, Sindh",https://www.businesslist.pk/company/246719/arish-associates,businesslist_pk,scrapy,estate-agents,2026-08-18T19:38:02.775136+00:00
Nouman Estate &amp; Builders,estate agents,http://www.noumanestate.com,+92 42 35873700-01,"74-A-3, Block D1, Liberty Market, Near Capri Cinema, Gulberg III, lahore, Lahore, Punjab",https://www.businesslist.pk/company/245065/nouman-estatebuilders,businesslist_pk,scrapy,estate-agents,2026-08-18T19:38:04.505568+00:00
Summa Marketing Pvt Ltd,estate agents,https://summamarketing.com.pk/,+923202020101,"92-G DHA Phase 1, Lahore",https://www.businesslist.pk/company/258664/summa-marketing-pvt-ltd,businesslist_pk,scrapy,estate-agents,2026-08-18T19:38:06.283344+00:00
Ismail Estate,estate agents,http://ismailestate.blogspot.com/,92 03028118161,"Shop no :1 Plot # C4, Shop # 3, Zeenatabad Scheme -33, Karachi, Karachi, Sindh",https://www.businesslist.pk/company/243962/ismail-estate,businesslist_pk,scrapy,estate-agents,2026-08-18T19:38:08.238201+00:00
Graana - Smartest Property Portal,estate agents,https://www.graana.com,"111-555-555, +923335104007","Level 5, 44 East Plaza, Fazl ul Haq Road, Blue Area, Islamabad, Islamabad, Islamabad Capital Territory",https://www.businesslist.pk/company/248737/graana-smartest-property-portal,businesslist_pk,scrapy,estate-agents,2026-08-18T19:38:10.027201+00:00
Emlak Estate B-17 Islamabad,estate agents,https://b17properties.pk,+923149642884,"Office#12,2nd Floor, Block A Multi Gardens B-17, Islamabad,44000, Islamabad, Islamabad Capital Territory",https://www.businesslist.pk/company/250843/emlak-estate-b-17-islamabad,businesslist_pk,scrapy,estate-agents,2026-08-18T19:38:11.444287+00:00
Sigma Properties and Marketing Pvt Ltd,estate agents,https://sigmaproperties.com.pk/,051111477488,"4th Floor, Redco Plaza, Blue Area, Islamabad, Islamabad Capital Territory",https://www.businesslist.pk/company/252370/sigma-properties-and-marketing-pvt-ltd,businesslist_pk,scrapy,estate-agents,2026-08-18T19:38:13.559705+00:00
Rahman Property Dealer Timergara,estate agents,https://www.facebook.com/rahmanpropertydealer/,0945824030,"1st FLOOR LAST BLOCK ZEB CITY CENTER TIMERGARA DIR LOWER KPK PAKISTAN, Timergara, Khyber Pakhtunkhwa",https://www.businesslist.pk/company/245347/rahman-property-dealer,businesslist_pk,scrapy,estate-agents,2026-08-18T19:38:15.689535+00:00
Executive Real Estate Group,estate agents,https://www.fb.me/executivegrouppk,03018626291,"178 Palm Commercial, Royal Palm City, Gujranwala, Gujranwala, Punjab",https://www.businesslist.pk/company/244632/executive-real-estate-group,businesslist_pk,scrapy,estate-agents,2026-08-18T19:38:17.556913+00:00
Arcon Associates,estate agents,http://www.arcon.pk,+92-42- 37169006,"Office No 1, First Floor Nehal Plaza KBHS Society New Airport Road Lahore Cantt., Lahore, Punjab",https://www.businesslist.pk/company/242841/arcon-associates,businesslist_pk,scrapy,estate-agents,2026-08-18T19:38:19.638586+00:00
Lion HDB,estate agents,https://lionhdb.com,+923111222977,"338 MB, Sector A, DHA Phase 6,, Lahore",https://www.businesslist.pk/company/258346/lion-hdb,businesslist_pk,scrapy,estate-agents,2026-08-18T19:38:21.717644+00:00
RealtorOnline,estate agents,https://realtoronline.pk,+923143334990,"A-4, 1st Floor, Toshi Square, Main University Rd, near Al Mustafa Medical Center, Block 13 C Gulshan-e-Iqbal, Karachi, 75300, Karachi",https://www.businesslist.pk/company/258785/realtoronline,businesslist_pk,scrapy,estate-agents,2026-08-18T19:38:23.351470+00:00
Multi-Task,industrial equipment,http://www.multitask.com.pk,00922136612888,"B-208, Hasrat Mohani Colony, Mangho Pir Road, Karachi-75700, Karachi, Sindh",https://www.businesslist.pk/company/245062/multi-task,businesslist_pk,scrapy,industrial-equipment,2026-08-18T19:38:25.588204+00:00
Pak Machinery,industrial equipment,http://www.pakmachinery.com,03332283898,"Suit # 33 &amp; 34 Gomal Higway Trade center Sohrab Goth Karachi, Karachi, Sindh",https://www.businesslist.pk/company/259005/pak-machinery,businesslist_pk,scrapy,industrial-equipment,2026-08-18T19:38:27.550214+00:00
Moss Electrical Conduit Pipe &amp; Fittings,industrial equipment,,+923322363784,"LF-32, Landhi Industrial Area, 74900, Karachi., Karachi",https://www.businesslist.pk/company/258855/moss-electrical-conduit-pipefittings,businesslist_pk,scrapy,industrial-equipment,2026-08-18T19:38:29.353815+00:00
New Hyderi Traders,industrial equipment,https://www.facebook.com/profile.php?id=100086620570543&mibextid=9R9pXO,+92 314 4492442,"Shop 404 ,Opposite Haji Shah Dargah, Saddar Bohri Bazar, Hyderabad, Sindh, Hyderabad, Sindh",https://www.businesslist.pk/company/126721/new-hydri-traders,businesslist_pk,scrapy,industrial-equipment,2026-08-18T19:38:30.407439+00:00
S.s. Farooq Mechanical Industries,industrial equipment,https://www.facebook.com/ssfarooq,+92 300 6417722,"Liaquat Rd, near Islamia College Road, Garjakh, 52250, Gujranwala, Punjab",https://www.businesslist.pk/company/195299/ss-farooq-mechanical-industries,businesslist_pk,scrapy,industrial-equipment,2026-08-18T19:38:32.134934+00:00
Sbestore:Electronic store in Pakistan,industrial equipment,https://www.sbestore.com/,+92-347-5273005,"Floor no.1, 1/26 Dingha Singh Building, Beadon Rd, Lahore، Lahore 54000, Lahore, Punjab",https://www.businesslist.pk/company/247449/sbestoreelectronic-store-in-pakistan,businesslist_pk,scrapy,industrial-equipment,2026-08-18T19:38:33.344921+00:00
Graphene industries,industrial equipment,,+92 306 1345448,"H# 342 (Lower Ground Floor).  Ravi Road,  G-8/2. Islamabad 44000 Pakistan., Islamabad",https://www.businesslist.pk/company/258376/graphene-industries,businesslist_pk,scrapy,industrial-equipment,2026-08-18T19:38:34.615544+00:00
Avery Pakistan Pvt Ltd,industrial equipment,,"+923002012316, 92 213 4825479","AR 16, Block 10 Gulshan e Iqbal Karachi, Karachi",https://www.businesslist.pk/company/258452/avery-pakistan-pvt-ltd,businesslist_pk,scrapy,industrial-equipment,2026-08-18T19:38:36.251104+00:00
Properdex International,industrial equipment,http://www.properdexshop.com,+16034035822,"Georgetown, Taxes",https://www.businesslist.pk/company/253395/properdex-international,businesslist_pk,scrapy,industrial-equipment,2026-08-18T19:38:38.433165+00:00
Diesel Generators For sale and Rent in Islamabad,industrial equipment,,+923335435090,"3rd Floor Al asghar Plaza main blue area, Islamabad",https://www.businesslist.pk/company/258632/diesel-generators-for-sale-and-rent-in-islamabad,businesslist_pk,scrapy,industrial-equipment,2026-08-18T19:38:40.579403+00:00
Tek Engineering Services,industrial equipment,http://www.tek.com.pk,03214645081,"Plot No. 171, Sundar Industrial Estate, Lahore, Punjab",https://www.businesslist.pk/company/241496/tek-engineering-services,businesslist_pk,scrapy,industrial-equipment,2026-08-18T19:38:42.367666+00:00
Hi Tech Engineering Works,industrial equipment,http://www.hitechint.net,"03005899041, +92 (42) 36311881","CB 76 / 27, Near Sharif Hospital , GT Road Wah Cantt , Rawalpindi.i, Rawalpindi, Punjab",https://www.businesslist.pk/company/244232/hi-tech-engineering-works,businesslist_pk,scrapy,industrial-equipment,2026-08-18T19:38:44.421362+00:00
GD Energy,industrial equipment,http://www.tinyurl.com/GDEnergy,+923399102023,"main GT road 347-3D DAROGAWALLA LAHORE, Lahore",https://www.businesslist.pk/company/258650/gd-energy,businesslist_pk,scrapy,industrial-equipment,2026-08-18T19:38:46.315000+00:00
Fair Weighing (pvt) Ltd,industrial equipment,https://www.weighpak.com/,92-21-5210295,"609 PANORAMA CENTRE, FATIMA JINNAH ROAD, SADDAR, KARACHI-PAKISTAN., Karachi, Sindh",https://www.businesslist.pk/company/249295/fair-weighing-pvt-ltd,businesslist_pk,scrapy,industrial-equipment,2026-08-18T19:38:48.039257+00:00
AFNAN GEAR Manufacturers of Boxing,industrial equipment,http://www.afnangear.com,03328606035,"Building # 12/334 New Abadi Habib Pura Sialkot, Sialkot, Punjab",https://www.businesslist.pk/company/243433/afnan-gear-manufacturers-of-boxing,businesslist_pk,scrapy,industrial-equipment,2026-08-18T19:38:50.240987+00:00
Vertex Electronics (Pvt.) Ltd.,industrial equipment,http://www.vertex.pk,032-35120190,"190/S, Q.I.E, Kot Lakhpat, Lahore., Lahore, Punjab",https://www.businesslist.pk/company/243468/vertex-electronics-pvt-ltd,businesslist_pk,scrapy,industrial-equipment,2026-08-18T19:38:51.986293+00:00
Anz Traders Singapore,industrial equipment,,"6596225858, (092-42) 35831991","15 JALAN PINANG SINGAPORE 199147, Lahore",https://www.businesslist.pk/company/163490/anz-traders-singapore,businesslist_pk,scrapy,industrial-equipment,2026-08-18T19:38:54.221015+00:00
Kamadi Pakistan,industrial equipment,https://www.kamadi.pk,+923000526234,"A-40, Block C, P.R.E.C.H.S., Gulshan-e-Jamal, Karachi, Pakistan, Karachi",https://www.businesslist.pk/company/258859/kamadi-pakistan,businesslist_pk,scrapy,industrial-equipment,2026-08-18T19:38:56.060352+00:00
Luxury Homes,furniture manufacturers,http://www.rosewood.com.pk,+922135879262,"6/c, 36th Street, Tauheed Commercial, Phase 5, DHA. (next to Sabs Salon), Karachi, Sindh",https://www.businesslist.pk/company/123202/seasons-of-forest-furniture,businesslist_pk,scrapy,furniture-manufacturers,2026-08-18T19:38:57.743491+00:00
MR Pvc Vanity Manufacturer,furniture manufacturers,https://www.facebook.com/MR.PVC.VANITY.MANUFACTURER?mibextid=kFxxJD,+923178400269,"Thoker Niaz Baig Multan Road Lahore , Lahore",https://www.businesslist.pk/company/258397/mr-pvc-vanity-manufacturer,businesslist_pk,scrapy,furniture-manufacturers,2026-08-18T19:38:58.977641+00:00
Edge Kitchens &amp; Cabinetry,furniture manufacturers,https://edgekitchens.ca/Home,+92 321 9461610,"510-511 J Block, Gulshan-e-Ravi, Bund Road, Lahore, Punjab",https://www.businesslist.pk/company/235417/edge-kitchenscabinetry,businesslist_pk,scrapy,furniture-manufacturers,2026-08-18T19:39:00.268133+00:00
Hayat Galleria,furniture manufacturers,http://hayatgalleria.com/,03008307509,"Sifwat Ghayur road univeristy town, Peshawar, Khyber Pakhtunkhwa",https://www.businesslist.pk/company/241689/hayat-galleria,businesslist_pk,scrapy,furniture-manufacturers,2026-08-18T19:39:02.449596+00:00
Minewoods,furniture manufacturers,,+92 320 4413983,"Opposite to shezan factory, multan road,lahore, Lahore",https://www.businesslist.pk/company/258789/minewoods,businesslist_pk,scrapy,furniture-manufacturers,2026-08-18T19:39:04.517580+00:00
First Floor Office World,furniture manufacturers,http://www.firstfloor.com.pk,021-35304261-3 (03 lines),"20-C, Touheed Commercial Area, main 26th Street, Phase 5, DHA., Karachi, Sindh",https://www.businesslist.pk/company/245387/first-floor-office-world,businesslist_pk,scrapy,furniture-manufacturers,2026-08-18T19:39:06.656433+00:00
FINK,furniture manufacturers,,"+923112003000,+923322550918","Nishat Commercial DHA phase 6, Karachi",https://www.businesslist.pk/company/258654/fink,businesslist_pk,scrapy,furniture-manufacturers,2026-08-18T19:39:08.409231+00:00
Leather Galleria,furniture manufacturers,https://www.leathergalleria.pk/,+92 339 4089453,"22 Fairways Commercial Phase – 6 DHA Raya Lahore., Lahore",https://www.businesslist.pk/company/258922/leather-galleria,businesslist_pk,scrapy,furniture-manufacturers,2026-08-18T19:39:09.872816+00:00
Waseeh Online Store,furniture manufacturers,https://www.waseeh.com/,+92 320 1111782,"Hall No 2, opposite to House # 58, Block B OPF Housing Scheme, Lahore, Pakistan, Lahore, Punjab",https://www.businesslist.pk/company/259014/waseeh-online-store,businesslist_pk,scrapy,furniture-manufacturers,2026-08-18T19:39:11.904593+00:00
Z Galleria,furniture manufacturers,https://zeegalleria.com/,+923104790949,"12-J Gulberg-III, Lahore, Lahore",https://www.businesslist.pk/company/258636/z-galleria-furnitures,businesslist_pk,scrapy,furniture-manufacturers,2026-08-18T19:39:14.269789+00:00
Maf International,furniture manufacturers,http://www.mafintl.com,00924235965697,"16 A Zaheer Avenue , Military Accounts , College Road Lahore, Lahore, Punjab",https://www.businesslist.pk/company/246483/maf-international,businesslist_pk,scrapy,furniture-manufacturers,2026-08-18T19:39:16.158982+00:00
Defence Industries,furniture manufacturers,https://www.defencegarments.com,"+923256382756,+923006137553","FGFF+QX7, Hajipura, Sialkot, Punjab 51310, Pakistan, Sialkot",https://www.businesslist.pk/company/257697/defence-industries,businesslist_pk,scrapy,furniture-manufacturers,2026-08-18T19:39:18.134370+00:00
Khawajas.pk,furniture manufacturers,http://www.khawajas.pk,923217451111,"9/293 circuler road,rangpura, wasi shaheedan, Sialkot, Punjab",https://www.businesslist.pk/company/242327/khawajaspk,businesslist_pk,scrapy,furniture-manufacturers,2026-08-18T19:39:20.076062+00:00
Alpial Furniture,furniture manufacturers,http://www.alpialfurniture.com,+923145556659,"Minar Road, Lala Rukh, Wah, Wah Cantonment, Punjab",https://www.businesslist.pk/company/249312/alpial-furniture,businesslist_pk,scrapy,furniture-manufacturers,2026-08-18T19:39:22.071879+00:00
Penterwood,furniture manufacturers,https://www.penterwood.com,+923369454114,"Street 49, Shop 5, Bilal Market, E-11/4, Islamabad, Islamabad",https://www.businesslist.pk/company/258965/penterwood,businesslist_pk,scrapy,furniture-manufacturers,2026-08-18T19:39:24.261325+00:00
Home Desire Furniture,furniture manufacturers,http://www.ssempresa.com,042-35973223,"1st. Floor Saeed Mansion 180-F Ferozpur Road., Lahore, Punjab",https://www.businesslist.pk/company/241155/home-desire-furniture,businesslist_pk,scrapy,furniture-manufacturers,2026-08-18T19:39:26.191603+00:00
Crafted Furniture,furniture manufacturers,https://craftedfurniture.pk/,03051044994,"33 F Main Market Gulberg, Lahore, Punjab",https://www.businesslist.pk/company/252761/crafted-furniture,businesslist_pk,scrapy,furniture-manufacturers,2026-08-18T19:39:28.256182+00:00
Facility Management Associates,furniture manufacturers,http://www.facilitymanagementassociates.com,04237330871,"110 R Lalik Chowk Phase 2 DHA Lahore, Lahore, Punjab",https://www.businesslist.pk/company/241837/facility-management-associates,businesslist_pk,scrapy,furniture-manufacturers,2026-08-18T19:39:29.459089+00:00
KC Interiors,furniture manufacturers,http://www.kcinterior.net,02136646850,"16 Hanif Centre, Block-B, North Nazimabad, Karachi, Karachi, Sindh",https://www.businesslist.pk/company/245508/kc-interiors,businesslist_pk,scrapy,furniture-manufacturers,2026-08-18T19:39:31.470737+00:00
W K Food Industries,food manufacturing,https://wkfis.com.pk,+923338822939,"Suit #14 KDA Offices, Block &quot;A&quot; North Nazimabad, Karachi",https://www.businesslist.pk/company/258663/w-k-food-industries,businesslist_pk,scrapy,food-manufacturing,2026-08-18T19:39:33.239919+00:00
Ahmad Usman Enterprises Private Limited,food manufacturing,https://aue.com.pk,+92 323 4151727,"Plot # 208, 209, Block A 1 China Scheme, Lahore, Punjab",https://www.businesslist.pk/company/253286/ahmad-usman-enterprises-private-limited,businesslist_pk,scrapy,food-manufacturing,2026-08-18T19:39:34.621611+00:00
Amna Packages,food manufacturing,https://www.amnapackages.com.pk/,+923240427193,"Plot B-273, Sector 6-F, Mehran Town, Near Korangi License Branch, Karachi., Karachi, Sindh",https://www.businesslist.pk/company/258271/amnapackages,businesslist_pk,scrapy,food-manufacturing,2026-08-18T19:39:35.922728+00:00
Dcan  Company,food manufacturing,,+923333490199,"Gulshan Iqbal block 3 Kda market Karachi, Sindh, Pakistan-74500, Karachi",https://www.businesslist.pk/company/258877/dcan-company,businesslist_pk,scrapy,food-manufacturing,2026-08-18T19:39:37.643306+00:00
CRISpyNest Foods.,food manufacturing,https://CrispyNastFood.com.pk,+92 3348000289,"Khuwaja Gunj Bazar ,Sikandari Road , Mardan Kpk, Mardan, Khyber Pakhtunkhwa",https://www.businesslist.pk/company/257923/jailani-traders,businesslist_pk,scrapy,food-manufacturing,2026-08-18T19:39:39.200367+00:00
Epets.pk,food manufacturing,,+923134145165,"Lahore City, Pakistan, Lahore",https://www.businesslist.pk/company/258849/epetspk,businesslist_pk,scrapy,food-manufacturing,2026-08-18T19:39:40.503772+00:00
Abbas Fumigation,food manufacturing,http://www.abbasfumigation.webs.com,03002543136,"47, 17/2 Defence View Appartments, Near Iqra University, Defence View, Karachi, Sindh",https://www.businesslist.pk/company/243512/abbas-fumigation,businesslist_pk,scrapy,food-manufacturing,2026-08-18T19:39:41.579834+00:00
Suzhou Huilide Machine Co Ltd,food manufacturing,http://www.hldmachine.com,8651280813856,"No. 555,Beiling Rd.,Beiqiao,Xiangcheng,Suzhou,China, Gujrat, Azad Jammu Kashmir",https://www.businesslist.pk/company/197427/fengqi-industry-co-ltd,businesslist_pk,scrapy,food-manufacturing,2026-08-18T19:39:43.777230+00:00
Hima Salt &amp; Foods,food manufacturing,http://himasaltnfoods.com,+923008244433,"Office R-625, Dastagir, F.B Area , Block 15, Karachi, Pakistan, Karachi",https://www.businesslist.pk/company/258527/hima-saltfoods,businesslist_pk,scrapy,food-manufacturing,2026-08-18T19:39:45.554474+00:00
Adwork Offset Printing Press,food manufacturing,,+92 321 9222014,"Plot No. C-31, Block 4, K.A.E.C.H.S, Karachi, Pakistan, Karachi, Sindh",https://www.businesslist.pk/company/242216/adwork-offset-printing-press,businesslist_pk,scrapy,food-manufacturing,2026-08-18T19:39:47.055994+00:00
Love Cooppa Food Products,food manufacturing,,+923211005607,"Kacha Eimnabad Road, Shadman Colony, Gujranwala. , Gujranwala",https://www.businesslist.pk/company/258365/love-cooppa-food-products,businesslist_pk,scrapy,food-manufacturing,2026-08-18T19:39:49.168593+00:00
Ayan Citrus (private) Limited,food manufacturing,http://www.ayancitrus.com,+92 48 3720009,"House No# 96-98 Block No J Istaqlal Abad Colony Sargodha, Pakistan Post Code 40100, Sargodha, Punjab",https://www.businesslist.pk/company/240161/ayancitrus-private-limited,businesslist_pk,scrapy,food-manufacturing,2026-08-18T19:39:51.264488+00:00
Bunny&#039;s (pvt) Ltd.,food manufacturing,http://bunnys.com.pk/,"+92 42 111 44 2222 , +92 42 35117672","105/A, Quaid-e-Azam Industrial Estate, Kot Lakhpat, Lahore, Punjab",https://www.businesslist.pk/company/108954/bunnys-pvt-ltd,businesslist_pk,scrapy,food-manufacturing,2026-08-18T19:39:53.392175+00:00
Al Khair Plastics,food manufacturing,https://www.facebook.com/alkhairplastics/,"+923321136703, +92 -42-111-111-043","Plot 196, Sector 24 Korangi Industrial Area, Karachi, Sindh",https://www.businesslist.pk/company/241673/al-khair-plastics,businesslist_pk,scrapy,food-manufacturing,2026-08-18T19:39:55.063997+00:00
World Tech Machinery (Pvt) Ltd.,food manufacturing,,+92-321-8461706,"Plot No.641, Gate No.1, Sunder Industrial Estate,, Lahore, Punjab",https://www.businesslist.pk/company/127147/world-tech-machinery-pvt-ltd,businesslist_pk,scrapy,food-manufacturing,2026-08-18T19:39:56.976411+00:00
Haaniya Sauces and Foods Pvt Ltd,food manufacturing,,+923233666448,"Khyber Block Iqbal Town Lahore, Lahore",https://www.businesslist.pk/company/258800/haaniya-sauces-and-foods-pvt-ltd,businesslist_pk,scrapy,food-manufacturing,2026-08-18T19:39:58.086959+00:00
Himalayan Salt Group,food manufacturing,,+923417979790,"Gulshan-e-Kaneez Fatma, Scheme#33, Postal Code 75300, Karachi, Sindh, Pakistan, Karachi",https://www.businesslist.pk/company/258400/himalayan-salt-group,businesslist_pk,scrapy,food-manufacturing,2026-08-18T19:39:58.959901+00:00
Puro Food,food manufacturing,https://www.puro.pk,+92 3 111 636 111,"156 / M-Block Johar Town Lahore, Pakistan, Lahore, Punjab",https://www.businesslist.pk/company/249114/puro-food,businesslist_pk,scrapy,food-manufacturing,2026-08-18T19:40:00.562912+00:00
Marvi Trade Links (MTL),food manufacturing,http://mtlgroup.wixsite.com/marvitradelinks,03213111366,"Plot No. RB 11 / 16, Ashfaq-un-Nisa Manzil, Line no.1, Ratan Talaw, Near Urdu Bazaar, Karachi, 74200, Pakistan., Karachi, Sindh",https://www.businesslist.pk/company/249246/marvi-trade-links-mtl,businesslist_pk,scrapy,food-manufacturing,2026-08-18T19:40:02.201291+00:00
Self Industry,textile,http://selfsportsind.com,+923446060799,"new abadi sunyara wall pul sialkot, Sialkot, Punjab",https://www.businesslist.pk/company/252646/self-industry,businesslist_pk,scrapy,textile,2026-08-18T19:40:04.282344+00:00
Radyes Trading Company,textile,http://www.radyes.com,"+92-42-35210662 , 35210663","1.1 km off defence road, Rohi Nala Rd, adjacent The global care company, Lahore, Punjab",https://www.businesslist.pk/company/221946/radyes-trading-company,businesslist_pk,scrapy,textile,2026-08-18T19:40:06.154410+00:00
Orbis Impex,textile,http://www.orbisimpex.com,00923214541509,"Korangi Industrial Area , Karachi, Sindh",https://www.businesslist.pk/company/248336/orbis-impex,businesslist_pk,scrapy,textile,2026-08-18T19:40:08.380895+00:00
Khan International Textiles,textile,http://www.textilesexporterpakistan.com,923336116598,"Thermal Power Road bilal Nager colony, Multan, Punjab",https://www.businesslist.pk/company/235610/khan-international-textiles,businesslist_pk,scrapy,textile,2026-08-18T19:40:10.115581+00:00
FastLeather.PK,textile,http://fastleather.pk/,0317 0305053,"F-22, Ellahi Shopping Center, Meer Karam Ali Talpur Road Saddar، Karachi 74400, Karachi, Sindh",https://www.businesslist.pk/company/245439/fastleatherpk,businesslist_pk,scrapy,textile,2026-08-18T19:40:12.316065+00:00
AM International,textile,http://www.am92-intl.com,+92523252111,"Noor Pura Khadim Ali Road Street Hakeem Khadim Ali, Sialkot, Punjab",https://www.businesslist.pk/company/242774/am-international,businesslist_pk,scrapy,textile,2026-08-18T19:40:14.370812+00:00
BizShip,textile,http://bizship.com,+92 300 965 4787,"46 Off Raiwind Road, Lahore, Punjab",https://www.businesslist.pk/company/248003/bizship,businesslist_pk,scrapy,textile,2026-08-18T19:40:16.350022+00:00
Naseem Silk Mills,textile,http://nascosilk@gmail.com,0344-3600800,"Sector 27, Korangi Industrial Area, Karachi, Karachi, Sindh",https://www.businesslist.pk/company/241368/naseem-silk-mills,businesslist_pk,scrapy,textile,2026-08-18T19:40:18.441783+00:00
MK Textile Corp,textile,https://mktextilecorp.com/,+923330552203,"A-15/D-1 SITE INDUSTRIAL AREA Karachi West ,Sindh Pakistan , Karachi",https://www.businesslist.pk/company/258806/mk-textile-corp,businesslist_pk,scrapy,textile,2026-08-18T19:40:20.288435+00:00
(NCMP) New Century Metal Products,textile,http://facebook.com/NewCenturyMetalProducts,+923412616488,"Karachi, Karachi, Sindh",https://www.businesslist.pk/company/243234/new-century-metal-products,businesslist_pk,scrapy,textile,2026-08-18T19:40:21.939465+00:00
Sami Rags Enterprises,textile,,+923492028164,"PLOT NO. C.I - 376 SECTOR 16-B NORTH KARACHI INDUSTRIAL AREA KARACHI PAKISTAN, Karachi, Sindh",https://www.businesslist.pk/company/246661/sami-rags-enterprises,businesslist_pk,scrapy,textile,2026-08-18T19:40:24.146678+00:00
F.M TEXTILE- socks unit,textile,http://www.fmtextile.com.pk,+924235297651,"Plot#106,Sundar Industrial Estate Raiwind, Lahore, Punjab",https://www.businesslist.pk/company/241834/fm-textile,businesslist_pk,scrapy,textile,2026-08-18T19:40:26.081413+00:00
AL Farooq Enterprises,textile,http://www.alfarooqenterprises.com,+92-49-2761572," Chiragh Shah Town, Punjab, Kasur, Punjab",https://www.businesslist.pk/company/131483/al-farooq-enterprises,businesslist_pk,scrapy,textile,2026-08-18T19:40:27.799328+00:00
Garments Experts,textile,http://www.garmentsexperts.com,0092 52 3574650,"MOHALLAH REHMAN PURA RANA MAJEED STREET FATEH GARH, Sialkot, Punjab",https://www.businesslist.pk/company/240993/garments-experts,businesslist_pk,scrapy,textile,2026-08-18T19:40:29.349090+00:00
New Madina Colours,textile,https://newmadinacolours.com/,+92 321 1044538,"20 km main Ferozpur road, near Dullukhurd  metro Station, Asif town, Lahore, Punjab",https://www.businesslist.pk/company/259010/new-madina-colours,businesslist_pk,scrapy,textile,2026-08-18T19:40:31.609987+00:00
Best Textile Industries,textile,https://www.besttextileindustries.com/,+92 300 7592208,"Street No. 2, Near Nawaz Sharif Chowk, Ansar Colony, Multan, Punjab",https://www.businesslist.pk/company/252752/best-textile-industries,businesslist_pk,scrapy,textile,2026-08-18T19:40:33.638102+00:00
BELPAK - Furious Gear,textile,http://www.belpak.com.pk,92-52-6948104,"Haadi Town, Defence Road, Sialkot, Punjab",https://www.businesslist.pk/company/234908/belpak-international,businesslist_pk,scrapy,textile,2026-08-18T19:40:35.615803+00:00
Kamal Traders Medical Equipment&#039;s,textile,http://kamallimited.com/,"03036781474, +92 42 37186471","Raiwind Road, Lahore, Lahore, Punjab",https://www.businesslist.pk/company/243855/al-aziz-importex-global,businesslist_pk,scrapy,textile,2026-08-18T19:40:37.592512+00:00
Hewad Karegar,property management,https://hewadkarigarservices.com/handyman-services-pakistan/,03339461094,"Flate No. 301, 3rd Floor, Park Lane Building, E-11/2, Islamabad  , Islamabad, Islamabad Capital Territory",https://www.businesslist.pk/company/246575/hewad-karegar,businesslist_pk,scrapy,property-management,2026-08-18T19:40:48.877259+00:00
Paradise Group of Companies,realtors,,+923007776566,"Office No.18, Naqi Arcade, 71-The Mall Road, Lahore, Pakistan., Lahore",https://www.businesslist.pk/company/258399/paradise-group-of-companies,businesslist_pk,scrapy,realtors,2026-08-18T19:40:50.605010+00:00
Saddam Estates,property development,http://www.saddamestates.com,04237861196,"Building No. 17-B, 2nd Floor, Main Commercial Area, Sector-C, Bahria Town, Lahore, Punjab",https://www.businesslist.pk/company/241348/saddam-estates,businesslist_pk,scrapy,property-development,2026-08-18T19:40:52.818113+00:00
Ittefaq Tiles,construction services,https://ittefaqtiles.com/,03004012218,"St# 1 Plot# 24 B Block, Mehar Fiaz  Colony Fath Garh Lahore, Pakistan, Lahore, Punjab",https://www.businesslist.pk/company/247368/ittefaq-tiles,businesslist_pk,scrapy,construction-services,2026-08-18T19:40:54.931870+00:00
Ozoned Digital,insurance companies,https://ozoneddigital.com,+92 312 6789875,"Plot C 46, Sector Z DHA Phase 3, Lahore, Punjab, Lahore",https://www.businesslist.pk/company/255333/ozoned-digital,businesslist_pk,scrapy,insurance-companies,2026-08-18T19:40:57.065099+00:00
Askari General Insurance,insurance companies,https://www.agico.com.pk,+92-315-8440007,"3rd Floor, AWT Plaza, Saddar Rawalpindi, Rawalpindi",https://www.businesslist.pk/company/257664/askari-general-insurance,businesslist_pk,scrapy,insurance-companies,2026-08-18T19:40:59.223911+00:00
Salaam Takaful,insurance companies,https://www.salaamtakaful.com/,+92 2-111-187-5111,"6th Floor, Plot, Business Center, Shahrah-e-Faisal Rd, Pakistan Employees Co-Operative Housing Society #19-1-A Block 6 PECHS, Karachi, Karachi City, Sindh 75400, Karachi",https://www.businesslist.pk/company/257033/salaam-takaful,businesslist_pk,scrapy,insurance-companies,2026-08-18T19:41:00.678869+00:00
Tpl Direct Insurance Ltd.,insurance companies,http://www.tplinsurance.com,"(92 21) 34322555, UAN : (92 21) 111-003-301, +92-213-713-0223","172-B/2,3rd Floor,Najeeb Centre,P.E.C.H.S.,Shahrah-e-Quaideen, Karachi",https://www.businesslist.pk/company/190107/tpl-direct-insurance-ltd,businesslist_pk,scrapy,insurance-companies,2026-08-18T19:41:02.255805+00:00
Unique-Links,insurance companies,https://www.unique-links.com.pk/,"+92-544-225043, +92-306-1627290","Bhutta Arcade, Block C, Citi Housing, Jhelum., Jhelum, Punjab",https://www.businesslist.pk/company/247729/unique-links,businesslist_pk,scrapy,insurance-companies,2026-08-18T19:41:03.960457+00:00
State Life Insurance Corporation of Pakistan,insurance companies,https://www.waliahmed.com,"0300-6234742, +92-213-498-3537","Lalamusa, Gujrat, Punjab",https://www.businesslist.pk/company/247618/state-life-insurance-corporation-of-pakistan,businesslist_pk,scrapy,insurance-companies,2026-08-18T19:41:05.394572+00:00
PakQatar Family &amp; General Takaful,insurance companies,http://www.pakqatar.com.pk,"(051) - 2804133-40, +92-21-343-80357","E-104, 3rd Floor Chenab Centre,  Blue Area, Jinnah Avenue, Islamabad., Islamabad, Islamabad Capital Territory",https://www.businesslist.pk/company/241466/pakqatar-familygeneral-takaful,businesslist_pk,scrapy,insurance-companies,2026-08-18T19:41:07.751408+00:00
Ernst &amp; Young Ford Rhodes Sidat Hyder,insurance companies,http://www.ey.com,"(92 21) 35650007, 35650011, (92-21) 3569 3521-30","601,602,603,Progressive Plaza,Beaumont Road,P.O.Box 15541, Karachi",https://www.businesslist.pk/company/183805/ernstyoung-ford-rhodes-sidat-hyder,businesslist_pk,scrapy,insurance-companies,2026-08-18T19:41:09.668499+00:00
Adamjee Insurance Company Limited,insurance companies,,"9242-7560004 / 7560001 / 7560003, +92 42 35772960"," 217 Eden Centre 43 Jail Road, Punjab, Lahore, Punjab",https://www.businesslist.pk/company/121393/adamjee-insurance-company-limited,businesslist_pk,scrapy,insurance-companies,2026-08-18T19:41:11.688606+00:00
The United Insurance Company of Pakistan Limited,insurance companies,https://www.theunitedinsurance.com/,(042) 111-000-014,"Head Office:  UIG House, 2nd Floor, 6-D, Upper Mall, Lahore, Pakistan., Lahore, Punjab",https://www.businesslist.pk/company/250116/the-united-insurance-company-of-pakistan-limited,businesslist_pk,scrapy,insurance-companies,2026-08-18T19:41:13.201279+00:00
Igi Insurance Limited,insurance companies,http://www.igiinsurance.com.pk,+92-42-111308308,"First Floor, 5-F.C.C., Gulberg, Punjab, Lahore, Punjab",https://www.businesslist.pk/company/121375/igi-insurance-limited,businesslist_pk,scrapy,insurance-companies,2026-08-18T19:41:15.016185+00:00
Asia Insurance Company Ltd,insurance companies,http://www.asiainsurance.com.pk,"9242-5858534 / 5858533, +92 042-35865574","178/A, Gulberg-II, Punjab, Lahore, Punjab",https://www.businesslist.pk/company/121409/asia-insurance-company-ltd,businesslist_pk,scrapy,insurance-companies,2026-08-18T19:41:16.963077+00:00
Smartchoice.pk,insurance companies,http://smartchoice.pk/,+92-21-111-212-212,"3rd Floor, 104-C Khayaban-e-Ittehad Road, D.H.A Phase II Extension Phase 2 Commercial Area Defence Housing Authority, Karachi, Karachi City, Sindh 75500, Karachi",https://www.businesslist.pk/company/255873/smartchoicepk,businesslist_pk,scrapy,insurance-companies,2026-08-18T19:41:19.031602+00:00
Efu Life Assurance Ltd,insurance companies,,"+92-42-5871239, +92 21 111 338 111","43-L MM ALAM ROAD GULBERG II LAHORE, Punjab, Lahore, Punjab",https://www.businesslist.pk/company/121371/efu-life-assurance-ltd,businesslist_pk,scrapy,insurance-companies,2026-08-18T19:41:21.129812+00:00
Habib Insurance Co. Ltd.,insurance companies,https://www.habibinsurance.net,"9251-5510739 / 5564302, +92 (21) 111-03-03-03"," Bank Road Post Box 237, Punjab, Rawalpini, Punjab",https://www.businesslist.pk/company/121452/habib-insurance-co-ltd,businesslist_pk,scrapy,insurance-companies,2026-08-18T19:41:23.086771+00:00
Easyinsurance,insurance companies,http://www.easyinsurance.com.pk,+923161616187,"National Incubation Center, Street 6, H-9, Islamabad, Islamabad, Islamabad Capital Territory",https://www.businesslist.pk/company/248371/easyinsurance,businesslist_pk,scrapy,insurance-companies,2026-08-18T19:41:25.170662+00:00
Takaful Bazaar,insurance companies,,+92 327 2055033,"Office # 1401, 14th floor, Emerald Tower, 2 Talwar Clifton, Karachi., Karachi",https://www.businesslist.pk/company/258919/takaful-bazaar,businesslist_pk,scrapy,insurance-companies,2026-08-18T19:41:26.939139+00:00
The Crescent Star Insurance Company Ltd.,insurance companies,http://www.cstarinsurance.com,"9242-7233696 / 7234092 / 7356742, +92 21 38771100"," Mall Mansion 30 Shahrah-e-Quaid-e-Azam, Punjab, Lahore, Punjab",https://www.businesslist.pk/company/121539/the-crescent-star-insurance-company-ltd,businesslist_pk,scrapy,insurance-companies,2026-08-18T19:41:29.212735+00:00
TPL Life Insurance,insurance companies,https://tpllife.com,+92 111-000-330,"Plot 19 B, Ground Floor, Karachi, Karachi",https://www.businesslist.pk/company/256096/tpl-life-insurance,businesslist_pk,scrapy,insurance-companies,2026-08-18T19:41:31.406834+00:00
Indus International Insurance Company Ltd.,insurance companies,,"9242-5865579 / 5865769, +92 21 111 642 642"," Indus House Model Town, Punjab, Lahore, Punjab",https://www.businesslist.pk/company/121455/indus-international-insurance-company-ltd,businesslist_pk,scrapy,insurance-companies,2026-08-18T19:41:33.450117+00:00
Perfect Inegrated Pest Management services,construction services,http://www.ipmpk.com,03356032559,"Office No 5 First Floor Shairanwala Complex Near Mezan Bank PIA Town Lahore, Lahore, Punjab",https://www.businesslist.pk/company/246652/perfect-inegrated-pest-management-services,businesslist_pk,scrapy,construction-services,2026-08-18T19:41:34.948248+00:00
Galaxy International Engineers and builders,construction services,http://www.galaxyinternational.pk,0515421425,"1st floor,danyal plaza, main double road ,PWD, Islamabad, Islamabad Capital Territory",https://www.businesslist.pk/company/244498/galaxy-international-engineers-and-builders,businesslist_pk,scrapy,construction-services,2026-08-18T19:41:37.097692+00:00
Prudential Properties and Builders,construction services,,"0423-5694057, +92 333 7783765","111-CCA, Phase-4, DHA,  Lahore., Lahore, Punjab",https://www.businesslist.pk/company/243176/prudential-properties-and-builders,businesslist_pk,scrapy,construction-services,2026-08-18T19:41:39.175240+00:00
4th Dimension Studio - Architects &amp; Designers,construction services,https://www.facebook.com/4th.dimension.studio.pk/,+923225000090,"1-C 1st Floor Al-Kabir Town, Lahore, Lahore, Punjab",https://www.businesslist.pk/company/243997/4th-dimension-studio,businesslist_pk,scrapy,construction-services,2026-08-18T19:41:41.321006+00:00
NSViolet,construction services,http://nsviolet.com/,+44 (0) 7877 287275,"4A, 3rd Gizri Lane, Phase IV, D.H.A, Karachi, Sindh",https://www.businesslist.pk/company/252373/nsviolet,businesslist_pk,scrapy,construction-services,2026-08-18T19:41:42.473349+00:00
Waterproof.PK ( Roof Waterproofing Services ),construction services,https://waterproof.pk,+92-21-34800119,"Shop # N40 , Near shanpakwan , Sahba Akhtar Road , Gulshan-e-Iqbal Block 13 D 2, Karachi, Sindh",https://www.businesslist.pk/company/253877/waterproofpkroof-waterproofing-services-,businesslist_pk,scrapy,construction-services,2026-08-18T19:41:43.728640+00:00
Mwpbnp.com,construction services,https://www.mwpbnp.com/,+92 51 44 85 888,"Near Sihala Steel Corporation, Haji Choudhry Abdul Rauf Market, Sihala Bagh, Near Capital University (Islamabad Campus), Islamabad, Pakistan., Islamabad, Islamabad Capital Territory",https://www.businesslist.pk/company/248095/mwpbnpcom,businesslist_pk,scrapy,construction-services,2026-08-18T19:41:44.981399+00:00
Carigar 24/7,construction services,https://carigar247.com/,+923338232175,"Suit no 11, 2nd Floor, Al-Karam Plaza, F-11 Markaz, Islamabad, Islamabad",https://www.businesslist.pk/company/258371/carigar-247,businesslist_pk,scrapy,construction-services,2026-08-18T19:41:47.126950+00:00
Structech Construction | Engineering,construction services,https://structech.pk,+923001117823,"Block 13 B Gulshan-e-Iqbal, Karachi, Karachi",https://www.businesslist.pk/company/258769/structech-constructionengineering,businesslist_pk,scrapy,construction-services,2026-08-18T19:41:49.295415+00:00
Unique Transformations,construction services,https://uniquetransformations.pk/,+923332199290,"D-8 Block-5, Sea Breeze Center, (Boat Basin) Clifton, Karachi, Pakistan, Karachi",https://www.businesslist.pk/company/258410/unique-transformations,businesslist_pk,scrapy,construction-services,2026-08-18T19:41:50.407394+00:00
Spaces And Places,construction services,https://www.livingbysnp.com/,+923001999967,"1st Floor Plaza, 50, Sector A DHA Phase 6, Lahore, Punjab, Lahore",https://www.businesslist.pk/company/258685/spaces-and-places,businesslist_pk,scrapy,construction-services,2026-08-18T19:41:51.429763+00:00
Riser Builders Pvt Ltd,construction services,http://www.riserbuilders.com,+92-331-8818484,"3rd Floor, Office #4, Abdullah Trade Center, Kachehri Rd, Prem Nagar, opposite 1122 office, Sialkot, Punjab",https://www.businesslist.pk/company/250499/riser-builders-pvt-ltd,businesslist_pk,scrapy,construction-services,2026-08-18T19:41:53.545989+00:00
ME Architects,construction services,http://www.mearchitects.org,02135250702,"office no.301 plot no 44-c lane 4 shahbaz commercial phase 6 dha karachi, Karachi, Sindh",https://www.businesslist.pk/company/242212/mearchitects,businesslist_pk,scrapy,construction-services,2026-08-18T19:41:55.293734+00:00
A R Mirza and Company,construction services,http://www.armcobuilder.com,0300 8626291,"Usman plaza near bank of punjab,citi housing scheme, Gujranwala, Punjab",https://www.businesslist.pk/company/240881/mirza-and-company,businesslist_pk,scrapy,construction-services,2026-08-18T19:41:57.526634+00:00
Ace Solutions (Pvt.) Limited,construction services,https://www.facebook.com/ace.solutions.757584?mibextid=ZbWKwL,+923343635597,"AREA 4-C, LANDHI NO. 6, KARACHI, Karachi",https://www.businesslist.pk/company/258505/ace-solutions-pvt-limited,businesslist_pk,scrapy,construction-services,2026-08-18T19:41:58.967630+00:00
Interior Selection,construction services,https://interior-selection.com,+92 311 2215175,"R-33 street 6, 33 Main University Rd, scheme Karachi, 75500, Karachi",https://www.businesslist.pk/company/258384/interior-selection,businesslist_pk,scrapy,construction-services,2026-08-18T19:42:01.141484+00:00
The Value &amp; Resource Mobilizer,construction services,http://www.vrmob.com,"(92 21) 34251151, +92 321 5821127","Office: 223 Nh, Lab Square, Landhi, Mehran Highway, Bin Qasim Town, Karachi",https://www.businesslist.pk/company/236643/the-valueresource-mobilizer,businesslist_pk,scrapy,construction-services,2026-08-18T19:42:03.395885+00:00
Archern Architecture and Design,construction services,https://archern.com,+923335147752,"Plot# 94, Block F, D-18, Islamabad, Islamabad",https://www.businesslist.pk/company/258314/archern-architecture-and-design,businesslist_pk,scrapy,construction-services,2026-08-18T19:42:05.525885+00:00
Zarea,construction services,https://zarea.pk/,+923145163363,"1 Sarwar Rd, Cantt, Lahore, Fotress, Punjab 54900, Pakistan, Lahore",https://www.businesslist.pk/company/258614/zarea,businesslist_pk,scrapy,construction-services,2026-08-18T19:42:07.723196+00:00
Spell Vision (smc-pvt) Limited,property development,,042-37212209,"M/s. Spell Vision Second Floor, Computer Center, 03-Court Street, Lower Mall, Lahore , Lahore, Punjab",https://www.businesslist.pk/company/234881/spell-vision,businesslist_pk,scrapy,property-development,2026-08-18T19:42:09.197632+00:00
The Palm Residential Apartments,property development,http://www.thepalm.pk,03201112211,"523,Service Road West,Main Expressway,Islamabad, Islamabad, Islamabad Capital Territory",https://www.businesslist.pk/company/246539/the-palm-residential-apartments,businesslist_pk,scrapy,property-development,2026-08-18T19:42:10.854215+00:00
Areva Interiors And Building Contractors,property development,https://arevaworldwide.blogspot.com,+92 300 956 92 88," E-11/3 Markaz, Islamabad, Islamabad, Islamabad Capital Territory",https://www.businesslist.pk/company/181381/areva-worldwide-pvt-ltd,businesslist_pk,scrapy,property-development,2026-08-18T19:42:12.730761+00:00
Indus corps,property development,,+923158124543,"Site karachi, Karachi",https://www.businesslist.pk/company/258912/indus-corps,businesslist_pk,scrapy,property-development,2026-08-18T19:42:14.866383+00:00
Lodhi Builders &amp; Estate,property development,http://www.lodhibuilders.com,00924236650826,"1-Rana Plaza, Opp. Rasheed (Aadil) Hospital, Main Boulevard, D.H.A. Lahore., Lahore, Punjab",https://www.businesslist.pk/company/242892/lodhi-builders-estate,businesslist_pk,scrapy,property-development,2026-08-18T19:42:16.891071+00:00
Boutique Homes Islamabad,property development,http://www.boutiquehomesislamabad.com,+92 3468505408,"3a, street 70, F8/3, ISLAMABAD, Islamabad, Islamabad Capital Territory",https://www.businesslist.pk/company/251767/boutique-homes-islamabad,businesslist_pk,scrapy,property-development,2026-08-18T19:42:19.104101+00:00
Niazi Builders,property development,,0423727848,"Ok done, Lahore, Punjab",https://www.businesslist.pk/company/241995/niazi-builders,businesslist_pk,scrapy,property-development,2026-08-18T19:42:21.239476+00:00
Montage Designbuild,property development,http://www.montagedesignbuild.com.pk,"0092 51 8356013, +923461888881","3A, STREET 70, F83, Islamabad, Islamabad, Islamabad Capital Territory",https://www.businesslist.pk/company/246290/montage-designbuild,businesslist_pk,scrapy,property-development,2026-08-18T19:42:23.419334+00:00
Chanab Estate,property development,http://aurangzaib.best@gmail.com,0300-7795768,"4 #  Pakistan Plaza PH I,  CITI Housing (Pvt.) Ltd Gujranwala., Gujranwala, Punjab",https://www.businesslist.pk/company/243022/chanab-estate,businesslist_pk,scrapy,property-development,2026-08-18T19:42:24.765264+00:00
Archi Designer,property development,http://www.archi-designers.business.site,03041693070,"Office no.2 ,opposite Aslam Iron, Muhammad abad Satyana Road Faisalabad., Faisalabad, Punjab",https://www.businesslist.pk/company/246324/archi-designer,businesslist_pk,scrapy,property-development,2026-08-18T19:42:26.628297+00:00
Urban Developers,realtors,http://urbandevelopersgroup.com/,111-109-109,"P295-Urban Developers Complex DHA Phase 8 Lahore,, Lahore, Punjab",https://www.businesslist.pk/company/244981/urban-developers,businesslist_pk,scrapy,realtors,2026-08-18T19:42:28.369065+00:00
Sarfaraz Hamid Properties,realtors,https://www.sarfrazhamid.com,042-111-366-366,"25-MB Phase 6 DHA, Lahore, Punjab",https://www.businesslist.pk/company/249886/sarfaraz-hamid-properties,businesslist_pk,scrapy,realtors,2026-08-18T19:42:30.258362+00:00
Sadaf Estate,realtors,https://sadafestate.com/,+92 321 2200511,"37 c lane 4 bukhari commercial, Karachi, Sindh",https://www.businesslist.pk/company/254675/sadaf-estate,businesslist_pk,scrapy,realtors,2026-08-18T19:42:31.337721+00:00
Maan Estate,realtors,https://maanestate.com/,+923334023007,"63-MB, Phase-6, Sector-H, DHA Lahore., Lahore, Punjab",https://www.businesslist.pk/company/252435/maan-estate,businesslist_pk,scrapy,realtors,2026-08-18T19:42:33.326426+00:00
Gharbaar.com,realtors,http://gharbaar.com/blue-world-city,8746137,"16th Floor Tower B, Centaurus Mall, F-8, Islamabad, Islamabad, Islamabad Capital Territory",https://www.businesslist.pk/company/251446/gharbaarcom,businesslist_pk,scrapy,realtors,2026-08-18T19:42:34.991844+00:00
Tariq Gul,realtors,http://www.tariqgul.com,021-32859683,"Office # 10,1st Floor, Al-Rehman Trade Center Timber Pond Keamari Karachi, Karachi, Sindh",https://www.businesslist.pk/company/249750/tariq-gul,businesslist_pk,scrapy,realtors,2026-08-18T19:42:37.232031+00:00
Saif Group,realtors,https://saifgrp.com/,03135775775,"LG-Town Heights, Old bara Road, University Town, Peshawar , Peshawar, Khyber Pakhtunkhwa",https://www.businesslist.pk/company/252769/saif-group,businesslist_pk,scrapy,realtors,2026-08-18T19:42:39.436184+00:00
Gillani Estate &amp; Builders,realtors,https://gillaniestate.com/,"+92518316552, +923335237398","Office No. 10, First Floor, Executive Complex , G-8 Markaz,, Islamabad, Islamabad Capital Territory",https://www.businesslist.pk/company/235501/gillani-estatebuilders,businesslist_pk,scrapy,realtors,2026-08-18T19:42:41.608725+00:00
Ali Builders &amp; Developers,realtors,https://www.alibuilders.net/,021-111-101-191,"Suite #: 33, Crown Center, SB-1, Block 13-C, Gulshan-e-Iqbal., Karachi, Sindh",https://www.businesslist.pk/company/250888/ali-buildersdevelopers,businesslist_pk,scrapy,realtors,2026-08-18T19:42:43.700562+00:00
Real estate,realtors,,+92300 8261111,"Jaranwala Rd, Kohinoor City Faisalabad, Punjab, Faisalabad",https://www.businesslist.pk/company/258688/real-estate,businesslist_pk,scrapy,realtors,2026-08-18T19:42:45.480316+00:00
ZDON Marketing,realtors,,+923310000045,"Land Lord Arcade, 2nd floor, plaza 14, mini ext 2, phase 7, Bahria Town, Rawalpindi, Islamabad",https://www.businesslist.pk/company/258783/zdon-marketing,businesslist_pk,scrapy,realtors,2026-08-18T19:42:47.434130+00:00
Mustafa Maketing,property management,https://www.mustafamarketing.com,+923153530711,"house L-663 sector 36-e taiser town karachi, Karachi",https://www.businesslist.pk/company/258626/mustafa-maketing,businesslist_pk,scrapy,property-management,2026-08-18T19:42:49.139642+00:00
Multiplierz pvt ltd,property management,http://www.thepalm.pk,+923037774593,"service road west, near sohan interchange, islamabad express way, pakistan, Islamabad, Islamabad Capital Territory",https://www.businesslist.pk/company/248957/multiplierz-pvt-ltd,businesslist_pk,scrapy,property-management,2026-08-18T19:42:51.134725+00:00
House for sale in Islamabad,property management,https://web.facebook.com/blue-world-city-islamabad-686337135140122/?modal=admin_todo_tour,+923115191387,"masco plaza blue area Islamabad, Islamabad, Islamabad Capital Territory",https://www.businesslist.pk/company/250609/house-for-sale-in-islamabad,businesslist_pk,scrapy,property-management,2026-08-18T19:42:52.632807+00:00
Propertyrelation,property management,http://www.propertyrelation.com/,03008229904,"Shop #1 # 8C, Bukhari Commercial, Lane 8, Phase-6, DHA, Karachi, Karachi, Sindh",https://www.businesslist.pk/company/248936/propertyrelation,businesslist_pk,scrapy,property-management,2026-08-18T19:42:54.807406+00:00
Universal Marketing Inc.,property management,http://www.universalmktginc.com,0092-301-9208146,"Suite No.15, 5th Floor, City Star Shopping Plaza, Maulana Shaukat Ali Road, Link Model Town, Lahore, Punjab",https://www.businesslist.pk/company/253403/universal-marketing-inc,businesslist_pk,scrapy,property-management,2026-08-18T19:42:56.921247+00:00
Eman Enterprises,property management,http://www.emanenterprises.com.pk,03068084838,"OPPOSITE CHENAB GATE RAHWALI CANTT GUJRANWALA, Gujranwala, Punjab",https://www.businesslist.pk/company/252635/eman-enterprises,businesslist_pk,scrapy,property-management,2026-08-18T19:42:59.087995+00:00
Zameen for you,property management,https://www.zameenforyou.com/,+923228440055,"20 A Faiz Road Old Muslim Town Lahore Pakistan, Lahore, Punjab",https://www.businesslist.pk/company/249073/zameen-for-you,businesslist_pk,scrapy,property-management,2026-08-18T19:43:00.321781+00:00
Friends Property Network,property management,https://www.friendspropertynetwork.com/,0322 4222522,"172-A First Floor, Adjacent Bahria Grand Masjid, Sector E Commercial, Bahria Town, Lahore., Lahore, Punjab",https://www.businesslist.pk/company/253154/friends-property-network,businesslist_pk,scrapy,property-management,2026-08-18T19:43:01.556030+00:00
Imarat Group of Companies,property management,http://www.imarat.com.pk/,"+92-345-0107788, +92 51 111-555-555"," ​I​m​a​r​a​t​ ​G​r​o​u​p​ ​o​f​ ​C​o​m​p​a​n​i​e​s​  ​4​t​h​ ​F​l​o​o​r​ ​B​e​v​e​r​l​y​ ​C​e​n​t​e​r​ ​B​l​u​e​ ​A​r​e​a​  ​I​s​l​a​m​a​b​a​d​,​ ​4​6​0​0​0​, Islamabad, Islamabad Capital Territory",https://www.businesslist.pk/company/249834/imarat-group-of-companies,businesslist_pk,scrapy,property-management,2026-08-18T19:43:03.438895+00:00
"Furnished Houses for Rent in Lahore, IHA Rent",property management,http://www.harentacar.com/,"0322 4162355, +92 321 5552572","House. 22, St. 2, Block C DHA Villas Phase 8, Lahore, 54792, Lahore, Punjab",https://www.businesslist.pk/company/251884/furnished-houses-for-rent-in-lahore-iha-rent,businesslist_pk,scrapy,property-management,2026-08-18T19:43:05.606337+00:00
Divine Associates,property management,https://www.facebook.com/divineassociates1,+922136377474,"Shop#133 Shahmim Sky Tower Federal B Area Block:9 Karachi-Pakistan., Karachi, Sindh",https://www.businesslist.pk/company/253212/divine-associates,businesslist_pk,scrapy,property-management,2026-08-18T19:43:07.136770+00:00
Green Earth Real Estate,property management,https://greenearth.com.pk/,080055155,"Gate # 1, Green Earth Real Estate. Plot 9، Al-Bari Building،, Main Jinnah Boulevard, DHA Phase II, Islamabad, 44000, Pakistan, Islamabad, Islamabad Capital Territory",https://www.businesslist.pk/company/253671/green-earth-real-estate,businesslist_pk,scrapy,property-management,2026-08-18T19:43:09.296227+00:00
Al Ahmad Builders and Real Estate,property management,http://www.alahmadbuilders.com,03006868422,"City Garden Adjacent to Allama Iqbal Town near Civil Hospital Jhangi Wala Road, Bahawalpur, Punjab",https://www.businesslist.pk/company/252459/al-ahmad-builders-and-real-estate,businesslist_pk,scrapy,property-management,2026-08-18T19:43:10.892493+00:00
AAA Realestate Pvt Ltd,property management,https://aaa-realestate.com/,051-4917292,"Office no 20/21, 2nd Floor, Asian Business Center, Bahria Town Phase 7 Entrance, G. T Road, Rawalpindi, Punjab",https://www.businesslist.pk/company/251737/aaa-realestate-pvt-ltd,businesslist_pk,scrapy,property-management,2026-08-18T19:43:12.308604+00:00
Al-waris Goc,property management,,+923310000045,"BVIII House 147 Khanapul, Rawalpindi",https://www.businesslist.pk/company/258712/al-waris-goc,businesslist_pk,scrapy,property-management,2026-08-18T19:43:13.829921+00:00
Ali Saqlain Real Estate and Builders - Bahria Town,property management,http://www.alisaqlain.com,"03312351429, +92 51-111-333-888, +923301380958","Main 26 Street, Tauheed Commercial Karachi , Karachi, Sindh",https://www.businesslist.pk/company/246001/ali-saqlain-real-estate-and-builders-bahria-town,businesslist_pk,scrapy,property-management,2026-08-18T19:43:15.068515+00:00
Property Hut,property management,http://propertyhut.pk/,0313 5277387,"Residence 21, DHA.1 , Islamabad, Islamabad, Punjab",https://www.businesslist.pk/company/254450/property-hut,businesslist_pk,scrapy,property-management,2026-08-18T19:43:16.005367+00:00
RightDeed.com | Pakistan Largest Property Portal,property management,https://www.rightdeed.com/,04235742252,"191 Street 11, Sector Y DHA Phase 3, Lahore,Punjab, Pakistan, Lahore, Punjab",https://www.businesslist.pk/company/250467/rightdeedcompakistan-largest-property-portal,businesslist_pk,scrapy,property-management,2026-08-18T19:43:17.818249+00:00
National Database &amp; Registration Authority,banks credit unions,https://ndctech.net/,"9281-2452030 / 2452023, +9221 35245356 8"," New Zarghoon Road, Balochistan, Quetta, Balochistan",https://www.businesslist.pk/company/101481/national-databaseregistration-authority,businesslist_pk,scrapy,banks-credit-unions,2026-08-18T19:43:31.999949+00:00
Shamim &amp; Co.,audit and accounting,http://www.shamimco.com.pk,+92333-3393-587,"A-310, Iqra Complex, Block-17, gulistan-ejouhar, Karachi, Karachi, Sindh",https://www.businesslist.pk/company/246612/shamimco,businesslist_pk,scrapy,audit-and-accounting,2026-08-18T19:43:33.677085+00:00
Rehab Ease by Dr. Ehtisham Panhwar PT,doctors and clinics,https://www.youtube.com/@ehtishampanhwar,+923092026233,"Plot D3/33 Delhi colony karachi, Karachi",https://www.businesslist.pk/company/258618/rehab-ease-by-dr-ehtisham-panhwar-pt,businesslist_pk,scrapy,doctors-and-clinics,2026-08-18T19:43:35.665964+00:00
Barri Tarditional Pharma,pharmacies,http://www.SnoringTreatment.com,+923128206006,"Barri Traditional Pharma 6Main Tariq Abad Road Khokharki GRW, Gujranwala, Punjab",https://www.businesslist.pk/company/243418/barri-tarditional-pharma,businesslist_pk,scrapy,pharmacies,2026-08-18T19:43:37.001480+00:00
Herbion Naturals,wellness,https://www.pk.herbion.com/,+92 (21) 111503111,"Plot # 30, Sector 28, Korangi Industrial Area, Karachi- Pakistan, Karachi, Sindh",https://www.businesslist.pk/company/250586/herbion-naturals,businesslist_pk,scrapy,wellness,2026-08-18T19:43:39.186541+00:00
HumWell,wellness,https://www.humwell.com,+92 213 717 0000,"1D, 27, Sector 30 Korangi Industrial Area, Karachi, Karachi City, Sindh 74900, Karachi",https://www.businesslist.pk/company/255603/humwell,businesslist_pk,scrapy,wellness,2026-08-18T19:43:41.394462+00:00
Marham,wellness,http://www.marham.pk,"+923334742629, +923341006561","Leeds Center, Main Boulevard Gulberg 3, Lahore., Lahore, Punjab",https://www.businesslist.pk/company/243673/marham,businesslist_pk,scrapy,wellness,2026-08-18T19:43:43.121591+00:00
Brookes Pharmaceutical Laboratories (pakistan) Ltd.,wellness,http://www.brookespharma.com,9221-5066282 / 5066280 / 5066281 / 5064469," Sector No.15 Korangi Industrial Area, Sindh, Karachi, Sindh",https://www.businesslist.pk/company/114573/brookes-pharmaceutical-laboratories-pakistan-ltd,businesslist_pk,scrapy,wellness,2026-08-18T19:43:44.888638+00:00
Zaryans Consulting,wellness,https://zaryansgroup.com,+92 051 4441081,"St 6, I-10/3 I 10/3 I-10, Islamabad, Islamabad Capital Territory, Islamabad",https://www.businesslist.pk/company/257257/zaryans-consulting,businesslist_pk,scrapy,wellness,2026-08-18T19:43:46.894638+00:00
MedznMore,wellness,https://www.medznmore.com/,+92 (304) 111 8633,"Main Shahrah-e-Faisal Rd, Muhammad Ali Chs (Machs), Karachi, Karachi City, Sindh 75350, Karachi",https://www.businesslist.pk/company/255214/medznmore,businesslist_pk,scrapy,wellness,2026-08-18T19:43:48.910593+00:00
Qarshi Industries (pvt) Pvt Ltd,wellness,http://www.qarshi.com,"92-42-7589269 / 7552125, +92 42 111 200 300","149 Ferozepur Road, Near Jamia Ashrafia, P.O. Box: 54000, Lahore, Punjab",https://www.businesslist.pk/company/221699/qarshi-industries-pvt-pvt-ltd,businesslist_pk,scrapy,wellness,2026-08-18T19:43:50.500641+00:00
Global Pharmaceuticals,wellness,http://www.globalpharmaceuticalspk.com,"+92 51 4492033, +92 51 4490817, +92 51 449 3022 24","Plot #204-205, Inds&#039;l Area, Kahuta Road, Islamabad, Islamabad Capital Territory",https://www.businesslist.pk/company/192847/global-pharmaceuticals,businesslist_pk,scrapy,wellness,2026-08-18T19:43:52.622918+00:00
Nabiqasim Industries (pvt) Ltd.,wellness,http://www.nabiqasim.com,"(92 21) 32214031-32, 32629882, 32633569, UAN : (92 21) 111-742-762","#507-510,5th Floor,Commerce Centre,Hasrat Mohani Road, Karachi, Sindh",https://www.businesslist.pk/company/190225/nabiqasim-industries-pvt-ltd,businesslist_pk,scrapy,wellness,2026-08-18T19:43:53.707982+00:00
Mymacom,wellness,http://mymacom.com,+92 300 855 1844,"4th Floor, 6th Building, Jinnah Boulevard - West, Main G.T. Rd, adjacent Gate # 1, Sector A DHA Phase II, Islamabad, Islamabad Capital Territory 45700, Islamabad",https://www.businesslist.pk/company/256737/mymacom,businesslist_pk,scrapy,wellness,2026-08-18T19:43:55.871141+00:00
Galaxy Pharma (pvt) Ltd,wellness,http://www.galaxypharma.com,"(92 21) 35148111, 35148115, +92 21 35148111 5","D-180, Rojhan Street, Block-5, Clifton, Karachi",https://www.businesslist.pk/company/238734/galaxy-pharma-pvt-ltd,businesslist_pk,scrapy,wellness,2026-08-18T19:43:57.802983+00:00
The Recovery House,wellness,https://therecoveryhouse.org/,+92 21 34546364,"156 Tipu Sultan Rd, Kathiawar Society Block A Kathiawar Society, Karachi, Karachi City, Sindh, Karachi",https://www.businesslist.pk/company/257131/the-recovery-house,businesslist_pk,scrapy,wellness,2026-08-18T19:43:59.814330+00:00
Clickkebay.com,wellness,https://clickkebay.com,+923029144499,"f7, Islamabad",https://www.businesslist.pk/company/258024/clickkebaycom,businesslist_pk,scrapy,wellness,2026-08-18T19:44:01.523325+00:00
Healthwire,wellness,https://healthwire.pk/,+9242-32500989,"57 Mian Mehmood Ali Kasoori Rd, Block B3 Block B 3 Gulberg III, Lahore, Punjab 54000, Lahore",https://www.businesslist.pk/company/255862/healthwire,businesslist_pk,scrapy,wellness,2026-08-18T19:44:03.455009+00:00
Naya Jeevan,wellness,https://naya-jeevan.com/,+92 318 111 0900,"C-4-C Basement, 6th Commercial Lane, Khayaban-e-Ittehad, PhaseVI, DHA, Ittehad Commercial Area Phase 6 Defence Housing Authority, Karachi, Karachi City, Sindh 75500, Karachi",https://www.businesslist.pk/company/256877/naya-jeevan,businesslist_pk,scrapy,wellness,2026-08-18T19:44:05.302081+00:00
Skn Cosmetics,wellness,https://www.skncosmetics.com/cosmetic-surgery/facelift/,"03401489907, +92 332 5488777","F-7, Islamabad, Islamabad Capital Territory",https://www.businesslist.pk/company/249757/skn-cosmetics,businesslist_pk,scrapy,wellness,2026-08-18T19:44:07.195899+00:00
Pool &amp; Ponds Systems,wellness,http://www.poolandponds.pk,051-2352551,"# 9-A,  1st Floor,  Adnan Plaza,  Markaz G-10,  Islamabad 44000,  Punjab,  Pakistan, Islamabad, Islamabad Capital Territory",https://www.businesslist.pk/company/117936/poolponds-systems,businesslist_pk,scrapy,wellness,2026-08-18T19:44:09.428548+00:00
Pakistan Kidney and Liver Institute and Research Center,wellness,http://www.pkli.org.pk,+92 42 111 117 554,"PKLI-RC Pakistan Kidney &amp; Liver Institute &amp; Research Center, opposite DHA Phase-6, Sector E Chota Mota Singh, Lahore, Punjab 54000, Lahore",https://www.businesslist.pk/company/256061/pakistan-kidney-and-liver-institute-and-research-center,businesslist_pk,scrapy,wellness,2026-08-18T19:44:11.547723+00:00
Oladoc,wellness,https://oladoc.com/,042 32500977,"290 CCA Sector FF, DHA Phase IV, Lahore, Pakistan, Lahore, Punjab",https://www.businesslist.pk/company/249028/oladoc,businesslist_pk,scrapy,wellness,2026-08-18T19:44:13.190671+00:00
Vega Pharmaceutical (Pvt) Ltd,pharmacies,https://www.facebook.com/Vega-Pharmaceuticals-366631766802630/,"04235911681, 04235911682","85-A BABAR BLOCK, NEW GARDEN TOWN, LAHORE, Lahore, Punjab",https://www.businesslist.pk/company/240257/vega-pharmaceutical-pvt-ltd,businesslist_pk,scrapy,pharmacies,2026-08-18T19:44:15.482647+00:00
Crocus Scientific Trading,pharmacies,http://www.crocusscientific.com,03334224578,"173/B Raja center Main Market Gulberg II Lahore, Lahore, Punjab",https://www.businesslist.pk/company/246222/crocus-scientific-trading,businesslist_pk,scrapy,pharmacies,2026-08-18T19:44:17.551776+00:00
TIB Pvt Ltd,pharmacies,http://www.tibltd.com.pk,+923013750036,"Amin Medicine Market 5th Floor Office 117, Quetta, Balochistan",https://www.businesslist.pk/company/197434/tib-pvt-ltd,businesslist_pk,scrapy,pharmacies,2026-08-18T19:44:19.551394+00:00
CSH Pharmacy,pharmacies,https://cshpharmacy.com.pk/,03054441162,"Main Market, Gulberg, Lahore, Pakistan, Lahore, Punjab",https://www.businesslist.pk/company/258997/csh-pharmacy,businesslist_pk,scrapy,pharmacies,2026-08-18T19:44:21.223369+00:00
Dr. Hamid&#039;s Baba-e-Homeopathy,pharmacies,http://www.babaehomeopathy.com,36672211,"Main Office: 69, Commercial area, Cavalry Ground, Lahore Cantt., Lahore, Punjab",https://www.businesslist.pk/company/243695/dr-hamids-baba-e-homeopathy,businesslist_pk,scrapy,pharmacies,2026-08-18T19:44:23.309630+00:00
Ahsan Medicine Co.,pharmacies,https://www.facebook.com/ahsanmedicinecompany/,"9261-4572527, 9261- 4573060, +92 347 7003077","Nishtar Rd, Justice Hamid Colony, Multan, Punjab",https://www.businesslist.pk/company/114257/ahsan-medicine-co,businesslist_pk,scrapy,pharmacies,2026-08-18T19:44:25.431960+00:00
Online Pharmacy Store In Pakistan,pharmacies,https://www.pharmacyplus.pk,03002935588,"Al-Shifa Pharmacy Shaheed Road Mian Channu, Khanewal, Punjab",https://www.businesslist.pk/company/250696/online-pharmacy-store-in-pakistan,businesslist_pk,scrapy,pharmacies,2026-08-18T19:44:26.973070+00:00
Luckystore.pk,pharmacies,,+923092629693,"Nazimabad karachi, Karachi",https://www.businesslist.pk/company/258620/luckystorepk,businesslist_pk,scrapy,pharmacies,2026-08-18T19:44:28.631379+00:00
Bionix Life Sciences,pharmacies,http://bionix.pk/wp/,042-35942130,"M-78, Zainab Tower, Model Town Link Road, Lahore, Lahore, Punjab",https://www.businesslist.pk/company/241860/bionix-life-sciences,businesslist_pk,scrapy,pharmacies,2026-08-18T19:44:30.097842+00:00
Chemicalssuppliers,pharmacies,http://chemicals-suppliers.com,13303621075,"1390 W. 5th Ave. Columbus. OH 43212, Dera Ghazi Khan, Gilgit-Baltistan",https://www.businesslist.pk/company/248263/chemicalssuppliers,businesslist_pk,scrapy,pharmacies,2026-08-18T19:44:31.784762+00:00
Sonowell,pharmacies,http://www.facebook/adnansonowell,+924235922950,"17 KM FEROZEPUR ROAD LAHORE, Lahore, Punjab",https://www.businesslist.pk/company/243564/sonowell,businesslist_pk,scrapy,pharmacies,2026-08-18T19:44:33.297237+00:00
Makki Herbal Laboratories (Private) Limited,pharmacies,http://www.makkiherbals.com,"021-36983054, 36982949","Plot # LS-69-70, Sector 11-I, North Karachi., Karachi, Sindh",https://www.businesslist.pk/company/246429/makki-herbal-laboratories-private-limited,businesslist_pk,scrapy,pharmacies,2026-08-18T19:44:35.354191+00:00
Leven Medical Care,pharmacies,http://www.memethol-pk.com,"(042) 35403666, (042) 35403667"," 8-C Shah Jamal Rd, Fazlia Colony, Lahore, Lahore, Punjab",https://www.businesslist.pk/company/250454/leven-medical-care,businesslist_pk,scrapy,pharmacies,2026-08-18T19:44:37.488996+00:00
Meri Pharmacy,pharmacies,https://meripharmacy.pk/,03000446767,"B-280, Sector 6F, Mehran Town, Korangi Industrial Area, Karachi 74900, Pakistan, Karachi, Sindh",https://www.businesslist.pk/company/259003/meri-pharmacy,businesslist_pk,scrapy,pharmacies,2026-08-18T19:44:39.129539+00:00
Buy Crystal Meth Online,pharmacies,,2027097339,"123 Fifth Avenue,, Mardan, Gilgit-Baltistan",https://www.businesslist.pk/company/258994/buy-crystal-meth-online,businesslist_pk,scrapy,pharmacies,2026-08-18T19:44:41.430358+00:00
Cotton Craft Pvt Ltd.,pharmacies,http://www.cottoncraftpvt.com,+923218877665,"Plot No 407, 408 Sundar Industrial Estate Lahore, Lahore, Punjab",https://www.businesslist.pk/company/224533/cotton-craft-pvt-ltd,businesslist_pk,scrapy,pharmacies,2026-08-18T19:44:42.799769+00:00
Sigma Scientific Private Limited,pharmacies,https://www.sigmascientific.com.pk,+923029722220,"Ground Floor, Gulshan Plaza, H-13, Golra Morr, Peshawar Road, Islamabad., Islamabad",https://www.businesslist.pk/company/258591/sigma-scientific-private-limited,businesslist_pk,scrapy,pharmacies,2026-08-18T19:44:43.930004+00:00
Ferozsons Laboratories Ltd.,pharmacies,http://www.ferozsons-labs.com,"9242-7321317, +92-42-36026700"," 8-Bank Square Shahrah-e-Quaid-e-Azam, Punjab, Lahore, Punjab",https://www.businesslist.pk/company/114904/ferozsons-laboratories-ltd,businesslist_pk,scrapy,pharmacies,2026-08-18T19:44:46.121983+00:00
Care Pharmacy,pharmacies,http://www.finepackages.com,"+92 41 8503533, +92 51 843 2273","MAIN Susan Road, Block Z Madina Town, Faisalabad, Punjab 38000, Faisalabad, Punjab",https://www.businesslist.pk/company/183859/care-pharmacy,businesslist_pk,scrapy,pharmacies,2026-08-18T19:44:48.361258+00:00
MegMedius International (Pvt.) Lts,doctors and clinics,,03323516401,"Glass tower main clifton road, Karachi, Sindh",https://www.businesslist.pk/company/244338/megmedius-international-pvt-lts,businesslist_pk,scrapy,doctors-and-clinics,2026-08-18T19:44:50.022376+00:00
Dr. Attiya&#039;s Skin Matters Clinic,doctors and clinics,https://drattiyaskinmatters.com.pk/,+923315228889,"House 710 Street 2, Chaklala Scheme 3 Rawalpindi, Pakistan, Rawalpindi",https://www.businesslist.pk/company/258462/dr-attiyas-skin-matters-clinic,businesslist_pk,scrapy,doctors-and-clinics,2026-08-18T19:44:52.122085+00:00
Dermics by Dr. Afifa Zahra,doctors and clinics,https://dermicspakistan.com/,+92 3233679361,"Second Floor 141 - CCA Dha Phase 4, Lahore, 54792, Lahore, Punjab",https://www.businesslist.pk/company/257616/dermics-by-dr-afifa-zahra,businesslist_pk,scrapy,doctors-and-clinics,2026-08-18T19:44:54.330349+00:00
Islamabad Laser and Skin Clinic,doctors and clinics,https://ilscbydraasma.com/,+923315005904,"1st floor, Al-Sheikh Plaza, Faisal Market, F-7/1 Islamabad, Islamabad",https://www.businesslist.pk/company/258569/islamabad-laser-and-skin-clinic,businesslist_pk,scrapy,doctors-and-clinics,2026-08-18T19:44:56.475054+00:00
Dr. Frigz International (pvt) Ltd,doctors and clinics,http://www.frigzinternational.com,92-52-4262703,"Airport Road. Gohdpur, Sialkot, Punjab",https://www.businesslist.pk/company/225183/dr-frigz-international-pvt-ltd,businesslist_pk,scrapy,doctors-and-clinics,2026-08-18T19:44:57.607799+00:00
Doctors Space,doctors and clinics,http://www.doctorspace.pk,+923101422220,"Doctors Space 69/70 CC commercial Phase 1 citi housing, Gujranwala",https://www.businesslist.pk/company/258477/doctors-space,businesslist_pk,scrapy,doctors-and-clinics,2026-08-18T19:44:59.927487+00:00
Tronsit Solutions,doctors and clinics,https://tronsitsolutions.com,+92 325 500 552 2,"255 MB, Sector J DHA Phase 6, 54000, Lahore, Punjab",https://www.businesslist.pk/company/256114/tronsit-solutions,businesslist_pk,scrapy,doctors-and-clinics,2026-08-18T19:45:01.723569+00:00
LearningAll,doctors and clinics,,"+923214082604, +923214082603","Gulberg 3 Lahore Pakistan, Lahore, Punjab",https://www.businesslist.pk/company/242116/learningall,businesslist_pk,scrapy,doctors-and-clinics,2026-08-18T19:45:03.449715+00:00
Hemani Ultrasound,doctors and clinics,https://www.hemaniultrasound.pk,0333 9801217,"Bus Stop, III-C, 7 1/2, opposite Imtiaz Supermarket Nazimabad, Nazimabad 3 Nazimabad, Karachi, Pakistan, Karachi, Sindh",https://www.businesslist.pk/company/254589/hemani-ultrasound,businesslist_pk,scrapy,doctors-and-clinics,2026-08-18T19:45:05.513673+00:00
General Veterinary Hospital Pakistan,doctors and clinics,http://www.gvhospitals.com/,+923338579990,"Ashfaq Chowk, Ahmad Hassan Road, Harbanspura Link Road, Joray Pull Lahore Cantt, Lahore, Punjab",https://www.businesslist.pk/company/244595/general-veterinary-hospital-pakistan,businesslist_pk,scrapy,doctors-and-clinics,2026-08-18T19:45:07.551085+00:00
Hi-Med Surgical,doctors and clinics,http://www.himed.com.pk/,+92 (42) 37310062,"Suite # 4, 1st Floor, Zahoor Chambers, 1- Mozang Road, (Near A.G. Office), P.O. Box # 2434, LAHORE - 54000, Pakistan., Lahore, Punjab",https://www.businesslist.pk/company/244211/hi-med-surgical,businesslist_pk,scrapy,doctors-and-clinics,2026-08-18T19:45:09.717881+00:00
Pak Hospital,doctors and clinics,https://pakhospital.com.pk/,042-37429517,"33 K Shah Jamal Lahore, Lahore, Punjab",https://www.businesslist.pk/company/258951/pak-hospital,businesslist_pk,scrapy,doctors-and-clinics,2026-08-18T19:45:11.281481+00:00
Green plus Herbs (Pakistan),doctors and clinics,http://www.greenplusherbs.pk,"0300-2707973, +92 42 35168920","PECHS block 2 , Zuljalal Center , Tariq road , Karachi, Sindh",https://www.businesslist.pk/company/242150/green-plus-herbs-pakistan,businesslist_pk,scrapy,doctors-and-clinics,2026-08-18T19:45:12.258939+00:00
Dr Rabb Derma Beauty &amp; weight loss Clinic,doctors and clinics,https://www.facebook.com/drrabbdermabeautyclinic/,03320827125,"Park lane Hospital Near 2 Talwar Clifton Karachi. Opp British High Commission .Sharae Iran . Old Clifton. Karachi, Karachi, Sindh",https://www.businesslist.pk/company/243355/dr-rabb-derma-beautyweight-loss-clinic,businesslist_pk,scrapy,doctors-and-clinics,2026-08-18T19:45:14.071376+00:00
Transparent Hands,doctors and clinics,https://www.transparenthands.org/,+92(42)35201125,"605A-Block C,Faisal Town , Lahore, Punjab",https://www.businesslist.pk/company/252637/transparent-hands,businesslist_pk,scrapy,doctors-and-clinics,2026-08-18T19:45:16.122662+00:00
Cosmesurge International Hospital,doctors and clinics,https://www.cosmesurgehospital.com.pk,0514410336,"Main Saidpur Road Rawalpindi, Rawalpindi, Punjab",https://www.businesslist.pk/company/258989/cosmesurge-international-hospital,businesslist_pk,scrapy,doctors-and-clinics,2026-08-18T19:45:18.177388+00:00
Human Health Care Services Pvt Ltd,doctors and clinics,https://human-healthcare.com,+923192060174,"HQ40 c/o E40, PRECHS, Gulshan-e-Iqbal, Bl10A, Karachi, Pakistan., Karachi, Sindh",https://www.businesslist.pk/company/258996/human-health-care-services-pvt-ltd,businesslist_pk,scrapy,doctors-and-clinics,2026-08-18T19:45:20.035474+00:00
Times Medical,doctors and clinics,https://www.facebook.com/timesmedicalofficial/,03328742784,"4/478 Murray College Road, Sialkot, Punjab",https://www.businesslist.pk/company/248578/times-medical,businesslist_pk,scrapy,doctors-and-clinics,2026-08-18T19:45:21.838200+00:00
Dr M Omar Plastic Surgery,doctors and clinics,https://www.dromarplasticsurgeon.com/,0300 4111418,"Room #05,Horizon Hospital 403,Block D-II, M.A. Johar Town Lahore Pakistan, Lahore, Punjab",https://www.businesslist.pk/company/250067/dr-m-omar-plastic-surgery,businesslist_pk,scrapy,doctors-and-clinics,2026-08-18T19:45:23.411881+00:00
JConsulting (Jameel &amp; Co. Chartered Accountants),audit and accounting,http://www.jconsulting.com.pk,+92 61 6777006,"109 D, Shah Rukn e Alam Colony, Multan, Multan, Punjab",https://www.businesslist.pk/company/244765/jconsulting-jameelco-chartered-accountants,businesslist_pk,scrapy,audit-and-accounting,2026-08-18T19:45:25.622100+00:00
Alvi &amp; Company,audit and accounting,http://alviandco.blogspot.com,03142361158,"Office #218, Sunny Plaza, Hasrat Mohani Road near Techno City, Karachi, Sindh",https://www.businesslist.pk/company/244678/alvicompany,businesslist_pk,scrapy,audit-and-accounting,2026-08-18T19:45:27.197030+00:00
Adeel Khan &amp; Co.,audit and accounting,http://www.akco.pk,+92-311-5004500,"Office No. 17, 3rd Floor, Executive Centre, I-8 Markaz, Islamabad, Islamabad Capital Territory",https://www.businesslist.pk/company/242469/adeel-khan-co,businesslist_pk,scrapy,audit-and-accounting,2026-08-18T19:45:29.238443+00:00
SIS Tax Consultant,audit and accounting,,03333399550,"Gulshan-e-Iqbal, Karachi, Karachi, Sindh",https://www.businesslist.pk/company/245714/sis-tax-consultant,businesslist_pk,scrapy,audit-and-accounting,2026-08-18T19:45:31.108751+00:00
SF Consulting,audit and accounting,http://www.sfconsulting.co,+92-332-7975905,"Clifton, Karachi, Sindh",https://www.businesslist.pk/company/244089/sf-consulting,businesslist_pk,scrapy,audit-and-accounting,2026-08-18T19:45:33.351969+00:00
Fazal Mahmood &amp; Company,audit and accounting,http://www.fmc.com.pk,"924237580236, +92 423-742-6771","147 Shadman Colony 1 Lahore Pakistan, Lahore, Punjab",https://www.businesslist.pk/company/235429/fazal-mahmoodcompany,businesslist_pk,scrapy,audit-and-accounting,2026-08-18T19:45:34.875529+00:00
Imran A.H. &amp; Co. Chartered Accountants,audit and accounting,,+92 307 8353391,"268, J2 Wapda Town, Lahore, Lahore",https://www.businesslist.pk/company/258475/imran-ahco-chartered-accountants,businesslist_pk,scrapy,audit-and-accounting,2026-08-18T19:45:36.314022+00:00
Sharjeel Ayub &amp; Co Chartered Accountants,audit and accounting,http://www.sayub.com,02135693933,"Office no 803, 8th Floor, Landmark Plaza, I.I Chundrigar Karachi, Karachi, Sindh",https://www.businesslist.pk/company/242182/sharjeel-ayubco-chartered-accountants,businesslist_pk,scrapy,audit-and-accounting,2026-08-18T19:45:37.303241+00:00
Adeel Khan &amp; Co.,audit and accounting,http://www.akco.pk,+92-311-5004500,"Office No. 17, 3rd Floor, Executive Centre, I-8 Markaz, Islamabad, Islamabad Capital Territory",https://www.businesslist.pk/company/240428/adeel-khanco,businesslist_pk,scrapy,audit-and-accounting,2026-08-18T19:45:39.361906+00:00
Eccountant,audit and accounting,https://www.eccountant.co/,"+92 304 1113900, +924237182201","61 XX, Khayaban e Iqbal, Commercial DHA, Sector XX DHA Phase 3, Lahore, Punjab 54972, Pakistan, Lahore, Punjab",https://www.businesslist.pk/company/248645/eccountant,businesslist_pk,scrapy,audit-and-accounting,2026-08-18T19:45:41.390098+00:00
Cosmosoft Business Solutions Pvt Ltd,audit and accounting,http://www.cosmosoftsolution.com,"042-35456003/7, +92-213-432-9650","Office No. 106 Block D Johar Town Lahore, Lahore, Punjab",https://www.businesslist.pk/company/242620/cosmosoft-business-solutions-pvt-ltd,businesslist_pk,scrapy,audit-and-accounting,2026-08-18T19:45:43.221997+00:00
2C Consultants,audit and accounting,http://www.2cconsultants.com,0346-3229630,"Office #13, Basement, Rehmat Center, I-8 Markaz, Islamabad, Pakistan., Islamabad, Islamabad Capital Territory",https://www.businesslist.pk/company/246441/2c-consultants,businesslist_pk,scrapy,audit-and-accounting,2026-08-18T19:45:44.550682+00:00
TAM Consulting,audit and accounting,https:/www.tamconsultingservice.com,+923222270164,"Karachi., Karachi, Sindh",https://www.businesslist.pk/company/247310/tam-consulting,businesslist_pk,scrapy,audit-and-accounting,2026-08-18T19:45:45.753708+00:00
Chartered Associates | Accounts &amp; Tax Consultants,audit and accounting,https://charteredassociates.pk/,"0305 1864833, +92 322 7877138","Plot No 41, Karim Block, 3 Rehman St, Lahore, 54000, Lahore, Punjab",https://www.businesslist.pk/company/253155/chartered-associatesaccountstax-consultants,businesslist_pk,scrapy,audit-and-accounting,2026-08-18T19:45:47.775336+00:00
BSNS CONSULTING (Cost and Management Accountants),audit and accounting,http://www.bsnsconsulting.com,051-4861774,"Office # 11, 2nd Floor, Anique Arcade, I-8 Markaz, Islamabad., Islamabad, Islamabad Capital Territory",https://www.businesslist.pk/company/235489/bsns-consulting-pvt-ltd,businesslist_pk,scrapy,audit-and-accounting,2026-08-18T19:45:49.887788+00:00
Ascent Accounts,audit and accounting,http://www.ascentaccounts.com,+923332928970,"A-105 Irfan Corner, Block 7, Federal B Area, Karachi, Pakistan, Karachi, Sindh",https://www.businesslist.pk/company/241682/ascent-accounts,businesslist_pk,scrapy,audit-and-accounting,2026-08-18T19:45:52.133510+00:00
Microtech Institute for Import Export Amazon eBay,audit and accounting,http://www.microtech.institue,052-4601650,"Skylark Building Awan Plaza Opposite Nishat Cinema, Katchery Road, Sialkot, Punjab",https://www.businesslist.pk/company/246700/microtech-institute-for-import-export-amazon-ebay,businesslist_pk,scrapy,audit-and-accounting,2026-08-18T19:45:54.428121+00:00
National Advisory Forum,audit and accounting,http://www.taxhelpline.com.pk,021-32462161,"Office No. 3&amp;6, Ground Floor, Idrees Chamber Talpur Road, Opp: NBP Head Office I.I. Chundrigar Road, Karachi, Karachi, Sindh",https://www.businesslist.pk/company/241504/national-advisory-forum,businesslist_pk,scrapy,audit-and-accounting,2026-08-18T19:45:56.343490+00:00
"Arif And Associates | Advocates &amp; Chartered Accountants | Tax, Auditors, Legal, Bookkeeping",audit and accounting,http://www.arifandassociates.com,+923228895686,"Arif Building Ground Floor, 13 Fane Road, Lahore, Pakistan, Lahore, Punjab",https://www.businesslist.pk/company/243110/arif-and-associates,businesslist_pk,scrapy,audit-and-accounting,2026-08-18T19:45:58.212133+00:00
Pak Libya Holding Company Pvt.Ltd,banks credit unions,https://paklibya.com.pk/,"9221111776776, +92 21 111-111-115","Consumer Banking Division, 5th Floor, Block &quot;c&quot;, Finance &amp; Trade Centre, Karachi, Karachi, Sindh",https://www.businesslist.pk/company/173567/pak-libya-holding-company-pvtltd,businesslist_pk,scrapy,banks-credit-unions,2026-08-18T19:45:59.401197+00:00
Oraan,banks credit unions,https://www.oraan.com,(021) 35867226,"Office # 602, Syedna Tahir Saifuddin Memorial Building CL-10/20, Beaumont Rd, Civil Lines Karachi, 75600, Karachi",https://www.businesslist.pk/company/255229/oraan,businesslist_pk,scrapy,banks-credit-unions,2026-08-18T19:46:01.127036+00:00
Compareon Pakistan Private Limited,banks credit unions,http://www.karlocompare.com.pk/,021-35372094,"Hilltop Arcade, Commercial Ave, Karachi, Sindh",https://www.businesslist.pk/company/243799/compareon-pakistan-private-limited,businesslist_pk,scrapy,banks-credit-unions,2026-08-18T19:46:03.098364+00:00
Saudi Pak Commercial Bank Ltd.,banks credit unions,http://www.saudipakbank.com,"9242-111001987 / 6312448 / 6312446 / 6279271, +92-21-35655181/2/3, +92-21-35655181/2/3, +92-51-111-222-003"," Ajmal House Egerton Road, Punjab, Lahore, Punjab",https://www.businesslist.pk/company/95601/saudi-pak-commercial-bank-ltd,businesslist_pk,scrapy,banks-credit-unions,2026-08-18T19:46:04.300492+00:00
MYTM Travels,banks credit unions,http://www.mytmtravels.com/,"03041116986, +92 42 35301168","BUILDING NO. 68, R1, Johar Town Phase II, Lahore, Lahore, Punjab",https://www.businesslist.pk/company/252288/mytm-travels,businesslist_pk,scrapy,banks-credit-unions,2026-08-18T19:46:06.270005+00:00
Trust Investment Bank Ltd. (closed),banks credit unions,http://www.trustleasing.com,"(92 42) 35710988, 35710946, UAN : (92 42) 111-666-333, +92 (042) 35758285-8","35-a/ii, Aziz Avenue, Canal Bank, Lahore",https://www.businesslist.pk/company/236046/trust-investment-bank-ltd-closed,businesslist_pk,scrapy,banks-credit-unions,2026-08-18T19:46:08.080955+00:00
Ibrar &amp; Associates,banks credit unions,http://www.ibrarlaw.com,92-423-7236936,"Suite No. 9, 1st Floor, Patiala Complex, 2-Link McLeod Road, Lahore, Lahore, Punjab",https://www.businesslist.pk/company/241021/ibrarassociates,businesslist_pk,scrapy,banks-credit-unions,2026-08-18T19:46:09.579084+00:00
NayaPay,banks credit unions,https://nayapay.com,(9221) 111-222-729,"10th Floor، Lakson Square Building، 3 Sarwar Shaheed Rd, Civil Lines, Karachi, Karachi City, Sindh, Karachi",https://www.businesslist.pk/company/255859/nayapay,businesslist_pk,scrapy,banks-credit-unions,2026-08-18T19:46:10.984020+00:00
Pakistan Mortgage Refinance Company,banks credit unions,https://pmrc.com.pk,+92(21)35633366,"Finance Trade Center, 4th Floor, Block، A Main Shahrah-e-Faisal Rd, Karachi Cantonment, Karachi, Karachi City, Sindh 74400, Karachi",https://www.businesslist.pk/company/256115/pakistan-mortgage-refinance-company,businesslist_pk,scrapy,banks-credit-unions,2026-08-18T19:46:12.788940+00:00
Autosoft Dynamics (pvt) Ltd.,banks credit unions,http://www.autosoftdynamics.com,"(92 42) 35898282, 35898286, +92-42-3589-8282-6","360/2 Q-Commercial Area, DHALahore, Lahore",https://www.businesslist.pk/company/158217/autosoft-dynamics-pvt-ltd,businesslist_pk,scrapy,banks-credit-unions,2026-08-18T19:46:14.583024+00:00
Faysal Funds,banks credit unions,https://www.faysalfunds.com/,+92 21 38657800,"7th Floor, West Wing Faysal House ST-02 Main, Shahrah-e-Faisal Rd, Fowler Lines, Karachi, Karachi City, Sindh, Karachi",https://www.businesslist.pk/company/256902/faysal-funds,businesslist_pk,scrapy,banks-credit-unions,2026-08-18T19:46:16.731472+00:00
Neemar,banks credit unions,http://www.neemar.com.pk,04235754338-9,"10-Q GULBERG II LAHORE , Lahore, Punjab",https://www.businesslist.pk/company/242689/neemar,businesslist_pk,scrapy,banks-credit-unions,2026-08-18T19:46:18.003440+00:00
Mawazna,banks credit unions,https://www.mawazna.com/,+92 42-35304444,"4 Sunflower Society  Block J1, Johar Town  Lahore, Pakistan, Lahore, Punjab",https://www.businesslist.pk/company/247413/mawazna,businesslist_pk,scrapy,banks-credit-unions,2026-08-18T19:46:19.753839+00:00
Next Capital,banks credit unions,https://www.nextcapital.com.pk/,+92 21 111 639 825,"Floor 2, Imperial Court, Dr Ziauddin Ahmed Rd, Civil Lines Kashmir Mujahid Colony, Karachi, Karachi City, Sindh 75530, Karachi",https://www.businesslist.pk/company/256937/next-capital,businesslist_pk,scrapy,banks-credit-unions,2026-08-18T19:46:21.678526+00:00
Prize Bond List Lahore,banks credit unions,https://www.prizebondlist.net,+923214850003,"Main Walton road Lahore, Lahore, Punjab",https://www.businesslist.pk/company/251104/prize-bond-list-lahore,businesslist_pk,scrapy,banks-credit-unions,2026-08-18T19:46:23.791870+00:00
SA Farooqi Tax Advisor,banks credit unions,http://www.safarooqi.com/,0334-526-9448,"House # 4 , Street 5-A, Royal Avenue ,Park Road, Chak Shahzad, Islamabad, Islamabad, Islamabad Capital Territory",https://www.businesslist.pk/company/245846/sa-farooqi-tax-advisor,businesslist_pk,scrapy,banks-credit-unions,2026-08-18T19:46:25.093723+00:00
State Bank of Pakistan,banks credit unions,https://www.sbp.org.pk/,"9241-9200430, 9241- 9200421,  +92 41 9239305, +92-91-111 95 95 95"," MA Jinnah Rd, Faisalabad, Punjab",https://www.businesslist.pk/company/95675/state-bank-of-pakistan,businesslist_pk,scrapy,banks-credit-unions,2026-08-18T19:46:27.220910+00:00
The Institute Of Bankers Pakistan,banks credit unions,http://www.ibp.org.pk,"9221-111111564 / 5686955 / 5687515 / 5680783, +923030652963","Moulvi Tamizuddin Khan Road, Sindh, Karachi, Sindh",https://www.businesslist.pk/company/95706/the-institute-of-bankers-pakistan,businesslist_pk,scrapy,banks-credit-unions,2026-08-18T19:46:28.508203+00:00
House of Habib,banks credit unions,http://www.hoh.net,"(92 21) 34312030, 34312197","2nd Floor,Siddiqsons Tower,3-Jinnah C.H. Society,Shahrah-e-Faisal, Karachi",https://www.businesslist.pk/company/182700/house-of-habib,businesslist_pk,scrapy,banks-credit-unions,2026-08-18T19:46:29.965496+00:00
Qanuni Amdad,lawyers,https://legalhelp1.blogspot.com/2015/02/court-marriage-karne-ka-tareeka.html,00-92-324-4010279,"301 Turner Road Lahore high Court, Faisalabad, Punjab",https://www.businesslist.pk/company/250487/qanuni-amdad,businesslist_pk,scrapy,lawyers,2026-08-18T19:46:41.497194+00:00
Iqbal and Iqbal Law Associates,legal services,http://iqballawassociates.com/,+92-213-4329991,"Suit - 204, 2nd Floor, Khayam Chamber, Above Blue Ribbon Bakery, PECHS Block - 2, Nursery, Main Shahra-e-Faisal, Karachi, Sindh",https://www.businesslist.pk/company/248810/iqbal-and-iqbal-law-associates,businesslist_pk,scrapy,legal-services,2026-08-18T19:46:43.668246+00:00
Rapid Mooverz,printing,https://rapidmooverz.com.pk/,+92 324 0427193,"Plot B-273, Sector 6-F, Mehran Town, Near Korangi License Branch, Karachi, Sindh., Karachi, Sindh",https://www.businesslist.pk/company/258506/rapid-mooverz,businesslist_pk,scrapy,printing,2026-08-18T19:46:45.839926+00:00
eStudio By Abid,photography,https://www.estudiobyabid.com/,+923005837001,"23-Shahid Plaza, 2nd Floor University Road, Peshawar, Khyber Pakhtunkhwa",https://www.businesslist.pk/company/249950/estudio-by-abid,businesslist_pk,scrapy,photography,2026-08-18T19:46:47.117352+00:00
Smart Aperture Photography,photography,http://www.facebook.com/smartaperturephotography,+923452592084,"KARACHI, Karachi, Sindh",https://www.businesslist.pk/company/250298/smart-aperture-photography,businesslist_pk,scrapy,photography,2026-08-18T19:46:49.229910+00:00
Black Production Films,photography,http://www.blackproductionfilms.com,"+92 300 2325700, +92 -21-34557536","Office Suite # 201, Clifton Galleria, Block-4, Clifton, Karachi, Pakistan, Karachi, Sindh",https://www.businesslist.pk/company/241651/black-production-films,businesslist_pk,scrapy,photography,2026-08-18T19:46:51.092557+00:00
Biyah Weddinng,photography,,0342 2142524,"Block, 43 H، 1, 6, PECHS, Karachi, 75400, Karachi, Sindh",https://www.businesslist.pk/company/252803/biyah-weddinng,businesslist_pk,scrapy,photography,2026-08-18T19:46:53.060359+00:00
Dees Creations,photography,http://www.facebook.com/DeesCreations,03232379123,"Gulistan-e-Jauhar, Block-12, Karachi, Pakistan, Karachi, Sindh",https://www.businesslist.pk/company/234994/dees-creations,businesslist_pk,scrapy,photography,2026-08-18T19:46:55.206444+00:00
FotoClickStudio,photography,,+923082995955,"Pakistan, Karachi, Tariq Road, Karachi",https://www.businesslist.pk/company/258813/fotoclickstudio,businesslist_pk,scrapy,photography,2026-08-18T19:46:56.424892+00:00
ShadiGrapher.com,photography,http://shadigrapher.com,+923162424417,"1st Floor, Building FL-30, Block B, Gulshan e Jamal, Karachi, Pakistan Like Us On Facebook, Karachi, Sindh",https://www.businesslist.pk/company/249977/shadigraphercom,businesslist_pk,scrapy,photography,2026-08-18T19:46:58.528567+00:00
FotoCrown,photography,,+92 305 5541115,"ffice #1, 2nd Floor, Sunflower Building, near H. Karim Buksh, Liberty Market Gulberg III, Lahore",https://www.businesslist.pk/company/258516/fotocrown,businesslist_pk,scrapy,photography,2026-08-18T19:47:00.379900+00:00
NiftySphere,photography,http://www.niftysphere.com,03335377734,"Office #3, Plaza #21, E11/3, Multi Markaz, Islamabad, Islamabad, Islamabad Capital Territory",https://www.businesslist.pk/company/245659/niftysphere,businesslist_pk,scrapy,photography,2026-08-18T19:47:02.325012+00:00
Ebuzztoday,photography,http://www.ebuzztoday.com,(042) 32085233,"Building No. 69 Block B 2 Gulberg III Al-Hafeez Suites 2nd Floor, Suite No 12., Lahore, Punjab",https://www.businesslist.pk/company/240054/ebuzztoday,businesslist_pk,scrapy,photography,2026-08-18T19:47:04.415467+00:00
Diran Productions,photography,https://diranproductions.com,+92512825565,"3rd Floor, CIS Technology Park, Shahrah-e-Jamhuriat, G-5/2, Islamabad, Islamabad, Islamabad Capital Territory",https://www.businesslist.pk/company/246567/diran-productions,businesslist_pk,scrapy,photography,2026-08-18T19:47:06.493694+00:00
Waseem Saleem Photography | Wedding Photographer in Lahore,photography,http://(https://www.waseemsaleemphotography.com/),(+923048055553),"Office#5-B, Ahsan Plaza, market, Karim Block Allama Iqbal Town, Lahore, Punjab 54000, Lahore",https://www.businesslist.pk/company/258857/waseem-saleem-photography-in-lahore,businesslist_pk,scrapy,photography,2026-08-18T19:47:07.977544+00:00
NIFTY SPHERE- Institute of Arts and Designing,photography,http://www.niftysphereinstitute.com,"03315098087, +92-518-438-391, +92-311-1999100, +92 21-111-112-222, 0302 6394440","Office 3, plaza 21, E11/3 multi markaz Islamabad , Islamabad, Islamabad Capital Territory",https://www.businesslist.pk/company/252018/nifty-sphere-institute-of-arts-and-designing,businesslist_pk,scrapy,photography,2026-08-18T19:47:09.664546+00:00
Wedding Photography by 55 Shots Photographer,photography,https://55shots.pk/,03314373715,"Model Town, Lahore, Punjab",https://www.businesslist.pk/company/249230/wedding-photography-by-55-shots-photographer,businesslist_pk,scrapy,photography,2026-08-18T19:47:11.196092+00:00
A J Photography,photography,https://www.facebook.com/adijuttphotography,+923285040000,"Eden orchard, lasani pulli, srg rd., Faisalabad",https://www.businesslist.pk/company/258406/a-j-photography,businesslist_pk,scrapy,photography,2026-08-18T19:47:12.749282+00:00
Play Weddings,photography,,03214700365,"Shop No. 59, First Floor, AL HAFEEZ SHOPPING MALL , Lahore, Lahore, Punjab",https://www.businesslist.pk/company/240085/play-weddings,businesslist_pk,scrapy,photography,2026-08-18T19:47:14.438176+00:00
BnW Collections,photography,https://www.bnwcollections.com/,(+92) 03-111-111-269,"Office # 35, 4th Floor, Arkay Square Shahrah-e-Liaquat, Karachi, Sindh",https://www.businesslist.pk/company/245108/bnw-collections,businesslist_pk,scrapy,photography,2026-08-18T19:47:15.659135+00:00
Aftab Alam photography,photography,https://aftabalam.pk/,+923218659300,"5-Basement, Al Masoom Plaza, Mian Hameed Chowk, Faisalabad, Punjab",https://www.businesslist.pk/company/241441/aftab-alam-photography,businesslist_pk,scrapy,photography,2026-08-18T19:47:17.368266+00:00
Customized Gifts Items,printing,http://www.customizegifts.pk,"03351217817, +92 3018119659","North Nazimabad, Near Inquiry Office, Karachi, Sindh",https://www.businesslist.pk/company/242412/customized-gifts-items,businesslist_pk,scrapy,printing,2026-08-18T19:47:19.403583+00:00
BSUprints,printing,http://www.bsuprints.com,+92213-2623761,"Shop #5, Akhtar Mansion, Pakistan Chowk, Outram Road Karachi., Karachi, Sindh",https://www.businesslist.pk/company/244951/bsuprints,businesslist_pk,scrapy,printing,2026-08-18T19:47:21.133663+00:00
Irfan Printing Services,printing,http://www.iffyprints.webs.com,+92 341 4165283,"More Wala Chowk, High Street Sahiwal, Sahiwal, Punjab",https://www.businesslist.pk/company/241932/irfan-printing-services,businesslist_pk,scrapy,printing,2026-08-18T19:47:23.335344+00:00
The Khyber Printing Systems Pvt Ltd.,printing,https://www.facebook.com/khyber-printing-systems-pvt-ltd-413826088778901/,+92-3334554471,"7-A Industrial Estate, Hayatabad, Peshawar, Peshawar, Khyber Pakhtunkhwa",https://www.businesslist.pk/company/247900/the-khyber-printing-systems-pvt-ltd,businesslist_pk,scrapy,printing,2026-08-18T19:47:25.247935+00:00
Seven Smiles,printing,http://7evensmiles.com,0342-4344410,"House # 84, Tipu Block Garden Town, Lahore, Punjab 54000, Lahore, Punjab",https://www.businesslist.pk/company/245111/seven-smiles,businesslist_pk,scrapy,printing,2026-08-18T19:47:27.215619+00:00
Grafic Skills,printing,https://www.graficskills.com,+923214614651,"Alghani Industrial Estate، Plot No.28, Alshar Street، 21KM Lahore – Kasur Rd, Lahore, 54000, Pakistan, Lahore, Punjab",https://www.businesslist.pk/company/257677/grafic-skills,businesslist_pk,scrapy,printing,2026-08-18T19:47:29.431964+00:00
Zee Printers,printing,http://zeeprinters.com/,+923005103648,"Barkat Colony Chung, Near Baraf Khana Chowk, Street No 1, 22-KM Multan Road Lahore - Pakistan, Lahore",https://www.businesslist.pk/company/258836/zee-printers,businesslist_pk,scrapy,printing,2026-08-18T19:47:31.322040+00:00
Makazi International,printing,http://www.makazii.com,+924235237684,"Plot: 50, Mamdot Block, Mustafa Town, Wahdat Road, Lahore, Lahore, Punjab",https://www.businesslist.pk/company/244506/makazi-international,businesslist_pk,scrapy,printing,2026-08-18T19:47:32.909823+00:00
Printing Press Islamabad,printing,https://sites.google.com/view/panaflexprintingislamabad/home,+92-3365544466,"Main Rohtas Road G-9/1, Islamabad , Islamabad",https://www.businesslist.pk/company/258351/printing-press-islamabad,businesslist_pk,scrapy,printing,2026-08-18T19:47:34.389120+00:00
The Printing Company,printing,https://theprintingcompany.org/,+923268450002,"Office # 104, 1st Floor, Embassy Gardens, Sector C-1, Bahria Enclave, Islamabad, Pakistan., Islamabad, Pakistan, 44000, Islamabad, Islamabad Capital Territory",https://www.businesslist.pk/company/250612/The_Printing_Company,businesslist_pk,scrapy,printing,2026-08-18T19:47:36.137454+00:00
AM Advertisers,printing,http://www.amadvertisers.com,+92 322 8451838,"tariq center h3 block johar town , Lahore, Punjab",https://www.businesslist.pk/company/240884/am-advertisers,businesslist_pk,scrapy,printing,2026-08-18T19:47:38.373341+00:00
Online Printing Speedy,printing,http://www.printingspeedy.com,03204130637,"7 Royal Park Lakshami Chowk Lahore., Lahore, Punjab",https://www.businesslist.pk/company/246120/online-printing-speedy,businesslist_pk,scrapy,printing,2026-08-18T19:47:40.265087+00:00
Taskeen-e-ZauQ Printers &amp; Publishers,printing,http://www.facebook.com/taskeenezauq,04235441852,"Near Bashir Bakhtiar Labor Hall, 28-Nisbat Road, Lahore., Lahore, Punjab",https://www.businesslist.pk/company/244142/taskeen-e-zauq-printerspublishers,businesslist_pk,scrapy,printing,2026-08-18T19:47:42.465984+00:00
SatPara Fabrics &amp; Digital Textile,printing,https://www.satpara.com.pk/,03210000000,"Plot no 256/A, Street, 34 Maulana Shaukat Ali Rd, Kot Lakhpat, Lahore, Punjab 54000, Lahore, Punjab",https://www.businesslist.pk/company/250036/satpara-fabricsdigital-textile,businesslist_pk,scrapy,printing,2026-08-18T19:47:43.862766+00:00
Excellent Tissue Paper Company,printing,,0334-8484940,"Ashiana Road, Bank Stop, 17-km Ferozepur Road, Lahore. , Lahore, Punjab",https://www.businesslist.pk/company/235229/excellent-tissue-paper,businesslist_pk,scrapy,printing,2026-08-18T19:47:45.899661+00:00
Royal Graphics,printing,http://www.royalgraphics.pk,+922132621108,"shop # 2 Amin Mansion More Street Pakistan Chowk, Karachi, Sindh",https://www.businesslist.pk/company/242272/royal-graphics,businesslist_pk,scrapy,printing,2026-08-18T19:47:48.148681+00:00
KHB Print,printing,http://www.khbprint.com,02135290118,"Shop 25, Chappal Arcade 1, Opp. Hyperstar, Block 4, Clifton, Karachi., Karachi, Sindh",https://www.businesslist.pk/company/242152/khb-print,businesslist_pk,scrapy,printing,2026-08-18T19:47:50.362665+00:00
Print Pack n Promo,printing,http://www.printpacknpromo.com,92 21 326 27 880,"A16, B17, Yousuf Mansion, AM 1, Burns Road, Karachi, Sindh",https://www.businesslist.pk/company/235013/print-pack-n-promo,businesslist_pk,scrapy,printing,2026-08-18T19:47:51.919314+00:00
Fauzia Law Associates,legal services,,03114703384,"Mall road, Lahore, Punjab",https://www.businesslist.pk/company/242874/fauzia-law-associates,businesslist_pk,scrapy,legal-services,2026-08-18T19:47:53.617747+00:00
Mian Muhammad Nawaz Advocate High Court,legal services,http://WWW.ALADLLAWFIRM.WEEBLY.COM,042-36543532,"AL-ADL LAW FIRM, 390/125 SALAMAT PURA STOP, MAIN G.T ROAD, DAROGHAWALA, LAHORE, PAKISTAN, Lahore, Punjab",https://www.businesslist.pk/company/245668/mian-muhammad-nawaz-advocate-high-court,businesslist_pk,scrapy,legal-services,2026-08-18T19:47:55.322048+00:00
Saddam Khan Studio,legal services,http://seedincubation.com/,0213-5346008,"16-c 1st lane shahbaz commercial -phase 6 DHA Karachi pakistan , Karachi, Sindh",https://www.businesslist.pk/company/245112/seed-incubation-centre,businesslist_pk,scrapy,legal-services,2026-08-18T19:47:57.511017+00:00
Water Seal Expert,legal services,http://www.watersealexpert.com/,021-34990184,"Office G-32, Waqas Height, Block 13D1,  Gulshan-e-Iqbal, Karachi, Pakistan., Karachi, Sindh",https://www.businesslist.pk/company/249042/water-seal-expert,businesslist_pk,scrapy,legal-services,2026-08-18T19:47:59.694112+00:00
Solution Seekers Pakistan,legal services,http://www.solutionseekerspakistan.com/,+9242111042326,"House# 21-A, Q Block, Gulberg II, Lahore, Lahore, Punjab",https://www.businesslist.pk/company/241603/solution-seekers-pakistan,businesslist_pk,scrapy,legal-services,2026-08-18T19:48:01.782506+00:00
AROM ASSOCIATES Pvt. Ltd,legal services,http://www.aromassociates.com,04235773881,"LG-1, Big City Plaza, Main Boulevard, Gulberg Lahore, Lahore, Punjab",https://www.businesslist.pk/company/252234/arom-associates-pvt-ltd,businesslist_pk,scrapy,legal-services,2026-08-18T19:48:03.632893+00:00
Ahmed Ali Dewan &amp; Co.,legal services,https://aadewan.com.pk,"922135620898, +92515912996","Suite # 9, Fareed Chamber, Abdullah Haroon Road, Saddar, Karachi, Karachi, Sindh",https://www.businesslist.pk/company/251166/ahmed-ali-dewanco,businesslist_pk,scrapy,legal-services,2026-08-18T19:48:05.747560+00:00
Ashraf &amp; Ashraf Law Firm,legal services,http://www.ashraflawfirm.com/family.html,03214581017,"553 Q Block Johar Town Lahore Pakistan., Lahore, Punjab",https://www.businesslist.pk/company/243964/ashrafashraf-law-firm,businesslist_pk,scrapy,legal-services,2026-08-18T19:48:07.712475+00:00
Chairman Law Associates,lawyers,,,"•	30.04415 •	72.34406,",https://www.businesslist.pk/company/258940/chairman-law-associates,businesslist_pk,scrapy,lawyers,2026-08-18T19:48:09.095590+00:00
M.A. Awan &amp; Co.,lawyers,https://maawan.com.pk/,03315267519,"Office No. 4, 3rd Floor, Faisal Shopping Mall, Opposite GPO, Saddar, Rawalpindi, Rawalpindi, Punjab",https://www.businesslist.pk/company/252451/ma-awanco,businesslist_pk,scrapy,lawyers,2026-08-18T19:48:11.348823+00:00
M.A Bhatti Law,lawyers,https://mabhattilaw.com/,+923003352274,"7th floor, Executive Towers Dolmen Mall,Clifton,Karachi, Karachi",https://www.businesslist.pk/company/258786/ma-bhatti-law,businesslist_pk,scrapy,lawyers,2026-08-18T19:48:13.588630+00:00
Mannan Law Associates,lawyers,http://www.mannanlawassociates.com,+923000600340,"407 Ameer Bhatti tower District Courts Sialkot, Sialkot, Sindh",https://www.businesslist.pk/company/258396/mannan-law-associates,businesslist_pk,scrapy,lawyers,2026-08-18T19:48:15.747351+00:00
Gowakeel,lawyers,https://www.gowakeel.com/,+92 336 9969997,"Karachi Pakistan new Karachi, new karachi, Karachi",https://www.businesslist.pk/company/258958/gowakeel,businesslist_pk,scrapy,lawyers,2026-08-18T19:48:16.945426+00:00
UK Visa Consultants,lawyers,http://ukvisaconsultants.com/,+923094471858,"431/F2, Jeff Heights, Main Boulevard Gulberg III, Lahore, Punjab",https://www.businesslist.pk/company/245651/uk-visa-consultants,businesslist_pk,scrapy,lawyers,2026-08-18T19:48:18.958487+00:00
Iqbal International Law Services,lawyers,http://www.iqballawservices.com,+92-21-32766968,"431, 4th Floor, Odeon Centre, Regal Chowk, Saddar,, Karachi, Sindh",https://www.businesslist.pk/company/234904/iqbal-international-law-services,businesslist_pk,scrapy,lawyers,2026-08-18T19:48:21.013535+00:00
Muazzam Law Firm,lawyers,http://www.muazzamlawfirm.com,091-2593172,"6-A, Nasir Mansion, 2-Railway Road, Peshawar Cantt, Peshawar, Peshawar, Khyber Pakhtunkhwa",https://www.businesslist.pk/company/244668/muazzam-law-firm,businesslist_pk,scrapy,lawyers,2026-08-18T19:48:22.863891+00:00
Al-adal Associates,lawyers,http://www.aladalassociates.com,03462485197,"2/C, Khayaban-e-Rahat Opp. (SKBZ), Phase VI, DHA, Karachi, Karachi, Sindh",https://www.businesslist.pk/company/245305/al-adal-associates,businesslist_pk,scrapy,lawyers,2026-08-18T19:48:25.198081+00:00
Abdullah Qazi and Associates,lawyers,http://abdullah-qazi-and-associates.business.site,03155033071,"Office no 1, 2nd Floor, Block 4A, F 8 Markaz Islamabad, Pakistan, Islamabad, Islamabad Capital Territory",https://www.businesslist.pk/company/246043/abdullah-qazi-and-associates,businesslist_pk,scrapy,lawyers,2026-08-18T19:48:26.995830+00:00
Frasat &amp; Partners The Law Firm,lawyers,http://www.fplawfirminlahore.business.site,+923214321202,"Suit # 107, 2nd Floor, Atif Basharat Heights, 13- Fane road, Lahore, Punjab",https://www.businesslist.pk/company/243933/frasatpartners-the-law-firm,businesslist_pk,scrapy,lawyers,2026-08-18T19:48:29.254764+00:00
Nabi Buksh Law Concern Faisalabad,lawyers,http://www.nblc.tk,+923004218121,"148 Sufi Barkat Building District Courts Faisalabad, Faisalabad, Punjab",https://www.businesslist.pk/company/251272/nabi-buksh-law-concern-faisalabad,businesslist_pk,scrapy,lawyers,2026-08-18T19:48:31.295383+00:00
A. Nawaz Osmani Law Associates.,lawyers,http://www.osmanilaw.com,+92 21 2762286,"Suite # 17, 7th Floor, Office Towers,  Rimpa Plaza, M.A. Jinnah Road,, Karachi, Sindh",https://www.businesslist.pk/company/245138/a-nawaz-osmani-law-associates,businesslist_pk,scrapy,lawyers,2026-08-18T19:48:33.328416+00:00
Voice of Justice,lawyers,http://voiceofjustice.pk,+923334742460,"Office No. 4 &amp; 5, First Floor, Balaj Tower, 45-A Mozzang Near PSO Pump, Lahore, Lahore",https://www.businesslist.pk/company/258669/voice-of-justice,businesslist_pk,scrapy,lawyers,2026-08-18T19:48:34.454642+00:00
DLB Consulting LLC,lawyers,https://dlb.az,+994994909080,"8th November Avenue 15, Abbottabad, Islamabad Capital Territory",https://www.businesslist.pk/company/258988/dlb-consulting-llc,businesslist_pk,scrapy,lawyers,2026-08-18T19:48:36.384931+00:00
Court Marriage Online Nikah,lawyers,https://sites.google.com/site/courtmarriagelahore/,+923228880453,"80 Model Town Courts Lahore, Lahore, Punjab",https://www.businesslist.pk/company/242114/court-marriage-online-nikah,businesslist_pk,scrapy,lawyers,2026-08-18T19:48:38.422859+00:00
City Lawyers Online law Associates,lawyers,https://citylawyersonline.blogspot.com/,"+923400834767, +923152345162","1st Floor ,Mithani Chamber near City Court Karachi, Karachi",https://www.businesslist.pk/company/258342/city-lawyers-online-law-associates,businesslist_pk,scrapy,lawyers,2026-08-18T19:48:40.341824+00:00
Lexway Law Firm,lawyers,http://lexway.pk,+923127776666,"141/1, Lane 10, Block B, Sindhi Muslim Cooperative Housing Society Off Shahrah-e-Faisal Karachi, Pakistan, Karachi, Sindh",https://www.businesslist.pk/company/242048/lexway-law-firm,businesslist_pk,scrapy,lawyers,2026-08-18T19:48:42.468136+00:00
Afzal Surgical Inst,beauty professionals,https://www.afzalsurgicalinst.com,92523257285,"P.O.Box # 2188 New Miana pura East, St # 14, Roras Road, Sialkot, Punjab",https://www.businesslist.pk/company/241073/afzal-surgical-inst,businesslist_pk,scrapy,beauty-professionals,2026-08-18T19:48:49.733121+00:00
Coral Beauty Emporium,beauty professionals,https://coralbeautyemporium.com/,0315 513 0000,"30-31 Main Boulevard Awais Qarni Block Bahria Town, Lahore, Punjab",https://www.businesslist.pk/company/247023/coral-beauty-emporium,businesslist_pk,scrapy,beauty-professionals,2026-08-18T19:48:51.919545+00:00
Usaimported.pk | Amazon Shopping in Pakistan,beauty professionals,http://usaimported.pk/,03167822202,"40-M Gold Mine Plaza Ichra Lahore, Lahore, Punjab",https://www.businesslist.pk/company/246141/usaimportedpkamazon-shopping-in-pakistan,businesslist_pk,scrapy,beauty-professionals,2026-08-18T19:48:53.429091+00:00
ILHT –Time to Appear Attractive,beauty professionals,http://www.ilht.com.pk/,111424737,"92-B/1, M. M. Alam Road, Gulberg III Lahore, Punjab, Pakistan, Lahore, Punjab",https://www.businesslist.pk/company/235563/hair-transplant-in-pakistan,businesslist_pk,scrapy,beauty-professionals,2026-08-18T19:48:55.269063+00:00
Glute white,fitness,https://glutathione-pills-price-in-pakistan.blogspot.com/,03134991116,"pakistan, Lahore, Punjab",https://www.businesslist.pk/company/245904/glute-white,businesslist_pk,scrapy,fitness,2026-08-18T19:48:57.422617+00:00
Contours,fitness,http://contours.com.pk,04235752080,"16-E/3, Gulberg-III, Lahore Pakistan, Lahore, Punjab",https://www.businesslist.pk/company/250159/contours,businesslist_pk,scrapy,fitness,2026-08-18T19:48:59.583398+00:00
Sams Health Club,fitness,http://www.sams.pk,+92-42-35714240/41,"40 b1 gulberg 3, Off M.M Alam road, Lahore, pakistan, Lahore, Punjab",https://www.businesslist.pk/company/239978/sams-health-club,businesslist_pk,scrapy,fitness,2026-08-18T19:49:01.439330+00:00
Ginnastic Arena,fitness,https://ginnasticarena.com/,+923331111557,"Interlace Plaza, 1-8 Markaz, Islamabad",https://www.businesslist.pk/company/258794/ginnastic-arena,businesslist_pk,scrapy,fitness,2026-08-18T19:49:02.579840+00:00
Karaki Massage Center,fitness,https://www.karachimassagecenter.net,"+92 3042262244, +92 3332261246","DHA PHASE 2, Karachi, Sindh",https://www.businesslist.pk/company/252374/karaki-massage-center-karachi,businesslist_pk,scrapy,fitness,2026-08-18T19:49:04.350676+00:00
www.sandhisudhapluspakistan.com,fitness,http://www.sandhisudhapluspakistan.com,0320-3282402,"www.sandhisudhapluspakistan.com, Islamabad, Islamabad Capital Territory",https://www.businesslist.pk/company/240720/wwwsandhisudhapluspakistancom,businesslist_pk,scrapy,fitness,2026-08-18T19:49:06.093926+00:00
Synergize.pk,fitness,http://www.synergize.pk,+92 323 7963749,"Main Khayban Bukhari. Phase 6 DHA. Karachi, Karachi, Sindh",https://www.businesslist.pk/company/243157/synergizepk,businesslist_pk,scrapy,fitness,2026-08-18T19:49:08.062771+00:00
Khalid Brothers Scales,fitness,http://www.khalidbrotherss.enic.pk,051-5555542,"Office no 41,42 ,Ghazni Market ,Bagh Sardaran ,Rawalpindi., Rawalpindi, Punjab",https://www.businesslist.pk/company/245991/khalid-brothers-scales,businesslist_pk,scrapy,fitness,2026-08-18T19:49:10.408910+00:00
Sams Health Spa and Wellness Center,fitness,http://www.sams.pk,0092-42-35714240/41 or 0092-42-35707427/28 or 03224107350,"40 B1 , gulberg 3, off M.M Alam road, Lahore, Pakistan, Lahore, Punjab",https://www.businesslist.pk/company/240898/sams-health-spa-and-wellness-center,businesslist_pk,scrapy,fitness,2026-08-18T19:49:12.271680+00:00
Needo Industries Pvt.ltd.,fitness,http://www.needosportswear.com,+92 52 3240535,"S.I.E, Shahab Pura Road, Sialkot-Pakistan, Sialkot, Punjab",https://www.businesslist.pk/company/235327/needo-sports,businesslist_pk,scrapy,fitness,2026-08-18T19:49:14.359841+00:00
Zenith By Sameera,fitness,,+9234 5762831,"Islamabad main road, Islamabad",https://www.businesslist.pk/company/258793/zenith-by-sameera,businesslist_pk,scrapy,fitness,2026-08-18T19:49:15.213288+00:00
Yahya Sports Equipment Company,fitness,http://www.yahyasports.com,04236298125,"Plot # s-41, R 5/8 lawrance road lahore pakistan, Lahore, Punjab",https://www.businesslist.pk/company/247077/yahya-sports-equipment-company,businesslist_pk,scrapy,fitness,2026-08-18T19:49:16.980127+00:00
As Seen On Tv Products In Pakistan AsSeenOnTvComPk,fitness,http://www.asseenontv.com.pk/,03148009622,"rizvia colony, Karachi, Sindh",https://www.businesslist.pk/company/245770/as-seen-on-tv-products-in-pakistan-asseenontvcompk,businesslist_pk,scrapy,fitness,2026-08-18T19:49:18.991352+00:00
Needo Sports,fitness,http://www.needosports.com,+92 52 3240535,"S.I.E, Shahab Pura, Sialkot-Pakistan., Sialkot, Punjab",https://www.businesslist.pk/company/241062/needo-sports,businesslist_pk,scrapy,fitness,2026-08-18T19:49:20.821578+00:00
Teleshopping Pakistan TeleMarkaz Online Shop,fitness,http://www.telemarkaz.com,03335076432,"Huma Block, Lahore, Punjab",https://www.businesslist.pk/company/240763/telemarkazcom,businesslist_pk,scrapy,fitness,2026-08-18T19:49:22.079787+00:00
Epic Industries,fitness,http://www.epicind.com,0524295488,"Christine Town Road, Sialkot, Punjab",https://www.businesslist.pk/company/251987/epic-industries,businesslist_pk,scrapy,fitness,2026-08-18T19:49:24.185988+00:00
Unified Group,fitness,http://www.ug.com.pk,34186040,"B-25 Bilal Town near Shahrah-e-Faisal Karachi, Karachi, Sindh",https://www.businesslist.pk/company/241582/unified-group,businesslist_pk,scrapy,fitness,2026-08-18T19:49:26.436901+00:00
Bfitfashion,fitness,,+92-327-7755333,"Building no 2, Pacca Garah Kashmir Road, Sialkot, Pakistan., Sialkot",https://www.businesslist.pk/company/258845/bfitfashion,businesslist_pk,scrapy,fitness,2026-08-18T19:49:28.597337+00:00
Bravo Nutrition,fitness,,03343255369,"Azizabad, Karachi, Pakistan, Karachi, Sindh",https://www.businesslist.pk/company/243514/bravo-nutrition,businesslist_pk,scrapy,fitness,2026-08-18T19:49:30.072272+00:00
HairSense,beauty professionals,https://hairsense.pk/,+923302222786,"Gondal Plaza, Basement HBL, Markaz F-10, Islamabad, Islamabad",https://www.businesslist.pk/company/258852/hairsense,businesslist_pk,scrapy,beauty-professionals,2026-08-18T19:49:31.707289+00:00
Jzee beauty salon,beauty professionals,https://jzee-beauty-salon.business.site,+923339268792,"House# 187, Street Number 23, Phase Phase 4A Ghauri Town, Islamabad, Islamabad Capital Territory, Islamabad",https://www.businesslist.pk/company/255002/jzee-beauty-salon,businesslist_pk,scrapy,beauty-professionals,2026-08-18T19:49:33.657967+00:00
Royal Aesthetica,beauty professionals,https://royalaestheticaclinic.com/,+923037633000,"City Emporium 266/8, Chenone Road, Peoples Colony No1, Faisalabad, Pakistan., Faisalabad",https://www.businesslist.pk/company/258744/royal-aesthetica,businesslist_pk,scrapy,beauty-professionals,2026-08-18T19:49:35.683100+00:00
My TeleMall,beauty professionals,http://www.mytelemall.com,03009533102,"Lahore, Pakistan, Lahore, Sindh",https://www.businesslist.pk/company/240207/my-telemall,businesslist_pk,scrapy,beauty-professionals,2026-08-18T19:49:37.460800+00:00
Razors &amp; Scissors - Men&#039;s Grooming Lounge,beauty professionals,https://razorsnscissorspk.com,051-6141254,"Block 12-D, Office #6, first floor, F-7 Markaz., Islamabad, Islamabad Capital Territory",https://www.businesslist.pk/company/250729/razorsscissors-mens-grooming-lounge,businesslist_pk,scrapy,beauty-professionals,2026-08-18T19:49:39.466258+00:00
Bigbasket.pk,beauty professionals,https://bigbasket.pk/,+923238325149,"12 MB Floor Zainb Tower Lahore, Lahore, Punjab",https://www.businesslist.pk/company/252648/bigbasketpk,businesslist_pk,scrapy,beauty-professionals,2026-08-18T19:49:41.563658+00:00
Syinger Tattoos,beauty professionals,https://syingertattoos.com/,+92 316 0141165,"92-A MM Alam Rd, Block B1 Block B 1 Gulberg III, Lahore, Punjab 54660, Lahore, Punjab",https://www.businesslist.pk/company/252195/syinger-tattoos,businesslist_pk,scrapy,beauty-professionals,2026-08-18T19:49:43.221950+00:00
Nanjing Al-Heera Inc,beauty professionals,http://nahe786.all.biz/,923328679622,"5-Usman Park, Khadim Ali Road, Sialkot, Punjab",https://www.businesslist.pk/company/240422/nanjing-al-heera-inc,businesslist_pk,scrapy,beauty-professionals,2026-08-18T19:49:45.283250+00:00
Queens Beauty Centre,beauty professionals,http://www.queens.com.pk/,"+922134524822 ,+9221 34552371","Tariq Road Main Branch 940/C, Commercial Area P.E.C.H.S Block 2 Near Jheel Park, Karachi, Sindh",https://www.businesslist.pk/company/242697/queens-beauty-centre,businesslist_pk,scrapy,beauty-professionals,2026-08-18T19:49:47.338474+00:00
FLourish Salon By Aqsa Danish,beauty professionals,https://www.facebook.com/flourishsalon1,021 34833323,"Plot No A-217, In Block 3 At KDA Scheme No 24 Gulshan E Iqbal, Karachi,, Karachi, Sindh",https://www.businesslist.pk/company/251671/flourish-salon-by-aqsa-danish,businesslist_pk,scrapy,beauty-professionals,2026-08-18T19:49:49.475125+00:00
Sunstar Impex,beauty professionals,https://sunstarimp.com/,+923070717487,"Shahabpura Rd Industrial Area , Sialkot",https://www.businesslist.pk/company/258537/sunstar-impex,businesslist_pk,scrapy,beauty-professionals,2026-08-18T19:49:51.370561+00:00
L&amp;I International,beauty professionals,http://www.land-int.com,+92 3257853,"New Adalat Garh near Anwar Khawaja Industries, Sialkot, Punjab",https://www.businesslist.pk/company/249857/li-international,businesslist_pk,scrapy,beauty-professionals,2026-08-18T19:49:53.721771+00:00
Sparkle ink tattoos,beauty professionals,https://instagram.com/sparkleinktattoos?igshid=v795ci8voc95,+923338749465,"Usmani house E 153 D street 10 New Iqbal park DHA main Boulevard lahore, Lahore",https://www.businesslist.pk/company/258447/sparkle-ink-tattoos,businesslist_pk,scrapy,beauty-professionals,2026-08-18T19:49:55.662714+00:00
Aerona Beauty,beauty professionals,http://www.aeronabeauty.com,+923217106500,"Plot No:1770,Malik Colony, Sialkot, Punjab",https://www.businesslist.pk/company/247118/aerona-beauty,businesslist_pk,scrapy,beauty-professionals,2026-08-18T19:49:57.670721+00:00
Sarimax Traders,beauty professionals,http://www.sarimaxtraders.com,03424776422,"muradpur bankstop marala road gohadpur, Sialkot, Punjab",https://www.businesslist.pk/company/252627/sarimax-traders,businesslist_pk,scrapy,beauty-professionals,2026-08-18T19:49:58.987042+00:00
Naimlasercenter,beauty professionals,https://nasimlasercenter.com/,0300-3332024,"House # 4, H Block – Phase 2 Johar Town – Lahore, Punjab, Lahore, Punjab",https://www.businesslist.pk/company/251876/naimlasercenter,businesslist_pk,scrapy,beauty-professionals,2026-08-18T19:50:00.742112+00:00
