company_name,category,website,email,all_emails,phone,address,linkedin,facebook,instagram,rating,review_count,company_size,hourly_rate,min_project,search_query,profile_url,source,engine,email_verified,scraped_at
FACTS ERP Software House L.L.C,Software company,https://facts.ae/?utm_source=CMBlisting&utm_medium=organic,info@facts.ae,info@facts.ae; hi@facts.ae,+971 55 899 3902,Mohd Malik & Sons Raffa Building - Office 201 - Khalid Bin Al Waleed Rd - Al Raffa - Dubai - United Arab Emirates,https://www.linkedin.com/company/facts-computer-software-house/,https://www.facebook.com/factsae,https://www.instagram.com/factserp/,4.6,103,50 - 249,$25 - $49 / hr,"$10,000+",software companies in Dubai,https://www.google.com/maps/place/FACTS+ERP+Software+House+L.L.C/data=!4m7!3m6!1s0x3e5f433e1f5f9b55:0x94a47bfdf9d201c6!8m2!3d25.2593792!4d55.2936515!16s%2Fg%2F1tj7zfs0!19sChIJVZtfHz5DXz4RxgHS-f17pJQ?authuser=0&hl=en&rclk=1,google_maps,normal_scraper,unknown,2026-07-13T17:31:12.311Z
ToXSL Technologies,Software company,https://toxsl.ae/,sales@toxsl.ae,sales@toxsl.ae,+971 54 200 7788,BUR DUBAI - R308 Building - near Burjuman Mall - Al Mankhool - Dubai - United Arab Emirates,https://www.linkedin.com/company/toxsl-technologies-dubai,https://www.facebook.com/ToXSL,https://www.instagram.com/toxsltech,4.5,81,,,,software companies in Dubai,https://www.google.com/maps/place/ToXSL+Technologies/data=!4m7!3m6!1s0x3e5f656cb983ee57:0xde57360ed678865f!8m2!3d25.2550691!4d55.3023902!16s%2Fg%2F11t6pm2brs!19sChIJV-6DuWxlXz4RX4Z41g42V94?authuser=0&hl=en&rclk=1,google_maps,normal_scraper,unknown,2026-07-13T17:31:12.311Z
Peniel Technology LLC,Software company,https://www.penieltech.com/,info@penieltech.com,info@penieltech.com,+971 50 961 7708,"Office 205, NBQ Bank Building - 16th St - Khalid Bin Al Waleed Rd - Bur Dubai - Dubai - United Arab Emirates",https://www.linkedin.com/company/penieltech/posts/,https://www.facebook.com/penieltech,,4.9,"1,202",,,,software companies in Dubai,https://www.google.com/maps/place/Peniel+Technology+LLC/data=!4m7!3m6!1s0x3e5f434bc5378621:0xf122ee3366790238!8m2!3d25.2565087!4d55.3016633!16s%2Fg%2F1wnd_jwg!19sChIJIYY3xUtDXz4ROAJ5ZjPuIvE?authuser=0&hl=en&rclk=1,google_maps,normal_scraper,unknown,2026-07-13T17:31:12.311Z
"Think Future Technologies | Software Development and Testing Company in Dubai, UAE",Software company,http://www.tftus.com/,info@tftus.com,info@tftus.com; john.doe@email.com,+971 52 559 6197,706 Emerald Mankhool 3 - Dubai - United Arab Emirates,https://www.linkedin.com/company/think-future-technologies,https://www.facebook.com/TFTUS/,https://www.instagram.com/tft_us/,5.0,4,,,,software companies in Dubai,"https://www.google.com/maps/place/Think+Future+Technologies+%7C+Software+Development+and+Testing+Company+in+Dubai,+UAE/data=!4m7!3m6!1s0x3e5f43474c32959d:0xa26537f2739cba36!8m2!3d25.2481365!4d55.286642!16s%2Fg%2F11fm_3f_8d!19sChIJnZUyTEdDXz4RNrqcc_I3ZaI?authuser=0&hl=en&rclk=1",google_maps,normal_scraper,unknown,2026-07-13T17:31:12.311Z
Chacra Software,Software company,https://www.chacrasoftware.com/,info@chacrasoftware.com,info@chacrasoftware.com,+971 50 471 4556,"Marina Plaza, Level 29 - Dubai Marina - Dubai - United Arab Emirates",https://www.linkedin.com/company/chacrasoftware,https://www.facebook.com/ChacraSoftware,https://www.instagram.com/chacrasoftware,5.0,18,,,,software companies in Dubai,https://www.google.com/maps/place/Chacra+Software/data=!4m7!3m6!1s0x3e5f6d26be671d73:0x4ac7c77f7fdb9be6!8m2!3d25.0753976!4d55.1398252!16s%2Fg%2F11p4bnt910!19sChIJcx1nviZtXz4R5pvbf3_Hx0o?authuser=0&hl=en&rclk=1,google_maps,normal_scraper,unknown,2026-07-13T17:31:12.311Z
Azinova Technologies LLC,Software company,http://www.azinovatechnologies.com/,contact@azinova.info,contact@azinova.info; contact@azinovatechnologies.com,+971 4 359 7000,"Office 107, SIT Tower - Nadd Hessa - Dubai Silicon Oasis - Dubai - United Arab Emirates",https://www.linkedin.com/company/azinova-technologies-pvt--ltd,https://www.facebook.com/AzinovaTechnologies,https://www.instagram.com/azinova/,4.4,30,,,,software companies in Dubai,https://www.google.com/maps/place/Azinova+Technologies+LLC/data=!4m7!3m6!1s0x3e5f69a2efd6f499:0xb351497628795f70!8m2!3d25.1177885!4d55.3906747!16s%2Fg%2F11b7r1klg1!19sChIJmfTW76JpXz4RcF95KHZJUbM?authuser=0&hl=en&rclk=1,google_maps,normal_scraper,unknown,2026-07-13T17:31:12.311Z
TechGropse Dubai Mobile App Development Company | Hire Mobile App Developers in UAE | IOS Android & Custom App Development,Software company,https://www.techgropse.ae/app-development-dubai,sales@techgropse.ae,sales@techgropse.ae,+971 52 798 4766,"Al Owais building - Office ""307 - Deira - Dubai - United Arab Emirates",https://www.linkedin.com/company/techgropse/,https://www.facebook.com/techgropse/,https://www.instagram.com/techgropse/,4.7,51,50 - 249,$25 - $49 / hr,"$25,000+",software companies in Dubai,https://www.google.com/maps/place/TechGropse+Dubai+Mobile+App+Development+Company+%7C+Hire+Mobile+App+Developers+in+UAE+%7C+IOS+Android+%26+Custom+App+Development/data=!4m7!3m6!1s0x3e5f5d8eda9b2713:0xb2551ec45e67f65d!8m2!3d25.2598447!4d55.3363583!16s%2Fg%2F11rnhvd167!19sChIJEyeb2o5dXz4RXfZnXsQeVbI?authuser=0&hl=en&rclk=1,google_maps,normal_scraper,unknown,2026-07-13T17:31:12.311Z
"DXB APPS (DX Technologies LLC) | No 1 App Development Company in Dubai UAE | Hire Android, iOS & WEB Developers in Dubai, UAE",Software company,https://dxbapps.com/,info@dxbapps.com,info@dxbapps.com; +971505041860,+971 50 504 1860,"ETA Star, Al Manara Tower - 812 Marasi Dr - Business Bay - Dubai - United Arab Emirates",https://www.linkedin.com/company/dxb-apps/,https://www.facebook.com/dxbapps,https://www.instagram.com/dxb.apps/,4.6,56,,,,software companies in Dubai,"https://www.google.com/maps/place/DXB+APPS+%28DX+Technologies+LLC%29+%7C+No+1+App+Development+Company+in+Dubai+UAE+%7C+Hire+Android,+iOS+%26+WEB+Developers+in+Dubai,+UAE/data=!4m7!3m6!1s0x3e5f69dae374ad7b:0xe23198783834762!8m2!3d25.1842651!4d55.2596548!16s%2Fg%2F11hgdl52s5!19sChIJe61049ppXz4RYkeDg4cZIw4?authuser=0&hl=en&rclk=1",google_maps,normal_scraper,unknown,2026-07-13T17:31:12.311Z
TrueBays IT Software Trading LLC,Software company,https://www.truebays.com/?utm_source=google&utm_medium=GMB&utm_campaign=GMBTRACKING,info@truebays.com,info@truebays.com,+971 56 383 8329,Office 111B Ibn Battuta Gate Offices - Sheikh Zayed Rd - Jebel Ali Village - Dubai - United Arab Emirates,https://www.linkedin.com/company/truebays-it-software-trading-llc,https://www.facebook.com/truebayssoutions/,https://www.instagram.com/truebays2017/,4.7,82,,,,software companies in Dubai,https://www.google.com/maps/place/TrueBays+IT+Software+Trading+LLC/data=!4m7!3m6!1s0x3e5f435abb3b86ad:0xba9366dbb415d088!8m2!3d25.0410191!4d55.1167619!16s%2Fg%2F11fjz265d6!19sChIJrYY7u1pDXz4RiNAVtNtmk7o?authuser=0&hl=en&rclk=1,google_maps,normal_scraper,unknown,2026-07-13T17:31:12.311Z
Brainsphere,Software company,https://www.brainspherei.com/,,,+971 4 352 9915,"Office 202, Mohd Malik & Sons Raffa Building - Khalid Bin Al Waleed Rd - Dubai - United Arab Emirates",,,,4.6,63,,,,software companies in Dubai,https://www.google.com/maps/place/Brainsphere/data=!4m7!3m6!1s0x3e5f433e6cd381ab:0xd2f6c7113170a267!8m2!3d25.2594548!4d55.2936254!16s%2Fg%2F11f_3s_gk8!19sChIJq4HTbD5DXz4RZ6JwMRHH9tI?authuser=0&hl=en&rclk=1,google_maps,normal_scraper,,2026-07-13T17:31:12.311Z
Website Designing Company in Dubai,Software company,,,,+971 56 890 9411,Aspin Commercial Tower - Office Number 1005 - Building Sheikh Zayed Rd - Dubai - United Arab Emirates,,,,4.6,13,,,,software companies in Dubai,https://www.google.com/maps/place/Website+Designing+Company+in+Dubai/data=!4m7!3m6!1s0x3e5f431fb6f3ccbf:0xb5392dc7298b63e!8m2!3d25.2089625!4d55.2724984!16s%2Fg%2F11qbs9j7yw!19sChIJv8zzth9DXz4RPraYctySUws?authuser=0&hl=en&rclk=1,google_maps,normal_scraper,,2026-07-13T17:31:12.311Z
"Hidden Brains : AI Software Development Dubai, UAE",Software company,https://www.hiddenbrains.ae/,,,+971 50 541 7174,"The Metropolis Tower - Office No: 01, Unit 2201, 22nd Floor - Marasi Dr - Business Bay - Dubai - United Arab Emirates",,,,5.0,27,,,,software companies in Dubai,"https://www.google.com/maps/place/Hidden+Brains+:+AI+Software+Development+Dubai,+UAE/data=!4m7!3m6!1s0x3e5f69454d31e7a7:0x44efcb60715f29e2!8m2!3d25.1849235!4d55.2769027!16s%2Fg%2F11ln1tp9df!19sChIJp-cxTUVpXz4R4ilfcWDL70Q?authuser=0&hl=en&rclk=1",google_maps,normal_scraper,,2026-07-13T17:31:12.311Z
Apptunix UAE - AI Mobile App Development Company in Dubai | Hire App Developers in UAE,Software company,https://www.apptunix.ae/mobile-app-development-company-dubai-uae/?utm_source=Organicseo&utm_medium=mainGBPUAE,sales@apptunix.com,sales@apptunix.com,+971 50 782 1690,"One Central, The offices 3 - DWTC - Level 3 Sheikh Zayed Rd - Dubai - United Arab Emirates",https://www.linkedin.com/showcase/apptunixdubai,https://www.facebook.com/people/Apptunixuae/61578366810713/,http://instagram.com/apptunixuae/,4.7,47,,,,software companies in Dubai,https://www.google.com/maps/place/Apptunix+UAE+-+AI+Mobile+App+Development+Company+in+Dubai+%7C+Hire+App+Developers+in+UAE/data=!4m7!3m6!1s0x3e5f69d6092c922b:0x43cfb2c284a809b5!8m2!3d25.2206759!4d55.2850381!16s%2Fg%2F11khrggk_h!19sChIJK5IsCdZpXz4RtQmohMKyz0M?authuser=0&hl=en&rclk=1,google_maps,normal_scraper,unknown,2026-07-13T17:31:12.311Z
Software Company In Dubai - Techasoft Pvt. Ltd.,Software company,https://www.techasoft.com/software-development-company-in-dubai,,,+971 50 755 7789,"Meena Bazar, Cosmos Lane - near Dubai Museum - Bur Dubai - Al Souq Al Kabeer - Dubai - United Arab Emirates",https://in.linkedin.com/company/techasoft-pvt-ltd,https://www.facebook.com/techasoft/,https://www.instagram.com/techasoft_pvt_ltd/,5.0,6,,,,software companies in Dubai,https://www.google.com/maps/place/Software+Company+In+Dubai+-+Techasoft+Pvt.+Ltd./data=!4m7!3m6!1s0x3e5f43ee1516bbf7:0x4bc22eab443e463a!8m2!3d25.2624128!4d55.2935901!16s%2Fg%2F11scmzxh8p!19sChIJ97sWFe5DXz4ROkY-RKsuwks?authuser=0&hl=en&rclk=1,google_maps,normal_scraper,,2026-07-13T17:31:12.311Z
Meridian IT Solutions | Website Design Company in Dubai,Website designer,https://www.meridianuae.com/,info@meridianuae.com,info@meridianuae.com,+971 4 386 9895,"Office 1203 World, API World Tower - Sheikh Zayed Rd - Trade Center First - Dubai - United Arab Emirates",https://www.linkedin.com/company/meridiansolutions,https://www.facebook.com/MeridianITSolutions,https://www.instagram.com/meridiansolutionsinc,4.8,47,,,,software companies in Dubai,https://www.google.com/maps/place/Meridian+IT+Solutions+%7C+Website+Design+Company+in+Dubai/data=!4m7!3m6!1s0x3e5f433b842b9b3d:0x1bd4dc10862a207b!8m2!3d25.2255099!4d55.2836951!16s%2Fg%2F1tycv3c9!19sChIJPZsrhDtDXz4ReyAqhhDc1Bs?authuser=0&hl=en&rclk=1,google_maps,normal_scraper,unknown,2026-07-13T17:31:12.311Z
Acuity Infotech - Cloud software development company in Dubai,Software company,https://www.acuity.ae/,info@acuity.ae,info@acuity.ae,+971 56 147 6076,A5 DDP - Nadd Hessa - Dubai Silicon Oasis - Dubai - United Arab Emirates,https://www.linkedin.com/company/acuity-infotech,,,3.8,5,,,,software companies in Dubai,https://www.google.com/maps/place/Acuity+Infotech+-+Cloud+software+development+company+in+Dubai/data=!4m7!3m6!1s0x3e5f643f6b9bb873:0x4a1d9b54c19e0fdc!8m2!3d25.1200229!4d55.3773477!16s%2Fg%2F11c6cfqvc4!19sChIJc7ibaz9kXz4R3A-ewVSbHUo?authuser=0&hl=en&rclk=1,google_maps,normal_scraper,unknown,2026-07-13T17:31:12.311Z
"UAE App Developers - AI Mobile App & Software Development Company in Dubai, UAE",Software company,https://www.uaeappdevelopers.com/?utm_source=Organicseo&utm_medium=mainGBP,sales@apptunix.com,sales@apptunix.com; text@text.text,+971 50 782 1690,One Central - Level 3 - Sheikh Zayed Rd - Trade Center Second - Dubai - United Arab Emirates,https://www.linkedin.com/company/uae-app-developers/,https://www.facebook.com/people/UAE-APP-Developers/61587584415005/,https://www.instagram.com/uaeappdevelopers/,5.0,2,,,,software companies in Dubai,"https://www.google.com/maps/place/UAE+App+Developers+-+AI+Mobile+App+%26+Software+Development+Company+in+Dubai,+UAE/data=!4m7!3m6!1s0xacad46b051b62b97:0x707124185ac94fd8!8m2!3d25.2207727!4d55.2851806!16s%2Fg%2F11n3yggjwd!19sChIJlyu2UbBGrawR2E_JWhgkcXA?authuser=0&hl=en&rclk=1",google_maps,normal_scraper,unknown,2026-07-13T17:31:12.311Z
EMERON INFOSPACE,Software company,https://www.emeron.io/,sales@emeron.io,sales@emeron.io; partners@emeron.io; support@emeron.io,+971 55 635 1717,City Tower 2 1306 - Dubai - United Arab Emirates,,,,4.9,72,,,,software companies in Dubai,https://www.google.com/maps/place/EMERON+INFOSPACE/data=!4m7!3m6!1s0x3e5f5ff17486ef05:0xc12af8069abcad1f!8m2!3d25.219309!4d55.2797459!16s%2Fg%2F11kq9lrvbw!19sChIJBe-GdPFfXz4RH628mgb4KsE?authuser=0&hl=en&rclk=1,google_maps,normal_scraper,unknown,2026-07-13T17:31:12.311Z
Tekrevol Dubai | App Development Company,Software company,https://www.tekrevol.com/mobile-app-development-company-dubai?utm_source=gmb&utm_medium=gmb&utm_campaign=gmb&utm_id=dubai,info@tekrevol.com,info@tekrevol.com,+971 4 561 6845,"Dubai World, Sheikh Rashid Tower - Floor No 19 - Trade Center Second - Dubai - United Arab Emirates",https://www.linkedin.com/company/tekrevol/,https://www.facebook.com/TekRevolOfficial/,https://www.instagram.com/tekrevol/,4.9,28,250 - 999,$25 - $49 / hr,"$25,000+",software companies in Dubai,https://www.google.com/maps/place/Tekrevol+Dubai+%7C+App+Development+Company/data=!4m7!3m6!1s0x3e5f6daba25d1257:0xf8e37e969426072a!8m2!3d25.2258337!4d55.2887171!16s%2Fg%2F11q84msj69!19sChIJVxJdoqttXz4RKgcmlJZ-4_g?authuser=0&hl=en&rclk=1,google_maps,normal_scraper,unknown,2026-07-13T17:31:12.311Z
"QUICKBOOKS VAT Dealer (Upto 35% off) Dubai, UAE, Bahrain, Saudi Software Provider",Software company,,,,+971 56 574 2574,"Office No. 504, 5th Floor Al- Zahra Techno Centre, Khaled Bin Al Waled Street - Dubai - United Arab Emirates",,,,4.7,26,,,,software companies in Dubai,"https://www.google.com/maps/place/QUICKBOOKS+VAT+Dealer+%28Upto+35%25+off%29+Dubai,+UAE,+Bahrain,+Saudi+Software+Provider/data=!4m7!3m6!1s0x3e5f42b000000047:0x69184751f283d97b!8m2!3d25.259442!4d55.29335!16s%2Fg%2F11b8v9mgh7!19sChIJRwAAALBCXz4Re9mD8lFHGGk?authuser=0&hl=en&rclk=1",google_maps,normal_scraper,,2026-07-13T17:31:12.311Z
Napollo,Software company,http://www.napollo.net/,info@napollo.net,info@napollo.net; support@napollo.net; marketing@napollo.net,+1 212-213-7866,"Office 316, Level P3, The Binary by Omniyat - Marasi Dr - Business Bay - Dubai - United Arab Emirates",https://www.linkedin.com/company/napollogroup/,https://www.facebook.com/Napollogroup/,https://www.instagram.com/napollosoftwaredesign,4.9,12,,,,software companies in Dubai,https://www.google.com/maps/place/Napollo/data=!4m7!3m6!1s0x3e5f6924a33543e5:0xc8456c6615fc1043!8m2!3d25.1871475!4d55.2667662!16s%2Fg%2F11fk4qxgy_!19sChIJ5UM1oyRpXz4RQxD8FWZsRcg?authuser=0&hl=en&rclk=1,google_maps,normal_scraper,unknown,2026-07-13T17:31:12.311Z
PACT Software Services LLC,Software company,https://pactsoft.com/uae/,info@pactsoft.com,info@pactsoft.com,+971 4 350 8900,"62215, SIT Tower - Office No. 1716 - Dubai Silicon Oasis - Dubai - United Arab Emirates",https://www.linkedin.com/company/pacterpsolution,https://www.facebook.com/pacterpsolution,https://www.instagram.com/pacterpsolution/,4.7,385,,,,software companies in Dubai,https://www.google.com/maps/place/PACT+Software+Services+LLC/data=!4m7!3m6!1s0x3e5f69d09133ca9b:0x4a4040fa84993253!8m2!3d25.1177885!4d55.3906747!16s%2Fg%2F11c610_g8f!19sChIJm8ozkdBpXz4RUzKZhPpAQEo?authuser=0&hl=en&rclk=1,google_maps,normal_scraper,unknown,2026-07-13T17:31:12.311Z
"Saifee Computers - Accounting Software Company in Dubai UAE | ERP Software | Tally, QuickBooks, Zoho, Sage & Odoo Experts",Software company,http://www.saifeecomputers.com/,http://sales@saifeecomputers.com,http://sales@saifeecomputers.com; sales@saifeecomputers.com,+971 4 239 9525,Deira Tower - Office no - 2308 Baniyas Square - Al Rigga - Deira - Dubai - United Arab Emirates,https://www.linkedin.com/company/saifee-computers-llc/,https://www.facebook.com/Buy-Tally-Prime20-Get-Free-Lenovo-S2-Pro-Smart-Watch-113618853520394/,https://www.instagram.com/saifeecomputers/,4.6,30,,,,software companies in Dubai,"https://www.google.com/maps/place/Saifee+Computers+-+Accounting+Software+Company+in+Dubai+UAE+%7C+ERP+Software+%7C+Tally,+QuickBooks,+Zoho,+Sage+%26+Odoo+Experts/data=!4m7!3m6!1s0x3e5f434fc3e55f4f:0x6d77d4cd9339d1!8m2!3d25.2683708!4d55.306884!16s%2Fg%2F1tgy_1mh!19sChIJT1_lw09DXz4R0TmTzdR3bQA?authuser=0&hl=en&rclk=1",google_maps,normal_scraper,unknown,2026-07-13T17:31:12.311Z
Dynamics Axis Software House L.L.C.,Software company,https://dynamicsaxis.com/,info@dynamicsaxis.com,info@dynamicsaxis.com,+971 52 640 3948,"Office 402,Mohd Malik & Sons Raffa Building Opposite Aster Clinic Jubilee Complex - Khalid Bin Al Waleed Rd - Dubai - United Arab Emirates",,https://www.facebook.com/,https://www.instagram.com/,4.8,18,,,,software companies in Dubai,https://www.google.com/maps/place/Dynamics+Axis+Software+House+L.L.C./data=!4m7!3m6!1s0x3e5f433ac9ee24b1:0x26a6026193ca7378!8m2!3d25.2594224!4d55.2936108!16s%2Fg%2F11c2r4j_1r!19sChIJsSTuyTpDXz4ReHPKk2ECpiY?authuser=0&hl=en&rclk=1,google_maps,normal_scraper,unknown,2026-07-13T17:31:12.311Z
Dubai Leading Technologies,Software company,https://www.dubaileadingtech.com/,,,+971 4 397 8880,Business Center - Office 303 - Khalid Bin Al Waleed Rd - opposite Burjman Center - Al Hamriya - Dubai - United Arab Emirates,https://www.linkedin.com/company/dubai-leading-technologies/,https://www.facebook.com/dubaileadingtech,https://www.instagram.com/dubaileadingtech,4.2,33,,,,software companies in Dubai,https://www.google.com/maps/place/Dubai+Leading+Technologies/data=!4m7!3m6!1s0x3e5f432ef86da901:0xe4826dd1ff6b0c77!8m2!3d25.2558812!4d55.3032915!16s%2Fg%2F1hm3lgsq1!19sChIJAalt-C5DXz4Rdwxr_9FtguQ?authuser=0&hl=en&rclk=1,google_maps,normal_scraper,,2026-07-13T17:31:12.311Z
Inlogic IT Solutions LLC,Software company,https://inlogic.ae/,sales@inlogic.ae,sales@inlogic.ae,+971 4 295 5773,Al Durrah Building M06 - Al Garhoud - Dubai - United Arab Emirates,https://www.linkedin.com/company/inlogic-it-solutions/,https://www.facebook.com/inlogicIT/,https://www.instagram.com/inlogicae/,4.4,47,,,,IT companies in Dubai,https://www.google.com/maps/place/Inlogic+IT+Solutions+LLC/data=!4m7!3m6!1s0x3e5f5d192f025a13:0x4e6cb40986e96bf!8m2!3d25.2501266!4d55.3399004!16s%2Fg%2F11c2l1_r1p!19sChIJE1oCLxldXz4Rv5ZumEDL5gQ?authuser=0&hl=en&rclk=1,google_maps,normal_scraper,unknown,2026-07-13T17:33:25.972Z
Gitex for computer systems & communication equipment software trading co llc,Information services,http://www.gitexsolutions.com/,sales@gitexsolutions.com,sales@gitexsolutions.com; support@gitexsolutions.com; tally@gitexsolutions.com,+971 55 931 8591,"Musalla tower - 1703,17th Floor - Khalid Bin Al Waleed Rd - Bur dubai - Al Hamriya - Dubai - United Arab Emirates", https://www.linkedin.com/in/gitex-solutions,https://www.facebook.com/share/17x3yRFfv6/,https://www.instagram.com/gitexsolutionspl,5.0,148,,,,IT companies in Dubai,https://www.google.com/maps/place/Gitex+for+computer+systems+%26+communication+equipment+software+trading+co+llc/data=!4m7!3m6!1s0x3e5f43dd37e05b99:0x3cd8795b3bea4577!8m2!3d25.258005!4d55.2985011!16s%2Fg%2F11svdp6d_m!19sChIJmVvgN91DXz4Rd0XqO1t52Dw?authuser=0&hl=en&rclk=1,google_maps,normal_scraper,unknown,2026-07-13T17:33:25.972Z
D Tech IT Solutions,Software company,https://dtechitsolutions.com/,info@dtechitsolutions.com,info@dtechitsolutions.com; appsupport@dtechitsolutions.com,+971 52 610 5132,Al Gaizi Plaza - 301 - Al Garhoud - Dubai - United Arab Emirates,https://www.linkedin.com/,https://www.facebook.com/,https://instagram.com/,4.9,44,,,,IT companies in Dubai,https://www.google.com/maps/place/D+Tech+IT+Solutions/data=!4m7!3m6!1s0x3e5f4311a681c96f:0x81bc2e950749dc4!8m2!3d25.2527895!4d55.338798!16s%2Fg%2F11h7df8kbp!19sChIJb8mBphFDXz4RxJ10UOnCGwg?authuser=0&hl=en&rclk=1,google_maps,normal_scraper,unknown,2026-07-13T17:33:25.972Z
Netlogix Information Technology LLC | IT Companies in Dubai | IT Support Dubai | IT Solutions | IT AMC Services,Software company,https://net-logix.com/?utm_source=google_profile&utm_campaign=localo&utm_medium=mainlink,leads@net-logix.com,leads@net-logix.com,+971 56 413 8767,Al Nakheel Building - Office # 201-C - Al Karama - Dubai - United Arab Emirates,https://www.linkedin.com/in/netlogix/,https://www.facebook.com/,https://www.instagram.com/netlogixinformationtechnology/,4.7,20,,,,IT companies in Dubai,https://www.google.com/maps/place/Netlogix+Information+Technology+LLC+%7C+IT+Companies+in+Dubai+%7C+IT+Support+Dubai+%7C+IT+Solutions+%7C+IT+AMC+Services/data=!4m7!3m6!1s0x3e5f43dcc0a631cb:0x91fa95c71bbdbe93!8m2!3d25.2441454!4d55.3067894!16s%2Fg%2F11vbxj4mk7!19sChIJyzGmwNxDXz4Rk769G8eV-pE?authuser=0&hl=en&rclk=1,google_maps,normal_scraper,unknown,2026-07-13T17:33:25.972Z
Infobytes Technologies,Computer support and services,https://info-bytes.com/,info%40info-bytes.com,info%40info-bytes.com; info%40info-bytes.com%0d%0a%09%09%09%09%09%09%09%09%09%09%09%09%09%09%09%09%09%09; info@info-bytes.com,+971 4 349 1389,"Bldg, Sheikha Mhara Building - 171 Al Nahda St - Al Twar 5 - Dubai - United Arab Emirates",https://www.linkedin.com/company/infobytes-technologies,https://www.facebook.com/infobytesuae,https://www.instagram.com/infobytesuae,4.9,160,,,,IT companies in Dubai,https://www.google.com/maps/place/Infobytes+Technologies/data=!4m7!3m6!1s0x3e5f5dc68e013143:0x3e32a1438b3bdbd8!8m2!3d25.2658153!4d55.3827748!16s%2Fg%2F11sw14_4tk!19sChIJQzEBjsZdXz4R2Ns7i0OhMj4?authuser=0&hl=en&rclk=1,google_maps,normal_scraper,unknown,2026-07-13T17:33:25.972Z
DeviceBee Technologies | Best App Development Dubai,Software company,https://www.devicebee.com/,info@devicebee.com,info@devicebee.com,+971 52 519 5366,office 817 - Building 5 Al Manama St - Dubai Outsource City - Dubai - United Arab Emirates,,https://www.facebook.com/devicebee,https://www.instagram.com/devicebee/,4.1,41,,,,IT companies in Dubai,https://www.google.com/maps/place/DeviceBee+Technologies+%7C+Best+App+Development+Dubai/data=!4m7!3m6!1s0x3e5f643e27bfe293:0x41b0221768fac45b!8m2!3d25.1704233!4d55.3360832!16s%2Fg%2F12hmyxsgm!19sChIJk-K_Jz5kXz4RW8T6aBcisEE?authuser=0&hl=en&rclk=1,google_maps,normal_scraper,unknown,2026-07-13T17:33:25.972Z
TechSyn Dubai - Best IT Company in Dubai | Digital Marketing Agency,Software company,https://techsyn.co/,info@techsyn.co,info@techsyn.co,+971 58 146 5254,401 - Dubai Media City - Dubai - United Arab Emirates,https://www.linkedin.com/company/techsynofficial,https://www.facebook.com/techsynOfficial,https://www.instagram.com/techsynofficial/,5.0,2,,,,IT companies in Dubai,https://www.google.com/maps/place/TechSyn+Dubai+-+Best+IT+Company+in+Dubai+%7C+Digital+Marketing+Agency/data=!4m7!3m6!1s0x3e5f6bb212cd8ead:0xef5699900bd2d09a!8m2!3d25.1018682!4d55.1678528!16s%2Fg%2F11svxj130d!19sChIJrY7NErJrXz4RmtDSC5CZVu8?authuser=0&hl=en&rclk=1,google_maps,normal_scraper,unknown,2026-07-13T17:33:25.972Z
ICT Information Systems LLC,Software company,http://www.ictsystemsllc.com/,info@ictsystemsllc.com,info@ictsystemsllc.com,+971 52 802 8863,"13F-B06, Empire Heights, Al Abraj Street, Business Bay - Dubai - United Arab Emirates",https://www.linkedin.com/company/ict-information-system-llc/,https://www.facebook.com/ictsystemsllc/,https://www.instagram.com/ictsystems,4.9,27,,,,IT companies in Dubai,https://www.google.com/maps/place/ICT+Information+Systems+LLC/data=!4m7!3m6!1s0x3e5f68245b5dc9ad:0x4f508e6e64bfd7cf!8m2!3d25.192112!4d55.285075!16s%2Fg%2F11byz757tv!19sChIJrcldWyRoXz4Rz9e_ZG6OUE8?authuser=0&hl=en&rclk=1,google_maps,normal_scraper,unknown,2026-07-13T17:33:25.972Z
Cloud Tech IT Solutions L.L.C,Computer support and services,https://cloudtechdxb.com/,info@cloudtechdxb.com,info@cloudtechdxb.com; eben@eyebytes.com; filler@godaddy.com,+971 52 317 1234,Aspin Commercial Tower - 1103 - Sheikh Zayed Rd - Trade Center First - Dubai - United Arab Emirates,https://www.linkedin.com/company/cloud-tech-it-solutions-llc,https://www.facebook.com/122119407553756,https://www.instagram.com/cloudtechitsolutionsllc/,4.9,90,,,,IT companies in Dubai,https://www.google.com/maps/place/Cloud+Tech+IT+Solutions+L.L.C/data=!4m7!3m6!1s0x3e5f69cf85fa7069:0x6e2c7625932b642e!8m2!3d25.2091837!4d55.2725369!16s%2Fg%2F11k9swrgn3!19sChIJaXD6hc9pXz4RLmQrkyV2LG4?authuser=0&hl=en&rclk=1,google_maps,normal_scraper,unknown,2026-07-13T17:33:25.972Z
Start Tech,Software company,https://start-tech.ae/,info@start-tech.ae,info@start-tech.ae,+971 800 78324,"Souk Al Bahar - Sahaa Offices, Block C - Office 202 - Downtown Dubai - Dubai - United Arab Emirates",https://www.linkedin.com/company/start-tech2021/,https://www.facebook.com/start.tech.uae.2021/,https://www.instagram.com/start_tech_uae/,4.9,47,,,,IT companies in Dubai,https://www.google.com/maps/place/Start+Tech/data=!4m7!3m6!1s0x3e5f690ea2b93215:0xbb724c375c76b86d!8m2!3d25.1946394!4d55.2765141!16s%2Fg%2F11rylkk4g8!19sChIJFTK5og5pXz4Rbbh2XDdMcrs?authuser=0&hl=en&rclk=1,google_maps,normal_scraper,unknown,2026-07-13T17:33:25.972Z
Pitonsoft Technologies,Software company,https://www.pitonsoft.com/,info@pitonsoft.com,info@pitonsoft.com; support@oscend.com,+971 4 238 5585,"#102, Juma Al Majid Technic Bldg - Salah Al Din St - Deira - Dubai - United Arab Emirates",,https://www.facebook.com/Pitonsoft,,5.0,35,,,,IT companies in Dubai,https://www.google.com/maps/place/Pitonsoft+Technologies/data=!4m7!3m6!1s0x3e5f5d860f6d4dd1:0xfe7ed4e878bcc8f8!8m2!3d25.2706312!4d55.3186324!16s%2Fg%2F11hkvzdw8h!19sChIJ0U1tD4ZdXz4R-Mi8eOjUfv4?authuser=0&hl=en&rclk=1,google_maps,normal_scraper,unknown,2026-07-13T17:33:25.972Z
Chaturvedi Software House,Software company,https://cshllc.ae/,inquiry@ca-eim.com,inquiry@ca-eim.com,+971 55 347 5870,"Office 513 , Al Khaleej Centre Rolla Street - Bur dubai - Dubai - United Arab Emirates",https://www.linkedin.com/company/chaturvedi-software-house-llc,https://web.facebook.com/chaturvedisoftwarehouse/,https://www.instagram.com/chaturvedisoftwarehouse/,4.8,64,,,,IT companies in Dubai,https://www.google.com/maps/place/Chaturvedi+Software+House/data=!4m7!3m6!1s0x3e5f433c20a3d253:0x3604ba2002ac2a74!8m2!3d25.25707!4d55.2954068!16s%2Fg%2F1tdmccfs!19sChIJU9KjIDxDXz4RdCqsAiC6BDY?authuser=0&hl=en&rclk=1,google_maps,normal_scraper,unknown,2026-07-13T17:33:25.972Z
Intertec Systems,Software company,http://www.intertecsystems.com/,,,+971 4 447 9444,"Level 2, Sobha Sapphire - Business Bay - Dubai - United Arab Emirates",,,,4.5,71,,,,IT companies in Dubai,https://www.google.com/maps/place/Intertec+Systems/data=!4m7!3m6!1s0x3e5f6835cfeac139:0xed6dbfeb1f8975!8m2!3d25.1778249!4d55.275033!16s%2Fg%2F1pt_s7gfv!19sChIJOcHqzzVoXz4RdYkf679t7QA?authuser=0&hl=en&rclk=1,google_maps,normal_scraper,,2026-07-13T17:33:25.972Z
Chipin IT Solutions - Dubai,Computer support and services,https://chipincorp.com/,info@chipincorp.com,info@chipincorp.com,+971 52 958 4840,Khaled Bin Al Waleed Street Gateway Hotel Building Shop 81 - Dubai - United Arab Emirates,https://www.linkedin.com/shareArticle,https://www.facebook.com/sharer/sharer.php,https://www.instagram.com/chipincorp/,5.0,225,,,,IT companies in Dubai,https://www.google.com/maps/place/Chipin+IT+Solutions+-+Dubai/data=!4m7!3m6!1s0x3e5f43741f8d9891:0xa95947a52030927b!8m2!3d25.2604309!4d55.2911115!16s%2Fg%2F11j_1z3jxk!19sChIJkZiNH3RDXz4Re5IwIKVHWak?authuser=0&hl=en&rclk=1,google_maps,normal_scraper,unknown,2026-07-13T17:33:25.972Z
Technoid FZE - Digital Solutions & AI Integration Company in Dubai,Software company,https://technoid.ae/,hello@technoid.ae​,hello@technoid.ae​; hello@technoid.ae,+971 4 393 6278,"Office no. 111, DTEC Techno Hub 1 - Dubai Silicon Oasis - Dubai - United Arab Emirates",https://www.linkedin.com/company/technoid-fze/,https://www.facebook.com/profile.php,https://www.instagram.com/technoidfze/,5.0,60,,,,IT companies in Dubai,https://www.google.com/maps/place/Technoid+FZE+-+Digital+Solutions+%26+AI+Integration+Company+in+Dubai/data=!4m7!3m6!1s0x3e5f65e0d9f3dfaf:0xd84cb477c2e034ae!8m2!3d25.1217458!4d55.3771955!16s%2Fg%2F11nxf39m20!19sChIJr9_z2eBlXz4RrjTgwne0TNg?authuser=0&hl=en&rclk=1,google_maps,normal_scraper,unknown,2026-07-13T17:33:25.972Z
Bluechip Computer Systems LLC,Computer support and services,https://www.bluechipgulf.ae/,leads@bluechipgulf.com,leads@bluechipgulf.com,+971 4 352 4988,"Near Hotel Royal Ascot, Al Jahra Building - 18th St - Office 703 Khalid Bin Al Waleed Rd - Dubai - United Arab Emirates",https://www.linkedin.com/company/bluechip-computer-systems-llc,https://www.facebook.com/bluechipgulf,https://www.instagram.com/bluechipgulf/,4.4,449,,,,IT companies in Dubai,https://www.google.com/maps/place/Bluechip+Computer+Systems+LLC/data=!4m7!3m6!1s0x3e5f4314f953d4e3:0x15abc99fd7ce0839!8m2!3d25.2589566!4d55.2905833!16s%2Fg%2F11g_hsq93!19sChIJ49RT-RRDXz4ROQjO15_JqxU?authuser=0&hl=en&rclk=1,google_maps,normal_scraper,unknown,2026-07-13T17:33:25.972Z
"Digital Arabia Technology - Dubai, UAE",Software company,https://www.digitalarabia.io/,,,+971 4 523 2606,"Digital Al Arabia Technology LLC I – 3, 19th Floor, Conrad Tower - Sheikh Zayed Rd - Dubai - United Arab Emirates",,,,5.0,2,,,,IT companies in Dubai,"https://www.google.com/maps/place/Digital+Arabia+Technology+-+Dubai,+UAE/data=!4m7!3m6!1s0x3e5f4345045ee9e7:0x49c4ceba9d43c51f!8m2!3d25.2260683!4d55.283532!16s%2Fg%2F11qqx4c_q2!19sChIJ5-leBEVDXz4RH8VDnbrOxEk?authuser=0&hl=en&rclk=1",google_maps,normal_scraper,,2026-07-13T17:33:25.972Z
Infosat Solutions LLC | Contact center | CRM | WhatsApp Chabot | IVR Services Dubai | Cloud Telephony Dubai,Software company,http://www.infosatme.com/,info@infosatme.com,info@infosatme.com; operations@infosatme.com; support@infosatme.com,+971 4 264 1001,609 Office Court Building - Oud Metha - Dubai - United Arab Emirates,,,,4.8,30,,,,IT companies in Dubai,https://www.google.com/maps/place/Infosat+Solutions+LLC+%7C+Contact+center+%7C+CRM+%7C+WhatsApp+Chabot+%7C+IVR+Services+Dubai+%7C+Cloud+Telephony+Dubai/data=!4m7!3m6!1s0x3e5f5d177e43db59:0xc3d4a67986598a1f!8m2!3d25.244775!4d55.3150111!16s%2Fg%2F11c4nywx6y!19sChIJWdtDfhddXz4RH4pZhnmm1MM?authuser=0&hl=en&rclk=1,google_maps,normal_scraper,unknown,2026-07-13T17:33:25.972Z
Software Development,Software company,https://mobileappdevelopment.ae/,info@mobileappdevelopment.ae,info@mobileappdevelopment.ae,+971 52 181 0546,"1202, Bays water building, Business Bay P.O. 234949, Dubai, UAE - Dubai - United Arab Emirates",https://www.linkedin.com/company/mobile-app-development-uae/,https://www.facebook.com/MobileAppDevp/,https://www.instagram.com/mobileappdevelop.ae/,5.0,5,,,,IT companies in Dubai,https://www.google.com/maps/place/Software+Development/data=!4m7!3m6!1s0x3e5f4287f20e86c7:0x193edfda410c3a9a!8m2!3d25.204849!4d55.270783!16s%2Fg%2F11fy7h94y0!19sChIJx4YO8odCXz4RmjoMQdrfPhk?authuser=0&hl=en&rclk=1,google_maps,normal_scraper,unknown,2026-07-13T17:33:25.972Z
Digital Gravity | Web Design Development Company Dubai UAE,Website designer,https://www.digitalgravity.ae/?utm_source=gbpae,,,+971 4 395 9585,The Curve - Office M-13 - Building Sheikh Zayed Rd - Al Qouz Third - Dubai - United Arab Emirates,https://www.linkedin.com/company/dgravityagency/,https://www.facebook.com/dgravityagency/,https://www.instagram.com/dgravityagency/,4.4,44,,,,web development agencies in Dubai,https://www.google.com/maps/place/Digital+Gravity+%7C+Web+Design+Development+Company+Dubai+UAE/data=!4m7!3m6!1s0x3e5f6b9777b61147:0x9723b8128f399e24!8m2!3d25.1630127!4d55.234946!16s%2Fg%2F11flqrn9cr!19sChIJRxG2d5drXz4RJJ45jxK4I5c?authuser=0&hl=en&rclk=1,google_maps,normal_scraper,,2026-07-13T17:35:38.011Z
WebCastle Technologies LLC | Web Design Company Dubai | Web Development Company in Dubai,Website designer,https://www.webcastle.ae/,mail@webcastle.ae,mail@webcastle.ae,+971 4 554 0033,"DAMAC Executive Bay - 11th Floor, 1103 - Business Bay - Dubai - United Arab Emirates",https://www.linkedin.com/company/webcastle,https://www.facebook.com/webcastlemedia,https://www.instagram.com/webcastletech/,4.9,241,,,,web development agencies in Dubai,https://www.google.com/maps/place/WebCastle+Technologies+LLC+%7C+Web+Design+Company+Dubai+%7C+Web+Development+Company+in+Dubai/data=!4m7!3m6!1s0x3e5f5ce1d455720b:0xc228db19e63b1e6e!8m2!3d25.1783988!4d55.266682!16s%2Fg%2F11cl_1697k!19sChIJC3JV1OFcXz4Rbh475hnbKMI?authuser=0&hl=en&rclk=1,google_maps,normal_scraper,unknown,2026-07-13T17:35:38.011Z
Zentroa Technologies | Best Web Design Company in Dubai,Website designer,https://zentroa.com/,hello@zentroa.com,hello@zentroa.com,+971 52 559 9052,ASCON HOUSE - First Floor - Salah Al Din St - Al Muteena - Dubai - United Arab Emirates,,,,4.9,110,,,,web development agencies in Dubai,https://www.google.com/maps/place/Zentroa+Technologies+%7C+Best+Web+Design+Company+in+Dubai/data=!4m7!3m6!1s0x3e5f5c0c65fc5d1d:0xf5e5ab1402b4bddb!8m2!3d25.2709057!4d55.3254057!16s%2Fg%2F11f2ht116v!19sChIJHV38ZQxcXz4R2720AhSr5fU?authuser=0&hl=en&rclk=1,google_maps,normal_scraper,unknown,2026-07-13T17:35:38.011Z
Tomsher Technologies LLC | Web Design Company Dubai | Digital Marketing,Website designer,https://www.tomsher.com/,,,+971 55 560 0966,Wafi Residence (M05 & GR3 - Oud Metha Rd - Umm Hurair Second - Dubai - United Arab Emirates,https://www.linkedin.com/company/tomsherllc,https://www.facebook.com/tomsherllc,https://instagram.com/tomsherllc,4.9,193,,,,web development agencies in Dubai,https://www.google.com/maps/place/Tomsher+Technologies+LLC+%7C+Web+Design+Company+Dubai+%7C+Digital+Marketing/data=!4m7!3m6!1s0x3e5f5d3616f6e899:0xf2df842cf46f09c7!8m2!3d25.2304035!4d55.3208276!16s%2Fg%2F11fz9wt6jk!19sChIJmej2FjZdXz4Rxwlv9CyE3_I?authuser=0&hl=en&rclk=1,google_maps,normal_scraper,,2026-07-13T17:35:38.011Z
𝗖𝗵𝗲𝘃𝗮𝗹 - Website Design | App Development Agency Dubai UAE,Website designer,https://chevalme.ae/,info@chevalme.com,info@chevalme.com,+971 50 356 0927,Capital Golden Tower - 101 Al Khaleej Al Tejari - Business Bay - Dubai - United Arab Emirates,https://www.linkedin.com/company/chevalmiddleeast/,https://www.facebook.com/chevalmiddleeast,https://www.instagram.com/chevalmiddleeast/,5.0,40,,,,web development agencies in Dubai,https://www.google.com/maps/place/%F0%9D%97%96%F0%9D%97%B5%F0%9D%97%B2%F0%9D%98%83%F0%9D%97%AE%F0%9D%97%B9+-+Website+Design+%7C+App+Development+Agency+Dubai+UAE/data=!4m7!3m6!1s0x3e5f699813fd9451:0xc4b554ceb43cff51!8m2!3d25.1780034!4d55.2738369!16s%2Fg%2F11txt0bwbq!19sChIJUZT9E5hpXz4RUf88tM5UtcQ?authuser=0&hl=en&rclk=1,google_maps,normal_scraper,unknown,2026-07-13T17:35:38.011Z
CodeGuru Web Design Dubai | Website Development Dubai | SEO Dubai,Web hosting company,https://codeguru.ae/,admin@codeguru.ae,admin@codeguru.ae; you@company.com,+971 58 696 4342,Al Barsha 1 - Al Barsha First - Al Barsha - Dubai - United Arab Emirates,,,,5.0,173,,,,web development agencies in Dubai,https://www.google.com/maps/place/CodeGuru+Web+Design+Dubai+%7C+Website+Development+Dubai+%7C+SEO+Dubai/data=!4m7!3m6!1s0x3e5f6bb33ce0b93f:0x1021891237cd45f3!8m2!3d25.1134916!4d55.1939812!16s%2Fg%2F11s3cl26n3!19sChIJP7ngPLNrXz4R80XNNxKJIRA?authuser=0&hl=en&rclk=1,google_maps,normal_scraper,unknown,2026-07-13T17:35:38.011Z
Mirage Minds - Web Design Company in Dubai,Website designer,https://mirageminds.ae/,info@mirageminds.ae,info@mirageminds.ae; hello@mirageminds.ae,+971 55 398 3120,Oxford Tower - Office 306 - Business Bay - Dubai - United Arab Emirates,https://www.linkedin.com/company/mirage-minds/,https://www.facebook.com/miragemindsdubai/,https://www.instagram.com/mirageminds/,4.8,78,,,,web development agencies in Dubai,https://www.google.com/maps/place/Mirage+Minds+-+Web+Design+Company+in+Dubai/data=!4m7!3m6!1s0x3e5f5dd7033162b3:0xe940375403564239!8m2!3d25.1771676!4d55.2732826!16s%2Fg%2F11vbgkf7_g!19sChIJs2IxA9ddXz4ROUJWA1Q3QOk?authuser=0&hl=en&rclk=1,google_maps,normal_scraper,unknown,2026-07-13T17:35:38.011Z
RedSpider Web & Art Design | Web Design Dubai UAE,Website designer,https://www.redspider.ae/,info@redspider.ae,info@redspider.ae,+971 55 551 5475,"Sofitel, Burj Gate Tower - 1002 - Sheikh Zayed Rd - Burj Khalifa - Downtown Dubai - Dubai - United Arab Emirates",https://www.linkedin.com/company/red-spider-web-&-art-design,https://www.facebook.com/RedSpiderWebandArtDesign/,https://www.instagram.com/redspiderwebartdesign/,4.9,120,,,,web development agencies in Dubai,https://www.google.com/maps/place/RedSpider+Web+%26+Art+Design+%7C+Web+Design+Dubai+UAE/data=!4m7!3m6!1s0x3e5f4349e79cb449:0xbe1560c25b3c0234!8m2!3d25.2003171!4d55.2695243!16s%2Fg%2F11bbwqg66l!19sChIJSbSc50lDXz4RNAI8W8JgFb4?authuser=0&hl=en&rclk=1,google_maps,normal_scraper,unknown,2026-07-13T17:35:38.011Z
Marketing Trend | SEO Agency & Website Development Company,Marketing agency,https://marketingtrend.ae/,info@marketingtrend.ae,info@marketingtrend.ae; info@wesamhen.com,+971 50 973 1774,Building 4 - Bay Square - floor 3 - Dubai - United Arab Emirates,,https://www.facebook.com/profile.php,https://www.instagram.com/marketingtrend_agency/,5.0,330,,,,web development agencies in Dubai,https://www.google.com/maps/place/Marketing+Trend+%7C+SEO+Agency+%26+Website+Development+Company/data=!4m7!3m6!1s0x3e5f69769874fe9f:0x3d411831463048bc!8m2!3d25.1854556!4d55.2800444!16s%2Fg%2F11wj50qgmd!19sChIJn_50mHZpXz4RvEgwRjEYQT0?authuser=0&hl=en&rclk=1,google_maps,normal_scraper,unknown,2026-07-13T17:35:38.011Z
Planet Green Solutions | Web Design Dubai,Website designer,https://www.pgsuae.com/?utm_source=GMB&utm_medium=Organic&utm_campaign=GMBTraffic&utm_id=localGMB,info@pgsuae.com,info@pgsuae.com,+971 50 652 7443,AL KUTHBAN BUILDING - M 05 - Sheikh Zayed Rd - near Onpassive Metro Station 3rd Interchange - Al Qouz Ind.first - Al Quoz - Dubai - United Arab Emirates,https://www.linkedin.com/company/planet-green-solutions,https://www.facebook.com/planetgreensolutions/,https://www.instagram.com/planetgreensolutions/,4.7,44,,,,web development agencies in Dubai,https://www.google.com/maps/place/Planet+Green+Solutions+%7C+Web+Design+Dubai/data=!4m7!3m6!1s0x3e5f5ced3c1da9f9:0x276c0b907c4cdb55!8m2!3d25.1509364!4d55.2264287!16s%2Fg%2F1hg4ww602!19sChIJ-akdPO1cXz4RVdtMfJALbCc?authuser=0&hl=en&rclk=1,google_maps,normal_scraper,unknown,2026-07-13T17:35:38.011Z
Code & Co - Web Design and Digital Marketing Company,Website designer,https://www.codeandco.ae/,info@codeandco.ae,info@codeandco.ae,,The Bayswater by Omniyat - 1408 - Marasi Dr - Business Bay - Dubai - United Arab Emirates,,,,4.5,25,,,,web development agencies in Dubai,https://www.google.com/maps/place/Code+%26+Co+-+Web+Design+and+Digital+Marketing+Company/data=!4m7!3m6!1s0x3e5f69d22ee045e7:0x580c4fbedc361630!8m2!3d25.1842409!4d55.2637447!16s%2Fg%2F11b7lpd_22!19sChIJ50XgLtJpXz4RMBY23L5PDFg?authuser=0&hl=en&rclk=1,google_maps,normal_scraper,unknown,2026-07-13T17:35:38.011Z
"Gligx Web Design and Software Development Company Dubai, UAE",Software company,https://www.gligx.com/,info@gligx.com,info@gligx.com,+971 4 344 7633,Green Land Co. LLC - Al Mozna Building - Office No - 102 Al Doha St - nr. Al Nahda Metro Station - Al Qusais - Dubai - United Arab Emirates,https://www.linkedin.com/company/gligx,https://www.facebook.com/gligx,https://www.instagram.com/gligx,4.8,56,,,,web development agencies in Dubai,"https://www.google.com/maps/place/Gligx+Web+Design+and+Software+Development+Company+Dubai,+UAE/data=!4m7!3m6!1s0x3e5f4287f20e86c7:0x1834a5a7e4c4b5b0!8m2!3d25.2727076!4d55.3715648!16s%2Fg%2F11g9sx4ygd!19sChIJx4YO8odCXz4RsLXE5KelNBg?authuser=0&hl=en&rclk=1",google_maps,normal_scraper,unknown,2026-07-13T17:35:38.011Z
GO-Globe | Custom Development,Software company,https://www.go-globe.com/uae/web-design-dubai.php,info@go-globe.com,info@go-globe.com,+971 50 668 3114,Prime Tower - 20th Floor - Business Bay - Dubai - United Arab Emirates,https://www.linkedin.com/company/go-globe-development,https://www.facebook.com/goglobecom/,https://www.instagram.com/goglobecustom/,4.2,85,,,,web development agencies in Dubai,https://www.google.com/maps/place/GO-Globe+%7C+Custom+Development/data=!4m7!3m6!1s0x3e5f42ed9a1f193f:0x119f2e5cd42aceb8!8m2!3d25.1884074!4d55.2715164!16s%2Fg%2F1wj_4hwh!19sChIJPxkfmu1CXz4RuM4q1FwunxE?authuser=0&hl=en&rclk=1,google_maps,normal_scraper,unknown,2026-07-13T17:35:38.011Z
Browser Media Web Design Company Dubai,Website designer,http://www.browser.ae/,,,+971 50 872 8768,"Office 1402, City Tower - 2 Sheikh Zayed Rd - Trade Center First - Dubai - United Arab Emirates",https://www.linkedin.com/company/browserae/,https://www.facebook.com/browser.ae,https://www.instagram.com/browser.ae/,4.7,15,,,,web development agencies in Dubai,https://www.google.com/maps/place/Browser+Media+Web+Design+Company+Dubai/data=!4m7!3m6!1s0x3e5f5d1f0a361fab:0x572fb99052e18962!8m2!3d25.2192389!4d55.2799002!16s%2Fg%2F12cp73wbh!19sChIJqx82Ch9dXz4RYonhUpC5L1c?authuser=0&hl=en&rclk=1,google_maps,normal_scraper,,2026-07-13T17:35:38.011Z
Zelta Media - SEO Agency Dubai | Web Design Agency Dubai,Website designer,https://zeltamedia.com/,hello@zeltamedia.com,hello@zeltamedia.com,+971 54 565 5008,"In5 Design District, D3 - Zaa'beel Second - Dubai Design District - Dubai - United Arab Emirates",https://www.linkedin.com/company/zelta-media,https://www.facebook.com/zeltamedia,https://www.instagram.com/zeltamedia/,4.9,60,,,,web development agencies in Dubai,https://www.google.com/maps/place/Zelta+Media+-+SEO+Agency+Dubai+%7C+Web+Design+Agency+Dubai/data=!4m7!3m6!1s0x3e5f5d81f011b947:0xcd1980247c17a6e!8m2!3d25.1845599!4d55.2985119!16s%2Fg%2F11g19v5sv5!19sChIJR7kR8IFdXz4RbnrBRwKY0Qw?authuser=0&hl=en&rclk=1,google_maps,normal_scraper,unknown,2026-07-13T17:35:38.011Z
"CLOUD6 - Web Design & Development Company Dubai, UAE",Website designer,https://www.cloud6.ae/?utm_source=Google&utm_medium=GMB,info@cloud6.ae,info@cloud6.ae,+971 52 120 1662,"Post Office: 500001, Aspin Commercial Tower - Office No: 22, 2nd Floor - Sheikh Zayed Rd - Trade Center First - DIFC - Dubai - United Arab Emirates",https://www.linkedin.com/company/cloud6ae,https://www.facebook.com/Cloud6AE,https://www.instagram.com/cloud6ae,4.9,102,,,,web development agencies in Dubai,"https://www.google.com/maps/place/CLOUD6+-+Web+Design+%26+Development+Company+Dubai,+UAE/data=!4m7!3m6!1s0x3e5f65312d6e6147:0x584d21900d3906d2!8m2!3d25.2091352!4d55.272558!16s%2Fg%2F11svm7mqzs!19sChIJR2FuLTFlXz4R0gY5DZAhTVg?authuser=0&hl=en&rclk=1",google_maps,normal_scraper,unknown,2026-07-13T17:35:38.011Z
DWD | Website Design Dubai | Web Design Company,Website designer,https://www.dubaiwebsitedesign.ae/,contact@dubaiwebsitedesign.ae,contact@dubaiwebsitedesign.ae,+971 58 500 2480,"Office no: 906, 9th Floor, post office 50435, Conrad Hotel Building, Sheikh Zayed Road - Dubai - United Arab Emirates",https://www.linkedin.com/company/goldman-fzco,https://www.facebook.com/dubaicreativedigitalagency/,https://www.instagram.com/dubaicreativedigitalagency/,4.6,56,,,,web development agencies in Dubai,https://www.google.com/maps/place/DWD+%7C+Website+Design+Dubai+%7C+Web+Design+Company/data=!4m7!3m6!1s0x3e5f42879938d24b:0xe55749354c43b41d!8m2!3d25.2072988!4d55.2736531!16s%2Fg%2F11ggb8qml7!19sChIJS9I4mYdCXz4RHbRDTDVJV-U?authuser=0&hl=en&rclk=1,google_maps,normal_scraper,unknown,2026-07-13T17:35:38.011Z
"Nile Technology | Web Design Company in Dubai, UAE",Website designer,https://www.nile.ae/,info@nile.ae,info@nile.ae,+971 56 241 0082,Tamani Arts Building - Business Bay - Dubai - United Arab Emirates,https://www.linkedin.com/company/nile-web-design-digital-marketing-dubai/,https://www.facebook.com/nile.ae,https://www.instagram.com/niletechnologydubai/,5.0,24,,,,web development agencies in Dubai,"https://www.google.com/maps/place/Nile+Technology+%7C+Web+Design+Company+in+Dubai,+UAE/data=!4m7!3m6!1s0x3e5f69cf3414f92b:0xd12b80138d85515!8m2!3d25.1872374!4d55.2809465!16s%2Fg%2F11xyswm_jq!19sChIJK_kUNM9pXz4RFVXYOAG4Eg0?authuser=0&hl=en&rclk=1",google_maps,normal_scraper,unknown,2026-07-13T17:35:38.011Z
AdAgency. ( Technologies ) - Website Design & Development Company in Dubai - UAE,Website designer,https://www.adatechnologies.com/,,,+971 54 581 7111,Opp:Hyatt Regency - Al Murar - Deira - Dubai - United Arab Emirates,https://www.linkedin.com/company/adatechnologies/,https://www.facebook.com/adatechnologies,https://www.instagram.com/adatechnologies/,5.0,26,,,,web development agencies in Dubai,https://www.google.com/maps/place/AdAgency.+%28+Technologies+%29+-+Website+Design+%26+Development+Company+in+Dubai+-+UAE/data=!4m7!3m6!1s0x3e5f43ef246d6423:0xbc6e245cf4e740b6!8m2!3d25.2775421!4d55.3071618!16s%2Fg%2F11ldd02gnf!19sChIJI2RtJO9DXz4RtkDn9Fwkbrw?authuser=0&hl=en&rclk=1,google_maps,normal_scraper,,2026-07-13T17:35:38.011Z
Element8 | web design company dubai,Website designer,https://www.element8.ae/,info@element8.ae,info@element8.ae,+971 4 354 5956,IT Plaza - Office No 1009 - Dubai Silicon Oasis - Dubai - United Arab Emirates,https://www.linkedin.com/company/element-8,https://www.facebook.com/element8me,https://www.instagram.com/element8creative/,4.3,76,,,,web development agencies in Dubai,https://www.google.com/maps/place/Element8+%7C+web+design+company+dubai/data=!4m7!3m6!1s0x3e5f134f321a38cd:0x31b6a901fdec9162!8m2!3d25.1213351!4d55.3985437!16s%2Fg%2F1tncrcpx!19sChIJzTgaMk8TXz4RYpHs_QGptjE?authuser=0&hl=en&rclk=1,google_maps,normal_scraper,unknown,2026-07-13T17:35:38.011Z
Momentum ME,Advertising agency,http://www.mmc-ae.com/,,,+971 4 569 3033,"building, Empire Heights Tower B - 605, Tower A - Dubai - United Arab Emirates",https://www.linkedin.com/company/momentum-marketing-and-events/posts/,https://www.facebook.com/momentummarketingconsultancy/,https://www.instagram.com/momentummarketingme/,4.8,64,,,,web development agencies in Dubai,https://www.google.com/maps/place/Momentum+ME/data=!4m7!3m6!1s0x3e5f6918b1bcc291:0x2e206da0a091a6f2!8m2!3d25.191911!4d55.28446!16s%2Fg%2F11fqcvt3r6!19sChIJkcK8sRhpXz4R8qaRoKBtIC4?authuser=0&hl=en&rclk=1,google_maps,normal_scraper,,2026-07-13T17:35:38.011Z
Daddy Cool Technologies,Website designer,https://daddycool.tech/,info@website.com,info@website.com; hello@daddycool.tech,+971 56 210 7576,"Al Qusais Plaza - 7th Floor, Office No - 713 Damascus Street - Al Qusais Ind. Second - Dubai - United Arab Emirates",https://www.linkedin.com/company/daddycool-innovations/,https://www.facebook.com/daddycooltech/,https://www.instagram.com/daddycool.technology,4.8,31,,,,web development agencies in Dubai,https://www.google.com/maps/place/Daddy+Cool+Technologies/data=!4m7!3m6!1s0x3e5f5dfbe7ff17ff:0x7beae345809f0b9c!8m2!3d25.2811883!4d55.3879068!16s%2Fg%2F11hzm17kbb!19sChIJ_xf_5_tdXz4RnAufgEXj6ns?authuser=0&hl=en&rclk=1,google_maps,normal_scraper,unknown,2026-07-13T17:35:38.011Z
Aun Digital - Web Design Company in Dubai,Website designer,https://aundigital.ae/,info@aundigital.ae,info@aundigital.ae,+971 56 703 2672,"H-21, Prime Tower - floor - Office No - 31st Floor Marasi Dr - Business Bay - Dubai - United Arab Emirates",https://www.linkedin.com/company/aundigitalagency,https://www.facebook.com/Aundigitalagency,https://www.instagram.com/aundigital.ae,4.9,55,,,,web development agencies in Dubai,https://www.google.com/maps/place/Aun+Digital+-+Web+Design+Company+in+Dubai/data=!4m7!3m6!1s0x3e5f69384d37b0f9:0xa20af7814a6759bc!8m2!3d25.1884073!4d55.2715159!16s%2Fg%2F11vq3sb5_c!19sChIJ-bA3TThpXz4RvFlnSoH3CqI?authuser=0&hl=en&rclk=1,google_maps,normal_scraper,unknown,2026-07-13T17:35:38.011Z
"Emeriosoft | Web Design & Development Company Dubai, UAE",Website designer,https://www.emeriosoft.ae/,,,+971 56 773 8890,"Dubai World Trade Centre - Office No. 264, C1 Building, 2nd Floor - Sheikh Zayed Rd - District - Dubai - United Arab Emirates",https://www.linkedin.com/company/emeriosoftuae/,https://www.facebook.com/emeriosoftuae/,https://www.instagram.com/emeriosoft.ae/,5.0,22,,,,web development agencies in Dubai,"https://www.google.com/maps/place/Emeriosoft+%7C+Web+Design+%26+Development+Company+Dubai,+UAE/data=!4m7!3m6!1s0x3e5f434b7c3c5501:0xe830fe9371abe102!8m2!3d25.2216244!4d55.2856199!16s%2Fg%2F11khs3t342!19sChIJAVU8fEtDXz4RAuGrcZP-MOg?authuser=0&hl=en&rclk=1",google_maps,normal_scraper,,2026-07-13T17:35:38.011Z
A-One Web Design Dubai,Website designer,https://webdesignindubai.com/,info@webdesignindubai.com,info@webdesignindubai.com,+971 54 347 0278,Aspect Tower - Business Bay - Dubai - United Arab Emirates,https://www.linkedin.com/company/webdesignindubai/,https://facebook.com/aonewebdesign,https://www.instagram.com/aonewebdesignindubai/,5.0,49,,,,web development agencies in Dubai,https://www.google.com/maps/place/A-One+Web+Design+Dubai/data=!4m7!3m6!1s0x24d8dccc5aeb22b3:0x31984bb5b8843399!8m2!3d25.1920788!4d55.2663564!16s%2Fg%2F11tjmr3hwp!19sChIJsyLrWszc2CQRmTOEuLVLmDE?authuser=0&hl=en&rclk=1,google_maps,normal_scraper,unknown,2026-07-13T17:35:38.011Z
"Dubai Web Design (DWD) | Web Design Company in Dubai, UAE",Website designer,https://www.dubaiwebdesign.com/,info@dubaiwebdesign.com,info@dubaiwebdesign.com; info@redspider.ae,+971 55 551 5475,Al Attar Tower - 503 Sheikh Zayed Rd - near DIFC - Trade Center Second - DIFC - Dubai - United Arab Emirates,,https://www.facebook.com/dubaiwebsitedesigner/,https://www.instagram.com/dubaiwebdesignuae/,4.6,11,,,,web development agencies in Dubai,"https://www.google.com/maps/place/Dubai+Web+Design+%28DWD%29+%7C+Web+Design+Company+in+Dubai,+UAE/data=!4m7!3m6!1s0x3e5f139e3d558bf7:0x5a90752868c24177!8m2!3d25.2129013!4d55.2773626!16s%2Fg%2F11fv4hcw7w!19sChIJ94tVPZ4TXz4Rd0HCaCh1kFo?authuser=0&hl=en&rclk=1",google_maps,normal_scraper,unknown,2026-07-13T17:35:38.011Z
R-Tech International FZE,Software company,https://www.rtechglobal.ae/,info@rtechglobal.ae,info@rtechglobal.ae,+971 50 183 3997,"Crystal Building - D88, Karama Office M02-26 - Dubai - United Arab Emirates",https://linkedin.com/company/rtech-international-fze,https://www.facebook.com/rtechuae,https://www.instagram.com/rtechuae/,4.4,63,,,,tech companies in Dubai,https://www.google.com/maps/place/R-Tech+International+FZE/data=!4m7!3m6!1s0x3e5f43f2bd56f3bf:0x867255dc88c9e5aa!8m2!3d25.2419963!4d55.2973808!16s%2Fg%2F11kb_d0p1d!19sChIJv_NWvfJDXz4RquXJiNxVcoY?authuser=0&hl=en&rclk=1,google_maps,normal_scraper,unknown,2026-07-13T17:37:51.197Z
Topform Technologies LLC. Head Office - Dubai,Security system installation service,http://topformtechnologies.com/,info@topformtechnologies.com,info@topformtechnologies.com; sales@topformtechnologies.com,+971 4 396 0302,Topform Technologies LLC - 564W+699 القوزالقوز 4 - Dubai - United Arab Emirates,https://www.linkedin.com/company/topform-technologies-llc/,https://www.facebook.com/topformtechnologies/,https://www.instagram.com/topform_technologies/,4.7,52,,,,tech companies in Dubai,https://www.google.com/maps/place/Topform+Technologies+LLC.+Head+Office+-+Dubai/data=!4m7!3m6!1s0x3e5f6bdbd255bc7f:0xe02e9fe83d7c4bc0!8m2!3d25.1555355!4d55.2461658!16s%2Fg%2F11gg603vgx!19sChIJf7xV0ttrXz4RwEt8PeifLuA?authuser=0&hl=en&rclk=1,google_maps,normal_scraper,unknown,2026-07-13T17:37:51.197Z
Loditech Technologies LLC,Software company,https://loditechme.com/,,,+971 4 259 5930,Pyramid Centre - 301 - Dubai - United Arab Emirates,,,,4.7,50,,,,tech companies in Dubai,https://www.google.com/maps/place/Loditech+Technologies+LLC/data=!4m7!3m6!1s0x3e5f5cb56b0d3261:0xbcf398cede4913c!8m2!3d25.2409916!4d55.3090453!16s%2Fg%2F12cnpywnt!19sChIJYTINa7VcXz4RPJHk7Yw5zws?authuser=0&hl=en&rclk=1,google_maps,normal_scraper,,2026-07-13T17:37:51.197Z
എസ്സ് എം ജെ സൊല്യൂഷൻസ്,Electronics store,http://smjsolutionsllc.com/,smjsales@smjsolutionsllc.com,smjsales@smjsolutionsllc.com,+971 55 943 7455,775Q+JFQ - 6 43a St - Bur Dubai - Al Fahidi - Dubai - United Arab Emirates,,,,3.8,18,,,,tech companies in Dubai,https://www.google.com/maps/place/%E0%B4%8E%E0%B4%B8%E0%B5%8D%E0%B4%B8%E0%B5%8D+%E0%B4%8E%E0%B4%82+%E0%B4%9C%E0%B5%86+%E0%B4%B8%E0%B5%8A%E0%B4%B2%E0%B5%8D%E0%B4%AF%E0%B5%82%E0%B4%B7%E0%B5%BB%E0%B4%B8%E0%B5%8D/data=!4m7!3m6!1s0x3e5f4314f4f5eb3d:0x924548ff6d0ebb75!8m2!3d25.260028!4d55.288165!16s%2Fg%2F11c6v_26r2!19sChIJPev19BRDXz4RdbsObf9IRZI?authuser=0&hl=en&rclk=1,google_maps,normal_scraper,unknown,2026-07-13T17:37:51.197Z
Zenzero,Computer support and services,https://zenzero.co.uk/uae,hello@zenzero.co.uk,hello@zenzero.co.uk,+971 4 451 7919,Indigo Icon Tower - 2008 Cluster F - Al Thanyah Fifth - Jumeirah Lakes Towers - Dubai - United Arab Emirates,https://www.linkedin.com/company/zenzero-msp,,,4.8,41,,,,tech companies in Dubai,https://www.google.com/maps/place/Zenzero/data=!4m7!3m6!1s0x3e5f6ca63a7832bf:0xe775f5921f9786ee!8m2!3d25.07268!4d55.1428!16s%2Fg%2F11b82489wb!19sChIJvzJ4OqZsXz4R7oaXH5L1dec?authuser=0&hl=en&rclk=1,google_maps,normal_scraper,unknown,2026-07-13T17:37:51.197Z
Mango Technologies – Boutique Tech Solutions Provider,Software company,https://mangoserve.com/,hello@mangoserve.com,hello@mangoserve.com,+971 50 554 7523,Gate Avenue - South - Unit 201 - Zaa'beel Second - DIFC - Dubai - United Arab Emirates,https://www.linkedin.com/company/mymangotech,https://www.facebook.com/mymangotech,https://www.instagram.com/mymangotech/,4.9,16,,,,tech companies in Dubai,https://www.google.com/maps/place/Mango+Technologies+%E2%80%93+Boutique+Tech+Solutions+Provider/data=!4m7!3m6!1s0x3e5f4376ae9a3171:0x8f2bea6ce0266d59!8m2!3d25.2130676!4d55.2800766!16s%2Fg%2F11vszz2rvl!19sChIJcTGarnZDXz4RWW0m4GzqK48?authuser=0&hl=en&rclk=1,google_maps,normal_scraper,unknown,2026-07-13T17:37:51.197Z
Dubai Technology Entrepreneur Campus - Dtec,Coworking space,https://dtec.ae/,dtec.sales@dtec.ae,dtec.sales@dtec.ae; dtecsupport@dtec.ae,+971 4 501 3905,"Technohub 1, Dubai Silicon Oasis Near Axiom HQ and RIT University - Dubai - United Arab Emirates",https://www.linkedin.com/company/3003268/,https://www.facebook.com/DtecDSO,https://www.instagram.com/dtec_dso/,4.4,507,,,,tech companies in Dubai,https://www.google.com/maps/place/Dubai+Technology+Entrepreneur+Campus+-+Dtec/data=!4m7!3m6!1s0x3e5f643f4e40c241:0xbcdf6002138a125!8m2!3d25.1217225!4d55.37737!16s%2Fg%2F11b6xjyk0g!19sChIJQcJATj9kXz4RJaE4IQD2zQs?authuser=0&hl=en&rclk=1,google_maps,normal_scraper,unknown,2026-07-13T17:37:51.197Z
"Centre Source | Software Company in Abu Dhabi | App Development in Abu Dhabi, UAE",Software company,http://centresource.in/,hr@centresource.in,hr@centresource.in; info@centresource.in,,"Afaq Al Khaleej Addax Tower, City of Lights Al Reem Island, Office No 3902 - 3903 - Abu Dhabi - United Arab Emirates",https://in.linkedin.com/company/centresourcecs,https://www.facebook.com/centresourcecs/,https://www.instagram.com/centresourcecs/,4.7,12,,,,software development companies in Abu Dhabi,"https://www.google.com/maps/place/Centre+Source+%7C+Software+Company+in+Abu+Dhabi+%7C+App+Development+in+Abu+Dhabi,+UAE/data=!4m7!3m6!1s0x3e5e67d8317f17db:0xac8b6cd925fae2c8!8m2!3d24.4989635!4d54.4031336!16s%2Fg%2F11p6cn60lz!19sChIJ2xd_MdhnXj4RyOL6Jdlsi6w?authuser=0&hl=en&rclk=1",google_maps,normal_scraper,unknown,2026-07-13T17:40:01.143Z
Tranetech Software Solution LLC,Software company,https://tranetech.com/,info@tranetech.com,info@tranetech.com; infodxb@tranetech.com,+971 2 443 3113,Al Masaood Tower - Office No.604 - Hamdan Bin Mohammed St - Abu Dhabi - United Arab Emirates,https://www.linkedin.com/company/tranetech-software-solutions,https://www.facebook.com/tranetechsoftwaresolutions,https://www.instagram.com/tranetech.com_/,4.5,108,,,,software development companies in Abu Dhabi,https://www.google.com/maps/place/Tranetech+Software+Solution+LLC/data=!4m7!3m6!1s0x3e5e6759023b134f:0xbc7fda55937506da!8m2!3d24.4903009!4d54.3647796!16s%2Fg%2F11fmyjths4!19sChIJTxM7AllnXj4R2gZ1k1Xaf7w?authuser=0&hl=en&rclk=1,google_maps,normal_scraper,unknown,2026-07-13T17:40:01.143Z
Apptunix Abu Dhabi - AI Mobile App Development Company in UAE,Software company,https://www.apptunix.com/mobile-app-development-company-abu-dhabi/,sales@apptunix.com,sales@apptunix.com,+971 50 782 1690,Al Sila Tower - Abu Dhabi Global Market - First St - Al Maryah Island - Abu Dhabi Global Market Square - Abu Dhabi - United Arab Emirates,https://www.linkedin.com/company/apptunixus/,https://www.facebook.com/Apptunixappdevelopment,https://www.instagram.com/apptunixus/,5.0,6,50 - 249,$25 - $49 / hr,"$25,000+",software development companies in Abu Dhabi,https://www.google.com/maps/place/Apptunix+Abu+Dhabi+-+AI+Mobile+App+Development+Company+in+UAE/data=!4m7!3m6!1s0x3e5e676caab1e3ef:0xc31901bd850411bf!8m2!3d24.5004574!4d54.3884632!16s%2Fg%2F11yrwwj2dq!19sChIJ7-OxqmxnXj4RvxEEhb0BGcM?authuser=0&hl=en&rclk=1,google_maps,normal_scraper,unknown,2026-07-13T17:40:01.143Z
"Sysberries - IT, Digital Marketing & Software development Company Abudhabi, UAE",Computer consultant,https://www.sysberries.com/,info@sysberries.com,info@sysberries.com,+971 2 555 2573,التِّيْلَة - Mohamed Bin Zayed City - ME9 - Abu Dhabi - United Arab Emirates,https://www.linkedin.com/company/sysberries-technology,https://www.facebook.com/Sysberries/,https://www.instagram.com/sysberries/,4.5,21,,,,software development companies in Abu Dhabi,"https://www.google.com/maps/place/Sysberries+-+IT,+Digital+Marketing+%26+Software+development+Company+Abudhabi,+UAE/data=!4m7!3m6!1s0x3e5e4750ebbf3161:0xd528de8f6d65e3d9!8m2!3d24.3439687!4d54.5311439!16s%2Fg%2F11b7jlq7_3!19sChIJYTG_61BHXj4R2eNlbY_eKNU?authuser=0&hl=en&rclk=1",google_maps,normal_scraper,unknown,2026-07-13T17:40:01.143Z
Swift IT Company UAE,Computer support and services,https://swiftit.ae/,,,+971 2 650 3606,19th Floor Al Ghaith Tower - Hamdan Bin Mohammed St - Abu Dhabi - United Arab Emirates,"https://in.linkedin.com/company/swift-it-solutions
",https://www.facebook.com/SwiftITUAE,https://www.instagram.com/swiftit_uae/,4.9,132,,,,software development companies in Abu Dhabi,https://www.google.com/maps/place/Swift+IT+Company+UAE/data=!4m7!3m6!1s0x3e5e6635db0767b1:0x328475fdb474e330!8m2!3d24.490901!4d54.363883!16s%2Fg%2F1tcv9c8h!19sChIJsWcH2zVmXj4RMON0tP11hDI?authuser=0&hl=en&rclk=1,google_maps,normal_scraper,,2026-07-13T17:40:01.143Z
LRB INFO TECH (Best Website Design | Web Development | Mobile Application Development | Digital Marketing |Company in UAE),Website designer,https://lrbinfotech.com/,info@lrbinfotech.com,info@lrbinfotech.com,+971 56 816 9578,"Office no- 873, Floor No- 8, Al Ghaith Tower,(opposite to ADCB BANK Hamdan Street Abu dhabi - Abu Dhabi - United Arab Emirates",,,,4.6,45,,,,software development companies in Abu Dhabi,https://www.google.com/maps/place/LRB+INFO+TECH+%28Best+Website+Design+%7C+Web+Development+%7C+Mobile+Application+Development+%7C+Digital+Marketing+%7CCompany+in+UAE%29/data=!4m7!3m6!1s0x3e5e673c2d2ae4f5:0x27f86f27f04b128!8m2!3d24.4908877!4d54.3638712!16s%2Fg%2F11fqksznc2!19sChIJ9eQqLTxnXj4RKLEEf_KGfwI?authuser=0&hl=en&rclk=1,google_maps,normal_scraper,unknown,2026-07-13T17:40:01.143Z
Efforts Solutions IT,Software company,https://effortz.com/,sales@effortz.com,sales@effortz.com,+971 2 546 8880,Burooj Tower Al - Khalidiyah St - Abu Dhabi - United Arab Emirates,https://www.linkedin.com/company/effortz,https://www.facebook.com/effortssolutions/,https://instagram.com/effortssolutions,5.0,52,,,,software development companies in Abu Dhabi,https://www.google.com/maps/place/Efforts+Solutions+IT/data=!4m7!3m6!1s0x3e5e67f086515127:0x142b7311fb99b04b!8m2!3d24.4689412!4d54.339544!16s%2Fg%2F11fqym7mqv!19sChIJJ1FRhvBnXj4RS7CZ-xFzKxQ?authuser=0&hl=en&rclk=1,google_maps,normal_scraper,unknown,2026-07-13T17:40:01.143Z
HelloPixels - Web/App Development Company Abu Dhabi,Website designer,https://www.hellopixels.com/,info@hellopixels.com,info@hellopixels.com,+971 50 547 3745,Atma Tower - Al Danah - Zone 1 - Abu Dhabi - United Arab Emirates,https://www.linkedin.com/company/hellopixelsdigital/,https://www.facebook.com/hellopixelsdigital,https://www.instagram.com/hellopixelsdigital/,5.0,27,,,,software development companies in Abu Dhabi,https://www.google.com/maps/place/HelloPixels+-+Web%2FApp+Development+Company+Abu+Dhabi/data=!4m7!3m6!1s0x3e5e66405e64ca9d:0x5702a34ce8f668cd!8m2!3d24.4876663!4d54.3665079!16s%2Fg%2F11gzt7lvs!19sChIJncpkXkBmXj4RzWj26EyjAlc?authuser=0&hl=en&rclk=1,google_maps,normal_scraper,unknown,2026-07-13T17:40:01.143Z
WEBME INFORMATION TECHNOLOGY,Computer consultant,https://webmedigital.com/,,,+971 56 729 5834,Dar Alsalam Building office - Corniche St - Al Danah - Zone 1 - Abu Dhabi - United Arab Emirates,,,,4.8,115,,,,software development companies in Abu Dhabi,https://www.google.com/maps/place/WEBME+INFORMATION+TECHNOLOGY/data=!4m7!3m6!1s0x3e5e39287a5e0b6b:0xa65d5058957df9e3!8m2!3d24.4895618!4d54.3546752!16s%2Fg%2F11mxqw7d67!19sChIJawteeig5Xj4R4_l9lVhQXaY?authuser=0&hl=en&rclk=1,google_maps,normal_scraper,,2026-07-13T17:40:01.143Z
Zero Gravity Technology LLC,Software company,http://0g.ae/,,,+971 2 627 2062,Guardian Tower - Office 802 Al Inshirah St - Al Bateen - W35 - Abu Dhabi - United Arab Emirates,,,,4.7,43,,,,software development companies in Abu Dhabi,https://www.google.com/maps/place/Zero+Gravity+Technology+LLC/data=!4m7!3m6!1s0x3e5e662bef72e56d:0x387268914617a315!8m2!3d24.4547097!4d54.338898!16s%2Fg%2F11hbn141f4!19sChIJbeVy7ytmXj4RFaMXRpFocjg?authuser=0&hl=en&rclk=1,google_maps,normal_scraper,,2026-07-13T17:40:01.143Z
"PACT Software Services LLC - ERP Software Company Abu Dhabi, UAE",Software company,https://pactsoft.ae/,info@pactsoft.com,info@pactsoft.com,+971 50 747 3351,"6527 - 204, Building 129 - Al Nahyan - E25 - Abu Dhabi - United Arab Emirates",https://www.linkedin.com/company/pacterpsolution,https://www.facebook.com/pacterpsolution,https://www.instagram.com/pacterpsolution/,4.9,11,,,,software development companies in Abu Dhabi,"https://www.google.com/maps/place/PACT+Software+Services+LLC+-+ERP+Software+Company+Abu+Dhabi,+UAE/data=!4m7!3m6!1s0x3e5e6777a95d8359:0x6e2fe54ba0b6cc7!8m2!3d24.4654703!4d54.3852537!16s%2Fg%2F11wc1vdfrf!19sChIJWYNdqXdnXj4Rx2wLulT-4gY?authuser=0&hl=en&rclk=1",google_maps,normal_scraper,unknown,2026-07-13T17:40:01.143Z
Mobile App Development Company Abu Dhabi | Game App Development Company | Hire Blockchain Developers | Trango Tech,Software company,https://locations.trangotech.com/mobile-app-development-company-in-abu-dhabi/?utm_source=gmb&utm_medium=local&utm_campaign=abu-dhabi,,,+971 4 581 3629,CI Tower - 7th Floor - Al Khalidiyah St - Abu Dhabi - United Arab Emirates,https://www.linkedin.com/company/trangotech/,https://www.facebook.com/trangotech,https://www.instagram.com/trango_tech/,5.0,5,,,,software development companies in Abu Dhabi,https://www.google.com/maps/place/Mobile+App+Development+Company+Abu+Dhabi+%7C+Game+App+Development+Company+%7C+Hire+Blockchain+Developers+%7C+Trango+Tech/data=!4m7!3m6!1s0x3e5e656e6c774929:0x1920fd2c2a26922a!8m2!3d24.4684959!4d54.3390145!16s%2Fg%2F11mlch4kg1!19sChIJKUl3bG5lXj4RKpImKiz9IBk?authuser=0&hl=en&rclk=1,google_maps,normal_scraper,,2026-07-13T17:40:01.143Z
Digital Innovation Technology Company,Software company,https://digitalinnovation.ae/,contact@digitalinnovation.ae,contact@digitalinnovation.ae,,"Building No.1, Mezzanine M3 - بَيَاض - Hadbat Al Za`Faranah - Abu Dhabi - United Arab Emirates",https://www.linkedin.com/company/digitalinnovationtechnologycompany/,https://www.facebook.com/digitalinnovation.ae,https://www.instagram.com/digitalinnovation.ae/,4.7,44,,,,software development companies in Abu Dhabi,https://www.google.com/maps/place/Digital+Innovation+Technology+Company/data=!4m7!3m6!1s0x3e5e690961dd986f:0xe9f299c95a43fe30!8m2!3d24.4477956!4d54.4011961!16s%2Fg%2F11gjm9pv_5!19sChIJb5jdYQlpXj4RMP5DWsmZ8uk?authuser=0&hl=en&rclk=1,google_maps,normal_scraper,unknown,2026-07-13T17:40:01.143Z
ALAS Technologies LLC - Zoho Partner & NFC Smart Business Card,Software company,https://www.alas-me.com/,,,+971 52 250 3962,Omeir Bin Yousaf Building - 171 Hamdan Bin Mohammed St - Al Danah - Zone 1 - Abu Dhabi - United Arab Emirates,,,,4.9,33,,,,software development companies in Abu Dhabi,https://www.google.com/maps/place/ALAS+Technologies+LLC+-+Zoho+Partner+%26+NFC+Smart+Business+Card/data=!4m7!3m6!1s0x3e5e69933620821d:0xcaad62bd4c506425!8m2!3d24.4867872!4d54.3599317!16s%2Fg%2F11l1n4vyqz!19sChIJHYIgNpNpXj4RJWRQTL1irco?authuser=0&hl=en&rclk=1,google_maps,normal_scraper,,2026-07-13T17:40:01.143Z
Mobile apps | websites | AI Automation | MVP Development in Abu Dhabi,Software company,https://growthaccess.ae/,,,+971 55 437 9700,Zigzag Tower - Office 308 - near AbuDhabi Mall - Al Zahiyah - E16 - Abu Dhabi - United Arab Emirates,,,,5.0,13,,,,software development companies in Abu Dhabi,https://www.google.com/maps/place/Mobile+apps+%7C+websites+%7C+AI+Automation+%7C+MVP+Development+in+Abu+Dhabi/data=!4m7!3m6!1s0x3e5e679727ae76cb:0xab3b5cbe601be5fa!8m2!3d24.4965077!4d54.3796528!16s%2Fg%2F11y29slq1q!19sChIJy3auJ5dnXj4R-uUbYL5cO6s?authuser=0&hl=en&rclk=1,google_maps,normal_scraper,,2026-07-13T17:40:01.143Z
"Quytech – AI App Development, Mobile App Development, Software Development Company",Software company,https://www.quytech.com/,sales@quytech.com,sales@quytech.com; info@quytech.com,,"P/162 Building 3, 2nd floor - Office 6 Al Khazzaf Street - Al Nahyan Camp - W27 - Abu Dhabi - United Arab Emirates",https://www.linkedin.com/company/quytech,https://www.facebook.com/Quytech,,5.0,2,,,,software development companies in Abu Dhabi,"https://www.google.com/maps/place/Quytech+%E2%80%93+AI+App+Development,+Mobile+App+Development,+Software+Development+Company/data=!4m7!3m6!1s0x3e5e6999eb73ff3d:0xa5b3ceac16fcc080!8m2!3d24.4364581!4d54.3666375!16s%2Fg%2F11z10y6m8c!19sChIJPf9z65lpXj4RgMD8FqzOs6U?authuser=0&hl=en&rclk=1",google_maps,normal_scraper,unknown,2026-07-13T17:40:01.143Z
Telikos IT Services LLC,Software company,http://www.dartpos.com/,sales@telikosit.com,sales@telikosit.com,+971 2 491 1246,412 Hamdan Bin Mohammed St - Al Danah - Zone 1 - Abu Dhabi - United Arab Emirates,,https://www.facebook.com/DARTPOS/,https://www.instagram.com/dartpos2019/,4.9,18,,,,software development companies in Abu Dhabi,https://www.google.com/maps/place/Telikos+IT+Services+LLC/data=!4m7!3m6!1s0x3e5e676182627507:0xcc0db981398a0a70!8m2!3d24.4867448!4d54.359592!16s%2Fg%2F11fmxth_9t!19sChIJB3VigmFnXj4RcAqKOYG5Dcw?authuser=0&hl=en&rclk=1,google_maps,normal_scraper,unknown,2026-07-13T17:40:01.143Z
INTELLIZE IT TECHNOLOGIES,Computer support and services,http://www.iitsuae.com/,,,+971 50 460 8157,Ruby restaurant - Al Zahiyah - E13 - Abu Dhabi - United Arab Emirates,,,,4.8,46,,,,software development companies in Abu Dhabi,https://www.google.com/maps/place/INTELLIZE+IT+TECHNOLOGIES/data=!4m7!3m6!1s0x3e5e459d7afecb2d:0xea451ebdb59e0a31!8m2!3d24.4998279!4d54.3729441!16s%2Fg%2F11p5ghcp42!19sChIJLcv-ep1FXj4RMQqetb0eReo?authuser=0&hl=en&rclk=1,google_maps,normal_scraper,,2026-07-13T17:40:01.143Z
Webnet Technologies LLC,Software company,http://www.webnetech.com/,info@webnetech.com,info@webnetech.com,+971 55 314 8022,Behind FAB Bank - Khalifa Bin Zayed The First St - Al Danah - Zone 1 - Abu Dhabi - United Arab Emirates,https://www.linkedin.com/company/13636298/,https://www.facebook.com/webnetechuae,https://www.instagram.com/webnetech/,4.2,13,,,,software development companies in Abu Dhabi,https://www.google.com/maps/place/Webnet+Technologies+LLC/data=!4m7!3m6!1s0x3e5e68632cb17dbd:0x2af90b96ef0d5f2e!8m2!3d24.4910088!4d54.3615184!16s%2Fg%2F11hczf18fj!19sChIJvX2xLGNoXj4RLl8N75YL-So?authuser=0&hl=en&rclk=1,google_maps,normal_scraper,unknown,2026-07-13T17:40:01.143Z
NUSK IT CONSULTANCY LTD,Software company,https://nuskit.com/,support@nuskit.com,support@nuskit.com,+971 54 312 5877,Workstation No. 240A Building No. 280 - Abu Dhabi - United Arab Emirates,https://www.linkedin.com/company/nusk-it-consultancy-ltd/,https://www.facebook.com/NUSKITConsultancy/,https://www.instagram.com/nuskitconsultancyltd/,5.0,27,,,,software development companies in Abu Dhabi,https://www.google.com/maps/place/NUSK+IT+CONSULTANCY+LTD/data=!4m7!3m6!1s0x3e5e678fcaaaf1e5:0xad3574885015173e!8m2!3d24.4781803!4d54.3842673!16s%2Fg%2F11fprrhtp8!19sChIJ5fGqyo9nXj4RPhcVUIh0Na0?authuser=0&hl=en&rclk=1,google_maps,normal_scraper,unknown,2026-07-13T17:40:01.143Z
Mangala International Technology LLC,Software company,http://www.mitgroupuae.com/,admin@mitgroupuae.com,admin@mitgroupuae.com,+971 2 667 3310,Choice Flower Building - Zayed The First St - Al Khalidiyah - W9 - Abu Dhabi - United Arab Emirates,,,,4.9,51,,,,software development companies in Abu Dhabi,https://www.google.com/maps/place/Mangala+International+Technology+LLC/data=!4m7!3m6!1s0x3e5e660b1d9c58fb:0x44f7eb333fc32a23!8m2!3d24.4705031!4d54.3487669!16s%2Fg%2F11c5_hmnv7!19sChIJ-1icHQtmXj4RIyrDPzPr90Q?authuser=0&hl=en&rclk=1,google_maps,normal_scraper,unknown,2026-07-13T17:40:01.143Z
Inspired Technology,Software company,https://inspiredtechnology.ae/,m.shatla@inspiredtechnology.ae,m.shatla@inspiredtechnology.ae; info@inspiredtechnology.ae,+971 50 969 6731,Electra Street - Al Danah - Zone 1 - Abu Dhabi - United Arab Emirates,https://www.linkedin.com/company/inspired-technology-ae,https://www.facebook.com/inspiredtechnology.ae,https://www.instagram.com/inspiredtechnology.ae,4.9,25,,,,software development companies in Abu Dhabi,https://www.google.com/maps/place/Inspired+Technology/data=!4m7!3m6!1s0x3e5e67705f972579:0xc89d22110e373810!8m2!3d24.4834392!4d54.3606368!16s%2Fg%2F11kpstkcwc!19sChIJeSWXX3BnXj4REDg3DhEincg?authuser=0&hl=en&rclk=1,google_maps,normal_scraper,unknown,2026-07-13T17:40:01.143Z
Adetive Software Solutions,Software company,https://www.adetive.ae/,team@adetive.com,team@adetive.com,+971 56 191 4656,"VAPPAS ADETIVE TECHNOLOGY LLC Mazyad Mall, Business Tower 1 - Mohamed Bin Zayed City - Floor 11 - Abu Dhabi - United Arab Emirates",,,,4.8,10,,,,software development companies in Abu Dhabi,https://www.google.com/maps/place/Adetive+Software+Solutions/data=!4m7!3m6!1s0xde8083ce1c8d56d:0x4f791703e4ff9b!8m2!3d24.3734125!4d54.5369871!16s%2Fg%2F11y3p83qnq!19sChIJbdXI4TwI6A0Rm__kAxd5TwA?authuser=0&hl=en&rclk=1,google_maps,normal_scraper,unknown,2026-07-13T17:40:01.143Z
Doodle Technologies,Website designer,https://doodletech.ae/,,,+971 2 671 1640,"Al Sayid St Office 302, Saeed Abdulla Nasser Al Junaibi Bldg - Al Zahiyah - Abu Dhabi - United Arab Emirates",,,,4.7,79,,,,software development companies in Abu Dhabi,https://www.google.com/maps/place/Doodle+Technologies/data=!4m7!3m6!1s0x3e5e66503a0d457b:0x10be5e4e875f7ca7!8m2!3d24.492495!4d54.3827039!16s%2Fg%2F11cmmyqv8_!19sChIJe0UNOlBmXj4Rp3xfh05evhA?authuser=0&hl=en&rclk=1,google_maps,normal_scraper,,2026-07-13T17:40:01.143Z
AMJ Technology Solutions,Computer support and services,https://www.amjtechsolutions.com/,sales@amjtechsolutions.com,sales@amjtechsolutions.com,+971 2 632 5407,"Al Falah Tower - Office 601, 6th Floor Building 503 - Sultan Bin Zayed The First St - Al Danah - Zone 1 - Abu Dhabi - United Arab Emirates",https://www.linkedin.com/company/amj-tech-solutions,https://www.facebook.com/amjtechsolutions,https://www.instagram.com/amjtechsolutions/,5.0,76,,,,software development companies in Abu Dhabi,https://www.google.com/maps/place/AMJ+Technology+Solutions/data=!4m7!3m6!1s0x3e5e672cbefa3ddf:0xaa55976b48580b70!8m2!3d24.4786825!4d54.3711112!16s%2Fg%2F11vkcp_tc4!19sChIJ3z36vixnXj4RcAtYSGuXVao?authuser=0&hl=en&rclk=1,google_maps,normal_scraper,unknown,2026-07-13T17:40:01.143Z
Retail Software Abudhabi,Software company,http://www.infonetuae.com/retailsoftware/,,,+971 52 587 9444,Sultan Bin Zayed The First St - Al Danah - Zone 1 - Abu Dhabi - United Arab Emirates,,,,4.9,9,,,,software development companies in Abu Dhabi,https://www.google.com/maps/place/Retail+Software+Abudhabi/data=!4m7!3m6!1s0x3e5e666617f97a57:0xefefb2cba6e2817f!8m2!3d24.4885838!4d54.3644506!16s%2Fg%2F11g8djzp1p!19sChIJV3r5F2ZmXj4Rf4Hipsuy7-8?authuser=0&hl=en&rclk=1,google_maps,normal_scraper,,2026-07-13T17:40:01.143Z
Roshni Technologies,Website designer,http://www.roshnitechnologies.com/,sales@roshnitechnologies.com,sales@roshnitechnologies.com,+971 58 666 1340,Hamdan Bin Mohammed St - Al Danah - Zone 1 - Abu Dhabi - United Arab Emirates,https://linkedin.com/company/roshni-technologies,https://m.facebook.com/roshnitechnologiesuae,https://www.instagram.com/roshni_technologies/,4.9,60,,,,software development companies in Abu Dhabi,https://www.google.com/maps/place/Roshni+Technologies/data=!4m7!3m6!1s0x3e5e677ba77fcebd:0xd43cccd850d838af!8m2!3d24.4906219!4d54.3614077!16s%2Fg%2F11s3qhlrwk!19sChIJvc5_p3tnXj4RrzjYUNjMPNQ?authuser=0&hl=en&rclk=1,google_maps,normal_scraper,unknown,2026-07-13T17:40:01.143Z
Softex IT Solutions,Computer support and services,http://www.softexitsolutions.com/,info@softexitsolutions.com,info@softexitsolutions.com,+971 55 543 5858,Electra Street Behind Royel Rose - Abu Dhabi - United Arab Emirates,,https://www.facebook.com/SoftexITsolutions/,,4.9,66,,,,IT services companies in Abu Dhabi,https://www.google.com/maps/place/Softex+IT+Solutions/data=!4m7!3m6!1s0x3e5e458e60755e59:0x5e203ed6be7a9353!8m2!3d24.4940892!4d54.371877!16s%2Fg%2F11h4qlv74j!19sChIJWV51YI5FXj4RU5N6vtY-IF4?authuser=0&hl=en&rclk=1,google_maps,normal_scraper,unknown,2026-07-13T17:42:16.756Z
Online IT Solutions Est,Computer support and services,https://www.onlineitsolutionsme.com/,info@onlineitsolutionsme.com,info@onlineitsolutionsme.com; sales@onlineitsolutionsme.com,+971 2 642 0231,"Zigzag Building ,1st Floor ,Office No :102 - 1st St - Al Zahiyah - E16 - Abu Dhabi - United Arab Emirates",https://www.linkedin.com/company/online-it-solutions-est,https://www.facebook.com/onlineitsolutionsuae,https://www.instagram.com/onlineitsolutions.est/,4.3,43,,,,IT services companies in Abu Dhabi,https://www.google.com/maps/place/Online+IT+Solutions+Est/data=!4m7!3m6!1s0x3e5e666c028f77cb:0x642d40fe8f4cebc5!8m2!3d24.4958195!4d54.3795057!16s%2Fg%2F11bbxlkl4c!19sChIJy3ePAmxmXj4RxetMj_5ALWQ?authuser=0&hl=en&rclk=1,google_maps,normal_scraper,unknown,2026-07-13T17:42:16.756Z
NEXT IT & Systems,Software company,http://www.nextuae.com/,,,+971 50 675 4822,"Hamdan Street, Millenium Tower, Opp Hamdan centre - Abu Dhabi - United Arab Emirates",,,,4.8,25,,,,IT services companies in Abu Dhabi,https://www.google.com/maps/place/NEXT+IT+%26+Systems/data=!4m7!3m6!1s0x3e5e662961ffd8a3:0xdcc51dfd5013f901!8m2!3d24.4897317!4d54.3626007!16s%2Fg%2F119vb5m1k!19sChIJo9j_YSlmXj4RAfkTUP0dxdw?authuser=0&hl=en&rclk=1,google_maps,normal_scraper,,2026-07-13T17:42:16.756Z
Novanod IT,Computer networking service,https://www.novanodit.com/,,,+971 55 675 0444,Musaffah - Musaffah Industrial - Abu Dhabi - United Arab Emirates,,,,5.0,127,,,,IT services companies in Abu Dhabi,https://www.google.com/maps/place/Novanod+IT/data=!4m7!3m6!1s0x3e5e4173ccd58f1f:0xa2ef1dc234d0ca72!8m2!3d24.3683318!4d54.5181872!16s%2Fg%2F11j2mmrkh6!19sChIJH4_VzHNBXj4RcsrQNMId76I?authuser=0&hl=en&rclk=1,google_maps,normal_scraper,,2026-07-13T17:42:16.756Z
Trutech Information Technology Network Services OPC LLC,Computer support and services,https://www.trutech-me.com/,,,+971 50 546 2224,"Office 3, Floor 0(M), Building No: 4 - behind Choitram Supermarket - Al Khalidiyah - Abu Dhabi - United Arab Emirates",,,,4.8,44,,,,IT services companies in Abu Dhabi,https://www.google.com/maps/place/Trutech+Information+Technology+Network+Services+OPC+LLC/data=!4m7!3m6!1s0x3e5e673a17340e6d:0x442d58ae85fab6a3!8m2!3d24.4736694!4d54.351338!16s%2Fg%2F11g044_02l!19sChIJbQ40FzpnXj4Ro7b6ha5YLUQ?authuser=0&hl=en&rclk=1,google_maps,normal_scraper,,2026-07-13T17:42:16.756Z
TADKEER INFORMATION SOLUTION,Software company,https://tadkeer.ae/,info@aipsoft.com,info@aipsoft.com; info@tadkeer.ae,+971 2 650 0160,"Mazyad Mall, Abu Dhabi Musaffah, 79th St Tower 01, 4th floor, Office #425 - Abu Dhabi - United Arab Emirates",,,,4.6,42,,,,IT services companies in Abu Dhabi,https://www.google.com/maps/place/TADKEER+INFORMATION+SOLUTION/data=!4m7!3m6!1s0x3e5e38a6de417229:0x5ea4b05b0bd34b90!8m2!3d24.373153!4d54.5369449!16s%2Fg%2F11g8shtkdr!19sChIJKXJB3qY4Xj4RkEvTC1uwpF4?authuser=0&hl=en&rclk=1,google_maps,normal_scraper,unknown,2026-07-13T17:42:16.756Z
Systrix IT Solutions,Software company,https://www.systrixit.com/,sales@systrixit.com,sales@systrixit.com,+971 50 445 3372,"1303, Al Ain Insurance Building Same as Bin Moosa Travel building - Hamdan Bin Mohammed St - Abu Dhabi - United Arab Emirates",https://www.linkedin.com/company/systrix-it-solutions,https://www.facebook.com/Systrix.IT/,,4.8,34,,,,IT services companies in Abu Dhabi,https://www.google.com/maps/place/Systrix+IT+Solutions/data=!4m7!3m6!1s0x3e5e6665cdbaab93:0xec1c13eced7e1f6a!8m2!3d24.4897659!4d54.3621279!16s%2Fg%2F11cl_zrbd0!19sChIJk6u6zWVmXj4Rah9-7ewTHOw?authuser=0&hl=en&rclk=1,google_maps,normal_scraper,unknown,2026-07-13T17:42:16.756Z
Skyline Advanced Technology L.L.C S.P.C,Software company,https://skylineat.ae/,contact@skylineat.ae,contact@skylineat.ae,+971 50 759 8275,Infront the Mosque - M01 - Orange Pharmacy Building - Al Nahyan - Abu Dhabi - United Arab Emirates,https://www.linkedin.com/company/skylineadvancedtechnology,,https://www.instagram.com/skylineadvancedtech/,4.9,12,,,,IT services companies in Abu Dhabi,https://www.google.com/maps/place/Skyline+Advanced+Technology+L.L.C+S.P.C/data=!4m7!3m6!1s0x43729271d1273075:0xfbc27af100f40e63!8m2!3d24.4708182!4d54.3801556!16s%2Fg%2F11tsmmvtq_!19sChIJdTAn0XGSckMRYw70APF6wvs?authuser=0&hl=en&rclk=1,google_maps,normal_scraper,unknown,2026-07-13T17:42:16.756Z
Exceed Information Technology L L C,Computer support and services,http://www.exceedgulf.com/,,,+971 2 678 1100,"Mall - 3rd Floor, West Tower - Abu Dhabi Mall Footbridge - Abu Dhabi - United Arab Emirates",,,,4.6,28,,,,tech companies in Abu Dhabi,https://www.google.com/maps/place/Exceed+Information+Technology+L+L+C/data=!4m7!3m6!1s0x3e5e665de8c24159:0x36969452cb063d2f!8m2!3d24.4899102!4d54.3707593!16s%2Fg%2F12hl0fxyw!19sChIJWUHC6F1mXj4RLz0Gy1KUljY?authuser=0&hl=en&rclk=1,google_maps,normal_scraper,,2026-07-13T17:44:28.322Z
Emirtech Technology - ADMCC Approved CCTV Installation & Home Automation Solutions,Home automation company,https://emirtech.ae/,,,+971 55 651 7843,Musaffah - مصفح السكنية والتجارية - Abu Dhabi - United Arab Emirates,,,,4.9,947,,,,tech companies in Abu Dhabi,https://www.google.com/maps/place/Emirtech+Technology+-+ADMCC+Approved+CCTV+Installation+%26+Home+Automation+Solutions/data=!4m7!3m6!1s0x3e5e398e0ddbf68f:0x249e27f713c8f12!8m2!3d24.3465207!4d54.4739341!16s%2Fg%2F11fj5ggs5t!19sChIJj_bbDY45Xj4REo88cX_iSQI?authuser=0&hl=en&rclk=1,google_maps,normal_scraper,,2026-07-13T17:44:28.322Z
Momentum Tech and Consultancy,Software company,https://momentumtech.ae/,,,+971 52 732 6003,Ath Thiqah 2 St - Musaffah - M17 - Abu Dhabi - United Arab Emirates,,,,4.2,22,,,,tech companies in Abu Dhabi,https://www.google.com/maps/place/Momentum+Tech+and+Consultancy/data=!4m7!3m6!1s0x3e5e67bf831dac7d:0xd703c059e73b844a!8m2!3d24.3641695!4d54.4912098!16s%2Fg%2F11pc0rsb4y!19sChIJfawdg79nXj4RSoQ751nAA9c?authuser=0&hl=en&rclk=1,google_maps,normal_scraper,,2026-07-13T17:44:28.322Z
Vigil Technologies LLC,Software company,http://www.vigil.ae/,,,+971 2 447 7188,"Al Jazeera Club - 34, Skybox - Muroor Rd - Abu Dhabi - United Arab Emirates",,,,4.9,16,,,,tech companies in Abu Dhabi,https://www.google.com/maps/place/Vigil+Technologies+LLC/data=!4m7!3m6!1s0x3e5e663f76333db7:0x63bb14b788e960e9!8m2!3d24.4533461!4d54.3913848!16s%2Fg%2F11ggzmkbhy!19sChIJtz0zdj9mXj4R6WDpiLcUu2M?authuser=0&hl=en&rclk=1,google_maps,normal_scraper,,2026-07-13T17:44:28.322Z
Enterprise Systems Analysis Technology [ESAT],Software company,https://esat.ae/,,,+971 2 553 8777,Albarakah - 12th Street - 2nd Floor - Abu Dhabi - United Arab Emirates,,,,4.3,36,,,,tech companies in Abu Dhabi,https://www.google.com/maps/place/Enterprise+Systems+Analysis+Technology+%5BESAT%5D/data=!4m7!3m6!1s0x3e5e40cca53b800f:0xf4e0e837c6d81938!8m2!3d24.3610003!4d54.5216442!16s%2Fg%2F1pycr7zw4!19sChIJD4A7pcxAXj4ROBnYxjfo4PQ?authuser=0&hl=en&rclk=1,google_maps,normal_scraper,,2026-07-13T17:44:28.322Z
Vision Technologies,Software company,https://www.visionsoftwares.com/,,,+971 50 425 3493,"DAMAS (burj2000 building - Office No.349, 3rd floor, Office Block - near Sharjah Head Post Office - Al Ghuwair - Hay Al Gharb - Sharjah - United Arab Emirates",,,,4.3,228,,,,software companies in Sharjah,https://www.google.com/maps/place/Vision+Technologies/data=!4m7!3m6!1s0x3ef5f59555555597:0xf937d89f7e6f9c57!8m2!3d25.3542116!4d55.3907172!16s%2Fg%2F11b7kgbfvx!19sChIJl1VVVZX19T4RV5xvfp_YN_k?authuser=0&hl=en&rclk=1,google_maps,normal_scraper,,2026-07-13T17:46:36.657Z
TechMagic Technologies,Software company,https://techmagictechnologies.com/,,,+971 50 957 9952,Sharjah Publishing City Business Centre - Free Zone - Al Zahia - Sharjah - United Arab Emirates,,,,5.0,50,,,,software companies in Sharjah,https://www.google.com/maps/place/TechMagic+Technologies/data=!4m7!3m6!1s0x3e5f5f4016a92987:0x1a4abcc0cb55aa2d!8m2!3d25.319659!4d55.4580039!16s%2Fg%2F11whgb940p!19sChIJhympFkBfXz4RLapVy8C8Sho?authuser=0&hl=en&rclk=1,google_maps,normal_scraper,,2026-07-13T17:46:36.657Z
RIBS Technologies,Software company,https://www.ribstechnologies.com/,,,+971 56 296 0963,"Office 82, Building no. Q1 - 09, SAIF Zone 514789 - Sharjah - United Arab Emirates",,,,4.8,41,,,,software companies in Sharjah,https://www.google.com/maps/place/RIBS+Technologies/data=!4m7!3m6!1s0x3e5f58b208f3c40d:0xfa32b80f16b2c3ae!8m2!3d25.338598!4d55.4800117!16s%2Fg%2F11c5xs0mfj!19sChIJDcTzCLJYXz4RrsOyFg-4Mvo?authuser=0&hl=en&rclk=1,google_maps,normal_scraper,,2026-07-13T17:46:36.657Z
Simple Logic IT,Software company,http://www.simplelogicit.com/,,,+971 56 511 4805,First Floor Safari Mall - Al Muweilah - Industrial Area - Sharjah - United Arab Emirates,,,,4.9,41,,,,software companies in Sharjah,https://www.google.com/maps/place/Simple+Logic+IT/data=!4m7!3m6!1s0x3e5f5fad6b4fe88b:0x42caa85142ec5dc5!8m2!3d25.3050979!4d55.4516918!16s%2Fg%2F11v0mgz6xr!19sChIJi-hPa61fXz4RxV3sQlGoykI?authuser=0&hl=en&rclk=1,google_maps,normal_scraper,,2026-07-13T17:46:36.657Z
Wafi Technology - Neologix,Software company,https://neologix.ae/,,,+971 52 104 3226,"Al Buhaira Building - 601, Golden Tower - Corniche St - Al Majaz 1 - Sharjah - United Arab Emirates",,,,5.0,23,,,,software companies in Sharjah,https://www.google.com/maps/place/Wafi+Technology+-+Neologix/data=!4m7!3m6!1s0x3e5f5bfef726ac75:0x239f73834a5d0b6a!8m2!3d25.3414794!4d55.3857882!16s%2Fg%2F11ll20w40m!19sChIJdawm9_5bXz4RagtdSoNznyM?authuser=0&hl=en&rclk=1,google_maps,normal_scraper,,2026-07-13T17:46:36.657Z
IT Company in Sharjah | Datumcode IT Services,Software company,https://datumcode.com/,,,+971 55 912 0052,SAIF Office Q1-05-88/B - Saif Zone - Sharjah - United Arab Emirates,,,,5.0,4,,,,software companies in Sharjah,https://www.google.com/maps/place/IT+Company+in+Sharjah+%7C+Datumcode+IT+Services/data=!4m7!3m6!1s0x3e5f5fe8ccbcca9b:0x4020a05f42c38aab!8m2!3d25.3191096!4d55.4869113!16s%2Fg%2F11ty8f0q78!19sChIJm8q8zOhfXz4Rq4rDQl-gIEA?authuser=0&hl=en&rclk=1,google_maps,normal_scraper,,2026-07-13T17:46:36.657Z
IJONA TECHNOLOGIES FZE LLC,Software company,https://www.ijonatechnologies.com/,,,+971 50 504 7432,Sharjah Publishing City - Muwaileh Commercial - Al Zahia - Sharjah - United Arab Emirates,,,,4.8,20,,,,software companies in Sharjah,https://www.google.com/maps/place/IJONA+TECHNOLOGIES+FZE+LLC/data=!4m7!3m6!1s0x3e5f5f228548a091:0x3654d4886e16760d!8m2!3d25.3200468!4d55.4581155!16s%2Fg%2F11shgc0v_0!19sChIJkaBIhSJfXz4RDXYWbojUVDY?authuser=0&hl=en&rclk=1,google_maps,normal_scraper,,2026-07-13T17:46:36.657Z
"Focus Softnet Sharjah - ERP, CRM & HCM Solutions",Software company,https://www.focussoftnet.com/ae/,,,+971 6 569 5358,Al Majaz - Al Majaz 3 - Al Majaz - Sharjah - United Arab Emirates,,,,4.1,32,,,,software companies in Sharjah,"https://www.google.com/maps/place/Focus+Softnet+Sharjah+-+ERP,+CRM+%26+HCM+Solutions/data=!4m7!3m6!1s0x3e5f5a3627a9c981:0xb38311148a4d0c0!8m2!3d25.3260258!4d55.3782823!16s%2Fg%2F1z449x3jx!19sChIJgcmpJzZaXz4RwNCkSBExOAs?authuser=0&hl=en&rclk=1",google_maps,normal_scraper,,2026-07-13T17:46:36.657Z
Innovative Technology Software Services L.L.C SP,Software company,http://www.itsserp.com/,,,+971 50 919 3456,Al Habtoor Tower - King Faisal St - Al Nad - Hay Al Qasimiah - Sharjah - United Arab Emirates,,,,5.0,10,,,,software companies in Sharjah,https://www.google.com/maps/place/Innovative+Technology+Software+Services+L.L.C+SP/data=!4m7!3m6!1s0x3e5f5b006d67b6c9:0x9286de99d04c2349!8m2!3d25.3405888!4d55.3906307!16s%2Fg%2F11ybrl3b30!19sChIJybZnbQBbXz4RSSNM0JnehpI?authuser=0&hl=en&rclk=1,google_maps,normal_scraper,,2026-07-13T17:46:36.657Z
Emerald Software's,Software company,https://www.emeraldsoftwares.com/,,,+971 58 584 8899,"Office No 210, Sharjah Media City 515000 Sharjah, UAE - Sharjah - United Arab Emirates - Sharjah - United Arab Emirates",,,,5.0,13,,,,software companies in Sharjah,https://www.google.com/maps/place/Emerald+Software%27s/data=!4m7!3m6!1s0x3e5f597350b93805:0x68e77eaaf9c1a7c7!8m2!3d25.3767697!4d55.4430584!16s%2Fg%2F11rfp_3b71!19sChIJBTi5UHNZXz4Rx6fB-ap-52g?authuser=0&hl=en&rclk=1,google_maps,normal_scraper,,2026-07-13T17:46:36.657Z
Micropro Software Solutions. Ltd. (UAE),Software company,http://www.microproindia.com/,,,+971 50 567 7051,SAIF Zone Box No. 121793 - Sharjah - United Arab Emirates,,,,5.0,1,,,,software companies in Sharjah,https://www.google.com/maps/place/Micropro+Software+Solutions.+Ltd.+%28UAE%29/data=!4m7!3m6!1s0x3e5f5f0c4a8d1c19:0xe26edde0c893fead!8m2!3d25.3323584!4d55.4831661!16s%2Fg%2F11hzyyhz0n!19sChIJGRyNSgxfXz4Rrf6TyODdbuI?authuser=0&hl=en&rclk=1,google_maps,normal_scraper,,2026-07-13T17:46:36.657Z
Softspire Technologies,Software company,https://softspiretechnologies.com/,,,+91 99955 62112,Sharjah Media City - Halwan Suburb - Halwan - Sharjah - United Arab Emirates,,,,4.8,6,,,,software companies in Sharjah,https://www.google.com/maps/place/Softspire+Technologies/data=!4m7!3m6!1s0x3e5f590337bcf37d:0x2ce9159853e07294!8m2!3d25.3548153!4d55.4263035!16s%2Fg%2F11ywv_ghf1!19sChIJffO8NwNZXz4RlHLgU5gV6Sw?authuser=0&hl=en&rclk=1,google_maps,normal_scraper,,2026-07-13T17:46:36.657Z
Innotech Solutions FZC,Software company,https://www.innotechsolutions.biz/,,,+971 6 574 5929,Sharjah International Airport - Saif Zone - Sharjah - United Arab Emirates,,,,4.7,13,,,,software companies in Sharjah,https://www.google.com/maps/place/Innotech+Solutions+FZC/data=!4m7!3m6!1s0x3e5f58b20a96e2a7:0xad543ba67e4245a8!8m2!3d25.3283455!4d55.4967444!16s%2Fg%2F11bv3mt0kg!19sChIJp-KWCrJYXz4RqEVCfqY7VK0?authuser=0&hl=en&rclk=1,google_maps,normal_scraper,,2026-07-13T17:46:36.657Z
Xibtech Solutions,Software company,https://www.xibtechs.com/,,,+971 50 847 3585,"Sharjah Publishing City, Zahia Al Zahia Area - Sheikh Mohammed Bin Zayed Rd - Muwaileh Commercial - Al Zahia - Sharjah - United Arab Emirates",,,,4.5,15,,,,software companies in Sharjah,https://www.google.com/maps/place/Xibtech+Solutions/data=!4m7!3m6!1s0x926f6ebc9a2897d:0x6884881948ee3bed!8m2!3d25.3198751!4d55.4587204!16s%2Fg%2F11k599xxwn!19sChIJfYmiyev2JgkR7TvuSBmIhGg?authuser=0&hl=en&rclk=1,google_maps,normal_scraper,,2026-07-13T17:46:36.657Z
ALTEC Middle East,Software company,http://www.altecme.ae/,,,+971 50 494 9870,"P.O.Box: 9228, Sharjah Airport International Free Zone - Sharjah - United Arab Emirates",,,,4.0,1,,,,software companies in Sharjah,https://www.google.com/maps/place/ALTEC+Middle+East/data=!4m7!3m6!1s0x3ef5f5e9eaaaaabf:0xae709a9eb0502339!8m2!3d25.337866!4d55.480419!16s%2Fg%2F11bymvgyjq!19sChIJv6qq6un19T4ROSNQsJ6acK4?authuser=0&hl=en&rclk=1,google_maps,normal_scraper,,2026-07-13T17:46:36.657Z
Orange Dice Solutions | web design company in Ajman,Website designer,https://orangedice.ae/,,,+971 55 119 9654,Grand Tower - Al Rashidiya 3 - Ajman - United Arab Emirates,,,,4.9,58,,,,software companies in Sharjah,https://www.google.com/maps/place/Orange+Dice+Solutions+%7C+web+design+company+in+Ajman/data=!4m7!3m6!1s0x3e5f595f478f9927:0x95cb0bda72a08219!8m2!3d25.3926607!4d55.4391637!16s%2Fg%2F11fk5c71v1!19sChIJJ5mPR19ZXz4RGYKgctoLy5U?authuser=0&hl=en&rclk=1,google_maps,normal_scraper,,2026-07-13T17:46:36.657Z
ATC Technologies,Software company,http://www.atctechnologies.net/,,,+971 6 543 2626,Al Naba'a - Sharjah - United Arab Emirates,,,,4.2,10,,,,software companies in Sharjah,https://www.google.com/maps/place/ATC+Technologies/data=!4m7!3m6!1s0x3e5f5a289a14c36f:0xf69cf89e3613b44!8m2!3d25.3637224!4d55.3991376!16s%2Fg%2F11csp79j8l!19sChIJb8MUmihaXz4RRDth44nPaQ8?authuser=0&hl=en&rclk=1,google_maps,normal_scraper,,2026-07-13T17:46:36.657Z
CAR Tech,Software company,http://www.cartech.ae/,,,+971 56 408 7775,"Block B -B43-036, Sharjah Research, Technology And Innovation Park, University City, Sharjah - Sharjah - United Arab Emirates",,,,5.0,14,,,,software companies in Sharjah,https://www.google.com/maps/place/CAR+Tech/data=!4m7!3m6!1s0x3e5f6989570e0413:0xd141100e68942af4!8m2!3d25.3226437!4d55.4885832!16s%2Fg%2F11lkd36z8r!19sChIJEwQOV4lpXz4R9CqUaA4QQdE?authuser=0&hl=en&rclk=1,google_maps,normal_scraper,,2026-07-13T17:46:36.657Z
ALASKA COMPUTER LLC,Software company,http://www.alaska-computer.com/,,,+971 6 559 9673,Mohammed Al Mulla Tower - Al Ittihad St - near Ansar Mall P.B#45856 - Hay Al Nahda - Sharjah - United Arab Emirates,,,,4.8,23,,,,software companies in Sharjah,https://www.google.com/maps/place/ALASKA+COMPUTER+LLC/data=!4m7!3m6!1s0x3e5f5c785aa64097:0x4626e1a879623e02!8m2!3d25.3021278!4d55.3676585!16s%2Fg%2F11cm048mrx!19sChIJl0CmWnhcXz4RAj5ieajhJkY?authuser=0&hl=en&rclk=1,google_maps,normal_scraper,,2026-07-13T17:46:36.657Z
HAT Infotech,Internet marketing service,https://hatinfotech.com/,,,+971 56 288 1556,"Office # 1, B Block, Ground Floor, Mihtab Tower - Industrial Area 7 - Sharjah - United Arab Emirates",,,,4.9,74,,,,software companies in Sharjah,https://www.google.com/maps/place/HAT+Infotech/data=!4m7!3m6!1s0x3e5f5be52f31eb11:0x3a746d8a65eee974!8m2!3d25.3061116!4d55.38319!16s%2Fg%2F11r9v9t1cq!19sChIJEesxL-VbXz4RdOnuZYptdDo?authuser=0&hl=en&rclk=1,google_maps,normal_scraper,,2026-07-13T17:46:36.657Z
Emerging Alliance,Software company,https://www.emerging-alliance.com/,,,+971 50 705 2460,"8FHX+XM - Saif Suite Y1-094 9486 SAIF ZONE, Sharjah, UAΕ - Sharjah - United Arab Emirates",,,,5.0,15,,,,software companies in Sharjah,https://www.google.com/maps/place/Emerging+Alliance/data=!4m7!3m6!1s0x3ef5f57316ccf159:0x8f4a8c754560e4e!8m2!3d25.3299375!4d55.4991875!16s%2Fg%2F11gk69yf7z!19sChIJWfHMFnP19T4RTg5WVMeo9Ag?authuser=0&hl=en&rclk=1,google_maps,normal_scraper,,2026-07-13T17:46:36.657Z
Wabcom,Software company,https://wabcomdubai.com/,,,+971 800 922266,Team business center - 201 شارع السمر - Industrial Area 15 - Industrial Area - Sharjah - United Arab Emirates,,,,4.9,66,,,,software companies in Sharjah,https://www.google.com/maps/place/Wabcom/data=!4m7!3m6!1s0x3e5f5f20a115c8b7:0xc4976bd89c89d58d!8m2!3d25.2942357!4d55.4354339!16s%2Fg%2F11p6qt9s2m!19sChIJt8gVoSBfXz4RjdWJnNhrl8Q?authuser=0&hl=en&rclk=1,google_maps,normal_scraper,,2026-07-13T17:46:36.657Z
First Star Computer,Software company,http://www.caduae.com/,,,+971 6 574 9799,Crystal Plaza Towers - Al Buheira - Corniche Road - Sharjah - United Arab Emirates,,,,4.5,4,,,,software companies in Sharjah,https://www.google.com/maps/place/First+Star+Computer/data=!4m7!3m6!1s0x3e5f5bceb363d2d9:0xc05b374506d8184b!8m2!3d25.3443522!4d55.3861948!16s%2Fg%2F11bbwnnhc6!19sChIJ2dJjs85bXz4RSxjYBkU3W8A?authuser=0&hl=en&rclk=1,google_maps,normal_scraper,,2026-07-13T17:46:36.657Z
Unique Computer Systems,Software company,http://www.ucssolutions.com/,,,+971 6 525 4491,"Near Sharjah Expo Centre, Al Baker 5 Tower - Office #804, 8th - Al Khan - Sharjah - United Arab Emirates",,,,4.2,22,,,,IT companies in Sharjah,https://www.google.com/maps/place/Unique+Computer+Systems/data=!4m7!3m6!1s0x3e5f5c77955268cd:0x5067169b03bc9963!8m2!3d25.3135631!4d55.3730543!16s%2Fg%2F1tx_4v85!19sChIJzWhSlXdcXz4RY5m8A5sWZ1A?authuser=0&hl=en&rclk=1,google_maps,normal_scraper,,2026-07-13T17:48:48.753Z
Missan Global,Computer support and services,https://www.missanglobal.com/,,,+971 6 562 6006,"Belresheed Tower - Buheirah Corniche - 1, 1503 - Sharjah - United Arab Emirates",,,,4.5,196,,,,IT companies in Sharjah,https://www.google.com/maps/place/Missan+Global/data=!4m7!3m6!1s0x3e5f5bc92a1af723:0xbb811e7da55a2738!8m2!3d25.3429356!4d55.3859978!16s%2Fg%2F11dxcr2vm3!19sChIJI_caKslbXz4ROCdapX0egbs?authuser=0&hl=en&rclk=1,google_maps,normal_scraper,,2026-07-13T17:48:48.753Z
Growth Technologies FZE,Software company,http://www.growth-technologies.com/,,,+971 6 557 2206,"Building # Z3,Gate No 1 - Saif Zone - Sharjah - United Arab Emirates",,,,4.9,415,,,,IT companies in Sharjah,https://www.google.com/maps/place/Growth+Technologies+FZE/data=!4m7!3m6!1s0x3ef5f5fa3122640b:0x44811507251d7255!8m2!3d25.3278972!4d55.4964866!16s%2Fg%2F11bbwpmjgz!19sChIJC2QiMfr19T4RVXIdJQcVgUQ?authuser=0&hl=en&rclk=1,google_maps,normal_scraper,,2026-07-13T17:48:48.753Z
AATMA IT SOLUTIONS,Website designer,https://aatmait.com/,,,+971 50 375 7552,Sharjah Research Technology and Innovation Park University City Block B -B19-135 - Sharjah - United Arab Emirates,,,,4.9,54,,,,IT companies in Sharjah,https://www.google.com/maps/place/AATMA+IT+SOLUTIONS/data=!4m7!3m6!1s0x3e5f5b89d1b05131:0x66d1b0baa5019155!8m2!3d25.3220994!4d55.4882912!16s%2Fg%2F11lgs42xp6!19sChIJMVGw0YlbXz4RVZEBpbqw0WY?authuser=0&hl=en&rclk=1,google_maps,normal_scraper,,2026-07-13T17:48:48.753Z
Digital Soft IT Technologies LLC,Software company,http://digitalsoftdubai.com/,,,+971 50 751 4695,"2 Ground Floor, Al- Murjan Tower, Al MajazAl - Al Majaz 2 - Sharjah - United Arab Emirates",,,,5.0,21,,,,IT companies in Sharjah,https://www.google.com/maps/place/Digital+Soft+IT+Technologies+LLC/data=!4m7!3m6!1s0x3e5f5b14aa8bf5a3:0xe628763c1687170a!8m2!3d25.3177829!4d55.3832957!16s%2Fg%2F11t3ynj9g_!19sChIJo_WLqhRbXz4RCheHFjx2KOY?authuser=0&hl=en&rclk=1,google_maps,normal_scraper,,2026-07-13T17:48:48.753Z
PROFESSIONAL IT SOLUTIONS,Software company,https://www.pitsolutions.ch/,,,+971 6 558 5598,"CG Mall Building,906, Tower C - Tufail Bin Al Hareth St - Sharjah - United Arab Emirates",,,,5.0,5,,,,IT companies in Sharjah,https://www.google.com/maps/place/PROFESSIONAL+IT+SOLUTIONS/data=!4m7!3m6!1s0x3e5f5bd91b04d79b:0xbd11cc8c48eb1fb2!8m2!3d25.344707!4d55.3880151!16s%2Fg%2F11rstm4pd_!19sChIJm9cEG9lbXz4Rsh_rSIzMEb0?authuser=0&hl=en&rclk=1,google_maps,normal_scraper,,2026-07-13T17:48:48.753Z
TechCapital IT FZE,Computer support and services,http://www.techcapital.ae/,,,+971 6 767 6878,"Office F04, Sharjah Publishing City Sharjah Book Authority Building Al Zahia, Sheikh - Sheikh Mohammed Bin Zayed Rd - Sharjah - United Arab Emirates",,,,5.0,43,,,,IT companies in Sharjah,https://www.google.com/maps/place/TechCapital+IT+FZE/data=!4m7!3m6!1s0x3ef5f9177b56595f:0x879c0e24e87582e0!8m2!3d25.319217!4d55.4587841!16s%2Fg%2F11gglvds4w!19sChIJX1lWexf59T4R4IJ16CQOnIc?authuser=0&hl=en&rclk=1,google_maps,normal_scraper,,2026-07-13T17:48:48.753Z
Coral Business Solutions,Software company,https://www.coralme.com/,,,+971 50 400 7432,Platinum Business Centre - 1004 - Baghdad Street - Al Qusais - Al Nahda - Dubai - United Arab Emirates,,,,4.3,126,,,,IT companies in Sharjah,https://www.google.com/maps/place/Coral+Business+Solutions/data=!4m7!3m6!1s0x3e5f5c3d33f2161b:0x6bf2b54b5ff6551e!8m2!3d25.2875712!4d55.3689279!16s%2Fg%2F1tj94x9n!19sChIJGxbyMz1cXz4RHlX2X0u18ms?authuser=0&hl=en&rclk=1,google_maps,normal_scraper,,2026-07-13T17:48:48.753Z
"Broadband Computer Trading, Sharjah",Computer store,,,,+971 6 561 6160,Al Soor Building - Shop No 1 Mina street - near Central Post Office - Al Soor - Hay Al Qasimiah - Sharjah - United Arab Emirates,,,,4.3,154,,,,IT companies in Sharjah,"https://www.google.com/maps/place/Broadband+Computer+Trading,+Sharjah/data=!4m7!3m6!1s0x3e5f5a33160cd6af:0x8fe605e5ee0a4d0e!8m2!3d25.3517994!4d55.3882908!16s%2Fg%2F11bbwrcgv5!19sChIJr9YMFjNaXz4RDk0K7uUF5o8?authuser=0&hl=en&rclk=1",google_maps,normal_scraper,,2026-07-13T17:48:48.753Z
Website development in Sharjah,Software company,http://www.alshamsgroup.com/,,,+971 52 750 1296,89W9+23V - Al Meena St - Al Khalidiya District - Sharjah - United Arab Emirates,,,,5.0,1,,,,IT companies in Sharjah,https://www.google.com/maps/place/Website+development+in+Sharjah/data=!4m7!3m6!1s0x3e5f5bec8fba2c19:0x49ef9aee6b223cbd!8m2!3d25.3451059!4d55.3676599!16s%2Fg%2F11hzxvbs0t!19sChIJGSy6j-xbXz4RvTwia-6a70k?authuser=0&hl=en&rclk=1,google_maps,normal_scraper,,2026-07-13T17:48:48.753Z
Website/Mobile app development AMX Solutions |Best websites development company in sharjah UAE,Software company,,,,+971 56 531 3492,Tenancy contract - near Sharjah Municipality - Industrial Areas - Industrial Area - Sharjah - United Arab Emirates,,,,5.0,5,,,,IT companies in Sharjah,https://www.google.com/maps/place/Website%2FMobile+app+development+AMX+Solutions+%7CBest+websites+development+company+in+sharjah+UAE/data=!4m7!3m6!1s0xd0395f5f3cc3f3d:0x4c20d1d1f1ee88e4!8m2!3d25.333438!4d55.4155184!16s%2Fg%2F11y27qg1m0!19sChIJPT_M8_WVAw0R5Iju8dHRIEw?authuser=0&hl=en&rclk=1,google_maps,normal_scraper,,2026-07-13T17:48:48.753Z
"Najoom Al Thuraya - GPS Vehicle Tracking System in UAE, Dubai, Ajman, Abu Dhabi",GPS supplier,https://althurayauae.com/,,,+971 56 474 3831,Al Hind Tower - Office # 1512 AL Khan Corniche St - Al Khalidiya District - Sharjah - United Arab Emirates,,,,4.6,34,,,,IT companies in Sharjah,"https://www.google.com/maps/place/Najoom+Al+Thuraya+-+GPS+Vehicle+Tracking+System+in+UAE,+Dubai,+Ajman,+Abu+Dhabi/data=!4m7!3m6!1s0x3e5f5b3d410a60b5:0x2240e4b8c7efedc4!8m2!3d25.3240388!4d55.3745348!16s%2Fg%2F11jcd1c_z6!19sChIJtWAKQT1bXz4RxO3vx7jkQCI?authuser=0&hl=en&rclk=1",google_maps,normal_scraper,,2026-07-13T17:48:48.753Z
TM Software Information,Website designer,https://tmsoftwareinformation.com/,,,+965 410 53532,Al Zarouni building Flat 1107 Musalla street Near Reem bakery - Sharjah - United Arab Emirates,,,,4.9,9,,,,IT companies in Sharjah,https://www.google.com/maps/place/TM+Software+Information/data=!4m7!3m6!1s0x3e5f5b22cc112613:0x7f54c1f515a0e5e!8m2!3d25.35701!4d55.3959492!16s%2Fg%2F11n8_64l_8!19sChIJEyYRzCJbXz4RXg5aUR9M9Qc?authuser=0&hl=en&rclk=1,google_maps,normal_scraper,,2026-07-13T17:48:48.753Z
One Sols - Web Design,Marketing agency,https://onesols.com/,,,+971 6 551 9895,Office no 503 - Al Majaz 2 - Sharjah - United Arab Emirates,,,,5.0,24,,,,web development agencies in Sharjah,https://www.google.com/maps/place/One+Sols+-+Web+Design/data=!4m7!3m6!1s0x3e5f5b9f5a00677d:0x55d716dbabe9b7f1!8m2!3d25.3234535!4d55.3862318!16s%2Fg%2F11t3yrt2_c!19sChIJfWcAWp9bXz4R8bfpq9sW11U?authuser=0&hl=en&rclk=1,google_maps,normal_scraper,,2026-07-13T17:51:06.669Z
WebSmarT IT Solutions,Website designer,http://www.websmart.ae/,,,+971 55 818 4616,"Sharjah Publishing City, Business Center - Free Zone - Al Zahia - Sharjah - United Arab Emirates",,,,5.0,25,,,,web development agencies in Sharjah,https://www.google.com/maps/place/WebSmarT+IT+Solutions/data=!4m7!3m6!1s0x3e5f5a29ba95d167:0x7c2ab5aad35e2cef!8m2!3d25.319594!4d55.4580207!16s%2Fg%2F11f3txk3wh!19sChIJZ9GVuilaXz4R7yxe06q1Knw?authuser=0&hl=en&rclk=1,google_maps,normal_scraper,,2026-07-13T17:51:06.669Z
360 Degree Hub UAE,Marketing agency,https://360degreehub.com/,,,+971 58 553 5937,"Office 009/B, Building 07 - Saif Zone - Sharjah - United Arab Emirates",,,,4.9,22,,,,web development agencies in Sharjah,https://www.google.com/maps/place/360+Degree+Hub+UAE/data=!4m7!3m6!1s0x3e5f59ab15542c6f:0x2c9a3832c7a50ddf!8m2!3d25.3381806!4d55.4820902!16s%2Fg%2F11l75pkgb4!19sChIJbyxUFatZXz4R3w2lxzI4miw?authuser=0&hl=en&rclk=1,google_maps,normal_scraper,,2026-07-13T17:51:06.669Z
"D3 Logics - Best Website Development Company | Digital Marketing Agency Sharjah,UAE",Website designer,https://d3logics.ae/,,,+971 50 168 2512,Sharjah Media City (SHAMS - Al Mtsannid Suburb - Sharjah - United Arab Emirates,,,,5.0,1,,,,web development agencies in Sharjah,"https://www.google.com/maps/place/D3+Logics+-+Best+Website+Development+Company+%7C+Digital+Marketing+Agency+Sharjah,UAE/data=!4m7!3m6!1s0x3ef593dc5caf9dc7:0xca560baf4f8bf02a!8m2!3d25.2780325!4d55.6782361!16s%2Fg%2F11vx67q7mz!19sChIJx52vXNyT9T4RKvCLT68LVso?authuser=0&hl=en&rclk=1",google_maps,normal_scraper,,2026-07-13T17:51:06.669Z
Spiderz,Website designer,https://spiderz.com/,,,+971 50 678 0301,"Area Q1 – Sharjah Airport - 055/B, Building 08 - International Free Zone - Saif Zone - Sharjah - United Arab Emirates",,,,5.0,90,,,,web development agencies in Sharjah,https://www.google.com/maps/place/Spiderz/data=!4m7!3m6!1s0x3e5f58ad0a50b0cf:0x3b39f59c3040424d!8m2!3d25.3371173!4d55.4819495!16s%2Fg%2F1tqpxqpm!19sChIJz7BQCq1YXz4RTUJAMJz1OTs?authuser=0&hl=en&rclk=1,google_maps,normal_scraper,,2026-07-13T17:51:06.669Z
eTCS - Elegant Information Technology Consultancy Services,Website designer,https://www.etcsfzc.com/,,,+971 55 537 8122,"Al Qulayaah, Mubarak Building, Office 204 - Sharjah - United Arab Emirates",,,,4.8,4,,,,web development agencies in Sharjah,https://www.google.com/maps/place/eTCS+-+Elegant+Information+Technology+Consultancy+Services/data=!4m7!3m6!1s0x3e5f5bb1259b095b:0x9046190314242a04!8m2!3d25.3758118!4d55.3988008!16s%2Fg%2F11qsc_f469!19sChIJWwmbJbFbXz4RBCokFAMZRpA?authuser=0&hl=en&rclk=1,google_maps,normal_scraper,,2026-07-13T17:51:06.669Z
Brand4me4u FZ LLC.,Website designer,http://brandme4u.com/,,,+971 52 501 3306,Al Arouba St - Al Soor - Hay Al Qasimiah - Sharjah - United Arab Emirates,,,,4.0,7,,,,web development agencies in Sharjah,https://www.google.com/maps/place/Brand4me4u+FZ+LLC./data=!4m7!3m6!1s0x3e5f5b6bcdb5d8e1:0x7b197c1068a5ea9e!8m2!3d25.3521582!4d55.3853563!16s%2Fg%2F11h0yfk6r8!19sChIJ4di1zWtbXz4RnuqlaBB8GXs?authuser=0&hl=en&rclk=1,google_maps,normal_scraper,,2026-07-13T17:51:06.669Z
Pixal Media Services LLC | Web Design Company Dubai | Web Development Company in Dubai,Software company,,,,+971 52 767 7361,al nayali building - Industrial Area 3 - Industrial Area - Sharjah - United Arab Emirates,,,,5.0,84,,,,web development agencies in Sharjah,https://www.google.com/maps/place/Pixal+Media+Services+LLC+%7C+Web+Design+Company+Dubai+%7C+Web+Development+Company+in+Dubai/data=!4m7!3m6!1s0x86013e9215456545:0x4b84c7d3db3326fb!8m2!3d25.3088205!4d55.4204797!16s%2Fg%2F11y4l1zc5m!19sChIJRWVFFZI-AYYR-yYz29PHhEs?authuser=0&hl=en&rclk=1,google_maps,normal_scraper,,2026-07-13T17:51:06.669Z
Global Media Insight - Web Design & Development Company in Sharjah,Website designer,https://www.globalmediainsight.com/?utm_source=gmb&utm_medium=organic&utm_campaign=gmbshj,,,+971 50 535 6027,"Building #Q4 293, Al Dhaid Road,، Sharjah Intl. Airport Free Zone - Sharjah - United Arab Emirates",,,,4.5,23,,,,web development agencies in Sharjah,https://www.google.com/maps/place/Global+Media+Insight+-+Web+Design+%26+Development+Company+in+Sharjah/data=!4m7!3m6!1s0x3e5f58a86654282f:0x8076a6f051c58d96!8m2!3d25.3449745!4d55.4883144!16s%2Fg%2F1yh9nbt26!19sChIJLyhUZqhYXz4Rlo3FUfCmdoA?authuser=0&hl=en&rclk=1,google_maps,normal_scraper,,2026-07-13T17:51:06.669Z
XL Technologies FZE,Website designer,http://xltechglobal.com/,,,+971 6 557 8975,Sharjah International Airport - Saif Zone - Sharjah - United Arab Emirates,,,,4.8,39,,,,web development agencies in Sharjah,https://www.google.com/maps/place/XL+Technologies+FZE/data=!4m7!3m6!1s0x3e5f58ad9bddbc6b:0xcb738b74121137c6!8m2!3d25.3374943!4d55.4814164!16s%2Fg%2F11g8ngqxmn!19sChIJa7zdm61YXz4RxjcREnSLc8s?authuser=0&hl=en&rclk=1,google_maps,normal_scraper,,2026-07-13T17:51:06.669Z
"DigiMark™ | Digital Marketing, Social Media, Web Development Company in Dubai, UAE",Marketing agency,https://digimarkme.com/,,,+971 56 447 2729,"996V+569 - Al Ghuwair - Hay Al Gharb Shajarat Rolla Building, 202 - Sharjah - United Arab Emirates",,,,5.0,20,,,,web development agencies in Sharjah,"https://www.google.com/maps/place/DigiMark%E2%84%A2+%7C+Digital+Marketing,+Social+Media,+Web+Development+Company+in+Dubai,+UAE/data=!4m7!3m6!1s0x3e5f571a0e5ccde1:0xc876438730e280bb!8m2!3d25.3604375!4d55.3930625!16s%2Fg%2F11jgwxy5c7!19sChIJ4c1cDhpXXz4Ru4DiMIdDdsg?authuser=0&hl=en&rclk=1",google_maps,normal_scraper,,2026-07-13T17:51:06.669Z
PHPflock - Freelance Web Developer in Sharjah,Website designer,https://phpflock.com/,,,+971 50 466 7940,Build no 13 - Bu Shaghara - Hay Al Qasimiah - Sharjah - United Arab Emirates,,,,5.0,1,,,,web development agencies in Sharjah,https://www.google.com/maps/place/PHPflock+-+Freelance+Web+Developer+in+Sharjah/data=!4m7!3m6!1s0x3e5f5b6c4c60bfc1:0x8bef6bca807e3b26!8m2!3d25.3380149!4d55.3926519!16s%2Fg%2F11ml2jh50q!19sChIJwb9gTGxbXz4RJjt-gMpr74s?authuser=0&hl=en&rclk=1,google_maps,normal_scraper,,2026-07-13T17:51:06.669Z
The Creatives 360,Marketing agency,https://thecreatives360.com/,,,+971 50 267 1236,"G191, SPC Sharjah Publishing city - Muwaileh Commercial - Al Zahia - Sharjah - United Arab Emirates",,,,4.8,102,,,,web development agencies in Sharjah,https://www.google.com/maps/place/The+Creatives+360/data=!4m7!3m6!1s0x3e5f5da66ea49ac5:0xef9a2d13b3977150!8m2!3d25.3195671!4d55.4596806!16s%2Fg%2F11h84lkr3k!19sChIJxZqkbqZdXz4RUHGXsxMtmu8?authuser=0&hl=en&rclk=1,google_maps,normal_scraper,,2026-07-13T17:51:06.669Z
Sai Tech Digital Marketing,Website designer,https://saitechdm.com/,,,+971 54 387 5998,"Sharjah Publishing City, Business Centre - Free Zone - Al Zahia - Sharjah - United Arab Emirates",,,,5.0,30,,,,web development agencies in Sharjah,https://www.google.com/maps/place/Sai+Tech+Digital+Marketing/data=!4m7!3m6!1s0x3e5f5f6fa32736f5:0x9c9f9f8c247b5208!8m2!3d25.3206606!4d55.4587752!16s%2Fg%2F11wy0sfvsy!19sChIJ9TYno29fXz4RCFJ7JIyfn5w?authuser=0&hl=en&rclk=1,google_maps,normal_scraper,,2026-07-13T17:51:06.669Z
Micro Expertz Digital Marketing Agency Dubai,Internet marketing service,https://digitalmarketing.microexpertz.com/,,,+971 54 463 7128,34HP+JP Al Fattan Business Hub - Marsa Dubai - Dubai Marina - Dubai - United Arab Emirates,,,,5.0,93,,,,web development agencies in Sharjah,https://www.google.com/maps/place/Micro+Expertz+Digital+Marketing+Agency+Dubai/data=!4m7!3m6!1s0x3e5f5f09a6f5e693:0xa9f21e05ae0b13c8!8m2!3d25.0790625!4d55.1368125!16s%2Fg%2F11vk2fp2rz!19sChIJk-b1pglfXz4RyBMLrgUe8qk?authuser=0&hl=en&rclk=1,google_maps,normal_scraper,,2026-07-13T17:51:06.669Z
Si3 Digital,Website designer,https://www.si3.ae/web-design-sharjah/,,,+971 54 495 1498,"Al Sahab Building - 2nd Floor, Office 101 - 6 Tufail Bin Al Hareth St - Al Nad - Hay Al Qasimiah - Sharjah - United Arab Emirates",,,,5.0,6,,,,web development agencies in Sharjah,https://www.google.com/maps/place/Si3+Digital/data=!4m7!3m6!1s0x3e5f5b56449f3e69:0x2614286f58ca4fa7!8m2!3d25.3465894!4d55.3887458!16s%2Fg%2F11sbt_p6xk!19sChIJaT6fRFZbXz4Rp0_KWG8oFCY?authuser=0&hl=en&rclk=1,google_maps,normal_scraper,,2026-07-13T17:51:06.669Z
Design360 FZE,Advertising agency,https://design360.ae/,,,+971 50 423 0574,Muwaileh Commercial - SPC Free Zone - Sharjah - United Arab Emirates,,,,4.9,29,,,,web development agencies in Sharjah,https://www.google.com/maps/place/Design360+FZE/data=!4m7!3m6!1s0x3e5f5fa188288a59:0xd9639101d00a5f2c!8m2!3d25.3201953!4d55.4583246!16s%2Fg%2F11vds5wbk1!19sChIJWYooiKFfXz4RLF8K0AGRY9k?authuser=0&hl=en&rclk=1,google_maps,normal_scraper,,2026-07-13T17:51:06.669Z
Zeyeman - Best Logo Design Agency In UAE,Design agency,https://zeyeman.com/,,,+971 55 356 5665,Rolla - Umm Tarafa St - Um Altarafa - Hay Al Gharb - Sharjah - United Arab Emirates,,,,4.8,43,,,,web development agencies in Sharjah,https://www.google.com/maps/place/Zeyeman+-+Best+Logo+Design+Agency+In+UAE/data=!4m7!3m6!1s0x3e5f5bb5ba14614d:0x473019bbafa0e35b!8m2!3d25.3539096!4d55.3882918!16s%2Fg%2F11ldsxz2f_!19sChIJTWEUurVbXz4RW-Ogr7sZMEc?authuser=0&hl=en&rclk=1,google_maps,normal_scraper,,2026-07-13T17:51:06.669Z
Zentro Tech LLC | Best web design company in Sharjah,Website designer,https://zentrotech.com/,,,+971 52 800 3436,Sharjah Media City - Al Messaned - Al Mtsannid Suburb - Sharjah - United Arab Emirates,,,,5.0,2,,,,web development agencies in Sharjah,https://www.google.com/maps/place/Zentro+Tech+LLC+%7C+Best+web+design+company+in+Sharjah/data=!4m7!3m6!1s0x3ef5932591910d51:0x71f21560960d451f!8m2!3d25.2786444!4d55.6780146!16s%2Fg%2F11ylzwcqm9!19sChIJUQ2RkSWT9T4RH0UNlmAV8nE?authuser=0&hl=en&rclk=1,google_maps,normal_scraper,,2026-07-13T17:51:06.669Z
"Dotline Web Consulting FZE - Web design Ajman, Web application, SEO, SMM and Digital Marketing Company",Website designer,http://www.dotlineweb.ae/,,,+971 55 229 4463,"Al Swan, Amber Gem Tower - E1 - Office E1-1516 Sheikh Khalifa Bin Zayed St - Al Rashidiya 3 - Ajman - United Arab Emirates",,,,4.7,30,,,,web development agencies in Sharjah,"https://www.google.com/maps/place/Dotline+Web+Consulting+FZE+-+Web+design+Ajman,+Web+application,+SEO,+SMM+and+Digital+Marketing+Company/data=!4m7!3m6!1s0x3e5dd042765f186d:0x650ff712d4d16b30!8m2!3d25.3934665!4d55.4309049!16s%2Fg%2F11b6xgznbz!19sChIJbRhfdkLQXT4RMGvR1BL3D2U?authuser=0&hl=en&rclk=1",google_maps,normal_scraper,,2026-07-13T17:51:06.669Z
