company_name,category,website,email,all_emails,phone,address,linkedin,facebook,instagram,rating,review_count,company_size,hourly_rate,min_project,search_query,profile_url,source,engine,email_verified,score,tier,scraped_at
Zopreneurs: Best Zoho Partner in Dubai and UAE,Software company,http://zopreneurs.com/,marketing@zopreneurs.com,marketing@zopreneurs.com,+971 52 470 7919,WHITE SWAN BUILDING - Zopreneurs - Office 606 - Trade Center First - Area - Dubai - United Arab Emirates,https://www.linkedin.com/company/zopreneurs/,https://www.facebook.com/Zopreneurs/,https://www.instagram.com/zopreneurs/,4.9,437,,,,software companies in Dubai,https://www.google.com/maps/place/Zopreneurs:+Best+Zoho+Partner+in+Dubai+and+UAE/data=!4m7!3m6!1s0x3e5f6b076656992b:0x8e573fc1ac6c3f5e!8m2!3d25.2226693!4d55.2820504!16s%2Fg%2F11sg_3sdvt!19sChIJK5lWZgdrXz4RXj9srME_V44?authuser=0&hl=en&rclk=1,google_maps,normal_scraper,alive,86,A,2026-07-13T18:47:51.444Z
WebCastle Technologies LLC | Web Design Company Dubai | Web Development Company in Dubai,Website designer,https://www.webcastle.ae/,mail@webcastle.ae,mail@webcastle.ae,+971 4 554 0033,"DAMAC Executive Bay - 11th Floor, 1103 - Business Bay - Dubai - United Arab Emirates",https://www.linkedin.com/company/webcastle,https://www.facebook.com/webcastlemedia,https://www.instagram.com/webcastletech/,4.9,241,,,,web development agencies in Dubai,https://www.google.com/maps/place/WebCastle+Technologies+LLC+%7C+Web+Design+Company+Dubai+%7C+Web+Development+Company+in+Dubai/data=!4m7!3m6!1s0x3e5f5ce1d455720b:0xc228db19e63b1e6e!8m2!3d25.1783988!4d55.266682!16s%2Fg%2F11cl_1697k!19sChIJC3JV1OFcXz4Rbh475hnbKMI?authuser=0&hl=en&rclk=1,google_maps,normal_scraper,alive,86,A,2026-07-13T18:49:52.127Z
"CLOUD6 - Web Design & Development Company Dubai, UAE",Website designer,https://www.cloud6.ae/?utm_source=Google&utm_medium=GMB,info@cloud6.ae,info@cloud6.ae,+971 52 120 1662,"Post Office: 500001, Aspin Commercial Tower - Office No: 22, 2nd Floor - Sheikh Zayed Rd - Trade Center First - DIFC - Dubai - United Arab Emirates",https://www.linkedin.com/company/cloud6ae,https://www.facebook.com/Cloud6AE,https://www.instagram.com/cloud6ae,4.9,102,,,,web development agencies in Dubai,"https://www.google.com/maps/place/CLOUD6+-+Web+Design+%26+Development+Company+Dubai,+UAE/data=!4m7!3m6!1s0x3e5f65312d6e6147:0x584d21900d3906d2!8m2!3d25.2091352!4d55.272558!16s%2Fg%2F11svm7mqzs!19sChIJR2FuLTFlXz4R0gY5DZAhTVg?authuser=0&hl=en&rclk=1",google_maps,normal_scraper,alive,83,A,2026-07-13T18:49:52.127Z
RedSpider Web & Art Design | Web Design Dubai UAE,Website designer,https://www.redspider.ae/,info@redspider.ae,info@redspider.ae,+971 55 551 5475,"Sofitel, Burj Gate Tower - 1002 - Sheikh Zayed Rd - Burj Khalifa - Downtown Dubai - Dubai - United Arab Emirates",https://www.linkedin.com/company/red-spider-web-&-art-design,https://www.facebook.com/RedSpiderWebandArtDesign/,https://www.instagram.com/redspiderwebartdesign/,4.9,120,,,,web development agencies in Dubai,https://www.google.com/maps/place/RedSpider+Web+%26+Art+Design+%7C+Web+Design+Dubai+UAE/data=!4m7!3m6!1s0x3e5f4349e79cb449:0xbe1560c25b3c0234!8m2!3d25.2003171!4d55.2695243!16s%2Fg%2F11bbwqg66l!19sChIJSbSc50lDXz4RNAI8W8JgFb4?authuser=0&hl=en&rclk=1,google_maps,normal_scraper,alive,83,A,2026-07-13T18:49:52.127Z
BM Digital Marketing Agency in Dubai | Social Media Management - Website Design - Real Estate Digital Marketing - PPC Agency,Marketing agency,https://www.bmmarketing.ae/,info@bmmarketing.ae,info@bmmarketing.ae,+971 55 488 7801,Concord Tower - Office No 44 9th Floor - Al Sufouh - Al Sufouh 2 - Dubai - United Arab Emirates,https://www.linkedin.com/company/bmmarketinguae/,https://www.facebook.com/bmmarketinguae,https://www.instagram.com/bmmarketinguae/,5.0,145,,,,web development agencies in Dubai,https://www.google.com/maps/place/BM+Digital+Marketing+Agency+in+Dubai+%7C+Social+Media+Management+-+Website+Design+-+Real+Estate+Digital+Marketing+-+PPC+Agency/data=!4m7!3m6!1s0x3e5f6932b2d54aaf:0xc8cf8766f88f9538!8m2!3d25.097814!4d55.156195!16s%2Fg%2F11sw41trzy!19sChIJr0rVsjJpXz4ROJWP-GaHz8g?authuser=0&hl=en&rclk=1,google_maps,normal_scraper,alive,83,A,2026-07-13T18:49:52.127Z
FACTS ERP Software House L.L.C,Software company,https://facts.ae/?utm_source=CMBlisting&utm_medium=organic,info@facts.ae,info@facts.ae; hi@facts.ae,+971 55 899 3902,Mohd Malik & Sons Raffa Building - Office 201 - Khalid Bin Al Waleed Rd - Al Raffa - Dubai - United Arab Emirates,https://www.linkedin.com/company/facts-computer-software-house/,https://www.facebook.com/factsae,https://www.instagram.com/factserp/,4.6,103,,,,software companies in Dubai,https://www.google.com/maps/place/FACTS+ERP+Software+House+L.L.C/data=!4m7!3m6!1s0x3e5f433e1f5f9b55:0x94a47bfdf9d201c6!8m2!3d25.2593792!4d55.2936515!16s%2Fg%2F1tj7zfs0!19sChIJVZtfHz5DXz4RxgHS-f17pJQ?authuser=0&hl=en&rclk=1,google_maps,normal_scraper,alive,82,A,2026-07-13T18:47:51.444Z
First Bit,Software company,https://firstbit.ae/,uae@firstbit.ae,uae@firstbit.ae,+971 4 823 9612,Falcon House Building Office 104 - Dubai Investment Park First - Dubai - United Arab Emirates,https://www.linkedin.com/company/first-bit-dubai/,https://www.facebook.com/FirstBIT.UAE/,https://www.instagram.com/firstbit.uae/,4.7,224,,,,IT companies in Dubai,https://www.google.com/maps/place/First+Bit/data=!4m7!3m6!1s0x3e5f6b7981351211:0xa3ecc9c89fd223ac!8m2!3d25.0036401!4d55.1545452!16s%2Fg%2F12qggykw4!19sChIJERI1gXlrXz4RrCPSn8jJ7KM?authuser=0&hl=en&rclk=1,google_maps,normal_scraper,alive,81,A,2026-07-13T18:48:52.036Z
VRS Technologies LLC,Computer security service,https://www.vrstech.com/,sales@vrstech.com,sales@vrstech.com,+971 55 209 3531,"Plot No. 365-128, Property No. S1, Al Quoz - near by KSR building Materials - Al Qouz Ind.second - Dubai - United Arab Emirates",https://www.linkedin.com/company/vrs-technologies-llc,https://www.facebook.com/VRSTechnologies/,https://www.instagram.com/vrstechnologies/,4.9,336,,,,IT companies in Dubai,https://www.google.com/maps/place/VRS+Technologies+LLC/data=!4m7!3m6!1s0x3e5f43168091fdd9:0xad4cfc129eb51459!8m2!3d25.1415993!4d55.2430844!16s%2Fg%2F11cn923yvr!19sChIJ2f2RgBZDXz4RWRS1nhL8TK0?authuser=0&hl=en&rclk=1,google_maps,normal_scraper,alive,81,A,2026-07-13T18:48:52.036Z
Mirage Minds - Web Design Company in Dubai,Website designer,https://mirageminds.ae/,info@mirageminds.ae,info@mirageminds.ae; hello@mirageminds.ae,+971 55 398 3120,Oxford Tower - Office 306 - Business Bay - Dubai - United Arab Emirates,https://www.linkedin.com/company/mirage-minds/,https://www.facebook.com/miragemindsdubai/,https://www.instagram.com/mirageminds/,4.8,78,,,,web development agencies in Dubai,https://www.google.com/maps/place/Mirage+Minds+-+Web+Design+Company+in+Dubai/data=!4m7!3m6!1s0x3e5f5dd7033162b3:0xe940375403564239!8m2!3d25.1771676!4d55.2732826!16s%2Fg%2F11vbgkf7_g!19sChIJs2IxA9ddXz4ROUJWA1Q3QOk?authuser=0&hl=en&rclk=1,google_maps,normal_scraper,alive,81,A,2026-07-13T18:49:52.127Z
Al Wafaa Group,Software company,https://www.alwafaagroup.com/,info@alwafaagroup.com,info@alwafaagroup.com,+971 4 263 6936,Mezzanine Floor - 28th St - Abu Hail - Deira - Dubai - United Arab Emirates,https://www.linkedin.com/company/13189425/,https://www.facebook.com/AlwafaaGroup/,https://www.instagram.com/alwafaadubai,4.7,508,,,,web development agencies in Dubai,https://www.google.com/maps/place/Al+Wafaa+Group/data=!4m7!3m6!1s0x3e5f5c4fb9ba64cb:0xd1cdbfffc23118b7!8m2!3d25.2790972!4d55.3528547!16s%2Fg%2F1tdpq3wf!19sChIJy2S6uU9cXz4Rtxgxwv-_zdE?authuser=0&hl=en&rclk=1,google_maps,normal_scraper,alive,81,A,2026-07-13T18:49:52.127Z
Topform Technologies LLC. Head Office - Dubai,Security system installation service,http://topformtechnologies.com/,info@topformtechnologies.com,info@topformtechnologies.com; sales@topformtechnologies.com,+971 4 396 0302,Topform Technologies LLC - 564W+699 القوزالقوز 4 - Dubai - United Arab Emirates,https://www.linkedin.com/company/topform-technologies-llc/,https://www.facebook.com/topformtechnologies/,https://www.instagram.com/topform_technologies/,4.7,52,,,,tech companies in Dubai,https://www.google.com/maps/place/Topform+Technologies+LLC.+Head+Office+-+Dubai/data=!4m7!3m6!1s0x3e5f6bdbd255bc7f:0xe02e9fe83d7c4bc0!8m2!3d25.1555355!4d55.2461658!16s%2Fg%2F11gg603vgx!19sChIJf7xV0ttrXz4RwEt8PeifLuA?authuser=0&hl=en&rclk=1,google_maps,normal_scraper,alive,81,A,2026-07-13T18:50:53.528Z
Growth Technologies FZE,Software company,http://www.growth-technologies.com/,sales@growth-technologies.com,sales@growth-technologies.com,+971 6 557 2206,"Building # Z3,Gate No 1 - Saif Zone - Sharjah - United Arab Emirates",https://www.linkedin.com/company/growth-technologies-fze/,https://www.facebook.com/share/1AbJMfbi1t/,https://www.instagram.com/growth_technologies/,4.9,415,,,,software companies in Sharjah,https://www.google.com/maps/place/Growth+Technologies+FZE/data=!4m7!3m6!1s0x3ef5f5fa3122640b:0x44811507251d7255!8m2!3d25.3278972!4d55.4964866!16s%2Fg%2F11bbwpmjgz!19sChIJC2QiMfr19T4RVXIdJQcVgUQ?authuser=0&hl=en&rclk=1,google_maps,normal_scraper,alive,81,A,2026-07-13T18:55:03.223Z
Chipin IT Solutions - Sharjah,Software company,https://chipincorp.com/,info@chipincorp.com,info@chipincorp.com,+971 52 958 4840,Jamal Abdul Naser St - Al Majaz 2 - Al Majaz - Sharjah - United Arab Emirates,https://www.linkedin.com/shareArticle,https://www.facebook.com/sharer/sharer.php,https://www.instagram.com/chipincorp/,4.9,233,,,,software companies in Sharjah,https://www.google.com/maps/place/Chipin+IT+Solutions+-+Sharjah/data=!4m7!3m6!1s0x3e5f5be6006560bb:0xeb8d4cadcf415771!8m2!3d25.3223846!4d55.387657!16s%2Fg%2F1hhwqyf4t!19sChIJu2BlAOZbXz4RcVdBz61Mjes?authuser=0&hl=en&rclk=1,google_maps,normal_scraper,alive,81,A,2026-07-13T18:55:03.223Z
Gitex for computer systems & communication equipment software trading co llc,Information services,http://www.gitexsolutions.com/,sales@gitexsolutions.com,sales@gitexsolutions.com; support@gitexsolutions.com; tally@gitexsolutions.com,+971 55 931 8591,"Musalla tower - 1703,17th Floor - Khalid Bin Al Waleed Rd - Bur dubai - Al Hamriya - Dubai - United Arab Emirates", https://www.linkedin.com/in/gitex-solutions,https://www.facebook.com/share/17x3yRFfv6/,https://www.instagram.com/gitexsolutionspl,5.0,148,,,,tech companies in Dubai,https://www.google.com/maps/place/Gitex+for+computer+systems+%26+communication+equipment+software+trading+co+llc/data=!4m7!3m6!1s0x3e5f43dd37e05b99:0x3cd8795b3bea4577!8m2!3d25.258005!4d55.2985011!16s%2Fg%2F11svdp6d_m!19sChIJmVvgN91DXz4Rd0XqO1t52Dw?authuser=0&hl=en&rclk=1,google_maps,normal_scraper,alive,80,A,2026-07-13T18:50:53.528Z
"Gligx Web Design and Software Development Company Dubai, UAE",Software company,https://www.gligx.com/,info@gligx.com,info@gligx.com,+971 4 344 7633,Green Land Co. LLC - Al Mozna Building - Office No - 102 Al Doha St - nr. Al Nahda Metro Station - Al Qusais - Dubai - United Arab Emirates,https://www.linkedin.com/company/gligx,https://www.facebook.com/gligx,https://www.instagram.com/gligx,4.8,56,,,,software companies in Dubai,"https://www.google.com/maps/place/Gligx+Web+Design+and+Software+Development+Company+Dubai,+UAE/data=!4m7!3m6!1s0x3e5f4287f20e86c7:0x1834a5a7e4c4b5b0!8m2!3d25.2727076!4d55.3715648!16s%2Fg%2F11g9sx4ygd!19sChIJx4YO8odCXz4RsLXE5KelNBg?authuser=0&hl=en&rclk=1",google_maps,normal_scraper,alive,79,A,2026-07-13T18:47:51.444Z
TechGropse Dubai Mobile App Development Company | Hire Mobile App Developers in UAE | IOS Android & Custom App Development,Software company,https://www.techgropse.ae/app-development-dubai,sales@techgropse.ae,sales@techgropse.ae,+971 52 798 4766,"Al Owais building - Office ""307 - Deira - Dubai - United Arab Emirates",https://www.linkedin.com/company/techgropse/,https://www.facebook.com/techgropse/,https://www.instagram.com/techgropse/,4.7,51,,,,software companies in Dubai,https://www.google.com/maps/place/TechGropse+Dubai+Mobile+App+Development+Company+%7C+Hire+Mobile+App+Developers+in+UAE+%7C+IOS+Android+%26+Custom+App+Development/data=!4m7!3m6!1s0x3e5f5d8eda9b2713:0xb2551ec45e67f65d!8m2!3d25.2598447!4d55.3363583!16s%2Fg%2F11rnhvd167!19sChIJEyeb2o5dXz4RXfZnXsQeVbI?authuser=0&hl=en&rclk=1,google_maps,normal_scraper,alive,79,A,2026-07-13T18:47:51.444Z
"DXB APPS (DX Technologies LLC) | No 1 App Development Company in Dubai UAE | Hire Android, iOS & WEB Developers in Dubai, UAE",Software company,https://dxbapps.com/,info@dxbapps.com,info@dxbapps.com; +971505041860,+971 50 504 1860,"ETA Star, Al Manara Tower - 812 Marasi Dr - Business Bay - Dubai - United Arab Emirates",https://www.linkedin.com/company/dxb-apps/,https://www.facebook.com/dxbapps,https://www.instagram.com/dxb.apps/,4.6,56,,,,software companies in Dubai,"https://www.google.com/maps/place/DXB+APPS+%28DX+Technologies+LLC%29+%7C+No+1+App+Development+Company+in+Dubai+UAE+%7C+Hire+Android,+iOS+%26+WEB+Developers+in+Dubai,+UAE/data=!4m7!3m6!1s0x3e5f69dae374ad7b:0xe23198783834762!8m2!3d25.1842651!4d55.2596548!16s%2Fg%2F11hgdl52s5!19sChIJe61049ppXz4RYkeDg4cZIw4?authuser=0&hl=en&rclk=1",google_maps,normal_scraper,alive,78,A,2026-07-13T18:47:51.444Z
Silwatech,Software company,https://silwatech.com/,support@silwatech.com,support@silwatech.com,+971 55 118 1943,City center - Al Shoala Bldg - E Block 4th Floor - Deira - Dubai - United Arab Emirates,https://ae.linkedin.com/company/silwatech,https://www.facebook.com/silwa.tech/,https://www.instagram.com/silwatech/,4.8,105,,,,software companies in Dubai,https://www.google.com/maps/place/Silwatech/data=!4m7!3m6!1s0x3e5f6b59c8fe8b21:0x751a268d034f7055!8m2!3d25.2557661!4d55.3312419!16s%2Fg%2F11n67vjjdt!19sChIJIYv-yFlrXz4RVXBPA40mGnU?authuser=0&hl=en&rclk=1,google_maps,normal_scraper,alive,78,A,2026-07-13T18:47:51.444Z
The Creatives 360,Marketing agency,https://thecreatives360.com/,360@thecreatives360.com,360@thecreatives360.com,+971 50 267 1236,"G191, SPC Sharjah Publishing city - Muwaileh Commercial - Al Zahia - Sharjah - United Arab Emirates",https://www.linkedin.com/company/the-creatives-360-fze,https://www.facebook.com/thecreatives360,https://www.instagram.com/thecreatives360,4.8,102,,,,web development agencies in Sharjah,https://www.google.com/maps/place/The+Creatives+360/data=!4m7!3m6!1s0x3e5f5da66ea49ac5:0xef9a2d13b3977150!8m2!3d25.3195671!4d55.4596806!16s%2Fg%2F11h84lkr3k!19sChIJxZqkbqZdXz4RUHGXsxMtmu8?authuser=0&hl=en&rclk=1,google_maps,normal_scraper,alive,78,A,2026-07-13T18:57:02.548Z
CodeGuru Web Design Dubai | Website Development Dubai | SEO Dubai,Web hosting company,https://codeguru.ae/,admin@codeguru.ae,admin@codeguru.ae; you@company.com,+971 58 696 4342,Al Barsha 1 - Al Barsha First - Al Barsha - Dubai - United Arab Emirates,,,,5.0,173,,,,web development agencies in Dubai,https://www.google.com/maps/place/CodeGuru+Web+Design+Dubai+%7C+Website+Development+Dubai+%7C+SEO+Dubai/data=!4m7!3m6!1s0x3e5f6bb33ce0b93f:0x1021891237cd45f3!8m2!3d25.1134916!4d55.1939812!16s%2Fg%2F11s3cl26n3!19sChIJP7ngPLNrXz4R80XNNxKJIRA?authuser=0&hl=en&rclk=1,google_maps,normal_scraper,alive,77,A,2026-07-13T18:49:52.127Z
Tranetech Software Solution LLC,Software company,https://tranetech.com/,info@tranetech.com,info@tranetech.com; infodxb@tranetech.com,+971 2 443 3113,Al Masaood Tower - Office No.604 - Hamdan Bin Mohammed St - Abu Dhabi - United Arab Emirates,https://www.linkedin.com/company/tranetech-software-solutions,https://www.facebook.com/tranetechsoftwaresolutions,https://www.instagram.com/tranetech.com_/,4.5,108,,,,software development companies in Abu Dhabi,https://www.google.com/maps/place/Tranetech+Software+Solution+LLC/data=!4m7!3m6!1s0x3e5e6759023b134f:0xbc7fda55937506da!8m2!3d24.4903009!4d54.3647796!16s%2Fg%2F11fmyjths4!19sChIJTxM7AllnXj4R2gZ1k1Xaf7w?authuser=0&hl=en&rclk=1,google_maps,normal_scraper,alive,77,A,2026-07-13T18:51:55.961Z
Missan Global,Computer support and services,https://www.missanglobal.com/,info@missanglobal.com,info@missanglobal.com; support@missan365.com,+971 6 562 6006,"Belresheed Tower - Buheirah Corniche - 1, 1503 - Sharjah - United Arab Emirates",https://www.linkedin.com/company/missanitsolutions/,https://www.facebook.com/missanitsolution,https://www.instagram.com/missanitsolutions/,4.5,196,,,,software companies in Sharjah,https://www.google.com/maps/place/Missan+Global/data=!4m7!3m6!1s0x3e5f5bc92a1af723:0xbb811e7da55a2738!8m2!3d25.3429356!4d55.3859978!16s%2Fg%2F11dxcr2vm3!19sChIJI_caKslbXz4ROCdapX0egbs?authuser=0&hl=en&rclk=1,google_maps,normal_scraper,alive,77,A,2026-07-13T18:55:03.223Z
Brainsphere,Software company,https://www.brainspherei.com/,info@brainsphereit.com,info@brainsphereit.com,+971 4 352 9915,"Office 202, Mohd Malik & Sons Raffa Building - Khalid Bin Al Waleed Rd - Dubai - United Arab Emirates",https://www.linkedin.com/company/brainsphere-it-solutions/,https://www.facebook.com/BrainSphere-IT-Solutions-101551268434480,,4.6,63,,,,software companies in Dubai,https://www.google.com/maps/place/Brainsphere/data=!4m7!3m6!1s0x3e5f433e6cd381ab:0xd2f6c7113170a267!8m2!3d25.2594548!4d55.2936254!16s%2Fg%2F11f_3s_gk8!19sChIJq4HTbD5DXz4RZ6JwMRHH9tI?authuser=0&hl=en&rclk=1,google_maps,normal_scraper,alive,76,A,2026-07-13T18:47:51.444Z
Mass Technologies - Auto Garage Software | Garage Software | ERP Software Dubai,Software company,https://www.masstechme.com/,info@masstechme.com,info@masstechme.com,+971 56 954 3544,"Suite #302, Al arzoo building, 3rd floor - Al Twar 5 - Dubai - United Arab Emirates",https://www.linkedin.com/company/13597718/,https://www.facebook.com/masstechme,https://www.instagram.com/masstechnologies/,4.7,32,,,,software companies in Dubai,https://www.google.com/maps/place/Mass+Technologies+-+Auto+Garage+Software+%7C+Garage+Software+%7C+ERP+Software+Dubai/data=!4m7!3m6!1s0x3e5f5c92e145013f:0x1a5f69a59840ae21!8m2!3d25.2642066!4d55.3853102!16s%2Fg%2F11bbwpr_c3!19sChIJPwFF4ZJcXz4RIa5AmKVpXxo?authuser=0&hl=en&rclk=1,google_maps,normal_scraper,alive,76,A,2026-07-13T18:47:51.444Z
Meridian IT Solutions | Website Design Company in Dubai,Website designer,https://www.meridianuae.com/,info@meridianuae.com,info@meridianuae.com,+971 4 386 9895,"Office 1203 World, API World Tower - Sheikh Zayed Rd - Trade Center First - Dubai - United Arab Emirates",https://www.linkedin.com/company/meridiansolutions,https://www.facebook.com/MeridianITSolutions,https://www.instagram.com/meridiansolutionsinc,4.8,47,,,,software companies in Dubai,https://www.google.com/maps/place/Meridian+IT+Solutions+%7C+Website+Design+Company+in+Dubai/data=!4m7!3m6!1s0x3e5f433b842b9b3d:0x1bd4dc10862a207b!8m2!3d25.2255099!4d55.2836951!16s%2Fg%2F1tycv3c9!19sChIJPZsrhDtDXz4ReyAqhhDc1Bs?authuser=0&hl=en&rclk=1,google_maps,normal_scraper,alive,76,A,2026-07-13T18:47:51.444Z
Netlogix Information Technology LLC | IT Companies in Dubai | IT Support Dubai | IT Solutions | IT AMC Services,Software company,https://net-logix.com/?utm_source=google_profile&utm_campaign=localo&utm_medium=mainlink,leads@net-logix.com,leads@net-logix.com,+971 56 413 8767,Al Nakheel Building - Office # 201-C - Al Karama - Dubai - United Arab Emirates,https://www.linkedin.com/in/netlogix/,https://www.facebook.com/,https://www.instagram.com/netlogixinformationtechnology/,4.7,20,,,,IT companies in Dubai,https://www.google.com/maps/place/Netlogix+Information+Technology+LLC+%7C+IT+Companies+in+Dubai+%7C+IT+Support+Dubai+%7C+IT+Solutions+%7C+IT+AMC+Services/data=!4m7!3m6!1s0x3e5f43dcc0a631cb:0x91fa95c71bbdbe93!8m2!3d25.2441454!4d55.3067894!16s%2Fg%2F11vbxj4mk7!19sChIJyzGmwNxDXz4Rk769G8eV-pE?authuser=0&hl=en&rclk=1,google_maps,normal_scraper,alive,76,A,2026-07-13T18:48:52.036Z
Techbot Information Technology LLC,Software company,https://www.techboterp.com/,sales@techboterp.com,sales@techboterp.com; erp@techboterp.com,+971 4 388 3613,Office 59A - Ground Floor - Techno Hub 1 - Nadd Hessa - Industrial Area - Dubai - United Arab Emirates,https://www.linkedin.com/company/techboterp/,,https://www.instagram.com/techboterp,5.0,81,,,,IT companies in Dubai,https://www.google.com/maps/place/Techbot+Information+Technology+LLC/data=!4m7!3m6!1s0x3e5f692f9e716255:0xb801c4b7d814b37d!8m2!3d25.1211284!4d55.3762234!16s%2Fg%2F11px8v4pnz!19sChIJVWJxni9pXz4RfbMU2LfEAbg?authuser=0&hl=en&rclk=1,google_maps,normal_scraper,alive,76,A,2026-07-13T18:48:52.036Z
𝗖𝗵𝗲𝘃𝗮𝗹 - Website Design | App Development Agency Dubai UAE,Website designer,https://chevalme.ae/,info@chevalme.com,info@chevalme.com,+971 50 356 0927,Capital Golden Tower - 101 Al Khaleej Al Tejari - Business Bay - Dubai - United Arab Emirates,https://www.linkedin.com/company/chevalmiddleeast/,https://www.facebook.com/chevalmiddleeast,https://www.instagram.com/chevalmiddleeast/,5.0,40,,,,web development agencies in Dubai,https://www.google.com/maps/place/%F0%9D%97%96%F0%9D%97%B5%F0%9D%97%B2%F0%9D%98%83%F0%9D%97%AE%F0%9D%97%B9+-+Website+Design+%7C+App+Development+Agency+Dubai+UAE/data=!4m7!3m6!1s0x3e5f699813fd9451:0xc4b554ceb43cff51!8m2!3d25.1780034!4d55.2738369!16s%2Fg%2F11txt0bwbq!19sChIJUZT9E5hpXz4RUf88tM5UtcQ?authuser=0&hl=en&rclk=1,google_maps,normal_scraper,alive,76,A,2026-07-13T18:49:52.127Z
Marketing Trend | SEO Agency & Website Development Company,Marketing agency,https://marketingtrend.ae/,info@marketingtrend.ae,info@marketingtrend.ae; info@wesamhen.com,+971 50 973 1774,Building 4 - Bay Square - floor 3 - Dubai - United Arab Emirates,,https://www.facebook.com/profile.php,https://www.instagram.com/marketingtrend_agency/,5.0,330,,,,web development agencies in Dubai,https://www.google.com/maps/place/Marketing+Trend+%7C+SEO+Agency+%26+Website+Development+Company/data=!4m7!3m6!1s0x3e5f69769874fe9f:0x3d411831463048bc!8m2!3d25.1854556!4d55.2800444!16s%2Fg%2F11wj50qgmd!19sChIJn_50mHZpXz4RvEgwRjEYQT0?authuser=0&hl=en&rclk=1,google_maps,normal_scraper,alive,76,A,2026-07-13T18:49:52.127Z
"Nile Technology | Web Design Company in Dubai, UAE",Website designer,https://www.nile.ae/,info@nile.ae,info@nile.ae,+971 56 241 0082,Tamani Arts Building - Business Bay - Dubai - United Arab Emirates,https://www.linkedin.com/company/nile-web-design-digital-marketing-dubai/,https://www.facebook.com/nile.ae,https://www.instagram.com/niletechnologydubai/,5.0,24,,,,web development agencies in Dubai,"https://www.google.com/maps/place/Nile+Technology+%7C+Web+Design+Company+in+Dubai,+UAE/data=!4m7!3m6!1s0x3e5f69cf3414f92b:0xd12b80138d85515!8m2!3d25.1872374!4d55.2809465!16s%2Fg%2F11xyswm_jq!19sChIJK_kUNM9pXz4RFVXYOAG4Eg0?authuser=0&hl=en&rclk=1",google_maps,normal_scraper,alive,76,A,2026-07-13T18:49:52.127Z
DWD | Website Design Dubai | Web Design Company,Website designer,https://www.dubaiwebsitedesign.ae/,contact@dubaiwebsitedesign.ae,contact@dubaiwebsitedesign.ae,+971 58 500 2480,"Office no: 906, 9th Floor, post office 50435, Conrad Hotel Building, Sheikh Zayed Road - Dubai - United Arab Emirates",https://www.linkedin.com/company/goldman-fzco,https://www.facebook.com/dubaicreativedigitalagency/,https://www.instagram.com/dubaicreativedigitalagency/,4.6,56,,,,web development agencies in Dubai,https://www.google.com/maps/place/DWD+%7C+Website+Design+Dubai+%7C+Web+Design+Company/data=!4m7!3m6!1s0x3e5f42879938d24b:0xe55749354c43b41d!8m2!3d25.2072988!4d55.2736531!16s%2Fg%2F11ggb8qml7!19sChIJS9I4mYdCXz4RHbRDTDVJV-U?authuser=0&hl=en&rclk=1,google_maps,normal_scraper,alive,76,A,2026-07-13T18:49:52.127Z
Dubai Technologies - Head Office,Corporate office,https://www.dt.ae/,info@dt.ae,info@dt.ae,+971 4 222 4222,10 11A St - Al Khabaisi - Deira - Dubai - United Arab Emirates,https://www.linkedin.com/company/dubai-technologies/posts/,https://www.facebook.com/DubaiTechnologies,https://www.instagram.com/dubaitechnologies/,4.4,112,,,,tech companies in Dubai,https://www.google.com/maps/place/Dubai+Technologies+-+Head+Office/data=!4m7!3m6!1s0x3e5f5cc3c5a05b99:0xcf49f04be50d49e3!8m2!3d25.2683074!4d55.3329274!16s%2Fg%2F11f2t6njkh!19sChIJmVugxcNcXz4R40kN5UvwSc8?authuser=0&hl=en&rclk=1,google_maps,normal_scraper,alive,76,A,2026-07-13T18:50:53.528Z
AGORA Technologies,Computer support and services,http://www.techno-agora.com/,info@techno-agora.com,info@techno-agora.com; agora.whatshop@gmail.com,+971 55 517 6722,Abdullah Bin Darwish Building - No.307 - 3rd Floor - Sheikh Zayed Bin Sultan St - Al Zahiyah - Abu Dhabi - United Arab Emirates,https://www.linkedin.com/company/agora-technologies/,,https://www.instagram.com/agora_technologies/,4.9,89,,,,tech companies in Abu Dhabi,https://www.google.com/maps/place/AGORA+Technologies/data=!4m7!3m6!1s0x3e5e6767951e96bb:0x7d3ac3e3815ab736!8m2!3d24.4965497!4d54.3736615!16s%2Fg%2F11s3whns52!19sChIJu5YelWdnXj4RNrdagePDOn0?authuser=0&hl=en&rclk=1,google_maps,normal_scraper,alive,76,A,2026-07-13T18:54:04.622Z
AATMA IT SOLUTIONS,Website designer,https://aatmait.com/,info@aatmait.com,info@aatmait.com; support@aatmait.com,+971 50 375 7552,Sharjah Research Technology and Innovation Park University City Block B -B19-135 - Sharjah - United Arab Emirates,https://www.linkedin.com/company/aatma-it-solutions/,https://www.facebook.com/aatmait/,https://www.instagram.com/aatmaits/,4.9,54,,,,IT companies in Sharjah,https://www.google.com/maps/place/AATMA+IT+SOLUTIONS/data=!4m7!3m6!1s0x3e5f5b89d1b05131:0x66d1b0baa5019155!8m2!3d25.3220994!4d55.4882912!16s%2Fg%2F11lgs42xp6!19sChIJMVGw0YlbXz4RVZEBpbqw0WY?authuser=0&hl=en&rclk=1,google_maps,normal_scraper,alive,76,A,2026-07-13T18:56:03.046Z
Zentroa Technologies | Best Web Design Company in Dubai,Website designer,https://zentroa.com/,hello@zentroa.com,hello@zentroa.com,+971 52 559 9052,ASCON HOUSE - First Floor - Salah Al Din St - Al Muteena - Dubai - United Arab Emirates,,,,4.9,110,,,,web development agencies in Dubai,https://www.google.com/maps/place/Zentroa+Technologies+%7C+Best+Web+Design+Company+in+Dubai/data=!4m7!3m6!1s0x3e5f5c0c65fc5d1d:0xf5e5ab1402b4bddb!8m2!3d25.2709057!4d55.3254057!16s%2Fg%2F11f2ht116v!19sChIJHV38ZQxcXz4R2720AhSr5fU?authuser=0&hl=en&rclk=1,google_maps,normal_scraper,alive,75,A,2026-07-13T18:49:52.127Z
SmartSites,Digital Marketing,https://www.smartsites.com/lp/digital-marketing-lp/,contact@smartsites.com,contact@smartsites.com; abuse@telegram.org,,,https://www.linkedin.com/company/smartsites,https://www.facebook.com/SmartSites,https://www.instagram.com/smartsitesnj/,5.0,270,,,,web-development-companies?country=AE,https://www.designrush.com/agency/profile/smartsites,designrush,cloak_browser,alive,75,A,2026-07-13T18:58:27.713Z
TrueBays IT Software Trading LLC,Software company,https://www.truebays.com/?utm_source=google&utm_medium=GMB&utm_campaign=GMBTRACKING,info@truebays.com,info@truebays.com,+971 56 383 8329,Office 111B Ibn Battuta Gate Offices - Sheikh Zayed Rd - Jebel Ali Village - Dubai - United Arab Emirates,https://www.linkedin.com/company/truebays-it-software-trading-llc,https://www.facebook.com/truebayssoutions/,https://www.instagram.com/truebays2017/,4.7,82,,,,software companies in Dubai,https://www.google.com/maps/place/TrueBays+IT+Software+Trading+LLC/data=!4m7!3m6!1s0x3e5f435abb3b86ad:0xba9366dbb415d088!8m2!3d25.0410191!4d55.1167619!16s%2Fg%2F11fjz265d6!19sChIJrYY7u1pDXz4RiNAVtNtmk7o?authuser=0&hl=en&rclk=1,google_maps,normal_scraper,alive,74,B,2026-07-13T18:47:51.444Z
Digital Graphiks - Web Design Company in Dubai | Web Design Dubai | Web Development Dubai | Web Design Abudhabi,Website designer,https://digitalgraphiks.ae/,info@digitalgraphiks.com,info@digitalgraphiks.com; info@digitalgraphiks.ae,+971 4 328 2788,"Office # 802, B8 Building - Al Barsha First - Al Barsha - Dubai - United Arab Emirates",https://www.linkedin.com/company/digitalgraphiks,https://www.facebook.com/digitalgraphiks,https://www.instagram.com/digitalgraphiks/,4.4,60,,,,web development agencies in Dubai,https://www.google.com/maps/place/Digital+Graphiks+-+Web+Design+Company+in+Dubai+%7C+Web+Design+Dubai+%7C+Web+Development+Dubai+%7C+Web+Design+Abudhabi/data=!4m7!3m6!1s0x3e5f4315868c143d:0xa24ac660b687c87!8m2!3d25.1134018!4d55.2030081!16s%2Fg%2F12hxchh1g!19sChIJPRSMhhVDXz4Rh3xoC2asJAo?authuser=0&hl=en&rclk=1,google_maps,normal_scraper,alive,74,B,2026-07-13T18:49:52.127Z
Efforts Solutions IT,Software company,https://effortz.com/,sales@effortz.com,sales@effortz.com,+971 2 546 8880,Burooj Tower Al - Khalidiyah St - Abu Dhabi - United Arab Emirates,https://www.linkedin.com/company/effortz,https://www.facebook.com/effortssolutions/,https://instagram.com/effortssolutions,5.0,52,,,,software development companies in Abu Dhabi,https://www.google.com/maps/place/Efforts+Solutions+IT/data=!4m7!3m6!1s0x3e5e67f086515127:0x142b7311fb99b04b!8m2!3d24.4689412!4d54.339544!16s%2Fg%2F11fqym7mqv!19sChIJJ1FRhvBnXj4RS7CZ-xFzKxQ?authuser=0&hl=en&rclk=1,google_maps,normal_scraper,alive,74,B,2026-07-13T18:51:55.961Z
AMJ Technology Solutions,Computer support and services,https://www.amjtechsolutions.com/,sales@amjtechsolutions.com,sales@amjtechsolutions.com,+971 2 632 5407,"Al Falah Tower - Office 601, 6th Floor Building 503 - Sultan Bin Zayed The First St - Al Danah - Zone 1 - Abu Dhabi - United Arab Emirates",https://www.linkedin.com/company/amj-tech-solutions,https://www.facebook.com/amjtechsolutions,https://www.instagram.com/amjtechsolutions/,5.0,76,,,,IT services companies in Abu Dhabi,https://www.google.com/maps/place/AMJ+Technology+Solutions/data=!4m7!3m6!1s0x3e5e672cbefa3ddf:0xaa55976b48580b70!8m2!3d24.4786825!4d54.3711112!16s%2Fg%2F11vkcp_tc4!19sChIJ3z36vixnXj4RcAtYSGuXVao?authuser=0&hl=en&rclk=1,google_maps,normal_scraper,alive,74,B,2026-07-13T18:53:00.336Z
Roshni Technologies,Website designer,http://www.roshnitechnologies.com/,sales@roshnitechnologies.com,sales@roshnitechnologies.com,+971 58 666 1340,Hamdan Bin Mohammed St - Al Danah - Zone 1 - Abu Dhabi - United Arab Emirates,https://linkedin.com/company/roshni-technologies,https://m.facebook.com/roshnitechnologiesuae,https://www.instagram.com/roshni_technologies/,4.9,60,,,,tech companies in Abu Dhabi,https://www.google.com/maps/place/Roshni+Technologies/data=!4m7!3m6!1s0x3e5e677ba77fcebd:0xd43cccd850d838af!8m2!3d24.4906219!4d54.3614077!16s%2Fg%2F11s3qhlrwk!19sChIJvc5_p3tnXj4RrzjYUNjMPNQ?authuser=0&hl=en&rclk=1,google_maps,normal_scraper,alive,74,B,2026-07-13T18:54:04.622Z
Vision Technologies,Software company,https://www.visionsoftwares.com/,info@visionsoftwares.com,info@visionsoftwares.com,+971 50 425 3493,"DAMAS (burj2000 building - Office No.349, 3rd floor, Office Block - near Sharjah Head Post Office - Al Ghuwair - Hay Al Gharb - Sharjah - United Arab Emirates",https://www.linkedin.com/company/vision-technologies-fze,https://www.facebook.com/visionsoftwares/,https://www.instagram.com/vision.technologies/,4.3,228,,,,software companies in Sharjah,https://www.google.com/maps/place/Vision+Technologies/data=!4m7!3m6!1s0x3ef5f59555555597:0xf937d89f7e6f9c57!8m2!3d25.3542116!4d55.3907172!16s%2Fg%2F11b7kgbfvx!19sChIJl1VVVZX19T4RV5xvfp_YN_k?authuser=0&hl=en&rclk=1,google_maps,normal_scraper,alive,74,B,2026-07-13T18:55:03.223Z
TechMagic Technologies,Software company,https://techmagictechnologies.com/,info@techmagictechnologies.com,info@techmagictechnologies.com,+971 50 957 9952,Sharjah Publishing City Business Centre - Free Zone - Al Zahia - Sharjah - United Arab Emirates,https://www.linkedin.com/company/techmagictechnologies/,https://www.facebook.com/techmagictechnologies/,https://www.instagram.com/techmagictechnologies/,5.0,50,,,,software companies in Sharjah,https://www.google.com/maps/place/TechMagic+Technologies/data=!4m7!3m6!1s0x3e5f5f4016a92987:0x1a4abcc0cb55aa2d!8m2!3d25.319659!4d55.4580039!16s%2Fg%2F11whgb940p!19sChIJhympFkBfXz4RLapVy8C8Sho?authuser=0&hl=en&rclk=1,google_maps,normal_scraper,alive,74,B,2026-07-13T18:55:03.223Z
Orange Dice Solutions | web design company in Ajman,Website designer,https://orangedice.ae/,info@orangedice.ae,info@orangedice.ae,+971 55 119 9654,Grand Tower - Al Rashidiya 3 - Ajman - United Arab Emirates,https://www.linkedin.com/company/orange-dice-solutions/,https://www.facebook.com/OrangeDiceSolutions,https://www.instagram.com/orangedicesolutions/,4.9,58,,,,web development agencies in Sharjah,https://www.google.com/maps/place/Orange+Dice+Solutions+%7C+web+design+company+in+Ajman/data=!4m7!3m6!1s0x3e5f595f478f9927:0x95cb0bda72a08219!8m2!3d25.3926607!4d55.4391637!16s%2Fg%2F11fk5c71v1!19sChIJJ5mPR19ZXz4RGYKgctoLy5U?authuser=0&hl=en&rclk=1,google_maps,normal_scraper,alive,74,B,2026-07-13T18:57:02.548Z
"UAE App Developers - AI Mobile App & Software Development Company in Dubai, UAE",Software company,https://www.uaeappdevelopers.com/?utm_source=Organicseo&utm_medium=mainGBP,sales@apptunix.com,sales@apptunix.com; text@text.text,+971 50 782 1690,One Central - Level 3 - Sheikh Zayed Rd - Trade Center Second - Dubai - United Arab Emirates,https://www.linkedin.com/company/uae-app-developers/,https://www.facebook.com/people/UAE-APP-Developers/61587584415005/,https://www.instagram.com/uaeappdevelopers/,5.0,2,,,,software companies in Dubai,"https://www.google.com/maps/place/UAE+App+Developers+-+AI+Mobile+App+%26+Software+Development+Company+in+Dubai,+UAE/data=!4m7!3m6!1s0xacad46b051b62b97:0x707124185ac94fd8!8m2!3d25.2207727!4d55.2851806!16s%2Fg%2F11n3yggjwd!19sChIJlyu2UbBGrawR2E_JWhgkcXA?authuser=0&hl=en&rclk=1",google_maps,normal_scraper,alive,73,B,2026-07-13T18:47:51.444Z
Tenx Software Foundations LLC,Software company,https://10xsf.com/,%20sales@10xsf.com,%20sales@10xsf.com; sales@10xsf.com,+971 55 946 8090,Single Business Tower - Business Bay - Dubai - United Arab Emirates,https://www.linkedin.com/company/tenxsf/,https://www.facebook.com/tenxsf/,https://www.instagram.com/tenxsf/,4.5,55,,,,software companies in Dubai,https://www.google.com/maps/place/Tenx+Software+Foundations+LLC/data=!4m7!3m6!1s0x3e5f690159fc6f1d:0xa26fd0e90cbfe6ab!8m2!3d25.1881231!4d55.2584663!16s%2Fg%2F11p0_97fvf!19sChIJHW_8WQFpXz4Rq-a_DOnQb6I?authuser=0&hl=en&rclk=1,google_maps,normal_scraper,alive,73,B,2026-07-13T18:47:51.444Z
D Tech IT Solutions,Software company,https://dtechitsolutions.com/,info@dtechitsolutions.com,info@dtechitsolutions.com; appsupport@dtechitsolutions.com,+971 52 610 5132,Al Gaizi Plaza - 301 - Al Garhoud - Dubai - United Arab Emirates,https://www.linkedin.com/,https://www.facebook.com/,https://instagram.com/,4.9,44,,,,IT companies in Dubai,https://www.google.com/maps/place/D+Tech+IT+Solutions/data=!4m7!3m6!1s0x3e5f4311a681c96f:0x81bc2e950749dc4!8m2!3d25.2527895!4d55.338798!16s%2Fg%2F11h7df8kbp!19sChIJb8mBphFDXz4RxJ10UOnCGwg?authuser=0&hl=en&rclk=1,google_maps,normal_scraper,alive,73,B,2026-07-13T18:48:52.036Z
Apptunix Abu Dhabi - AI Mobile App Development Company in UAE,Software company,https://www.apptunix.com/mobile-app-development-company-abu-dhabi/,sales@apptunix.com,sales@apptunix.com,+971 50 782 1690,Al Sila Tower - Abu Dhabi Global Market - First St - Al Maryah Island - Abu Dhabi Global Market Square - Abu Dhabi - United Arab Emirates,https://www.linkedin.com/company/apptunixus/,https://www.facebook.com/Apptunixappdevelopment,https://www.instagram.com/apptunixus/,5.0,6,,,,software development companies in Abu Dhabi,https://www.google.com/maps/place/Apptunix+Abu+Dhabi+-+AI+Mobile+App+Development+Company+in+UAE/data=!4m7!3m6!1s0x3e5e676caab1e3ef:0xc31901bd850411bf!8m2!3d24.5004574!4d54.3884632!16s%2Fg%2F11yrwwj2dq!19sChIJ7-OxqmxnXj4RvxEEhb0BGcM?authuser=0&hl=en&rclk=1,google_maps,normal_scraper,alive,73,B,2026-07-13T18:51:55.961Z
"PACT Software Services LLC - ERP Software Company Abu Dhabi, UAE",Software company,https://pactsoft.ae/,info@pactsoft.com,info@pactsoft.com,+971 50 747 3351,"6527 - 204, Building 129 - Al Nahyan - E25 - Abu Dhabi - United Arab Emirates",https://www.linkedin.com/company/pacterpsolution,https://www.facebook.com/pacterpsolution,https://www.instagram.com/pacterpsolution/,4.9,11,,,,software development companies in Abu Dhabi,"https://www.google.com/maps/place/PACT+Software+Services+LLC+-+ERP+Software+Company+Abu+Dhabi,+UAE/data=!4m7!3m6!1s0x3e5e6777a95d8359:0x6e2fe54ba0b6cc7!8m2!3d24.4654703!4d54.3852537!16s%2Fg%2F11wc1vdfrf!19sChIJWYNdqXdnXj4Rx2wLulT-4gY?authuser=0&hl=en&rclk=1",google_maps,normal_scraper,alive,73,B,2026-07-13T18:51:55.961Z
Exiga Software Services LLC,Computer support and services,http://www.exigasol.com/,sales@exigasolutions.com,sales@exigasolutions.com; it@exigasolutions.com; helpdesk@exigasolutions.com,+971 50 501 9697,"Bank of China Building, Al Mansoor Tower - Flat 904 - 9th Floor - Al Manhal - W15 01 - Abu Dhabi - United Arab Emirates",https://www.linkedin.com/company/79160617/%20,https://www.facebook.com/exigaservices%20,https://www.instagram.com/exiga_sap_careers/%20,5.0,22,,,,software development companies in Abu Dhabi,https://www.google.com/maps/place/Exiga+Software+Services+LLC/data=!4m7!3m6!1s0x3e5e69b3cad40dd1:0x16c05839c1e3e980!8m2!3d24.453884!4d54.3773438!16s%2Fg%2F11s1c27kqt!19sChIJ0Q3UyrNpXj4RgOnjwTlYwBY?authuser=0&hl=en&rclk=1,google_maps,normal_scraper,alive,73,B,2026-07-13T18:51:55.961Z
INTELLIZE IT TECHNOLOGIES,Computer support and services,http://www.iitsuae.com/,info@iitsuae.com,info@iitsuae.com; salesi@iitsuae.com,+971 50 460 8157,Ruby restaurant - Al Zahiyah - E13 - Abu Dhabi - United Arab Emirates,https://www.linkedin.com/company/intellize-it-technologies/,https://www.facebook.com/Intellizei/,https://www.instagram.com/intellizeite,4.8,46,,,,software development companies in Abu Dhabi,https://www.google.com/maps/place/INTELLIZE+IT+TECHNOLOGIES/data=!4m7!3m6!1s0x3e5e459d7afecb2d:0xea451ebdb59e0a31!8m2!3d24.4998279!4d54.3729441!16s%2Fg%2F11p5ghcp42!19sChIJLcv-ep1FXj4RMQqetb0eReo?authuser=0&hl=en&rclk=1,google_maps,normal_scraper,alive,73,B,2026-07-13T18:51:55.961Z
Retail Software Abudhabi,Software company,http://www.infonetuae.com/retailsoftware/,info@infonetuae.com,info@infonetuae.com,+971 52 587 9444,Sultan Bin Zayed The First St - Al Danah - Zone 1 - Abu Dhabi - United Arab Emirates,https://www.linkedin.com/in/muhammad-finash-52b38bb1,https://www.facebook.com/infonetgcc,https://www.instagram.com/infonetuae/,4.9,9,,,,software development companies in Abu Dhabi,https://www.google.com/maps/place/Retail+Software+Abudhabi/data=!4m7!3m6!1s0x3e5e666617f97a57:0xefefb2cba6e2817f!8m2!3d24.4885838!4d54.3644506!16s%2Fg%2F11g8djzp1p!19sChIJV3r5F2ZmXj4Rf4Hipsuy7-8?authuser=0&hl=en&rclk=1,google_maps,normal_scraper,alive,73,B,2026-07-13T18:51:55.961Z
Mellon IT & AI Solutions,Computer consultant,http://www.mellon.ae/,mellon@mellon.ae,mellon@mellon.ae; hq@mellon.ae; br@mellonit.com,+971 2 639 7555,"Mezzanine floor, Office No : 03 - Al Zahiyah - E16 02 - Abu Dhabi - United Arab Emirates",,,,4.9,54,,,,IT services companies in Abu Dhabi,https://www.google.com/maps/place/Mellon+IT+%26+AI+Solutions/data=!4m7!3m6!1s0x3e5e413f24663847:0x1a37f6bd7f7d11e7!8m2!3d24.4906922!4d54.3845371!16s%2Fg%2F11tp865cp6!19sChIJRzhmJD9BXj4R5xF9f732Nxo?authuser=0&hl=en&rclk=1,google_maps,normal_scraper,alive,73,B,2026-07-13T18:53:00.336Z
Inspired Technology,Software company,https://inspiredtechnology.ae/,m.shatla@inspiredtechnology.ae,m.shatla@inspiredtechnology.ae; info@inspiredtechnology.ae,+971 50 969 6731,Electra Street - Al Danah - Zone 1 - Abu Dhabi - United Arab Emirates,https://www.linkedin.com/company/inspired-technology-ae,https://www.facebook.com/inspiredtechnology.ae,https://www.instagram.com/inspiredtechnology.ae,4.9,25,,,,IT services companies in Abu Dhabi,https://www.google.com/maps/place/Inspired+Technology/data=!4m7!3m6!1s0x3e5e67705f972579:0xc89d22110e373810!8m2!3d24.4834392!4d54.3606368!16s%2Fg%2F11kpstkcwc!19sChIJeSWXX3BnXj4REDg3DhEincg?authuser=0&hl=en&rclk=1,google_maps,normal_scraper,alive,73,B,2026-07-13T18:53:00.336Z
RIBS Technologies,Software company,https://www.ribstechnologies.com/,sales@ribs.ae,sales@ribs.ae; sales@ribstechnologies.com,+971 56 296 0963,"Office 82, Building no. Q1 - 09, SAIF Zone 514789 - Sharjah - United Arab Emirates",https://www.linkedin.com/company/ribstechnology,https://www.facebook.com/RIBSTechnology/,https://www.instagram.com/RIBSTechnology/,4.8,41,,,,software companies in Sharjah,https://www.google.com/maps/place/RIBS+Technologies/data=!4m7!3m6!1s0x3e5f58b208f3c40d:0xfa32b80f16b2c3ae!8m2!3d25.338598!4d55.4800117!16s%2Fg%2F11c5xs0mfj!19sChIJDcTzCLJYXz4RrsOyFg-4Mvo?authuser=0&hl=en&rclk=1,google_maps,normal_scraper,alive,73,B,2026-07-13T18:55:03.223Z
Simple Logic IT,Software company,http://www.simplelogicit.com/,%20sales@simplelogicit.com,%20sales@simplelogicit.com; sales@simplelogicit.com; rafeek@safarigroup.net,+971 56 511 4805,First Floor Safari Mall - Al Muweilah - Industrial Area - Sharjah - United Arab Emirates,https://www.linkedin.com/company/simple-logic-it-uae/,https://www.facebook.com/people/simplelogicit/61563262694408/,https://www.instagram.com/simplelogicuae,4.9,41,,,,software companies in Sharjah,https://www.google.com/maps/place/Simple+Logic+IT/data=!4m7!3m6!1s0x3e5f5fad6b4fe88b:0x42caa85142ec5dc5!8m2!3d25.3050979!4d55.4516918!16s%2Fg%2F11v0mgz6xr!19sChIJi-hPa61fXz4RxV3sQlGoykI?authuser=0&hl=en&rclk=1,google_maps,normal_scraper,alive,73,B,2026-07-13T18:55:03.223Z
Teknikforce Ventures LLC,Software company,https://teknikforce.com/,jeet@teknikforce.com,jeet@teknikforce.com,,SHAMS - Halwan Suburb - Halwan - Sharjah - United Arab Emirates,https://www.linkedin.com/company/teknikforce/,https://www.facebook.com/groups/teknikforcewinners/,https://www.instagram.com/teknikforceofficial/,4.9,202,,,,software companies in Sharjah,https://www.google.com/maps/place/Teknikforce+Ventures+LLC/data=!4m7!3m6!1s0x390ceff2dadc8d3f:0x7647caa675a7cd21!8m2!3d25.3462553!4d55.4209317!16s%2Fg%2F11cn5p7x8h!19sChIJP43c2vLvDDkRIc2ndabKR3Y?authuser=0&hl=en&rclk=1,google_maps,normal_scraper,alive,73,B,2026-07-13T18:55:03.223Z
POS Systems and Retail software in Sharjah|Xenia Technologies LLC,Software company,http://www.xeniapos.com/,uae@xeniapos.com,uae@xeniapos.com,+971 58 908 7966,Sharjah Media city - Al Messaned - Al Mtsannid Suburb - Sharjah - United Arab Emirates,https://www.linkedin.com/company/xenia-technologies,https://www.facebook.com/xeniatechno/,,4.8,14,,,,software companies in Sharjah,https://www.google.com/maps/place/POS+Systems+and+Retail+software+in+Sharjah%7CXenia+Technologies+LLC/data=!4m7!3m6!1s0x3e5f43c0b706afcb:0xf46d28710d44750!8m2!3d25.2782974!4d55.6783071!16s%2Fg%2F11jz4f5h2r!19sChIJy68Gt8BDXz4RUEfUEIfSRg8?authuser=0&hl=en&rclk=1,google_maps,normal_scraper,alive,73,B,2026-07-13T18:55:03.223Z
One Sols - Web Design,Marketing agency,https://onesols.com/,info@onesols.com,info@onesols.com; %20email:info@onesols.com,+971 6 551 9895,Office no 503 - Al Majaz 2 - Sharjah - United Arab Emirates,https://www.linkedin.com/company/onesols/,https://www.facebook.com/OneSolutionsUAE,https://instagram.com/onesolutionsuae,5.0,24,,,,web development agencies in Sharjah,https://www.google.com/maps/place/One+Sols+-+Web+Design/data=!4m7!3m6!1s0x3e5f5b9f5a00677d:0x55d716dbabe9b7f1!8m2!3d25.3234535!4d55.3862318!16s%2Fg%2F11t3yrt2_c!19sChIJfWcAWp9bXz4R8bfpq9sW11U?authuser=0&hl=en&rclk=1,google_maps,normal_scraper,alive,73,B,2026-07-13T18:57:02.548Z
Freelance Web Designer Dubai | Website Development Dubai - Creative Gradientz,Website designer,https://creativegradientz.com/,nayana@creativegradientz.com,nayana@creativegradientz.com,+971 54 747 4672,Door 508 - Building 2621 Kalba road - Muwaileh Commercial - Industrial Area - Sharjah - United Arab Emirates,https://www.linkedin.com/company/creativegradientz/,https://www.facebook.com/people/Creativegradientz/61565698014372/,https://www.instagram.com/creativegradientz/,5.0,8,,,,web development agencies in Sharjah,https://www.google.com/maps/place/Freelance+Web+Designer+Dubai+%7C+Website+Development+Dubai+-+Creative+Gradientz/data=!4m7!3m6!1s0x3ef5073e26c80ac9:0x668ed8d44920088f!8m2!3d25.2915994!4d55.4459874!16s%2Fg%2F11w8kn28yq!19sChIJyQrIJj4H9T4RjwggSdTYjmY?authuser=0&hl=en&rclk=1,google_maps,normal_scraper,alive,73,B,2026-07-13T18:57:02.548Z
Saigon Technology,Software Development,https://saigontechnology.com,sales@saigontechnology.com,sales@saigontechnology.com; australia@saigontechnology.com; thanh.pham@saigontechnology.com,,,https://www.linkedin.com/company/saigon-technology,https://www.facebook.com/saigontechnology,,5.0,72,,,,software-development?country=AE,https://www.designrush.com/agency/profile/saigon-technology,designrush,cloak_browser,alive,73,B,2026-07-13T18:58:21.596Z
The Free Website Guys,Web Design,https://thefreewebsiteguys.com,hello@thefreewebsiteguys.com,hello@thefreewebsiteguys.com,,,https://www.linkedin.com/company/the-free-website-guys,https://www.facebook.com/plugins/post.php,https://www.instagram.com/thefreewebsiteguys,4.9,779,,,,web-development-companies?country=AE,https://www.designrush.com/agency/profile/the-free-website-guys,designrush,cloak_browser,alive,73,B,2026-07-13T18:58:27.713Z
Infobytes Technologies,Computer support and services,https://info-bytes.com/,info%40info-bytes.com,info%40info-bytes.com; info%40info-bytes.com%0d%0a%09%09%09%09%09%09%09%09%09%09%09%09%09%09%09%09%09%09; info@info-bytes.com,+971 4 349 1389,"Bldg, Sheikha Mhara Building - 171 Al Nahda St - Al Twar 5 - Dubai - United Arab Emirates",https://www.linkedin.com/company/infobytes-technologies,https://www.facebook.com/infobytesuae,https://www.instagram.com/infobytesuae,4.9,160,,,,IT companies in Dubai,https://www.google.com/maps/place/Infobytes+Technologies/data=!4m7!3m6!1s0x3e5f5dc68e013143:0x3e32a1438b3bdbd8!8m2!3d25.2658153!4d55.3827748!16s%2Fg%2F11sw14_4tk!19sChIJQzEBjsZdXz4R2Ns7i0OhMj4?authuser=0&hl=en&rclk=1,google_maps,normal_scraper,unknown,72,B,2026-07-13T18:48:52.036Z
Al Azm Computer Systems Trading LLC - ERP Software Company in UAE,Software company,https://pactsoft.com/uae,info@pactsoft.com,info@pactsoft.com,+971 6 573 6090,24570، Tower 400 - Al Mina Road - Al Soor - Hay Al Qasimiah - Sharjah - United Arab Emirates,https://www.linkedin.com/company/pacterpsolution,https://www.facebook.com/pacterpsolution,https://www.instagram.com/pacterpsolution/,4.4,57,,,,software companies in Sharjah,https://www.google.com/maps/place/Al+Azm+Computer+Systems+Trading+LLC+-+ERP+Software+Company+in+UAE/data=!4m7!3m6!1s0x3e5f5a335b36b385:0x6314014db80196c4!8m2!3d25.3518706!4d55.3854856!16s%2Fg%2F11bbwqn_gq!19sChIJhbM2WzNaXz4RxJYBuE0BFGM?authuser=0&hl=en&rclk=1,google_maps,normal_scraper,alive,72,B,2026-07-13T18:55:03.223Z
Probey Services,Mobile App Development,https://probeyservices.com,service@probeyservices.com,service@probeyservices.com; hr@probeyservices.com; info@probeyservices.com,,,https://www.linkedin.com/company/probeyservices/mycompany/,https://facebook.com/ProbeyServices,https://instagram.com/ProbeyServices,5.0,107,,,,software-development?country=AE,https://www.designrush.com/agency/profile/probey-services,designrush,cloak_browser,alive,72,B,2026-07-13T18:58:21.596Z
ToXSL Technologies,Software company,https://toxsl.ae/,sales@toxsl.ae,sales@toxsl.ae,+971 54 200 7788,BUR DUBAI - R308 Building - near Burjuman Mall - Al Mankhool - Dubai - United Arab Emirates,https://www.linkedin.com/company/toxsl-technologies-dubai,https://www.facebook.com/ToXSL,https://www.instagram.com/toxsltech,4.5,81,,,,software companies in Dubai,https://www.google.com/maps/place/ToXSL+Technologies/data=!4m7!3m6!1s0x3e5f656cb983ee57:0xde57360ed678865f!8m2!3d25.2550691!4d55.3023902!16s%2Fg%2F11t6pm2brs!19sChIJV-6DuWxlXz4RX4Z41g42V94?authuser=0&hl=en&rclk=1,google_maps,normal_scraper,alive,71,B,2026-07-13T18:47:51.444Z
ICT Information Systems LLC,Software company,http://www.ictsystemsllc.com/,info@ictsystemsllc.com,info@ictsystemsllc.com,+971 52 802 8863,"13F-B06, Empire Heights, Al Abraj Street, Business Bay - Dubai - United Arab Emirates",https://www.linkedin.com/company/ict-information-system-llc/,https://www.facebook.com/ictsystemsllc/,https://www.instagram.com/ictsystems,4.9,27,,,,software companies in Dubai,https://www.google.com/maps/place/ICT+Information+Systems+LLC/data=!4m7!3m6!1s0x3e5f68245b5dc9ad:0x4f508e6e64bfd7cf!8m2!3d25.192112!4d55.285075!16s%2Fg%2F11byz757tv!19sChIJrcldWyRoXz4Rz9e_ZG6OUE8?authuser=0&hl=en&rclk=1,google_maps,normal_scraper,alive,71,B,2026-07-13T18:47:51.444Z
Start Tech,Software company,https://start-tech.ae/,info@start-tech.ae,info@start-tech.ae,+971 800 78324,"Souk Al Bahar - Sahaa Offices, Block C - Office 202 - Downtown Dubai - Dubai - United Arab Emirates",https://www.linkedin.com/company/start-tech2021/,https://www.facebook.com/start.tech.uae.2021/,https://www.instagram.com/start_tech_uae/,4.9,47,,,,IT companies in Dubai,https://www.google.com/maps/place/Start+Tech/data=!4m7!3m6!1s0x3e5f690ea2b93215:0xbb724c375c76b86d!8m2!3d25.1946394!4d55.2765141!16s%2Fg%2F11rylkk4g8!19sChIJFTK5og5pXz4Rbbh2XDdMcrs?authuser=0&hl=en&rclk=1,google_maps,normal_scraper,alive,71,B,2026-07-13T18:48:52.036Z
SKAD IT Solutions,Software company,https://hexagonitsolutions.com/,sales@hexagonitsolutions.com,sales@hexagonitsolutions.com,+971 4 456 1015,Deira - 101 - 12 22A St - Al Khabaisi - Deira - Dubai - United Arab Emirates,https://www.linkedin.com/company/hexagonitsolutions/,https://www.facebook.com/hexagonitsolutionsusa,https://www.instagram.com/hexagonitsolutions/,5.0,22,,,,IT companies in Dubai,https://www.google.com/maps/place/SKAD+IT+Solutions/data=!4m7!3m6!1s0x3e5f69a8a143d09f:0xd18b3ac40a506ac2!8m2!3d25.263726!4d55.331004!16s%2Fg%2F11rv8svvxr!19sChIJn9BDoahpXz4RwmpQCsQ6i9E?authuser=0&hl=en&rclk=1,google_maps,normal_scraper,alive,71,B,2026-07-13T18:48:52.036Z
Coral Business Solutions,Software company,https://www.coralme.com/,sales@coralme.com,sales@coralme.com,+971 50 400 7432,Platinum Business Centre - 1004 - Baghdad Street - Al Qusais - Al Nahda - Dubai - United Arab Emirates,https://www.linkedin.com/company/coral-business-solutions,https://www.facebook.com/coralbusinesssolutions,https://www.instagram.com/coralbusinesssolutions/,4.3,126,,,,IT companies in Dubai,https://www.google.com/maps/place/Coral+Business+Solutions/data=!4m7!3m6!1s0x3e5f5c3d33f2161b:0x6bf2b54b5ff6551e!8m2!3d25.2875712!4d55.3689279!16s%2Fg%2F1tj94x9n!19sChIJGxbyMz1cXz4RHlX2X0u18ms?authuser=0&hl=en&rclk=1,google_maps,normal_scraper,alive,71,B,2026-07-13T18:48:52.036Z
Saad Ashraf,Website designer,http://www.saadashraf.net/,saad@saadashraf.net,saad@saadashraf.net,+971 55 348 6284,Building 2 - Level 8 - Business Bay - Bay Square - Dubai - United Arab Emirates,https://www.linkedin.com/in/saadwebdesigner/,https://www.facebook.com/saadashrafdubai,https://www.instagram.com/digitalsaad/,4.9,49,,,,web development agencies in Dubai,https://www.google.com/maps/place/Saad+Ashraf/data=!4m7!3m6!1s0x3e5f691cf4c0b94f:0xe3e033968fe58325!8m2!3d25.1854628!4d55.2802268!16s%2Fg%2F11g_xw29bc!19sChIJT7nA9BxpXz4RJYPlj5Yz4OM?authuser=0&hl=en&rclk=1,google_maps,normal_scraper,alive,71,B,2026-07-13T18:49:52.127Z
Sham Shihab,Website designer,http://www.designersham.com/,info@designersham.com,info@designersham.com,+971 55 199 8823,Al Sarfa St - Al Sufouh - Al Sufouh 1 - Dubai - United Arab Emirates,https://www.linkedin.com/company/designersham/,http://www.facebook.com/designersham,https://www.instagram.com/designersham/,4.9,34,,,,web development agencies in Dubai,https://www.google.com/maps/place/Sham+Shihab/data=!4m7!3m6!1s0x3e5f6b36eb13db23:0x9e7cb98be413d47f!8m2!3d25.1080177!4d55.1785909!16s%2Fg%2F11fn1m0_m0!19sChIJI9sT6zZrXz4Rf9QT5Iu5fJ4?authuser=0&hl=en&rclk=1,google_maps,normal_scraper,alive,71,B,2026-07-13T18:49:52.127Z
TOO.ae | Website Design & Website Development & AI Marketing Company in Dubai,Website designer,https://www.too.ae/,web@too.ae,web@too.ae; web@too.com,+971 52 421 2233,Marsa Dubai - Dubai Marina - Dubai - United Arab Emirates,,,https://www.instagram.com/toodiscovery,5.0,43,,,,web development agencies in Dubai,https://www.google.com/maps/place/TOO.ae+%7C+Website+Design+%26+Website+Development+%26+AI+Marketing+Company+in+Dubai/data=!4m7!3m6!1s0x3e5f6d581ba22ad3:0x629c8860184c49d0!8m2!3d25.07947!4d55.1356571!16s%2Fg%2F11wfs2vty9!19sChIJ0yqiG1htXz4R0ElMGGCInGI?authuser=0&hl=en&rclk=1,google_maps,normal_scraper,alive,71,B,2026-07-13T18:49:52.127Z
TechSyn Dubai - Best IT Company in Dubai | Digital Marketing Agency,Software company,https://techsyn.co/,info@techsyn.co,info@techsyn.co,+971 58 146 5254,401 - Dubai Media City - Dubai - United Arab Emirates,https://www.linkedin.com/company/techsynofficial,https://www.facebook.com/techsynOfficial,https://www.instagram.com/techsynofficial/,5.0,2,,,,tech companies in Dubai,https://www.google.com/maps/place/TechSyn+Dubai+-+Best+IT+Company+in+Dubai+%7C+Digital+Marketing+Agency/data=!4m7!3m6!1s0x3e5f6bb212cd8ead:0xef5699900bd2d09a!8m2!3d25.1018682!4d55.1678528!16s%2Fg%2F11svxj130d!19sChIJrY7NErJrXz4RmtDSC5CZVu8?authuser=0&hl=en&rclk=1,google_maps,normal_scraper,alive,71,B,2026-07-13T18:50:53.528Z
HelloPixels - Web/App Development Company Abu Dhabi,Website designer,https://www.hellopixels.com/,info@hellopixels.com,info@hellopixels.com,+971 50 547 3745,Atma Tower - Al Danah - Zone 1 - Abu Dhabi - United Arab Emirates,https://www.linkedin.com/company/hellopixelsdigital/,https://www.facebook.com/hellopixelsdigital,https://www.instagram.com/hellopixelsdigital/,5.0,27,,,,software development companies in Abu Dhabi,https://www.google.com/maps/place/HelloPixels+-+Web%2FApp+Development+Company+Abu+Dhabi/data=!4m7!3m6!1s0x3e5e66405e64ca9d:0x5702a34ce8f668cd!8m2!3d24.4876663!4d54.3665079!16s%2Fg%2F11gzt7lvs!19sChIJncpkXkBmXj4RzWj26EyjAlc?authuser=0&hl=en&rclk=1,google_maps,normal_scraper,alive,71,B,2026-07-13T18:51:55.961Z
NUSK IT CONSULTANCY LTD,Software company,https://nuskit.com/,support@nuskit.com,support@nuskit.com,+971 54 312 5877,Workstation No. 240A Building No. 280 - Abu Dhabi - United Arab Emirates,https://www.linkedin.com/company/nusk-it-consultancy-ltd/,https://www.facebook.com/NUSKITConsultancy/,https://www.instagram.com/nuskitconsultancyltd/,5.0,27,,,,software development companies in Abu Dhabi,https://www.google.com/maps/place/NUSK+IT+CONSULTANCY+LTD/data=!4m7!3m6!1s0x3e5e678fcaaaf1e5:0xad3574885015173e!8m2!3d24.4781803!4d54.3842673!16s%2Fg%2F11fprrhtp8!19sChIJ5fGqyo9nXj4RPhcVUIh0Na0?authuser=0&hl=en&rclk=1,google_maps,normal_scraper,alive,71,B,2026-07-13T18:51:55.961Z
Trutech Information Technology Network Services OPC LLC,Computer support and services,https://www.trutech-me.com/,sales@trutech-me.com,sales@trutech-me.com,+971 50 546 2224,"Office 3, Floor 0(M), Building No: 4 - behind Choitram Supermarket - Al Khalidiyah - Abu Dhabi - United Arab Emirates",https://www.linkedin.com/company/trutechme,https://www.facebook.com/trutechme,https://www.instagram.com/trutechme/,4.8,44,,,,IT services companies in Abu Dhabi,https://www.google.com/maps/place/Trutech+Information+Technology+Network+Services+OPC+LLC/data=!4m7!3m6!1s0x3e5e673a17340e6d:0x442d58ae85fab6a3!8m2!3d24.4736694!4d54.351338!16s%2Fg%2F11g044_02l!19sChIJbQ40FzpnXj4Ro7b6ha5YLUQ?authuser=0&hl=en&rclk=1,google_maps,normal_scraper,alive,71,B,2026-07-13T18:53:00.336Z
IJONA TECHNOLOGIES FZE LLC,Software company,https://www.ijonatechnologies.com/,info@ijonatechnologies.com,info@ijonatechnologies.com,+971 50 504 7432,Sharjah Publishing City - Muwaileh Commercial - Al Zahia - Sharjah - United Arab Emirates,https://www.linkedin.com/company/ijona-technologies-fze-llc/,,https://www.instagram.com/ijonatechnologiesfze,4.8,20,,,,software companies in Sharjah,https://www.google.com/maps/place/IJONA+TECHNOLOGIES+FZE+LLC/data=!4m7!3m6!1s0x3e5f5f228548a091:0x3654d4886e16760d!8m2!3d25.3200468!4d55.4581155!16s%2Fg%2F11shgc0v_0!19sChIJkaBIhSJfXz4RDXYWbojUVDY?authuser=0&hl=en&rclk=1,google_maps,normal_scraper,alive,71,B,2026-07-13T18:55:03.223Z
WebSmarT IT Solutions,Website designer,http://www.websmart.ae/,info@websmart.ae,info@websmart.ae,+971 55 818 4616,"Sharjah Publishing City, Business Center - Free Zone - Al Zahia - Sharjah - United Arab Emirates",https://www.linkedin.com/company/websmart-it-solutions/,https://www.facebook.com/websmart.ae,https://www.instagram.com/websmart.ae/,5.0,25,,,,web development agencies in Sharjah,https://www.google.com/maps/place/WebSmarT+IT+Solutions/data=!4m7!3m6!1s0x3e5f5a29ba95d167:0x7c2ab5aad35e2cef!8m2!3d25.319594!4d55.4580207!16s%2Fg%2F11f3txk3wh!19sChIJZ9GVuilaXz4R7yxe06q1Knw?authuser=0&hl=en&rclk=1,google_maps,normal_scraper,alive,71,B,2026-07-13T18:57:02.548Z
360 Degree Hub UAE,Marketing agency,https://360degreehub.com/,info@360degreehub.com,info@360degreehub.com,+971 58 553 5937,"Office 009/B, Building 07 - Saif Zone - Sharjah - United Arab Emirates",https://www.linkedin.com/company/360-degree-hub/,https://www.facebook.com/360degreehub,https://www.instagram.com/360degreehub5/,4.9,22,,,,web development agencies in Sharjah,https://www.google.com/maps/place/360+Degree+Hub+UAE/data=!4m7!3m6!1s0x3e5f59ab15542c6f:0x2c9a3832c7a50ddf!8m2!3d25.3381806!4d55.4820902!16s%2Fg%2F11l75pkgb4!19sChIJbyxUFatZXz4R3w2lxzI4miw?authuser=0&hl=en&rclk=1,google_maps,normal_scraper,alive,71,B,2026-07-13T18:57:02.548Z
Beveron Technologies,Software company,https://www.beveron.com/,info@beveron.com,info@beveron.com,+971 55 764 8808,"Office 101, Building No. 6 - Dubai - United Arab Emirates",,,,5.0,130,,,,software companies in Dubai,https://www.google.com/maps/place/Beveron+Technologies/data=!4m7!3m6!1s0x3e5f69d0e2194a63:0xf9522133a42cc067!8m2!3d25.1851996!4d55.2799277!16s%2Fg%2F11fzbtcv09!19sChIJY0oZ4tBpXz4RZ8AspDMhUvk?authuser=0&hl=en&rclk=1,google_maps,normal_scraper,alive,70,B,2026-07-13T18:47:51.444Z
Akwad,Software company,https://akwad.ae/,info@akwad.ae,info@akwad.ae; support@akwad.ae; sajid@akwad.ae,+971 54 994 3770,F9CH+MPW - Al Nahyan - E19 02 - Abu Dhabi - United Arab Emirates,https://www.linkedin.com/company/akwadglobal/,,https://www.instagram.com/akwad.ae,5.0,15,,,,software development companies in Abu Dhabi,https://www.google.com/maps/place/Akwad/data=!4m7!3m6!1s0x3e5e67fb7e4f747f:0xe4c96599c48f4fdd!8m2!3d24.4716875!4d54.3793125!16s%2Fg%2F11ty44x2v3!19sChIJf3RPfvtnXj4R3U-PxJllyeQ?authuser=0&hl=en&rclk=1,google_maps,normal_scraper,alive,70,B,2026-07-13T18:51:55.961Z
Global Media Insight - Web Design & Development Company in Sharjah,Website designer,https://www.globalmediainsight.com/?utm_source=gmb&utm_medium=organic&utm_campaign=gmbshj,liz@globalmedia.ae,liz@globalmedia.ae; francis@globalmedia.ae,+971 50 535 6027,"Building #Q4 293, Al Dhaid Road,، Sharjah Intl. Airport Free Zone - Sharjah - United Arab Emirates",https://ae.linkedin.com/company/global-media-insight-website-design-development-seo-analytics-dubai,https://www.facebook.com/GlobalMediaInsight,https://www.instagram.com/globalmediainsight,4.5,23,,,,web development agencies in Sharjah,https://www.google.com/maps/place/Global+Media+Insight+-+Web+Design+%26+Development+Company+in+Sharjah/data=!4m7!3m6!1s0x3e5f58a86654282f:0x8076a6f051c58d96!8m2!3d25.3449745!4d55.4883144!16s%2Fg%2F1yh9nbt26!19sChIJLyhUZqhYXz4Rlo3FUfCmdoA?authuser=0&hl=en&rclk=1,google_maps,normal_scraper,alive,70,B,2026-07-13T18:57:02.548Z
Unico Connect,AI Development,https://unicoconnect.com/,hello@unicoconnect.com,hello@unicoconnect.com; sales@unicoconnect.com; info@unicoconnect.com,,,https://www.linkedin.com/company/unico-connect/,,https://www.instagram.com/unico_connect,4.9,30,,,,web-development-companies?country=AE,https://www.designrush.com/agency/profile/unico-connect,designrush,cloak_browser,alive,70,B,2026-07-13T18:58:27.713Z
"Focus Softnet Sharjah - ERP, CRM & HCM Solutions",Software company,https://www.focussoftnet.com/ae/,dm@focussoftnet.com,dm@focussoftnet.com,+971 6 569 5358,Al Majaz - Al Majaz 3 - Al Majaz - Sharjah - United Arab Emirates,https://www.linkedin.com/company/focussoftnet/,https://www.facebook.com/focussoftnet,https://www.instagram.com/focus_softnet/,4.1,32,,,,software companies in Sharjah,"https://www.google.com/maps/place/Focus+Softnet+Sharjah+-+ERP,+CRM+%26+HCM+Solutions/data=!4m7!3m6!1s0x3e5f5a3627a9c981:0xb38311148a4d0c0!8m2!3d25.3260258!4d55.3782823!16s%2Fg%2F1z449x3jx!19sChIJgcmpJzZaXz4RwNCkSBExOAs?authuser=0&hl=en&rclk=1",google_maps,normal_scraper,alive,69,B,2026-07-13T18:55:03.223Z
Chacra Software,Software company,https://www.chacrasoftware.com/,info@chacrasoftware.com,info@chacrasoftware.com,+971 50 471 4556,"Marina Plaza, Level 29 - Dubai Marina - Dubai - United Arab Emirates",https://www.linkedin.com/company/chacrasoftware,https://www.facebook.com/ChacraSoftware,https://www.instagram.com/chacrasoftware,5.0,18,,,,software companies in Dubai,https://www.google.com/maps/place/Chacra+Software/data=!4m7!3m6!1s0x3e5f6d26be671d73:0x4ac7c77f7fdb9be6!8m2!3d25.0753976!4d55.1398252!16s%2Fg%2F11p4bnt910!19sChIJcx1nviZtXz4R5pvbf3_Hx0o?authuser=0&hl=en&rclk=1,google_maps,normal_scraper,alive,68,B,2026-07-13T18:47:51.444Z
"Hidden Brains : AI Software Development Dubai, UAE",Software company,https://www.hiddenbrains.ae/,biz@hiddenbrains.com,biz@hiddenbrains.com,+971 50 541 7174,"The Metropolis Tower - Office No: 01, Unit 2201, 22nd Floor - Marasi Dr - Business Bay - Dubai - United Arab Emirates",,,,5.0,27,,,,software companies in Dubai,"https://www.google.com/maps/place/Hidden+Brains+:+AI+Software+Development+Dubai,+UAE/data=!4m7!3m6!1s0x3e5f69454d31e7a7:0x44efcb60715f29e2!8m2!3d25.1849235!4d55.2769027!16s%2Fg%2F11ln1tp9df!19sChIJp-cxTUVpXz4R4ilfcWDL70Q?authuser=0&hl=en&rclk=1",google_maps,normal_scraper,alive,68,B,2026-07-13T18:47:51.444Z
Mango Technologies – Boutique Tech Solutions Provider,Software company,https://mangoserve.com/,hello@mangoserve.com,hello@mangoserve.com,+971 50 554 7523,Gate Avenue - South - Unit 201 - Zaa'beel Second - DIFC - Dubai - United Arab Emirates,https://www.linkedin.com/company/mymangotech,https://www.facebook.com/mymangotech,https://www.instagram.com/mymangotech/,4.9,16,,,,tech companies in Dubai,https://www.google.com/maps/place/Mango+Technologies+%E2%80%93+Boutique+Tech+Solutions+Provider/data=!4m7!3m6!1s0x3e5f4376ae9a3171:0x8f2bea6ce0266d59!8m2!3d25.2130676!4d55.2800766!16s%2Fg%2F11vszz2rvl!19sChIJcTGarnZDXz4RWW0m4GzqK48?authuser=0&hl=en&rclk=1,google_maps,normal_scraper,alive,68,B,2026-07-13T18:50:53.528Z
Techlancers Middle East - UAE Digital Transformation Hub,Software company,https://techlancersme.com/,info@techlancersme.com,info@techlancersme.com,+971 4 439 7698,"IN5 Block 7, Dubai IN 5 - 99/7 Za'abeel 2 - Zaa'beel Second - Dubai Design District - Dubai - United Arab Emirates",https://linkedin.com/in/ali-mansoor-87321850,https://www.facebook.com/TechlancersME,https://www.instagram.com/techlancersme/,4.8,10,,,,tech companies in Dubai,https://www.google.com/maps/place/Techlancers+Middle+East+-+UAE+Digital+Transformation+Hub/data=!4m7!3m6!1s0x3e5f43bcff071551:0xeb0acb77d2f48115!8m2!3d25.1844319!4d55.2979142!16s%2Fg%2F11l6m9cdp9!19sChIJURUH_7xDXz4RFYH00nfLCus?authuser=0&hl=en&rclk=1,google_maps,normal_scraper,alive,68,B,2026-07-13T18:50:53.528Z
"Sysberries - IT, Digital Marketing & Software development Company Abudhabi, UAE",Computer consultant,https://www.sysberries.com/,info@sysberries.com,info@sysberries.com,+971 2 555 2573,التِّيْلَة - Mohamed Bin Zayed City - ME9 - Abu Dhabi - United Arab Emirates,https://www.linkedin.com/company/sysberries-technology,https://www.facebook.com/Sysberries/,https://www.instagram.com/sysberries/,4.5,21,,,,software development companies in Abu Dhabi,"https://www.google.com/maps/place/Sysberries+-+IT,+Digital+Marketing+%26+Software+development+Company+Abudhabi,+UAE/data=!4m7!3m6!1s0x3e5e4750ebbf3161:0xd528de8f6d65e3d9!8m2!3d24.3439687!4d54.5311439!16s%2Fg%2F11b7jlq7_3!19sChIJYTG_61BHXj4R2eNlbY_eKNU?authuser=0&hl=en&rclk=1",google_maps,normal_scraper,alive,68,B,2026-07-13T18:51:55.961Z
Skyline Advanced Technology L.L.C S.P.C,Software company,https://skylineat.ae/,contact@skylineat.ae,contact@skylineat.ae,+971 50 759 8275,Infront the Mosque - M01 - Orange Pharmacy Building - Al Nahyan - Abu Dhabi - United Arab Emirates,https://www.linkedin.com/company/skylineadvancedtechnology,,https://www.instagram.com/skylineadvancedtech/,4.9,12,,,,tech companies in Abu Dhabi,https://www.google.com/maps/place/Skyline+Advanced+Technology+L.L.C+S.P.C/data=!4m7!3m6!1s0x43729271d1273075:0xfbc27af100f40e63!8m2!3d24.4708182!4d54.3801556!16s%2Fg%2F11tsmmvtq_!19sChIJdTAn0XGSckMRYw70APF6wvs?authuser=0&hl=en&rclk=1,google_maps,normal_scraper,alive,68,B,2026-07-13T18:54:04.622Z
Micropro Software Solutions. Ltd. (UAE),Software company,http://www.microproindia.com/,info@microproindia.com,info@microproindia.com; sales@microproindia.com,+971 50 567 7051,SAIF Zone Box No. 121793 - Sharjah - United Arab Emirates,https://www.linkedin.com/company/micropro-software-solutions-pvt.-ltd./,https://www.facebook.com/profile.php,https://www.instagram.com/micropro.nagpur/,5.0,1,,,,software companies in Sharjah,https://www.google.com/maps/place/Micropro+Software+Solutions.+Ltd.+%28UAE%29/data=!4m7!3m6!1s0x3e5f5f0c4a8d1c19:0xe26edde0c893fead!8m2!3d25.3323584!4d55.4831661!16s%2Fg%2F11hzyyhz0n!19sChIJGRyNSgxfXz4Rrf6TyODdbuI?authuser=0&hl=en&rclk=1,google_maps,normal_scraper,alive,68,B,2026-07-13T18:55:03.223Z
Emerging Alliance,Software company,https://www.emerging-alliance.com/,enquiry@group-ea.com,enquiry@group-ea.com,+971 50 705 2460,"8FHX+XM - Saif Suite Y1-094 9486 SAIF ZONE, Sharjah, UAΕ - Sharjah - United Arab Emirates",https://www.linkedin.com/company/emerging-alliance/posts/,https://www.facebook.com/emergingalliance/,https://www.instagram.com/emerging_alliance/,5.0,15,,,,software companies in Sharjah,https://www.google.com/maps/place/Emerging+Alliance/data=!4m7!3m6!1s0x3ef5f57316ccf159:0x8f4a8c754560e4e!8m2!3d25.3299375!4d55.4991875!16s%2Fg%2F11gk69yf7z!19sChIJWfHMFnP19T4RTg5WVMeo9Ag?authuser=0&hl=en&rclk=1,google_maps,normal_scraper,alive,68,B,2026-07-13T18:55:03.223Z
PROFESSIONAL IT SOLUTIONS,Software company,https://www.pitsolutions.ch/,kontakt@pitsolutions.ch,kontakt@pitsolutions.ch,+971 6 558 5598,"CG Mall Building,906, Tower C - Tufail Bin Al Hareth St - Sharjah - United Arab Emirates",https://www.linkedin.com/company/pit-solutions,https://www.facebook.com/pitsolutions/,https://www.instagram.com/pit.solutions/,5.0,5,,,,IT companies in Sharjah,https://www.google.com/maps/place/PROFESSIONAL+IT+SOLUTIONS/data=!4m7!3m6!1s0x3e5f5bd91b04d79b:0xbd11cc8c48eb1fb2!8m2!3d25.344707!4d55.3880151!16s%2Fg%2F11rstm4pd_!19sChIJm9cEG9lbXz4Rsh_rSIzMEb0?authuser=0&hl=en&rclk=1,google_maps,normal_scraper,alive,68,B,2026-07-13T18:56:03.046Z
Innotech Solutions FZC,Software company,https://www.innotechsolutions.biz/,sales@innotechsolutions.biz,sales@innotechsolutions.biz,+971 6 574 5929,Sharjah International Airport - Saif Zone - Sharjah - United Arab Emirates,https://www.linkedin.com/company/innotech-solutions-fzc,https://www.facebook.com/innotechsolutions.biz,https://www.instagram.com/innotechsolutions.biz/,4.7,13,,,,IT companies in Sharjah,https://www.google.com/maps/place/Innotech+Solutions+FZC/data=!4m7!3m6!1s0x3e5f58b20a96e2a7:0xad543ba67e4245a8!8m2!3d25.3283455!4d55.4967444!16s%2Fg%2F11bv3mt0kg!19sChIJp-KWCrJYXz4RqEVCfqY7VK0?authuser=0&hl=en&rclk=1,google_maps,normal_scraper,alive,68,B,2026-07-13T18:56:03.046Z
Spiderz,Website designer,https://spiderz.com/,support@spiderz.com,support@spiderz.com; info@spiderz.com,+971 50 678 0301,"Area Q1 – Sharjah Airport - 055/B, Building 08 - International Free Zone - Saif Zone - Sharjah - United Arab Emirates",,,,5.0,90,,,,web development agencies in Sharjah,https://www.google.com/maps/place/Spiderz/data=!4m7!3m6!1s0x3e5f58ad0a50b0cf:0x3b39f59c3040424d!8m2!3d25.3371173!4d55.4819495!16s%2Fg%2F1tqpxqpm!19sChIJz7BQCq1YXz4RTUJAMJz1OTs?authuser=0&hl=en&rclk=1,google_maps,normal_scraper,alive,68,B,2026-07-13T18:57:02.548Z
Web Domesting,Website designer,https://webdomesting.com/,info@webdomesting.com,info@webdomesting.com,+971 50 113 8253,Sharjah street 37 - Industrial Area 10 - Industrial Area - Sharjah - United Arab Emirates,https://www.linkedin.com/in/web-domesting-491734298,https://www.facebook.com/profile.php,,4.7,15,,,,web development agencies in Sharjah,https://www.google.com/maps/place/Web+Domesting/data=!4m7!3m6!1s0x3e5f5f3828c4befb:0x584784ca8924d628!8m2!3d25.3004689!4d55.4218125!16s%2Fg%2F11w9jpvwx0!19sChIJ-77EKDhfXz4RKNYkicqER1g?authuser=0&hl=en&rclk=1,google_maps,normal_scraper,alive,68,B,2026-07-13T18:57:02.548Z
The web brew,Software company,https://www.thewebbrew.com/,thewebbrew@gmail.com,thewebbrew@gmail.com,+971 52 391 6556,Sharjah Media City - Al Mtsannid Suburb - Sharjah - United Arab Emirates,https://linkedin.com/company/the-web-brew,https://facebook.com/thewebbrew,https://instagram.com/thewebbrew,4.8,18,,,,web development agencies in Sharjah,https://www.google.com/maps/place/The+web+brew/data=!4m7!3m6!1s0x3e5f59351f62075d:0xf4a6eb5cd1684a1b!8m2!3d25.278286!4d55.67842!16s%2Fg%2F11zb4szpsk!19sChIJXQdiHzVZXz4RG0po0VzrpvQ?authuser=0&hl=en&rclk=1,google_maps,normal_scraper,alive,68,B,2026-07-13T18:57:02.548Z
Lumrah Media FZE,Marketing agency,https://lumrahmedia.com/,info@lumrahmedia.com,info@lumrahmedia.com,+971 54 776 8350,"Sharjah Publishing City, Business Centre - Free Zone - Al Zahia - Sharjah - United Arab Emirates",https://www.linkedin.com/in/lumrah-media-fze/,https://www.facebook.com/LumrahMediaFze,https://www.instagram.com/lumrahmedia,5.0,11,,,,web development agencies in Sharjah,https://www.google.com/maps/place/Lumrah+Media+FZE/data=!4m7!3m6!1s0x3e5f5fdc2e11eb21:0x7fb84162c0288346!8m2!3d25.3201371!4d55.4585821!16s%2Fg%2F11yfn3rmhw!19sChIJIesRLtxfXz4RRoMowGJBuH8?authuser=0&hl=en&rclk=1,google_maps,normal_scraper,alive,68,B,2026-07-13T18:57:02.548Z
Goji Labs,Mobile App Development,https://gojilabs.com/product-agency/,hello@gojilabs.com,hello@gojilabs.com; marketing@gojilabs.com,,,https://www.linkedin.com/company/goji-labs/,,https://www.instagram.com/goji_labs,5.0,91,,,,software-development?country=AE,https://www.designrush.com/agency/profile/goji-labs,designrush,cloak_browser,alive,68,B,2026-07-13T18:58:21.596Z
Startbit IT Solutions,Web Development,https://www.startbitsolutions.com/know-about-us/,info@startbitsolutions.com,info@startbitsolutions.com; business@startbitsolutions.com; tomersidi@startbitsolutions.com,,,https://www.linkedin.com/company/startbititsolutions/,https://www.facebook.com/startbitsolutions/,https://www.instagram.com/startbititsolutions/,4.9,56,,,,software-development?country=AE,https://www.designrush.com/agency/profile/startbit-it-solutions,designrush,cloak_browser,alive,68,B,2026-07-13T18:58:21.596Z
Innovacio Technologies,AI Development,https://www.innovaciotech.com/top-AI-company-on-designrush,hello@innovaciotech.com,hello@innovaciotech.com,,,https://www.linkedin.com/company/innovaciotech/,https://www.facebook.com/innovaciotech,https://www.instagram.com/innovaciotechnologies/,5.0,43,,,,software-development?country=AE,https://www.designrush.com/agency/profile/innovacio-technologies,designrush,cloak_browser,alive,68,B,2026-07-13T18:58:21.596Z
GO-Globe | Custom Development,Software company,https://www.go-globe.com/uae/web-design-dubai.php,info@go-globe.com,info@go-globe.com,+971 50 668 3114,Prime Tower - 20th Floor - Business Bay - Dubai - United Arab Emirates,https://www.linkedin.com/company/go-globe-development,https://www.facebook.com/goglobecom/,https://www.instagram.com/goglobecustom/,4.2,85,,,,IT companies in Dubai,https://www.google.com/maps/place/GO-Globe+%7C+Custom+Development/data=!4m7!3m6!1s0x3e5f42ed9a1f193f:0x119f2e5cd42aceb8!8m2!3d25.1884074!4d55.2715164!16s%2Fg%2F1wj_4hwh!19sChIJPxkfmu1CXz4RuM4q1FwunxE?authuser=0&hl=en&rclk=1,google_maps,normal_scraper,alive,67,B,2026-07-13T18:48:52.036Z
R-Tech International FZE,Software company,https://www.rtechglobal.ae/,info@rtechglobal.ae,info@rtechglobal.ae,+971 50 183 3997,"Crystal Building - D88, Karama Office M02-26 - Dubai - United Arab Emirates",https://linkedin.com/company/rtech-international-fze,https://www.facebook.com/rtechuae,https://www.instagram.com/rtechuae/,4.4,63,,,,tech companies in Dubai,https://www.google.com/maps/place/R-Tech+International+FZE/data=!4m7!3m6!1s0x3e5f43f2bd56f3bf:0x867255dc88c9e5aa!8m2!3d25.2419963!4d55.2973808!16s%2Fg%2F11kb_d0p1d!19sChIJv_NWvfJDXz4RquXJiNxVcoY?authuser=0&hl=en&rclk=1,google_maps,normal_scraper,alive,67,B,2026-07-13T18:50:53.528Z
Softex IT Solutions,Computer support and services,http://www.softexitsolutions.com/,info@softexitsolutions.com,info@softexitsolutions.com,+971 55 543 5858,Electra Street Behind Royel Rose - Abu Dhabi - United Arab Emirates,,https://www.facebook.com/SoftexITsolutions/,,4.9,66,,,,IT services companies in Abu Dhabi,https://www.google.com/maps/place/Softex+IT+Solutions/data=!4m7!3m6!1s0x3e5e458e60755e59:0x5e203ed6be7a9353!8m2!3d24.4940892!4d54.371877!16s%2Fg%2F11h4qlv74j!19sChIJWV51YI5FXj4RU5N6vtY-IF4?authuser=0&hl=en&rclk=1,google_maps,normal_scraper,alive,67,B,2026-07-13T18:53:00.336Z
Orison Software Specialists,Software company,https://www.orisonsoftware.com/,info@orisonsoftware.com,info@orisonsoftware.com; %20info@orisonsoftware.com,+971 6 523 4925,95 Al Zahra'a St - Al Naba'a - Sharjah - United Arab Emirates,https://www.linkedin.com/company/orison-software-specialist/,https://www.facebook.com/HiraSolutions,https://www.instagram.com/orisonsoftwarespecialists/,4.6,18,,,,software companies in Sharjah,https://www.google.com/maps/place/Orison+Software+Specialists/data=!4m7!3m6!1s0x3e5f5a2d7590f225:0x5782d6644e9ba287!8m2!3d25.3613089!4d55.3958085!16s%2Fg%2F1v93zk1x!19sChIJJfKQdS1aXz4Rh6KbTmTWglc?authuser=0&hl=en&rclk=1,google_maps,normal_scraper,alive,67,B,2026-07-13T18:55:03.223Z
Peiko,Web Development,https://peiko.space,hello@peiko.space,hello@peiko.space; example@gmail.com,,,https://www.linkedin.com/company/peiko,,,5.0,64,,,,software-development?country=AE,https://www.designrush.com/agency/profile/peiko,designrush,cloak_browser,alive,67,B,2026-07-13T18:58:21.596Z
Peniel Technology LLC,Software company,https://www.penieltech.com/,info@penieltech.com,info@penieltech.com,+971 50 961 7708,"Office 205, NBQ Bank Building - 16th St - Khalid Bin Al Waleed Rd - Bur Dubai - Dubai - United Arab Emirates",https://www.linkedin.com/company/penieltech/posts/,https://www.facebook.com/penieltech,,4.9,"1,202",,,,software companies in Dubai,https://www.google.com/maps/place/Peniel+Technology+LLC/data=!4m7!3m6!1s0x3e5f434bc5378621:0xf122ee3366790238!8m2!3d25.2565087!4d55.3016633!16s%2Fg%2F1wnd_jwg!19sChIJIYY3xUtDXz4ROAJ5ZjPuIvE?authuser=0&hl=en&rclk=1,google_maps,normal_scraper,alive,66,B,2026-07-13T18:47:51.444Z
Azinova Technologies LLC,Software company,http://www.azinovatechnologies.com/,contact@azinova.info,contact@azinova.info; contact@azinovatechnologies.com,+971 4 359 7000,"Office 107, SIT Tower - Nadd Hessa - Dubai Silicon Oasis - Dubai - United Arab Emirates",https://www.linkedin.com/company/azinova-technologies-pvt--ltd,https://www.facebook.com/AzinovaTechnologies,https://www.instagram.com/azinova/,4.4,30,,,,software companies in Dubai,https://www.google.com/maps/place/Azinova+Technologies+LLC/data=!4m7!3m6!1s0x3e5f69a2efd6f499:0xb351497628795f70!8m2!3d25.1177885!4d55.3906747!16s%2Fg%2F11b7r1klg1!19sChIJmfTW76JpXz4RcF95KHZJUbM?authuser=0&hl=en&rclk=1,google_maps,normal_scraper,alive,66,B,2026-07-13T18:47:51.444Z
Systems Limited MEA (Techvista) UAE,Software company,https://www.systemsltd.com/MEA,investor_relations@systemsltd.com,investor_relations@systemsltd.com; fayez.qamar@systemsltd.com,+971 4 369 3525,"Dubai Hills Estate, Business Park 3 - 404 - Dubai - United Arab Emirates",https://linkedin.com/company/systems-limited/,https://facebook.com/Systemslimited/,https://instagram.com/systems_limited/,4.3,26,,,,tech companies in Dubai,https://www.google.com/maps/place/Systems+Limited+MEA+%28Techvista%29+UAE/data=!4m7!3m6!1s0x3e5f6928578d8d5d:0xc6b8e37a295cc5d5!8m2!3d25.1061128!4d55.2401192!16s%2Fg%2F11srbk7f8s!19sChIJXY2NVyhpXz4R1cVcKXrjuMY?authuser=0&hl=en&rclk=1,google_maps,normal_scraper,alive,66,B,2026-07-13T18:50:53.528Z
Mangala International Technology LLC,Software company,http://www.mitgroupuae.com/,admin@mitgroupuae.com,admin@mitgroupuae.com,+971 2 667 3310,Choice Flower Building - Zayed The First St - Al Khalidiyah - W9 - Abu Dhabi - United Arab Emirates,,,,4.9,51,,,,software development companies in Abu Dhabi,https://www.google.com/maps/place/Mangala+International+Technology+LLC/data=!4m7!3m6!1s0x3e5e660b1d9c58fb:0x44f7eb333fc32a23!8m2!3d24.4705031!4d54.3487669!16s%2Fg%2F11c5_hmnv7!19sChIJ-1icHQtmXj4RIyrDPzPr90Q?authuser=0&hl=en&rclk=1,google_maps,normal_scraper,alive,66,B,2026-07-13T18:51:55.961Z
IT Company in Sharjah | Datumcode IT Services,Software company,https://datumcode.com/,info@datumcode.com,info@datumcode.com,+971 55 912 0052,SAIF Office Q1-05-88/B - Saif Zone - Sharjah - United Arab Emirates,https://www.linkedin.com/company/88885113,https://www.facebook.com/datumcodes,https://www.instagram.com/datumcode/,5.0,4,,,,software companies in Sharjah,https://www.google.com/maps/place/IT+Company+in+Sharjah+%7C+Datumcode+IT+Services/data=!4m7!3m6!1s0x3e5f5fe8ccbcca9b:0x4020a05f42c38aab!8m2!3d25.3191096!4d55.4869113!16s%2Fg%2F11ty8f0q78!19sChIJm8q8zOhfXz4Rq4rDQl-gIEA?authuser=0&hl=en&rclk=1,google_maps,normal_scraper,alive,66,B,2026-07-13T18:55:03.223Z
ALASKA COMPUTER LLC,Software company,http://www.alaska-computer.com/,sales@alaska-computer.com,sales@alaska-computer.com; salesoman@alaska-computer.com,+971 6 559 9673,Mohammed Al Mulla Tower - Al Ittihad St - near Ansar Mall P.B#45856 - Hay Al Nahda - Sharjah - United Arab Emirates,,https://www.facebook.com/Alaskauae,https://www.instagram.com/alaskauae/,4.8,23,,,,software companies in Sharjah,https://www.google.com/maps/place/ALASKA+COMPUTER+LLC/data=!4m7!3m6!1s0x3e5f5c785aa64097:0x4626e1a879623e02!8m2!3d25.3021278!4d55.3676585!16s%2Fg%2F11cm048mrx!19sChIJl0CmWnhcXz4RAj5ieajhJkY?authuser=0&hl=en&rclk=1,google_maps,normal_scraper,alive,66,B,2026-07-13T18:55:03.223Z
eTCS - Elegant Information Technology Consultancy Services,Website designer,https://www.etcsfzc.com/,info@etcsfzc.com,info@etcsfzc.com,+971 55 537 8122,"Al Qulayaah, Mubarak Building, Office 204 - Sharjah - United Arab Emirates",https://www.linkedin.com/company/ecumenical-techno-consultancy-services-pvt-ltd,http://www.facebook.com/etcsfzc/,https://www.instagram.com/etcsfzc/,4.8,4,,,,web development agencies in Sharjah,https://www.google.com/maps/place/eTCS+-+Elegant+Information+Technology+Consultancy+Services/data=!4m7!3m6!1s0x3e5f5bb1259b095b:0x9046190314242a04!8m2!3d25.3758118!4d55.3988008!16s%2Fg%2F11qsc_f469!19sChIJWwmbJbFbXz4RBCokFAMZRpA?authuser=0&hl=en&rclk=1,google_maps,normal_scraper,alive,66,B,2026-07-13T18:57:02.548Z
Voiebiz LLC,Website designer,https://www.voiebiz.ae/,info@voiebiz.ae,info@voiebiz.ae,+971 52 553 0938,Al Mtsannid Suburb - Sharjah - United Arab Emirates,https://www.linkedin.com/company/voiebizllc/,https://www.facebook.com/voiebiz.ae/,https://www.instagram.com/voiebiz/,5.0,1,,,,web development agencies in Sharjah,https://www.google.com/maps/place/Voiebiz+LLC/data=!4m7!3m6!1s0x3e5f428c4a02037b:0x7cd1265b51af2107!8m2!3d25.2788665!4d55.6783902!16s%2Fg%2F11c0xqfb0_!19sChIJewMCSoxCXz4RByGvUVsm0Xw?authuser=0&hl=en&rclk=1,google_maps,normal_scraper,alive,66,B,2026-07-13T18:57:02.548Z
Tenet - UI UX Design Agency in Sharjah,Design agency,https://www.wearetenet.com/ae/locations/ui-ux-design-agency-sharjah,hello@wearetenet.com,hello@wearetenet.com,+971 58 551 0094,Al Majaz 2 - Al Majaz - Sharjah - United Arab Emirates,https://www.linkedin.com/company/wearetenet/,,https://www.instagram.com/wearetenet/,5.0,1,,,,web development agencies in Sharjah,https://www.google.com/maps/place/Tenet+-+UI+UX+Design+Agency+in+Sharjah/data=!4m7!3m6!1s0x3e5f5bb2e236f017:0x78ff06c329d7589!8m2!3d25.3224109!4d55.3839893!16s%2Fg%2F11yfn7pypt!19sChIJF_A24rJbXz4RiXWdMmzwjwc?authuser=0&hl=en&rclk=1,google_maps,normal_scraper,alive,66,B,2026-07-13T18:57:02.548Z
Designli,Mobile App Development,https://designli.co/,hello@designli.co,hello@designli.co,,,https://www.linkedin.com/company/designli,https://www.facebook.com/designli/,https://www.instagram.com/designlico/,5.0,79,,,,software-development?country=AE,https://www.designrush.com/agency/profile/designli,designrush,cloak_browser,alive,66,B,2026-07-13T18:58:21.596Z
Zazz,Mobile App Development,https://www.zazz.io,info@zazz.io,info@zazz.io,,,https://www.linkedin.com/company/zazz-io,https://www.facebook.com/Zazz.Official/,https://www.instagram.com/zazz.io/,5.0,76,,,,software-development?country=AE,https://www.designrush.com/agency/profile/zazz,designrush,cloak_browser,alive,66,B,2026-07-13T18:58:21.596Z
BitsWits,Mobile App Development,https://www.bitswits.co/mobile-application-development-services,info@bitswits.co,info@bitswits.co,,,https://www.linkedin.com/company/officialbitswits,https://www.facebook.com/officialbitswits/,https://www.instagram.com/officialBitsWits/,5.0,58,,,,software-development?country=AE,https://www.designrush.com/agency/profile/bitswits,designrush,cloak_browser,alive,66,B,2026-07-13T18:58:21.596Z
Technoyuga Soft,Mobile App Development,https://technoyuga.com/,hello@technoyuga.com,hello@technoyuga.com,,,https://www.linkedin.com/company/technoyuga-pvt-ltd,,https://instagram.com/techno_yuga,5.0,50,,,,software-development?country=AE,https://www.designrush.com/agency/profile/technoyuga-soft,designrush,cloak_browser,alive,66,B,2026-07-13T18:58:21.596Z
InoXoft,Web Development,https://inoxoft.com,contact@inoxoft.com,contact@inoxoft.com,,,https://uk.linkedin.com/in/alex-kamynin-328357149,https://www.facebook.com/inoxoft/,https://www.instagram.com/inoxoft_team/,5.0,57,,,,software-development?country=AE,https://www.designrush.com/agency/profile/inoxoft,designrush,cloak_browser,alive,66,B,2026-07-13T18:58:21.596Z
Infoquest IT Labs Co. LLC,Software company,https://www.infoquest.ae/,sales@infoquestit.com,sales@infoquestit.com,+971 50 856 6441,Aspin Commercial Tower - Sheikh Zayed Rd - Trade Center First - Dubai - United Arab Emirates,https://www.linkedin.com/company/infoquestit,https://www.facebook.com/infoquestit,,4.6,17,,,,IT companies in Dubai,https://www.google.com/maps/place/Infoquest+IT+Labs+Co.+LLC/data=!4m7!3m6!1s0x3e5f6d03532ebf95:0x26672cabe1aee8c4!8m2!3d25.2089625!4d55.2724984!16s%2Fg%2F11h4cwz551!19sChIJlb8uUwNtXz4RxOiu4assZyY?authuser=0&hl=en&rclk=1,google_maps,normal_scraper,alive,65,B,2026-07-13T18:48:52.036Z
Dizi Smart Technology L.L.C | Website Design & Development Company in Dubai,Website designer,https://dizismarttechnology.ae/website-design/,info@dizismarttechnology.ae,info@dizismarttechnology.ae,+971 54 482 9307,"Al Lenz Insurance (PSC - Office No. 35-90M, Malik - 35th St - Al Muraqqabat - Deira - Dubai - United Arab Emirates",,,,5.0,10,,,,web development agencies in Dubai,https://www.google.com/maps/place/Dizi+Smart+Technology+L.L.C+%7C+Website+Design+%26+Development+Company+in+Dubai/data=!4m7!3m6!1s0x3e5f5d205b2f35d1:0xcedac6115030a9c8!8m2!3d25.2653718!4d55.3240012!16s%2Fg%2F11n58zppsh!19sChIJ0TUvWyBdXz4RyKkwUBHG2s4?authuser=0&hl=en&rclk=1,google_maps,normal_scraper,alive,65,B,2026-07-13T18:49:52.127Z
"Quytech – AI App Development, Mobile App Development, Software Development Company",Software company,https://www.quytech.com/,sales@quytech.com,sales@quytech.com; info@quytech.com,,"P/162 Building 3, 2nd floor - Office 6 Al Khazzaf Street - Al Nahyan Camp - W27 - Abu Dhabi - United Arab Emirates",https://www.linkedin.com/company/quytech,https://www.facebook.com/Quytech,,5.0,2,,,,software development companies in Abu Dhabi,"https://www.google.com/maps/place/Quytech+%E2%80%93+AI+App+Development,+Mobile+App+Development,+Software+Development+Company/data=!4m7!3m6!1s0x3e5e6999eb73ff3d:0xa5b3ceac16fcc080!8m2!3d24.4364581!4d54.3666375!16s%2Fg%2F11z10y6m8c!19sChIJPf9z65lpXj4RgMD8FqzOs6U?authuser=0&hl=en&rclk=1",google_maps,normal_scraper,alive,65,B,2026-07-13T18:51:55.961Z
NEXT IT & Systems,Software company,http://www.nextuae.com/,info@darkcyan-mallard-416287.hostingersite.com,info@darkcyan-mallard-416287.hostingersite.com; info@nextuae.com,+971 50 675 4822,"Hamdan Street, Millenium Tower, Opp Hamdan centre - Abu Dhabi - United Arab Emirates",https://ae.linkedin.com/company/next-it-&-systems-llc,https://www.facebook.com/NextItSystems,https://www.instagram.com/next_it_and_systems/,4.8,25,,,,software development companies in Abu Dhabi,https://www.google.com/maps/place/NEXT+IT+%26+Systems/data=!4m7!3m6!1s0x3e5e662961ffd8a3:0xdcc51dfd5013f901!8m2!3d24.4897317!4d54.3626007!16s%2Fg%2F119vb5m1k!19sChIJo9j_YSlmXj4RAfkTUP0dxdw?authuser=0&hl=en&rclk=1,google_maps,normal_scraper,dead,65,B,2026-07-13T18:51:55.961Z
Wafi Technology - Neologix,Software company,https://neologix.ae/,info@neologix.ae,info@neologix.ae; info@nlindia.com,+971 52 104 3226,"Al Buhaira Building - 601, Golden Tower - Corniche St - Al Majaz 1 - Sharjah - United Arab Emirates",,,,5.0,23,,,,software companies in Sharjah,https://www.google.com/maps/place/Wafi+Technology+-+Neologix/data=!4m7!3m6!1s0x3e5f5bfef726ac75:0x239f73834a5d0b6a!8m2!3d25.3414794!4d55.3857882!16s%2Fg%2F11ll20w40m!19sChIJdawm9_5bXz4RagtdSoNznyM?authuser=0&hl=en&rclk=1,google_maps,normal_scraper,alive,65,B,2026-07-13T18:55:03.223Z
Azumo,AI Development,https://azumo.com,hello@azumo.co,hello@azumo.co,,,https://www.linkedin.com/company/azumo-llc/,https://www.facebook.com/azumohq/,,4.8,12,,,,software-development?country=AE,https://www.designrush.com/agency/profile/azumo,designrush,cloak_browser,alive,65,B,2026-07-13T18:58:21.596Z
Bytes Technolab Inc.,AI Development,https://www.bytestechnolab.com/our-services/,hello@bytestechnolab.com,hello@bytestechnolab.com,,,https://in.linkedin.com/company/bytes-technolab/,https://www.facebook.com/bytestechnolabofficial/,https://www.instagram.com/bytestechnolabofficial/,4.9,15,,,,software-development?country=AE,https://www.designrush.com/agency/profile/bytes-technolab-inc,designrush,cloak_browser,alive,65,B,2026-07-13T18:58:21.596Z
LeanCode,Mobile App Development,https://leancode.co/,lukasz@leancode.pl,lukasz@leancode.pl; office@leancode.pl,,,https://www.linkedin.com/company/leancode,https://www.facebook.com/LeanCodePL/,https://www.instagram.com/leancode_pl/,5.0,20,,,,software-development?country=AE,https://www.designrush.com/agency/profile/leancode,designrush,cloak_browser,alive,65,B,2026-07-13T18:58:21.596Z
Phenomenon Studio,UI/UX Design,https://phenomenonstudio.com,hello@phenomenon-studio.com,hello@phenomenon-studio.com; polina@phenomenon-studio.com,,,https://www.linkedin.com/company/phenomenonstudio/,https://www.facebook.com/phenomenonstudio,https://www.instagram.com/phenomenon__studio,4.9,30,,,,software-development?country=AE,https://www.designrush.com/agency/profile/phenomenon-studio,designrush,cloak_browser,alive,65,B,2026-07-13T18:58:21.596Z
Fulminous Software,Software Development,https://fulminoussoftware.com/,info@fulminoussoftware.com,info@fulminoussoftware.com; hr@fulminoussoftware.com,,,https://www.linkedin.com/company/fulminous-software-solutions/,https://www.facebook.com/fulminoussoftware/,https://www.instagram.com/fulminous.software/,4.9,41,,,,software-development?country=AE,https://www.designrush.com/agency/profile/fulminous-software,designrush,cloak_browser,alive,65,B,2026-07-13T18:58:21.596Z
DevIT,eCommerce Development,https://devit.group/,hi@devit.group,hi@devit.group; support@devit.software,,,https://www.linkedin.com/company/devit-group/,https://www.facebook.com/devit.group,https://www.instagram.com/devit.group/,5.0,43,,,,software-development?country=AE,https://www.designrush.com/agency/profile/devit,designrush,cloak_browser,alive,65,B,2026-07-13T18:58:21.596Z
Inlogic IT Solutions LLC,Software company,https://inlogic.ae/,sales@inlogic.ae,sales@inlogic.ae,+971 4 295 5773,Al Durrah Building M06 - Al Garhoud - Dubai - United Arab Emirates,https://www.linkedin.com/company/inlogic-it-solutions/,https://www.facebook.com/inlogicIT/,https://www.instagram.com/inlogicae/,4.4,47,,,,IT companies in Dubai,https://www.google.com/maps/place/Inlogic+IT+Solutions+LLC/data=!4m7!3m6!1s0x3e5f5d192f025a13:0x4e6cb40986e96bf!8m2!3d25.2501266!4d55.3399004!16s%2Fg%2F11c2l1_r1p!19sChIJE1oCLxldXz4Rv5ZumEDL5gQ?authuser=0&hl=en&rclk=1,google_maps,normal_scraper,alive,64,B,2026-07-13T18:48:52.036Z
CANADA HITECH | تصميم وبرمجة تطبيقات الموبايل | متاجر الكترونية | تصميم مواقع,Software company,https://www.canadahitech.com/ar/,myname@gmail.com,myname@gmail.com,+971 50 631 9536,Office 217 Al Masood Building - 54 Al Maktoum Rd - Dubai - United Arab Emirates,,https://www.facebook.com/CANADAHiTECH.WebDesignDubai,https://www.instagram.com/canadahitech/,4.8,29,,,,tech companies in Dubai,https://www.google.com/maps/place/CANADA+HITECH+%7C+%D8%AA%D8%B5%D9%85%D9%8A%D9%85+%D9%88%D8%A8%D8%B1%D9%85%D8%AC%D8%A9+%D8%AA%D8%B7%D8%A8%D9%8A%D9%82%D8%A7%D8%AA+%D8%A7%D9%84%D9%85%D9%88%D8%A8%D8%A7%D9%8A%D9%84+%7C+%D9%85%D8%AA%D8%A7%D8%AC%D8%B1+%D8%A7%D9%84%D9%83%D8%AA%D8%B1%D9%88%D9%86%D9%8A%D8%A9+%7C+%D8%AA%D8%B5%D9%85%D9%8A%D9%85+%D9%85%D9%88%D8%A7%D9%82%D8%B9%E2%80%AD/data=!4m7!3m6!1s0x3e5f5c8b5181784d:0x879703a2364fc753!8m2!3d25.2591298!4d55.3242151!16s%2Fg%2F12qf__vhh!19sChIJTXiBUYtcXz4RU8dPNqIDl4c?authuser=0&hl=en&rclk=1,google_maps,normal_scraper,alive,64,B,2026-07-13T18:50:53.528Z
ALAS Technologies LLC - Zoho Partner & NFC Smart Business Card,Software company,https://www.alas-me.com/,ab@alas-me.com,ab@alas-me.com,+971 52 250 3962,Omeir Bin Yousaf Building - 171 Hamdan Bin Mohammed St - Al Danah - Zone 1 - Abu Dhabi - United Arab Emirates,,https://www.facebook.com/profile.php,https://www.instagram.com/alastechnologies/,4.9,33,,,,software development companies in Abu Dhabi,https://www.google.com/maps/place/ALAS+Technologies+LLC+-+Zoho+Partner+%26+NFC+Smart+Business+Card/data=!4m7!3m6!1s0x3e5e69933620821d:0xcaad62bd4c506425!8m2!3d24.4867872!4d54.3599317!16s%2Fg%2F11l1n4vyqz!19sChIJHYIgNpNpXj4RJWRQTL1irco?authuser=0&hl=en&rclk=1,google_maps,normal_scraper,alive,64,B,2026-07-13T18:51:55.961Z
Ubitech Global Solutions FZ-LLC,Software company,https://ubitechsolutions.com/,business@ubitechsolutions.com,business@ubitechsolutions.com,+971 55 552 4131,"1st Floor, Villa #3 - 130 Al Dustoor Street - Jumeirah 3 - Dubai - United Arab Emirates",,,,4.9,35,,,,IT companies in Dubai,https://www.google.com/maps/place/Ubitech+Global+Solutions+FZ-LLC/data=!4m7!3m6!1s0x3e5f6bf09efb2017:0xb182b6b93d4d11de!8m2!3d25.1812164!4d55.226413!16s%2Fg%2F11j4csptvx!19sChIJFyD7nvBrXz4R3hFNPbm2grE?authuser=0&hl=en&rclk=1,google_maps,normal_scraper,alive,63,B,2026-07-13T18:48:52.036Z
Tomsher Technologies LLC | Web Design Company Dubai | Digital Marketing,Website designer,https://www.tomsher.com/,,,+971 55 560 0966,Wafi Residence (M05 & GR3 - Oud Metha Rd - Umm Hurair Second - Dubai - United Arab Emirates,https://www.linkedin.com/company/tomsherllc,https://www.facebook.com/tomsherllc,https://instagram.com/tomsherllc,4.9,193,,,,web development agencies in Dubai,https://www.google.com/maps/place/Tomsher+Technologies+LLC+%7C+Web+Design+Company+Dubai+%7C+Digital+Marketing/data=!4m7!3m6!1s0x3e5f5d3616f6e899:0xf2df842cf46f09c7!8m2!3d25.2304035!4d55.3208276!16s%2Fg%2F11fz9wt6jk!19sChIJmej2FjZdXz4Rxwlv9CyE3_I?authuser=0&hl=en&rclk=1,google_maps,normal_scraper,,63,B,2026-07-13T18:49:52.127Z
Telelogix IT Services,Software company,http://www.telelogix.net/,info@telelogix.net,info@telelogix.net; nochelpdesk@telelogix.net; feedback@telelogix.net,+971 4 326 3236,49MP+26H - E311 - Nadd Hessa - Industrial Area - Dubai - United Arab Emirates,,https://www.facebook.com/sharer/sharer.php,,4.8,16,,,,tech companies in Dubai,https://www.google.com/maps/place/Telelogix+IT+Services/data=!4m7!3m6!1s0x3e5f641750bb58df:0x6dec98f95d17d0a!8m2!3d25.1325714!4d55.385619!16s%2Fg%2F11bbwrj66n!19sChIJ31i7UBdkXz4RCn3RlY_J3gY?authuser=0&hl=en&rclk=1,google_maps,normal_scraper,alive,63,B,2026-07-13T18:50:53.528Z
Digital Innovation Technology Company,Software company,https://digitalinnovation.ae/,contact@digitalinnovation.ae,contact@digitalinnovation.ae,,"Building No.1, Mezzanine M3 - بَيَاض - Hadbat Al Za`Faranah - Abu Dhabi - United Arab Emirates",https://www.linkedin.com/company/digitalinnovationtechnologycompany/,https://www.facebook.com/digitalinnovation.ae,https://www.instagram.com/digitalinnovation.ae/,4.7,44,,,,software development companies in Abu Dhabi,https://www.google.com/maps/place/Digital+Innovation+Technology+Company/data=!4m7!3m6!1s0x3e5e690961dd986f:0xe9f299c95a43fe30!8m2!3d24.4477956!4d54.4011961!16s%2Fg%2F11gjm9pv_5!19sChIJb5jdYQlpXj4RMP5DWsmZ8uk?authuser=0&hl=en&rclk=1,google_maps,normal_scraper,alive,63,B,2026-07-13T18:51:55.961Z
Micro Expertz Digital Marketing Agency Dubai,Internet marketing service,https://digitalmarketing.microexpertz.com/,john@company.com,john@company.com,+971 54 463 7128,34HP+JP Al Fattan Business Hub - Marsa Dubai - Dubai Marina - Dubai - United Arab Emirates,,,,5.0,93,,,,web development agencies in Sharjah,https://www.google.com/maps/place/Micro+Expertz+Digital+Marketing+Agency+Dubai/data=!4m7!3m6!1s0x3e5f5f09a6f5e693:0xa9f21e05ae0b13c8!8m2!3d25.0790625!4d55.1368125!16s%2Fg%2F11vk2fp2rz!19sChIJk-b1pglfXz4RyBMLrgUe8qk?authuser=0&hl=en&rclk=1,google_maps,normal_scraper,dead,63,B,2026-07-13T18:57:02.548Z
ELEKS,Software Development,https://eleks.com/,info@eleks.com,info@eleks.com,,,https://www.linkedin.com/company/eleks/,https://www.facebook.com/ELEKS.Software,,4.9,22,,,,software-development?country=AE,https://www.designrush.com/agency/profile/eleks,designrush,cloak_browser,alive,63,B,2026-07-13T18:58:21.596Z
Suffescom Solutions Inc,Mobile App Development,https://www.suffescom.com/custom-application-development,idea@suffescom.co,idea@suffescom.co,,,https://www.linkedin.com/company/suffescom,https://www.facebook.com/SuffescomSolutions,https://www.instagram.com/suffescom_solutions/,4.9,47,,,,software-development?country=AE,https://www.designrush.com/agency/profile/suffescom-solutions-inc,designrush,cloak_browser,alive,63,B,2026-07-13T18:58:21.596Z
Chop Dawg,Mobile App Development,https://www.chopdawg.com/,hello@chopdawg.com,hello@chopdawg.com,,,https://www.linkedin.com/company/chop-dawg-studios,https://www.facebook.com/chopdawgstudios/,https://www.instagram.com/chop_dawg/,4.9,35,,,,software-development?country=AE,https://www.designrush.com/agency/profile/chop-dawg,designrush,cloak_browser,alive,63,B,2026-07-13T18:58:21.596Z
Digital Silk,Web Design,https://www.digitalsilk.com/,info@digitalsilk.com,info@digitalsilk.com,,,https://www.linkedin.com/company/digitalsilk/,,https://www.instagram.com/digitalsilkagency,4.9,36,,,,software-development?country=AE,https://www.designrush.com/agency/profile/digital-silk,designrush,cloak_browser,alive,63,B,2026-07-13T18:58:21.596Z
TechTIQ Solutions,Software Development,https://techtiqsolutions.com,inquiry@techtiqsolutions.com,inquiry@techtiqsolutions.com,,,https://www.linkedin.com/company/techtiq-solutions-pte-ltd/,https://www.facebook.com/techtiqsolutions/,,5.0,44,,,,software-development?country=AE,https://www.designrush.com/agency/profile/techtiq-solutions,designrush,cloak_browser,alive,63,B,2026-07-13T18:58:21.596Z
Vinova,Software Development,https://vinova.sg,hello@vinova.sg,hello@vinova.sg,,,https://www.linkedin.com/company/vinova-sg,https://www.facebook.com/vinova.sg,,5.0,37,,,,software-development?country=AE,https://www.designrush.com/agency/profile/vinova,designrush,cloak_browser,alive,63,B,2026-07-13T18:58:21.596Z
Geomotiv,Software Development,https://geomotiv.com/,info@geomotiv.com,info@geomotiv.com,,,https://www.linkedin.com/company/geomotiv/,https://www.facebook.com/Geomotiv-109643033913643/,,5.0,33,,,,software-development?country=AE,https://www.designrush.com/agency/profile/geomotiv,designrush,cloak_browser,alive,63,B,2026-07-13T18:58:21.596Z
Baunfire,Web Design,https://www.baunfire.com/,hello@baunfire.com,hello@baunfire.com,,,https://www.linkedin.com/company/baunfire,https://www.facebook.com/wearebaunfire/,https://www.instagram.com/baunfire/,4.9,25,,,,web-development-companies?country=AE,https://www.designrush.com/agency/profile/baunfire,designrush,cloak_browser,alive,63,B,2026-07-13T18:58:27.713Z
ANML,Web Design,https://www.anml.com/,info@anml.com,info@anml.com,,,https://www.linkedin.com/company/anml,,https://instagram.com/anml,4.9,20,,,,web-development-companies?country=AE,https://www.designrush.com/agency/profile/anml,designrush,cloak_browser,alive,63,B,2026-07-13T18:58:27.713Z
Magneto IT Solutions,Digital Marketing,https://magnetoitsolutions.com/,info@magnetoitsolutions.com,info@magnetoitsolutions.com,,,https://www.linkedin.com/company/magneto-it-solutions/,https://www.facebook.com/magnetoitsolutions/,https://www.instagram.com/magnetoitsolutionsllc,5.0,35,,,,web-development-companies?country=AE,https://www.designrush.com/agency/profile/magneto-it-solutions,designrush,cloak_browser,alive,63,B,2026-07-13T18:58:27.713Z
DeviceBee Technologies | Best App Development Dubai,Software company,https://www.devicebee.com/,info@devicebee.com,info@devicebee.com,+971 52 519 5366,office 817 - Building 5 Al Manama St - Dubai Outsource City - Dubai - United Arab Emirates,,https://www.facebook.com/devicebee,https://www.instagram.com/devicebee/,4.1,41,,,,software companies in Dubai,https://www.google.com/maps/place/DeviceBee+Technologies+%7C+Best+App+Development+Dubai/data=!4m7!3m6!1s0x3e5f643e27bfe293:0x41b0221768fac45b!8m2!3d25.1704233!4d55.3360832!16s%2Fg%2F12hmyxsgm!19sChIJk-K_Jz5kXz4RW8T6aBcisEE?authuser=0&hl=en&rclk=1,google_maps,normal_scraper,alive,62,B,2026-07-13T18:47:51.444Z
"Centre Source | Software Company in Abu Dhabi | App Development in Abu Dhabi, UAE",Software company,http://centresource.in/,hr@centresource.in,hr@centresource.in; info@centresource.in,,"Afaq Al Khaleej Addax Tower, City of Lights Al Reem Island, Office No 3902 - 3903 - Abu Dhabi - United Arab Emirates",https://in.linkedin.com/company/centresourcecs,https://www.facebook.com/centresourcecs/,https://www.instagram.com/centresourcecs/,4.7,12,,,,software development companies in Abu Dhabi,"https://www.google.com/maps/place/Centre+Source+%7C+Software+Company+in+Abu+Dhabi+%7C+App+Development+in+Abu+Dhabi,+UAE/data=!4m7!3m6!1s0x3e5e67d8317f17db:0xac8b6cd925fae2c8!8m2!3d24.4989635!4d54.4031336!16s%2Fg%2F11p6cn60lz!19sChIJ2xd_MdhnXj4RyOL6Jdlsi6w?authuser=0&hl=en&rclk=1",google_maps,normal_scraper,alive,62,B,2026-07-13T18:51:55.961Z
TADKEER INFORMATION SOLUTION,Software company,https://tadkeer.ae/,info@aipsoft.com,info@aipsoft.com; info@tadkeer.ae,+971 2 650 0160,"Mazyad Mall, Abu Dhabi Musaffah, 79th St Tower 01, 4th floor, Office #425 - Abu Dhabi - United Arab Emirates",,,,4.6,42,,,,IT services companies in Abu Dhabi,https://www.google.com/maps/place/TADKEER+INFORMATION+SOLUTION/data=!4m7!3m6!1s0x3e5e38a6de417229:0x5ea4b05b0bd34b90!8m2!3d24.373153!4d54.5369449!16s%2Fg%2F11g8shtkdr!19sChIJKXJB3qY4Xj4RkEvTC1uwpF4?authuser=0&hl=en&rclk=1,google_maps,normal_scraper,alive,62,B,2026-07-13T18:53:00.336Z
TouchZen,Mobile App Development,https://www.touchzen.ai/,hello@trifecta.agency,hello@trifecta.agency; cyrus@touchzenmedia.com,,,https://www.linkedin.com/company/touchzen-media/,,https://www.instagram.com/touchzenmedia/,4.7,5,,,,software-development?country=AE,https://www.designrush.com/agency/profile/touchzen,designrush,cloak_browser,alive,62,B,2026-07-13T18:58:21.596Z
Offshore Development Center,Software Development,https://offshoredevelopment.center,hire@offshoredevelopment.center,hire@offshoredevelopment.center,,,https://www.linkedin.com/company/offshore-development-center/about/,,,5.0,30,,,,software-development?country=AE,https://www.designrush.com/agency/profile/offshore-development-center,designrush,cloak_browser,alive,62,B,2026-07-13T18:58:21.596Z
Bits Orchestra,Software Development,https://bitsorchestra.com,sales@bitsorchestra.com,sales@bitsorchestra.com; info@bitsorchestra.com,,,https://www.linkedin.com/in/romanhutnyk/,https://www.facebook.com/bitsorchestra/,https://www.instagram.com/bitsorchestra/,4.8,5,,,,web-development-companies?country=AE,https://www.designrush.com/agency/profile/bits-orchestra,designrush,cloak_browser,alive,62,B,2026-07-13T18:58:27.713Z
Acuity Infotech - Cloud software development company in Dubai,Software company,https://www.acuity.ae/,info@acuity.ae,info@acuity.ae,+971 56 147 6076,A5 DDP - Nadd Hessa - Dubai Silicon Oasis - Dubai - United Arab Emirates,https://www.linkedin.com/company/acuity-infotech,,,3.8,5,,,,IT companies in Dubai,https://www.google.com/maps/place/Acuity+Infotech+-+Cloud+software+development+company+in+Dubai/data=!4m7!3m6!1s0x3e5f643f6b9bb873:0x4a1d9b54c19e0fdc!8m2!3d25.1200229!4d55.3773477!16s%2Fg%2F11c6cfqvc4!19sChIJc7ibaz9kXz4R3A-ewVSbHUo?authuser=0&hl=en&rclk=1,google_maps,normal_scraper,alive,61,B,2026-07-13T18:48:52.036Z
Telikos IT Services LLC,Software company,http://www.dartpos.com/,sales@telikosit.com,sales@telikosit.com,+971 2 491 1246,412 Hamdan Bin Mohammed St - Al Danah - Zone 1 - Abu Dhabi - United Arab Emirates,,https://www.facebook.com/DARTPOS/,https://www.instagram.com/dartpos2019/,4.9,18,,,,software development companies in Abu Dhabi,https://www.google.com/maps/place/Telikos+IT+Services+LLC/data=!4m7!3m6!1s0x3e5e676182627507:0xcc0db981398a0a70!8m2!3d24.4867448!4d54.359592!16s%2Fg%2F11fmxth_9t!19sChIJB3VigmFnXj4RcAqKOYG5Dcw?authuser=0&hl=en&rclk=1,google_maps,normal_scraper,alive,61,B,2026-07-13T18:51:55.961Z
Galaxy The World of Services FZC,Website designer,http://www.galaxytwos.com/,info@galaxytwos.com,info@galaxytwos.com,+971 55 553 4821,"Saif Zone, Sharjah, 122773 - Sharjah - United Arab Emirates",,http://www.facebook.com/pages/Galaxy-TWOS/130013197031926,,5.0,11,,,,web development agencies in Sharjah,https://www.google.com/maps/place/Galaxy+The+World+of+Services+FZC/data=!4m7!3m6!1s0x3ef5f5eda3cfffff:0xaf40bbd372f90731!8m2!3d25.3373714!4d55.4818795!16s%2Fg%2F11dzw4xyp6!19sChIJ___Po-319T4RMQf5ctO7QK8?authuser=0&hl=en&rclk=1,google_maps,normal_scraper,alive,61,B,2026-07-13T18:57:02.548Z
LRB INFO TECH (Best Website Design | Web Development | Mobile Application Development | Digital Marketing |Company in UAE),Website designer,https://lrbinfotech.com/,info@lrbinfotech.com,info@lrbinfotech.com,+971 56 816 9578,"Office no- 873, Floor No- 8, Al Ghaith Tower,(opposite to ADCB BANK Hamdan Street Abu dhabi - Abu Dhabi - United Arab Emirates",,,,4.6,45,,,,software development companies in Abu Dhabi,https://www.google.com/maps/place/LRB+INFO+TECH+%28Best+Website+Design+%7C+Web+Development+%7C+Mobile+Application+Development+%7C+Digital+Marketing+%7CCompany+in+UAE%29/data=!4m7!3m6!1s0x3e5e673c2d2ae4f5:0x27f86f27f04b128!8m2!3d24.4908877!4d54.3638712!16s%2Fg%2F11fqksznc2!19sChIJ9eQqLTxnXj4RKLEEf_KGfwI?authuser=0&hl=en&rclk=1,google_maps,normal_scraper,alive,60,B,2026-07-13T18:51:55.961Z
Adetive Software Solutions,Software company,https://www.adetive.ae/,team@adetive.com,team@adetive.com,+971 56 191 4656,"VAPPAS ADETIVE TECHNOLOGY LLC Mazyad Mall, Business Tower 1 - Mohamed Bin Zayed City - Floor 11 - Abu Dhabi - United Arab Emirates",,,,4.8,10,,,,software development companies in Abu Dhabi,https://www.google.com/maps/place/Adetive+Software+Solutions/data=!4m7!3m6!1s0xde8083ce1c8d56d:0x4f791703e4ff9b!8m2!3d24.3734125!4d54.5369871!16s%2Fg%2F11y3p83qnq!19sChIJbdXI4TwI6A0Rm__kAxd5TwA?authuser=0&hl=en&rclk=1,google_maps,normal_scraper,alive,60,B,2026-07-13T18:51:55.961Z
Vigil Technologies LLC,Software company,http://www.vigil.ae/,info@vigil.ae,info@vigil.ae,+971 2 447 7188,"Al Jazeera Club - 34, Skybox - Muroor Rd - Abu Dhabi - United Arab Emirates",,,,4.9,16,,,,tech companies in Abu Dhabi,https://www.google.com/maps/place/Vigil+Technologies+LLC/data=!4m7!3m6!1s0x3e5e663f76333db7:0x63bb14b788e960e9!8m2!3d24.4533461!4d54.3913848!16s%2Fg%2F11ggzmkbhy!19sChIJtz0zdj9mXj4R6WDpiLcUu2M?authuser=0&hl=en&rclk=1,google_maps,normal_scraper,alive,60,B,2026-07-13T18:54:04.622Z
TRIARE,Mobile App Development,https://triare.net/,welcome@triare.net,welcome@triare.net,,,https://www.linkedin.com/uas/login,https://www.facebook.com/TriareTeam/,https://www.instagram.com/triare.team/,4.9,10,,,,software-development?country=AE,https://www.designrush.com/agency/profile/triare,designrush,cloak_browser,alive,60,B,2026-07-13T18:58:21.596Z
Yalantis,IoT,https://yalantis.com,hello@yalantis.com,hello@yalantis.com,,,https://www.linkedin.com/company/yalantis,,https://www.instagram.com/yalantis/,4.6,3,,,,software-development?country=AE,https://www.designrush.com/agency/profile/yalantis,designrush,cloak_browser,alive,60,B,2026-07-13T18:58:21.596Z
Lounge Lizard,Web Development,https://www.loungelizard.com/,sales@loungelizard.com,sales@loungelizard.com,,,https://www.linkedin.com/company/lounge-lizard-worldwide-inc.,https://www.facebook.com/pages/Lounge-Lizard-Worldwide-Inc/43528043595,https://www.instagram.com/loungelizardww/,4.8,10,,,,web-development-companies?country=AE,https://www.designrush.com/agency/profile/lounge-lizard,designrush,cloak_browser,alive,60,B,2026-07-13T18:58:27.713Z
Doodle N Dash,Web Development,https://doodlendash.com,info@doodlendash.com,info@doodlendash.com,,,https://www.linkedin.com/in/doodle-n-dash-847517324,https://www.facebook.com/DoodleNDash/,https://www.instagram.com/thedoodlendash,4.8,8,,,,web-development-companies?country=AE,https://www.designrush.com/agency/profile/doodle-n-dash,designrush,cloak_browser,alive,60,B,2026-07-13T18:58:27.713Z
DigitlHaus Agency,Web Design,https://www.digitlhaus.com/,info@digitlhaus.com,info@digitlhaus.com,,,https://www.linkedin.com/company/digitlhaus-agency,https://www.facebook.com/digitlhaus,https://www.instagram.com/digitlhaus,4.8,7,,,,web-development-companies?country=AE,https://www.designrush.com/agency/profile/digitlhaus-agency,designrush,cloak_browser,alive,60,B,2026-07-13T18:58:27.713Z
ZERO NEGATIVE,Web Development,https://zeronegative.net/,info@zeronegative.net,info@zeronegative.net,,,https://www.linkedin.com/company/zeronegative,https://www.facebook.com/ZeroNegativeDesign,,4.9,10,,,,web-development-companies?country=AE,https://www.designrush.com/agency/profile/zero-negative,designrush,cloak_browser,alive,60,B,2026-07-13T18:58:27.713Z
PHPflock - Freelance Web Developer in Sharjah,Website designer,https://phpflock.com/,support@phpflock.com,support@phpflock.com,+971 50 466 7940,Build no 13 - Bu Shaghara - Hay Al Qasimiah - Sharjah - United Arab Emirates,,,https://instagram.com/PHPflock,5.0,1,,,,web development agencies in Sharjah,https://www.google.com/maps/place/PHPflock+-+Freelance+Web+Developer+in+Sharjah/data=!4m7!3m6!1s0x3e5f5b6c4c60bfc1:0x8bef6bca807e3b26!8m2!3d25.3380149!4d55.3926519!16s%2Fg%2F11ml2jh50q!19sChIJwb9gTGxbXz4RJjt-gMpr74s?authuser=0&hl=en&rclk=1,google_maps,normal_scraper,alive,59,B,2026-07-13T18:57:02.548Z
Sketch Development Services,Software Development,https://www.sketchdev.io/designrush,info@sketchdev.io,info@sketchdev.io,,,https://www.linkedin.com/company/sketch-development-services,,,4.8,8,,,,software-development?country=AE,https://www.designrush.com/agency/profile/sketch-development-services,designrush,cloak_browser,alive,59,B,2026-07-13T18:58:21.596Z
Vention,Software Development,https://ventionteams.com/,hello@ventionteams.com,hello@ventionteams.com; vendors.partnership@ventionteams.com; careers@ventionteams.com,,,https://www.linkedin.com/company/ventionteams/,,https://www.instagram.com/ventionteams/,4.6,6,,,,software-development?country=AE,https://www.designrush.com/agency/profile/vention,designrush,cloak_browser,alive,59,B,2026-07-13T18:58:21.596Z
Dotlogics Inc.,Web Design,https://www.dotlogics.com/services/digital-experience-and-websites,contact@dotlogics.com,contact@dotlogics.com,,,https://www.linkedin.com/company/dotlogics-inc-,,,4.9,16,,,,web-development-companies?country=AE,https://www.designrush.com/agency/profile/dotlogics-inc,designrush,cloak_browser,alive,59,B,2026-07-13T18:58:27.713Z
IT Monks Agency,WordPress Website Design,https://itmonks.com/,info@itmonks.com,info@itmonks.com,,,https://www.linkedin.com/in/aosmichenko/,,,4.9,19,,,,web-development-companies?country=AE,https://www.designrush.com/agency/profile/it-monks-agency,designrush,cloak_browser,alive,59,B,2026-07-13T18:58:27.713Z
Website development in Sharjah,Software company,http://www.alshamsgroup.com/,info@alshamsgroup.com,info@alshamsgroup.com,+971 52 750 1296,89W9+23V - Al Meena St - Al Khalidiya District - Sharjah - United Arab Emirates,,,,5.0,1,,,,web development agencies in Sharjah,https://www.google.com/maps/place/Website+development+in+Sharjah/data=!4m7!3m6!1s0x3e5f5bec8fba2c19:0x49ef9aee6b223cbd!8m2!3d25.3451059!4d55.3676599!16s%2Fg%2F11hzxvbs0t!19sChIJGSy6j-xbXz4RvTwia-6a70k?authuser=0&hl=en&rclk=1,google_maps,normal_scraper,alive,58,B,2026-07-13T18:57:02.548Z
VOVA,WordPress Website Design,https://vovacreative.co.uk,info@vovacreative.co.uk,info@vovacreative.co.uk,,,,,,5.0,92,,,,web-development-companies?country=AE,https://www.designrush.com/agency/profile/vova,designrush,cloak_browser,alive,58,B,2026-07-13T18:58:27.713Z
Jeremy McGilvrey,Web Design,https://www.jeremymcgilvrey.com,hi@jeremymcgilvrey.com,hi@jeremymcgilvrey.com,,,,,,5.0,54,,,,web-development-companies?country=AE,https://www.designrush.com/agency/profile/jeremy-mcgilvrey,designrush,cloak_browser,alive,58,B,2026-07-13T18:58:27.713Z
Momentum Tech and Consultancy,Software company,https://momentumtech.ae/,info@momentumtech.ae,info@momentumtech.ae,+971 52 732 6003,Ath Thiqah 2 St - Musaffah - M17 - Abu Dhabi - United Arab Emirates,,https://www.facebook.com/momentumtech.ae,https://www.instagram.com/momentumtech.ae,4.2,22,,,,software development companies in Abu Dhabi,https://www.google.com/maps/place/Momentum+Tech+and+Consultancy/data=!4m7!3m6!1s0x3e5e67bf831dac7d:0xd703c059e73b844a!8m2!3d24.3641695!4d54.4912098!16s%2Fg%2F11pc0rsb4y!19sChIJfawdg79nXj4RSoQ751nAA9c?authuser=0&hl=en&rclk=1,google_maps,normal_scraper,alive,57,B,2026-07-13T18:51:55.961Z
Right Information Tech Solutions,Software company,http://www.righterp.com/,uae@righterp.com,uae@righterp.com,+971 6 573 8433,"Road Dubai Islamic Bank Building, Block C - King Abdul Aziz St - Al Nad - Hay Al Qasimiah - Sharjah - United Arab Emirates",https://www.linkedin.com/company/right-it-solutions-shrajah,https://www.facebook.com/RightERP,,3.9,9,,,,IT companies in Sharjah,https://www.google.com/maps/place/Right+Information+Tech+Solutions/data=!4m7!3m6!1s0x3e5f5bc51682e473:0x66da98695f1b32fe!8m2!3d25.347389!4d55.3887867!16s%2Fg%2F11bbwpmd4r!19sChIJc-SCFsVbXz4R_jIbX2mY2mY?authuser=0&hl=en&rclk=1,google_maps,normal_scraper,alive,57,B,2026-07-13T18:56:03.046Z
Pixelette Technologies,Software Development,https://www.pixelettetech.com,jane@company.com,jane@company.com; sales@pixelettetech.com,,,https://www.linkedin.com/company/pixelettetechnologies/,https://www.facebook.com/pixelette.technologies,https://www.instagram.com/pixelettetechnologies/,4.9,27,,,,software-development?country=AE,https://www.designrush.com/agency/profile/pixelette-technologies,designrush,cloak_browser,dead,57,B,2026-07-13T18:58:21.596Z
AdAgency. ( Technologies ) - Website Design & Development Company in Dubai - UAE,Website designer,https://www.adatechnologies.com/,,,+971 54 581 7111,Opp:Hyatt Regency - Al Murar - Deira - Dubai - United Arab Emirates,https://www.linkedin.com/company/adatechnologies/,https://www.facebook.com/adatechnologies,https://www.instagram.com/adatechnologies/,5.0,26,,,,web development agencies in Dubai,https://www.google.com/maps/place/AdAgency.+%28+Technologies+%29+-+Website+Design+%26+Development+Company+in+Dubai+-+UAE/data=!4m7!3m6!1s0x3e5f43ef246d6423:0xbc6e245cf4e740b6!8m2!3d25.2775421!4d55.3071618!16s%2Fg%2F11ldd02gnf!19sChIJI2RtJO9DXz4RtkDn9Fwkbrw?authuser=0&hl=en&rclk=1,google_maps,normal_scraper,,56,B,2026-07-13T18:49:52.127Z
Hooman Studio,Mobile App Development,https://hooman.com,hello@hooman.com,hello@hooman.com,,,,,https://www.instagram.com/wearehoooman,5.0,36,,,,software-development?country=AE,https://www.designrush.com/agency/profile/hooman-studio,designrush,cloak_browser,alive,56,B,2026-07-13T18:58:21.596Z
Net-Craft.com,Mobile App Development,https://www.net-craft.com/mobile-app-development/,connect@netcraftmedia.com,connect@netcraftmedia.com,,,,https://www.facebook.com/netcraftmedia,https://www.instagram.com/netcraftmedia/,4.9,22,,,,web-development-companies?country=AE,https://www.designrush.com/agency/profile/net-craft-com,designrush,cloak_browser,alive,56,B,2026-07-13T18:58:27.713Z
UPQODE,Web Design,https://upqode.com,projects@upqode.com,projects@upqode.com,,,,https://www.facebook.com/upqode,https://www.instagram.com/upqode/,4.9,23,,,,web-development-companies?country=AE,https://www.designrush.com/agency/profile/upqode,designrush,cloak_browser,alive,56,B,2026-07-13T18:58:27.713Z
Cheesecake Labs,Mobile App Development,https://cheesecakelabs.ai/,info@cheesecakelabs.com,info@cheesecakelabs.com,,,,,,5.0,35,,,,software-development?country=AE,https://www.designrush.com/agency/profile/cheesecake-labs,designrush,cloak_browser,alive,55,B,2026-07-13T18:58:21.596Z
Bilberrry,Web Development,https://www.bilberrry.com/,info@bilberrry.com,info@bilberrry.com,,,,,,4.9,28,,,,software-development?country=AE,https://www.designrush.com/agency/profile/bilberrry,designrush,cloak_browser,alive,55,B,2026-07-13T18:58:21.596Z
Awesome Website Guys,Web Development,https://awesomewebsiteguys.com/,info@awesomewebsiteguys.com,info@awesomewebsiteguys.com,,,,,,5.0,49,,,,web-development-companies?country=AE,https://www.designrush.com/agency/profile/awesome-website-guys,designrush,cloak_browser,alive,55,B,2026-07-13T18:58:27.713Z
Design In DC,Web Development,https://designindc.com/,review-slide-4@1x.avif,review-slide-4@1x.avif; review-slide-3@1x.avif,,,https://www.linkedin.com/company/designindc/,https://www.facebook.com/designindc,https://www.instagram.com/designindc/,4.8,10,,,,web-development-companies?country=AE,https://www.designrush.com/agency/profile/design-in-dc,designrush,cloak_browser,dead,54,C,2026-07-13T18:58:27.713Z
Osom Studio,WordPress Website Design,https://www.osomstudio.com,office@osomstudio.com,office@osomstudio.com,,,https://www.linkedin.com/company/osom-studio,,,4.6,3,,,,web-development-companies?country=AE,https://www.designrush.com/agency/profile/osom-studio,designrush,cloak_browser,alive,54,C,2026-07-13T18:58:27.713Z
Software Company In Dubai - Techasoft Pvt. Ltd.,Software company,https://www.techasoft.com/software-development-company-in-dubai,,,+971 50 755 7789,"Meena Bazar, Cosmos Lane - near Dubai Museum - Bur Dubai - Al Souq Al Kabeer - Dubai - United Arab Emirates",https://in.linkedin.com/company/techasoft-pvt-ltd,https://www.facebook.com/techasoft/,https://www.instagram.com/techasoft_pvt_ltd/,5.0,6,,,,software companies in Dubai,https://www.google.com/maps/place/Software+Company+In+Dubai+-+Techasoft+Pvt.+Ltd./data=!4m7!3m6!1s0x3e5f43ee1516bbf7:0x4bc22eab443e463a!8m2!3d25.2624128!4d55.2935901!16s%2Fg%2F11scmzxh8p!19sChIJ97sWFe5DXz4ROkY-RKsuwks?authuser=0&hl=en&rclk=1,google_maps,normal_scraper,,53,C,2026-07-13T18:47:51.444Z
Browser Media Web Design Company Dubai,Website designer,http://www.browser.ae/,,,+971 50 872 8768,"Office 1402, City Tower - 2 Sheikh Zayed Rd - Trade Center First - Dubai - United Arab Emirates",https://www.linkedin.com/company/browserae/,https://www.facebook.com/browser.ae,https://www.instagram.com/browser.ae/,4.7,15,,,,web development agencies in Dubai,https://www.google.com/maps/place/Browser+Media+Web+Design+Company+Dubai/data=!4m7!3m6!1s0x3e5f5d1f0a361fab:0x572fb99052e18962!8m2!3d25.2192389!4d55.2799002!16s%2Fg%2F12cp73wbh!19sChIJqx82Ch9dXz4RYonhUpC5L1c?authuser=0&hl=en&rclk=1,google_maps,normal_scraper,,53,C,2026-07-13T18:49:52.127Z
Mobile App Development Company Abu Dhabi | Game App Development Company | Hire Blockchain Developers | Trango Tech,Software company,https://locations.trangotech.com/mobile-app-development-company-in-abu-dhabi/?utm_source=gmb&utm_medium=local&utm_campaign=abu-dhabi,,,+971 4 581 3629,CI Tower - 7th Floor - Al Khalidiyah St - Abu Dhabi - United Arab Emirates,https://www.linkedin.com/company/trangotech/,https://www.facebook.com/trangotech,https://www.instagram.com/trango_tech/,5.0,5,,,,software development companies in Abu Dhabi,https://www.google.com/maps/place/Mobile+App+Development+Company+Abu+Dhabi+%7C+Game+App+Development+Company+%7C+Hire+Blockchain+Developers+%7C+Trango+Tech/data=!4m7!3m6!1s0x3e5e656e6c774929:0x1920fd2c2a26922a!8m2!3d24.4684959!4d54.3390145!16s%2Fg%2F11mlch4kg1!19sChIJKUl3bG5lXj4RKpImKiz9IBk?authuser=0&hl=en&rclk=1,google_maps,normal_scraper,,53,C,2026-07-13T18:51:55.961Z
Webnet Technologies LLC,Software company,http://www.webnetech.com/,info@webnetech.com,info@webnetech.com,+971 55 314 8022,Behind FAB Bank - Khalifa Bin Zayed The First St - Al Danah - Zone 1 - Abu Dhabi - United Arab Emirates,https://www.linkedin.com/company/13636298/,https://www.facebook.com/webnetechuae,https://www.instagram.com/webnetech/,4.2,13,,,,software development companies in Abu Dhabi,https://www.google.com/maps/place/Webnet+Technologies+LLC/data=!4m7!3m6!1s0x3e5e68632cb17dbd:0x2af90b96ef0d5f2e!8m2!3d24.4910088!4d54.3615184!16s%2Fg%2F11hczf18fj!19sChIJvX2xLGNoXj4RLl8N75YL-So?authuser=0&hl=en&rclk=1,google_maps,normal_scraper,dead,53,C,2026-07-13T18:51:55.961Z
Pagepro,Web Development,https://pagepro.co,chris@pagepro.co,chris@pagepro.co; hello@pagepro.co; sales@pagepro.co,,,https://www.linkedin.com/company/pagepro/,https://www.facebook.com/thisispagepro,https://www.instagram.com/pagepro_/,4.3,2,,,,web-development-companies?country=AE,https://www.designrush.com/agency/profile/pagepro,designrush,cloak_browser,alive,53,C,2026-07-13T18:58:27.713Z
Use All Five,Digital Services,https://useallfive.com,hello@useallfive.com,hello@useallfive.com,,,,https://www.facebook.com/useallfive,https://www.instagram.com/useallfive/,4.8,5,,,,web-development-companies?country=AE,https://www.designrush.com/agency/profile/use-all-five,designrush,cloak_browser,alive,53,C,2026-07-13T18:58:27.713Z
Code & Co - Web Design and Digital Marketing Company,Website designer,https://www.codeandco.ae/,info@codeandco.ae,info@codeandco.ae,,The Bayswater by Omniyat - 1408 - Marasi Dr - Business Bay - Dubai - United Arab Emirates,,,,4.5,25,,,,web development agencies in Dubai,https://www.google.com/maps/place/Code+%26+Co+-+Web+Design+and+Digital+Marketing+Company/data=!4m7!3m6!1s0x3e5f69d22ee045e7:0x580c4fbedc361630!8m2!3d25.1842409!4d55.2637447!16s%2Fg%2F11b7lpd_22!19sChIJ50XgLtJpXz4RMBY23L5PDFg?authuser=0&hl=en&rclk=1,google_maps,normal_scraper,alive,52,C,2026-07-13T18:49:52.127Z
Trajectory Web Design,Web Design,https://www.trajectorywebdesign.com/,hello@trajectorywebdesign.com,hello@trajectorywebdesign.com,,,,,,4.8,8,,,,web-development-companies?country=AE,https://www.designrush.com/agency/profile/trajectory-web-design,designrush,cloak_browser,alive,52,C,2026-07-13T18:58:27.713Z
XL Technologies FZE,Website designer,http://xltechglobal.com/,,,+971 6 557 8975,Sharjah International Airport - Saif Zone - Sharjah - United Arab Emirates,https://www.linkedin.com/company/xltechnologies/,https://www.facebook.com/XLTechnologies/,https://www.instagram.com/xltechnologies/,4.8,39,,,,web development agencies in Sharjah,https://www.google.com/maps/place/XL+Technologies+FZE/data=!4m7!3m6!1s0x3e5f58ad9bddbc6b:0xcb738b74121137c6!8m2!3d25.3374943!4d55.4814164!16s%2Fg%2F11g8ngqxmn!19sChIJa7zdm61YXz4RxjcREnSLc8s?authuser=0&hl=en&rclk=1,google_maps,normal_scraper,,51,C,2026-07-13T18:57:02.548Z
Anadea,Mobile App Development,https://anadea.info/free-project-estimate,contact@anadeainc.com,contact@anadeainc.com,,,https://www.linkedin.com/in/irina-lukianova-ukraine/,,https://www.instagram.com/anadea_info,4.3,1,,,,software-development?country=AE,https://www.designrush.com/agency/profile/anadea,designrush,cloak_browser,alive,51,C,2026-07-13T18:58:21.596Z
GeekyAnts,Mobile App Development,https://geekyants.com,info@geekyants.com,info@geekyants.com,,,https://www.linkedin.com/company/geekyants-software-pvt-ltd/,,https://www.instagram.com/geekyantsofficial/,4.3,1,,,,web-development-companies?country=AE,https://www.designrush.com/agency/profile/geekyants,designrush,cloak_browser,alive,51,C,2026-07-13T18:58:27.713Z
WEBME INFORMATION TECHNOLOGY,Computer consultant,https://webmedigital.com/,,,+971 56 729 5834,Dar Alsalam Building office - Corniche St - Al Danah - Zone 1 - Abu Dhabi - United Arab Emirates,,,,4.8,115,,,,software development companies in Abu Dhabi,https://www.google.com/maps/place/WEBME+INFORMATION+TECHNOLOGY/data=!4m7!3m6!1s0x3e5e39287a5e0b6b:0xa65d5058957df9e3!8m2!3d24.4895618!4d54.3546752!16s%2Fg%2F11mxqw7d67!19sChIJawteeig5Xj4R4_l9lVhQXaY?authuser=0&hl=en&rclk=1,google_maps,normal_scraper,,50,C,2026-07-13T18:51:55.961Z
Novanod IT,Computer networking service,https://www.novanodit.com/,,,+971 55 675 0444,Musaffah - Musaffah Industrial - Abu Dhabi - United Arab Emirates,,,,5.0,127,,,,IT services companies in Abu Dhabi,https://www.google.com/maps/place/Novanod+IT/data=!4m7!3m6!1s0x3e5e4173ccd58f1f:0xa2ef1dc234d0ca72!8m2!3d24.3683318!4d54.5181872!16s%2Fg%2F11j2mmrkh6!19sChIJH4_VzHNBXj4RcsrQNMId76I?authuser=0&hl=en&rclk=1,google_maps,normal_scraper,,50,C,2026-07-13T18:53:00.336Z
Unique Soft Network & IT Solutions,Software company,http://www.uniquesoft.ae/,office@tecnologia.com,office@tecnologia.com; ahameed@uniquesoft.ae; abdulrehman@uniquesoft.ae,+971 2 634 5366,F9H5+W97 - Zayed The First St - Al Hisn - W4 - Abu Dhabi - United Arab Emirates,https://www.linkedin.com/company/unique-soft/,,,3.9,10,,,,IT services companies in Abu Dhabi,https://www.google.com/maps/place/Unique+Soft+Network+%26+IT+Solutions/data=!4m7!3m6!1s0x3e5e666d92e96dbf:0xe1db0562db418b82!8m2!3d24.479777!4d54.358425!16s%2Fg%2F11b782lbh4!19sChIJv23pkm1mXj4RgotB22IF2-E?authuser=0&hl=en&rclk=1,google_maps,normal_scraper,dead,50,C,2026-07-13T18:53:00.336Z
Digital Gravity | Web Design Development Company Dubai UAE,Website designer,https://www.digitalgravity.ae/?utm_source=gbpae,,,+971 4 395 9585,The Curve - Office M-13 - Building Sheikh Zayed Rd - Al Qouz Third - Dubai - United Arab Emirates,https://www.linkedin.com/company/dgravityagency/,https://www.facebook.com/dgravityagency/,https://www.instagram.com/dgravityagency/,4.4,44,,,,web development agencies in Dubai,https://www.google.com/maps/place/Digital+Gravity+%7C+Web+Design+Development+Company+Dubai+UAE/data=!4m7!3m6!1s0x3e5f6b9777b61147:0x9723b8128f399e24!8m2!3d25.1630127!4d55.234946!16s%2Fg%2F11flqrn9cr!19sChIJRxG2d5drXz4RJJ45jxK4I5c?authuser=0&hl=en&rclk=1,google_maps,normal_scraper,,49,C,2026-07-13T18:49:52.127Z
Dubai Leading Technologies,Software company,https://www.dubaileadingtech.com/,,,+971 4 397 8880,Business Center - Office 303 - Khalid Bin Al Waleed Rd - opposite Burjman Center - Al Hamriya - Dubai - United Arab Emirates,https://www.linkedin.com/company/dubai-leading-technologies/,https://www.facebook.com/dubaileadingtech,https://www.instagram.com/dubaileadingtech,4.2,33,,,,tech companies in Dubai,https://www.google.com/maps/place/Dubai+Leading+Technologies/data=!4m7!3m6!1s0x3e5f432ef86da901:0xe4826dd1ff6b0c77!8m2!3d25.2558812!4d55.3032915!16s%2Fg%2F1hm3lgsq1!19sChIJAalt-C5DXz4Rdwxr_9FtguQ?authuser=0&hl=en&rclk=1,google_maps,normal_scraper,,49,C,2026-07-13T18:50:53.528Z
Odex Cloud Technologies L.L.C | Workshop Software Dubai | Auto Garage Software | ERP Software | Accounting Software,Software company,http://odex.ae/,,,+971 55 980 7758,Mai Tower - 1304 - Al Nahda First - Dubai - United Arab Emirates,,,,5.0,32,,,,software companies in Dubai,https://www.google.com/maps/place/Odex+Cloud+Technologies+L.L.C+%7C+Workshop+Software+Dubai+%7C+Auto+Garage+Software+%7C+ERP+Software+%7C+Accounting+Software/data=!4m7!3m6!1s0x744b2d02d0bfc23:0xc00fdf468f8e6aed!8m2!3d25.2879542!4d55.3652105!16s%2Fg%2F11yqvpqk61!19sChIJI_wLLdCyRAcR7WqOj0bfD8A?authuser=0&hl=en&rclk=1,google_maps,normal_scraper,,48,C,2026-07-13T18:47:51.444Z
Impala Intech UAE - Software Development Agency,Software company,https://impalaintech.com/,,,+971 55 345 7852,Digital Park - A5 Building - Nadd Hessa - Dubai Silicon Oasis - Dubai - United Arab Emirates,https://www.linkedin.com/in/earteza/,https://www.facebook.com/impalaintech,https://www.instagram.com/impalaintech,4.7,15,,,,software companies in Dubai,https://www.google.com/maps/place/Impala+Intech+UAE+-+Software+Development+Agency/data=!4m7!3m6!1s0x3e5f65c979e835bf:0xdc460f15e85e9629!8m2!3d25.1201775!4d55.3779436!16s%2Fg%2F11v5gm7064!19sChIJvzXoecllXz4RKZZe6BUPRtw?authuser=0&hl=en&rclk=1,google_maps,normal_scraper,,48,C,2026-07-13T18:47:51.444Z
"Equinox Software Solutions: ERP, Retail, CRM, HRMS, eCommerce, Logistics",Software company,,,,+971 50 459 9540,"Bldg, Bank Street - 206 - nr. Burjuman Metro - Bur Dubai - Dubai - United Arab Emirates",,,,4.9,91,,,,IT companies in Dubai,"https://www.google.com/maps/place/Equinox+Software+Solutions:+ERP,+Retail,+CRM,+HRMS,+eCommerce,+Logistics/data=!4m7!3m6!1s0x3e5f433cafc33bb9:0x6c735ed3ff48f6a9!8m2!3d25.2555418!4d55.3020536!16s%2Fg%2F11gnsyz4zv!19sChIJuTvDrzxDXz4RqfZI_9Nec2w?authuser=0&hl=en&rclk=1",google_maps,normal_scraper,,48,C,2026-07-13T18:48:52.036Z
Planet Green Solutions | Web Design Dubai,Website designer,https://www.pgsuae.com/?utm_source=GMB&utm_medium=Organic&utm_campaign=GMBTraffic&utm_id=localGMB,,,+971 50 652 7443,AL KUTHBAN BUILDING - M 05 - Sheikh Zayed Rd - near Onpassive Metro Station 3rd Interchange - Al Qouz Ind.first - Al Quoz - Dubai - United Arab Emirates,,,,4.7,44,,,,web development agencies in Dubai,https://www.google.com/maps/place/Planet+Green+Solutions+%7C+Web+Design+Dubai/data=!4m7!3m6!1s0x3e5f5ced3c1da9f9:0x276c0b907c4cdb55!8m2!3d25.1509364!4d55.2264287!16s%2Fg%2F1hg4ww602!19sChIJ-akdPO1cXz4RVdtMfJALbCc?authuser=0&hl=en&rclk=1,google_maps,normal_scraper,,48,C,2026-07-13T18:49:52.127Z
QTech Networks - Dubai,Software company,http://www.qtechnetworks.com/,,,+971 55 556 9525,"Grosvenor Business Towers, Office #1911 - Barsha Heights - Dubai - United Arab Emirates",,,,4.7,27,,,,tech companies in Dubai,https://www.google.com/maps/place/QTech+Networks+-+Dubai/data=!4m7!3m6!1s0x3e5f434f4e36ac59:0x9a106634cdb827eb!8m2!3d25.0988922!4d55.1774539!16s%2Fg%2F11fd46n636!19sChIJWaw2Tk9DXz4R6ye4zTRmEJo?authuser=0&hl=en&rclk=1,google_maps,normal_scraper,,48,C,2026-07-13T18:50:53.528Z
Mindbells Technologies LLC,Software company,https://www.mindbells.ae/,,,+971 58 591 0900,"Sharjah Media City, Sharjah - Dubai - United Arab Emirates",https://www.linkedin.com/company/mindbells/,https://www.facebook.com/mindbellstechcom/,https://www.instagram.com/mindbellstech/,5.0,10,,,,software companies in Sharjah,https://www.google.com/maps/place/Mindbells+Technologies+LLC/data=!4m7!3m6!1s0x3ef593a6259e4a8b:0x15decf33568f6670!8m2!3d25.2783636!4d55.6782525!16s%2Fg%2F11sp4nz1t0!19sChIJi0qeJaaT9T4RcGaPVjPP3hU?authuser=0&hl=en&rclk=1,google_maps,normal_scraper,,48,C,2026-07-13T18:55:03.223Z
Pixal Media Services LLC | Web Design Company Dubai | Web Development Company in Dubai,Software company,,,,+971 52 767 7361,al nayali building - Industrial Area 3 - Industrial Area - Sharjah - United Arab Emirates,,,,5.0,84,,,,web development agencies in Sharjah,https://www.google.com/maps/place/Pixal+Media+Services+LLC+%7C+Web+Design+Company+Dubai+%7C+Web+Development+Company+in+Dubai/data=!4m7!3m6!1s0x86013e9215456545:0x4b84c7d3db3326fb!8m2!3d25.3088205!4d55.4204797!16s%2Fg%2F11y4l1zc5m!19sChIJRWVFFZI-AYYR-yYz29PHhEs?authuser=0&hl=en&rclk=1,google_maps,normal_scraper,,48,C,2026-07-13T18:57:02.548Z
Triad Software Services,Software company,https://www.triadme.com/,,,+971 4 354 5650,Apricot Towers - 601 - Dubai - United Arab Emirates,,,,5.0,51,,,,software companies in Dubai,https://www.google.com/maps/place/Triad+Software+Services/data=!4m7!3m6!1s0x3e5f64689d155555:0x95e41db72e4b5f04!8m2!3d25.111968!4d55.384275!16s%2Fg%2F11bbwp1p2f!19sChIJVVUVnWhkXz4RBF9LLrcd5JU?authuser=0&hl=en&rclk=1,google_maps,normal_scraper,,46,C,2026-07-13T18:47:51.444Z
Doodle Technologies,Website designer,https://doodletech.ae/,,,+971 2 671 1640,"Al Sayid St Office 302, Saeed Abdulla Nasser Al Junaibi Bldg - Al Zahiyah - Abu Dhabi - United Arab Emirates",,,,4.7,79,,,,IT services companies in Abu Dhabi,https://www.google.com/maps/place/Doodle+Technologies/data=!4m7!3m6!1s0x3e5e66503a0d457b:0x10be5e4e875f7ca7!8m2!3d24.492495!4d54.3827039!16s%2Fg%2F11cmmyqv8_!19sChIJe0UNOlBmXj4Rp3xfh05evhA?authuser=0&hl=en&rclk=1,google_maps,normal_scraper,,46,C,2026-07-13T18:53:00.336Z
HAT Infotech,Internet marketing service,https://hatinfotech.com/,,,+971 56 288 1556,"Office # 1, B Block, Ground Floor, Mihtab Tower - Industrial Area 7 - Sharjah - United Arab Emirates",,,,4.9,74,,,,IT companies in Sharjah,https://www.google.com/maps/place/HAT+Infotech/data=!4m7!3m6!1s0x3e5f5be52f31eb11:0x3a746d8a65eee974!8m2!3d25.3061116!4d55.38319!16s%2Fg%2F11r9v9t1cq!19sChIJEesxL-VbXz4RdOnuZYptdDo?authuser=0&hl=en&rclk=1,google_maps,normal_scraper,,46,C,2026-07-13T18:56:03.046Z
Aitrex Global IT Services FZE,Software company,https://aitrex.com/,,,+971 56 620 3585,"Sharjah Publishing City, Business Centre - Free Zone - Al Zahia - Sharjah - United Arab Emirates",,https://www.facebook.com/aitrexglobal,,5.0,8,,,,IT companies in Sharjah,https://www.google.com/maps/place/Aitrex+Global+IT+Services+FZE/data=!4m7!3m6!1s0x2231174a73f5e349:0xcdf19dbf198cbe1a!8m2!3d25.3206904!4d55.458173!16s%2Fg%2F11y_tvm3hm!19sChIJSeP1c0oXMSIRGr6MGb-d8c0?authuser=0&hl=en&rclk=1,google_maps,normal_scraper,,46,C,2026-07-13T18:56:03.046Z
AppMakers USA,Mobile App Development,https://appmakersla.com/design-rush/mobile/us,,,,,https://www.linkedin.com/company/app-makers-usa,https://www.facebook.com/appmakersla,https://www.instagram.com/appmakers.usa/,5.0,64,,,,software-development?country=AE,https://www.designrush.com/agency/profile/appmakers-usa,designrush,cloak_browser,,46,C,2026-07-13T18:58:21.596Z
Newwave Solutions,Web Design,https://newwavesolution.com/,,,,,https://www.linkedin.com/company/newwavesolutionsjsc/,https://www.facebook.com/newwavesolution,https://www.instagram.com/newwavesolution_com/,5.0,65,,,,software-development?country=AE,https://www.designrush.com/agency/profile/newwave-solutions,designrush,cloak_browser,,46,C,2026-07-13T18:58:21.596Z
Alty,Mobile App Development,https://alty.co,,,,,https://linkedin.com/company/altyinc,https://www.facebook.com/AltyInc,https://www.instagram.com/alty_inc,5.0,60,,,,software-development?country=AE,https://www.designrush.com/agency/profile/alty,designrush,cloak_browser,,46,C,2026-07-13T18:58:21.596Z
Seeroo,Software company,https://www.seeroo.com/ae/,,,+971 58 244 1703,"209, 2nd Floor, Maxhome Business Center, Madinat Zayed Tower - Muroor Rd - Abu Dhabi - United Arab Emirates",https://www.linkedin.com/company/seeroo-it-solutions/,https://www.facebook.com/seerooitsolutions/,https://www.instagram.com/seeroo.it/,4.6,13,,,,IT services companies in Abu Dhabi,https://www.google.com/maps/place/Seeroo/data=!4m7!3m6!1s0x3e5e666c017a2553:0x58f315d30f07d462!8m2!3d24.4863709!4d54.3659656!16s%2Fg%2F11c5_j0hs2!19sChIJUyV6AWxmXj4RYtQHD9MV81g?authuser=0&hl=en&rclk=1,google_maps,normal_scraper,,45,C,2026-07-13T18:53:00.336Z
Mobile apps | websites | AI Automation | MVP Development in Abu Dhabi,Software company,https://growthaccess.ae/,,,+971 55 437 9700,Zigzag Tower - Office 308 - near AbuDhabi Mall - Al Zahiyah - E16 - Abu Dhabi - United Arab Emirates,,,,5.0,13,,,,IT services companies in Abu Dhabi,https://www.google.com/maps/place/Mobile+apps+%7C+websites+%7C+AI+Automation+%7C+MVP+Development+in+Abu+Dhabi/data=!4m7!3m6!1s0x3e5e679727ae76cb:0xab3b5cbe601be5fa!8m2!3d24.4965077!4d54.3796528!16s%2Fg%2F11y29slq1q!19sChIJy3auJ5dnXj4R-uUbYL5cO6s?authuser=0&hl=en&rclk=1,google_maps,normal_scraper,,45,C,2026-07-13T18:53:00.336Z
Unique Computer Systems,Software company,http://www.ucssolutions.com/,,,+971 6 525 4491,"Near Sharjah Expo Centre, Al Baker 5 Tower - Office #804, 8th - Al Khan - Sharjah - United Arab Emirates",https://www.linkedin.com/company/unique-computer-systems,https://www.facebook.com/ucssolutions/,https://www.instagram.com/ucs_solutions/,4.2,22,,,,software companies in Sharjah,https://www.google.com/maps/place/Unique+Computer+Systems/data=!4m7!3m6!1s0x3e5f5c77955268cd:0x5067169b03bc9963!8m2!3d25.3135631!4d55.3730543!16s%2Fg%2F1tx_4v85!19sChIJzWhSlXdcXz4RY5m8A5sWZ1A?authuser=0&hl=en&rclk=1,google_maps,normal_scraper,,44,C,2026-07-13T18:55:03.223Z
"Dubai IT | Software, Graphics, SEO, Content, Web Design & Development,Logo,AI Service in Dubai | Best Company & Agency in UAE",Software company,https://dubaiit.ae/,,,+971 56 165 2239,89H8+RQF - Al Khan - Sharjah - United Arab Emirates,,https://facebook.com/PlazaIt/,https://www.instagram.com/plazait,5.0,3,,,,web development agencies in Sharjah,"https://www.google.com/maps/place/Dubai+IT+%7C+Software,+Graphics,+SEO,+Content,+Web+Design+%26+Development,Logo,AI+Service+in+Dubai+%7C+Best+Company+%26+Agency+in+UAE/data=!4m7!3m6!1s0x624299b22c1a39b1:0x5650cdaad2836d26!8m2!3d25.3295625!4d55.3669375!16s%2Fg%2F11wj3rbfvr!19sChIJsTkaLLKZQmIRJm2D0qrNUFY?authuser=0&hl=en&rclk=1",google_maps,normal_scraper,,44,C,2026-07-13T18:57:02.548Z
"Think Future Technologies | Software Development and Testing Company in Dubai, UAE",Software company,http://www.tftus.com/,,,+971 52 559 6197,706 Emerald Mankhool 3 - Dubai - United Arab Emirates,,,,5.0,4,,,,software companies in Dubai,"https://www.google.com/maps/place/Think+Future+Technologies+%7C+Software+Development+and+Testing+Company+in+Dubai,+UAE/data=!4m7!3m6!1s0x3e5f43474c32959d:0xa26537f2739cba36!8m2!3d25.2481365!4d55.286642!16s%2Fg%2F11fm_3f_8d!19sChIJnZUyTEdDXz4RNrqcc_I3ZaI?authuser=0&hl=en&rclk=1",google_maps,normal_scraper,,43,C,2026-07-13T18:47:51.444Z
ITHD LLC – Software Development & Design,Software company,https://ithd.ae/,,,+971 58 892 3283,"Dubai Internet City, Building 12, office 376 - Dubai - United Arab Emirates",,,,5.0,21,,,,software companies in Dubai,https://www.google.com/maps/place/ITHD+LLC+%E2%80%93+Software+Development+%26+Design/data=!4m7!3m6!1s0x3e5f6b32920d5a47:0xa8f6dd3ab1a1a20d!8m2!3d25.0977989!4d55.163864!16s%2Fg%2F11mkv8r4s7!19sChIJR1oNkjJrXz4RDaKhsTrd9qg?authuser=0&hl=en&rclk=1,google_maps,normal_scraper,,43,C,2026-07-13T18:47:51.444Z
Zero Gravity Technology LLC,Software company,http://0g.ae/,,,+971 2 627 2062,Guardian Tower - Office 802 Al Inshirah St - Al Bateen - W35 - Abu Dhabi - United Arab Emirates,,,,4.7,43,,,,software development companies in Abu Dhabi,https://www.google.com/maps/place/Zero+Gravity+Technology+LLC/data=!4m7!3m6!1s0x3e5e662bef72e56d:0x387268914617a315!8m2!3d24.4547097!4d54.338898!16s%2Fg%2F11hbn141f4!19sChIJbeVy7ytmXj4RFaMXRpFocjg?authuser=0&hl=en&rclk=1,google_maps,normal_scraper,,43,C,2026-07-13T18:51:55.961Z
Digital Soft IT Technologies LLC,Software company,http://digitalsoftdubai.com/,,,+971 50 751 4695,"2 Ground Floor, Al- Murjan Tower, Al MajazAl - Al Majaz 2 - Sharjah - United Arab Emirates",,,,5.0,21,,,,software companies in Sharjah,https://www.google.com/maps/place/Digital+Soft+IT+Technologies+LLC/data=!4m7!3m6!1s0x3e5f5b14aa8bf5a3:0xe628763c1687170a!8m2!3d25.3177829!4d55.3832957!16s%2Fg%2F11t3ynj9g_!19sChIJo_WLqhRbXz4RCheHFjx2KOY?authuser=0&hl=en&rclk=1,google_maps,normal_scraper,,43,C,2026-07-13T18:55:03.223Z
DECODE,Software Development,https://decode.agency,,,,,https://www.linkedin.com/company/decodehq/,https://www.facebook.com/decodehq/,https://www.instagram.com/decodeagency/,5.0,23,,,,software-development?country=AE,https://www.designrush.com/agency/profile/decode,designrush,cloak_browser,,43,C,2026-07-13T18:58:21.596Z
Glorium Technologies,Software Development,https://gloriumtech.com,,,,,https://www.linkedin.com/company/glorium-technologies/,,,5.0,34,,,,software-development?country=AE,https://www.designrush.com/agency/profile/glorium-technologies,designrush,cloak_browser,,42,C,2026-07-13T18:58:21.596Z
Abacus IT Solutions FZC | Microsoft Partner | Sage Partner | Zoho Partner,Software company,https://www.abacusits.com/,,,+971 55 632 3112,Airport Road - Sharjah - United Arab Emirates,https://www.linkedin.com/company/abacus-it-solutions-fze/about/,https://www.facebook.com/AbacusITS,,4.3,6,,,,software companies in Sharjah,https://www.google.com/maps/place/Abacus+IT+Solutions+FZC+%7C+Microsoft+Partner+%7C+Sage+Partner+%7C+Zoho+Partner/data=!4m7!3m6!1s0x3ef5f5fa23ea330b:0x4122184c940bdc74!8m2!3d25.3410257!4d55.4854002!16s%2Fg%2F11bbwn0v2g!19sChIJCzPqI_r19T4RdNwLlEwYIkE?authuser=0&hl=en&rclk=1,google_maps,normal_scraper,,41,C,2026-07-13T18:55:03.223Z
ARM Digital Agency Ltd.| Website Design & Development,Website designer,https://armdigitalagency.com/,,,+44 7587 475457,,,,,5.0,25,,,,web development agencies in Sharjah,https://www.google.com/maps/place/ARM+Digital+Agency+Ltd.%7C+Website+Design+%26+Development/data=!4m7!3m6!1s0x2bbe14124bff2f3b:0x85eec3a090bc175c!8m2!3d41.7735913!4d23.7703001!16s%2Fg%2F11stbchbq9!19sChIJOy__SxIUvisRXBe8kKDD7oU?authuser=0&hl=en&rclk=1,google_maps,normal_scraper,,41,C,2026-07-13T18:57:02.548Z
Palmira Software House LLC,Software company,http://www.palmira-itc.com/,,,+971 4 443 2535,"Happiness Street, Exchange Tower, Office 1703 - Dubai - United Arab Emirates",,,,4.9,17,,,,software companies in Dubai,https://www.google.com/maps/place/Palmira+Software+House+LLC/data=!4m7!3m6!1s0x3e5f69d0c7ba760b:0x573ffaea08cca77d!8m2!3d25.1863983!4d55.260463!16s%2Fg%2F11f0wkjyxs!19sChIJC3a6x9BpXz4RfafMCOr6P1c?authuser=0&hl=en&rclk=1,google_maps,normal_scraper,,40,C,2026-07-13T18:47:51.444Z
Yellow World Tech Web Development Company,Website designer,https://yellowworldtech.com/,,,+971 52 370 1699,"A43 - Ground Floor, Dubai Mall - Burj Khalifa - Downtown Dubai - Dubai - United Arab Emirates",,,,5.0,14,,,,web development agencies in Dubai,https://www.google.com/maps/place/Yellow+World+Tech+Web+Development+Company/data=!4m7!3m6!1s0x3e5f69ed97d691bb:0x6e149cae45dae6e3!8m2!3d25.1949849!4d55.2784141!16s%2Fg%2F11wpgl90fr!19sChIJu5HWl-1pXz4R4-baRa6cFG4?authuser=0&hl=en&rclk=1,google_maps,normal_scraper,,40,C,2026-07-13T18:49:52.127Z
Emerald Software's,Software company,https://www.emeraldsoftwares.com/,,,+971 58 584 8899,"Office No 210, Sharjah Media City 515000 Sharjah, UAE - Sharjah - United Arab Emirates - Sharjah - United Arab Emirates",,,,5.0,13,,,,software companies in Sharjah,https://www.google.com/maps/place/Emerald+Software%27s/data=!4m7!3m6!1s0x3e5f597350b93805:0x68e77eaaf9c1a7c7!8m2!3d25.3767697!4d55.4430584!16s%2Fg%2F11rfp_3b71!19sChIJBTi5UHNZXz4Rx6fB-ap-52g?authuser=0&hl=en&rclk=1,google_maps,normal_scraper,,40,C,2026-07-13T18:55:03.223Z
TM Software Information,Website designer,https://tmsoftwareinformation.com/,,,+965 410 53532,Al Zarouni building Flat 1107 Musalla street Near Reem bakery - Sharjah - United Arab Emirates,,,,4.9,9,,,,software companies in Sharjah,https://www.google.com/maps/place/TM+Software+Information/data=!4m7!3m6!1s0x3e5f5b22cc112613:0x7f54c1f515a0e5e!8m2!3d25.35701!4d55.3959492!16s%2Fg%2F11n8_64l_8!19sChIJEyYRzCJbXz4RXg5aUR9M9Qc?authuser=0&hl=en&rclk=1,google_maps,normal_scraper,,40,C,2026-07-13T18:55:03.223Z
Si3 Digital,Website designer,https://www.si3.ae/web-design-sharjah/,,,+971 54 495 1498,"Al Sahab Building - 2nd Floor, Office 101 - 6 Tufail Bin Al Hareth St - Al Nad - Hay Al Qasimiah - Sharjah - United Arab Emirates",,,,5.0,6,,,,web development agencies in Sharjah,https://www.google.com/maps/place/Si3+Digital/data=!4m7!3m6!1s0x3e5f5b56449f3e69:0x2614286f58ca4fa7!8m2!3d25.3465894!4d55.3887458!16s%2Fg%2F11sbt_p6xk!19sChIJaT6fRFZbXz4Rp0_KWG8oFCY?authuser=0&hl=en&rclk=1,google_maps,normal_scraper,,40,C,2026-07-13T18:57:02.548Z
Connective Web Design,Web Design,https://connectivewebdesign.com/,,,,,https://www.linkedin.com/company/connective-web-design/,https://www.facebook.com/connective.web.design/,https://www.instagram.com/connective_web/,4.8,8,,,,web-development-companies?country=AE,https://www.designrush.com/agency/profile/connective-web-design,designrush,cloak_browser,,40,C,2026-07-13T18:58:27.713Z
GoingClear,Web Design,https://goingclear.com/,,,,,https://www.linkedin.com/company/goingclear/,https://www.facebook.com/goingclear,https://www.instagram.com/goingclearboston/,4.8,7,,,,web-development-companies?country=AE,https://www.designrush.com/agency/profile/goingclear,designrush,cloak_browser,,40,C,2026-07-13T18:58:27.713Z
Website Designing Company in Dubai,Software company,,,,+971 56 890 9411,Aspin Commercial Tower - Office Number 1005 - Building Sheikh Zayed Rd - Dubai - United Arab Emirates,,,,4.6,13,,,,software companies in Dubai,https://www.google.com/maps/place/Website+Designing+Company+in+Dubai/data=!4m7!3m6!1s0x3e5f431fb6f3ccbf:0xb5392dc7298b63e!8m2!3d25.2089625!4d55.2724984!16s%2Fg%2F11qbs9j7yw!19sChIJv8zzth9DXz4RPraYctySUws?authuser=0&hl=en&rclk=1,google_maps,normal_scraper,,39,C,2026-07-13T18:47:51.444Z
Mind Tech Computers,Computer store,https://mindtech.ae/,,,+971 55 676 1270,Al Danah - Zone 1 - Abu Dhabi - United Arab Emirates,,https://www.facebook.com/mindtechae,https://www.instagram.com/mindtechae/,4.9,"1,274",,,,tech companies in Abu Dhabi,https://www.google.com/maps/place/Mind+Tech+Computers/data=!4m7!3m6!1s0x3e5e673a21256201:0xbe014d15e22d421a!8m2!3d24.4928275!4d54.370905!16s%2Fg%2F11tfzk01kl!19sChIJAWIlITpnXj4RGkIt4hVNAb4?authuser=0&hl=en&rclk=1,google_maps,normal_scraper,,39,C,2026-07-13T18:54:04.622Z
"D3 Logics - Best Website Development Company | Digital Marketing Agency Sharjah,UAE",Website designer,https://d3logics.ae/,,,+971 50 168 2512,Sharjah Media City (SHAMS - Al Mtsannid Suburb - Sharjah - United Arab Emirates,,,,5.0,1,,,,web development agencies in Sharjah,"https://www.google.com/maps/place/D3+Logics+-+Best+Website+Development+Company+%7C+Digital+Marketing+Agency+Sharjah,UAE/data=!4m7!3m6!1s0x3ef593dc5caf9dc7:0xca560baf4f8bf02a!8m2!3d25.2780325!4d55.6782361!16s%2Fg%2F11vx67q7mz!19sChIJx52vXNyT9T4RKvCLT68LVso?authuser=0&hl=en&rclk=1",google_maps,normal_scraper,,38,C,2026-07-13T18:57:02.548Z
Zentro Tech LLC | Best web design company in Sharjah,Website designer,https://zentrotech.com/,,,+971 52 800 3436,Sharjah Media City - Al Messaned - Al Mtsannid Suburb - Sharjah - United Arab Emirates,,,,5.0,2,,,,web development agencies in Sharjah,https://www.google.com/maps/place/Zentro+Tech+LLC+%7C+Best+web+design+company+in+Sharjah/data=!4m7!3m6!1s0x3ef5932591910d51:0x71f21560960d451f!8m2!3d25.2786444!4d55.6780146!16s%2Fg%2F11ylzwcqm9!19sChIJUQ2RkSWT9T4RH0UNlmAV8nE?authuser=0&hl=en&rclk=1,google_maps,normal_scraper,,38,C,2026-07-13T18:57:02.548Z
FuturistiQ Solutions,Software company,,,,+971 52 942 8174,Al Messaned - Sharjah - United Arab Emirates,,,,5.0,8,,,,software companies in Sharjah,https://www.google.com/maps/place/FuturistiQ+Solutions/data=!4m7!3m6!1s0x3e5f596c48124eff:0x2d0ba8e8914ad790!8m2!3d25.2777214!4d55.6808225!16s%2Fg%2F11nyxss2wt!19sChIJ_04SSGxZXz4RkNdKkeioCy0?authuser=0&hl=en&rclk=1,google_maps,normal_scraper,,37,C,2026-07-13T18:55:03.223Z
Adept Business Solutions,Software company,,,,+971 52 537 3569,"Adept Business Solutions FZE, Q1/07/082 – SAIF Zone, Sharjah - Sharjah - United Arab Emirates",,,,4.9,16,,,,software companies in Sharjah,https://www.google.com/maps/place/Adept+Business+Solutions/data=!4m7!3m6!1s0x3e5f5f45f522584f:0xb66f85c97ca17d1e!8m2!3d25.331039!4d55.478317!16s%2Fg%2F11h2bqv73b!19sChIJT1gi9UVfXz4RHn2hfMmFb7Y?authuser=0&hl=en&rclk=1,google_maps,normal_scraper,,37,C,2026-07-13T18:55:03.223Z
iAXCESS,Software company,,,,+971 6 557 6206,"Sharjah Airport International Free Zone, Airport Road - Sharjah - United Arab Emirates",,,,5.0,1,,,,software companies in Sharjah,https://www.google.com/maps/place/iAXCESS/data=!4m7!3m6!1s0x3ef5f5e9bfffffff:0x11fb9c24ecc647e!8m2!3d25.3284352!4d55.5122577!16s%2Fg%2F12m9jjc1w!19sChIJ____v-n19T4RfmTMTsK5HwE?authuser=0&hl=en&rclk=1,google_maps,normal_scraper,,35,C,2026-07-13T18:55:03.223Z
MDSap Tech (Abu Dhabi Office),Software company,,,,+971 2 613 0969,"32nd Floor, ADDAX Tower - Abu Dhabi - United Arab Emirates",,,,4.5,4,,,,tech companies in Abu Dhabi,https://www.google.com/maps/place/MDSap+Tech+%28Abu+Dhabi+Office%29/data=!4m7!3m6!1s0x3e5e666483462375:0xb8638b47f69a0247!8m2!3d24.4986902!4d54.4033657!16s%2Fg%2F11bzymsmn2!19sChIJdSNGg2RmXj4RRwKa9keLY7g?authuser=0&hl=en&rclk=1,google_maps,normal_scraper,,32,D,2026-07-13T18:54:04.622Z
Swift IT Company UAE,Computer support and services,https://swiftit.ae/,,,+971 2 650 3606,19th Floor Al Ghaith Tower - Hamdan Bin Mohammed St - Abu Dhabi - United Arab Emirates,https://in.linkedin.com/company/swift-it-solutions,,,,,,,,,,,,,25,D,
",https://www.facebook.com/SwiftITUAE,https://www.instagram.com/swiftit_uae/,4.9,132,,,,software development companies in Abu Dhabi,https://www.google.com/maps/place/Swift+IT+Company+UAE/data=!4m7!3m6!1s0x3e5e6635db0767b1:0x328475fdb474e330!8m2!3d24.490901!4d54.363883!16s%2Fg%2F1tcv9c8h!19sChIJsWcH2zVmXj4RMON0tP11hDI?authuser=0&hl=en&rclk=1,google_maps,normal_scraper,,2026-07-13T18:51:55.961Z",,,,,,,,,,,,,,,,,,,,10,D,
